Slow stage: primary repair wall 749.392 ms (inclusive)
Slow stage: terrain frame wall 766.096 ms (inclusive)
Frame 1: wall 766.098 ms, GPU producer 0.355 ms, 1 producer submission(s), streaming work excluded from GPU producer timing; t=0.834, BVH resident/budget 175.7/2048.0 MiB, builds/hits/evictions=99/0/0, scene builds=0
Frame phases 1: pre-render 0.003 ms, prepare 15.861 ms, primary repair 749.392 ms, shadow repair 0.000 ms, producer wait 0.781 ms; observer=2623452.40/1100502.20/3415.00, moved=0.00 m, roam=0, replaced=0, image=1600x900, LOD=1.500, shadows=0, minimap=0
Frame work 1: BVH built/hit/evicted=99/0/0, catalogue/instance/scene builds=1/26/0, cached/scene tiles=99/0, scene 0.0 MiB, selection/detail passes=27/26, fallback ray attempts=0, GPU build/selection/detail=199.355/18.078/54.626 ms, CPU grouping=49.701 ms; atlas installed/evicted=98/72, I/O=32.354 MiB, resident=27/27
Camera preparation: wall 0.000 ms, GPU LOD 0.000 ms, plans/footprints=1/1
Slow stage: worker iteration wall 766.185 ms (inclusive)
Frame 2: wall 49.194 ms, GPU producer 48.005 ms, 1 producer submission(s), resident trace and presentation combined; t=0.883, BVH resident/budget 175.7/2048.0 MiB, builds/hits/evictions=99/0/0, scene builds=1
Frame phases 2: pre-render 0.002 ms, prepare 0.816 ms, primary repair 0.000 ms, shadow repair 0.000 ms, producer wait 48.357 ms; observer=2623452.40/1100502.20/3415.00, moved=0.00 m, roam=0, replaced=0, image=1600x900, LOD=1.500, shadows=0, minimap=1
Frame work 2: BVH built/hit/evicted=0/0/0, catalogue/instance/scene builds=0/1/1, cached/scene tiles=99/99, scene 0.0 MiB, selection/detail passes=0/1, fallback ray attempts=0, GPU build/selection/detail=0.354/0.000/0.000 ms, CPU grouping=0.000 ms; atlas installed/evicted=0/0, I/O=0.000 MiB, resident=27/27
Camera preparation: wall 0.000 ms, GPU LOD 0.000 ms, plans/footprints=1/1
Minimap mask: 276x236, 1440000 rays, worker 9.783 ms, GPU 0.947 ms
Minimap publish: request-to-image 11.736 ms
Health t=1.069: memory ok footprint/resident 601.2/372.7 MiB, Metal allocated/recommended 486.5/18186.2 MiB, thermal=0
Health t=1.069: worker stage=idle age=186.2 ms, calls=2 revision=2, submitted/completed/presented=0/0/0, stale=0 unavailable=0 refreshed=0
Health t=1.069: display stage=idle age=10.1 ms, calls=11 revision=2, submitted/completed/presented=11/11/10, stale=0 unavailable=0 refreshed=0
Health t=1.069: minimap stage=idle age=163.1 ms, calls=1 revision=0, submitted/completed/presented=1/1/1, stale=0 unavailable=0 refreshed=1
Health t=1.069: terrain stage=idle age=1069.1 ms
Health t=2.074: memory ok footprint/resident 598.2/375.0 MiB, Metal allocated/recommended 486.7/18186.2 MiB, thermal=0
Health t=2.074: worker stage=idle age=140.6 ms, calls=27 revision=2, submitted/completed/presented=0/0/0, stale=0 unavailable=0 refreshed=0
Health t=2.074: display stage=idle age=15.1 ms, calls=41 revision=2, submitted/completed/presented=41/41/40, stale=0 unavailable=0 refreshed=0
Health t=2.074: minimap stage=idle age=1168.2 ms, calls=1 revision=0, submitted/completed/presented=1/1/1, stale=0 unavailable=0 refreshed=1
Health t=2.074: terrain stage=idle age=2074.2 ms
Frame 3: wall 74.706 ms, GPU producer 73.517 ms, 1 producer submission(s), resident trace and presentation combined; t=2.175, BVH resident/budget 175.7/2048.0 MiB, builds/hits/evictions=99/0/0, scene builds=1
Frame phases 3: pre-render 0.008 ms, prepare 0.415 ms, primary repair 0.000 ms, shadow repair 0.000 ms, producer wait 74.151 ms; observer=2623452.40/1100502.20/3415.00, moved=0.00 m, roam=0, replaced=0, image=1600x900, LOD=1.500, shadows=0, minimap=1
Frame work 3: BVH built/hit/evicted=0/0/0, catalogue/instance/scene builds=0/0/0, cached/scene tiles=99/99, scene 0.0 MiB, selection/detail passes=0/1, fallback ray attempts=0, GPU build/selection/detail=0.000/0.000/0.000 ms, CPU grouping=0.000 ms; atlas installed/evicted=0/0, I/O=0.000 MiB, resident=27/27
Camera preparation: wall 0.001 ms, GPU LOD 0.000 ms, plans/footprints=1/1
Minimap mask: 276x236, 1440000 rays, worker 8.204 ms, GPU 6.878 ms
Minimap publish: request-to-image 8.503 ms
Slow stage: terrain frame wall 105.662 ms (inclusive)
Frame 7: wall 105.665 ms, GPU producer 29.520 ms, 2 producer submission(s), streaming work excluded from GPU producer timing; t=2.281, BVH resident/budget 185.9/2048.0 MiB, builds/hits/evictions=100/3/0, scene builds=1
Frame phases 7: pre-render 0.006 ms, prepare 0.097 ms, primary repair 74.790 ms, shadow repair 0.000 ms, producer wait 30.677 ms; observer=2623452.40/1100502.20/3415.00, moved=0.00 m, roam=0, replaced=0, image=1600x900, LOD=1.500, shadows=0, minimap=1
Frame work 7: BVH built/hit/evicted=1/3/0, catalogue/instance/scene builds=0/4/0, cached/scene tiles=100/0, scene 0.0 MiB, selection/detail passes=5/6, fallback ray attempts=50378, GPU build/selection/detail=4.201/2.098/28.221 ms, CPU grouping=15.593 ms; atlas installed/evicted=1/1, I/O=2.004 MiB, resident=27/27
Camera preparation: wall 0.000 ms, GPU LOD 0.000 ms, plans/footprints=1/1
Slow stage: worker iteration wall 105.732 ms (inclusive)
Minimap mask: 276x236, 1440000 rays, worker 13.963 ms, GPU 12.750 ms
Minimap publish: request-to-image 14.016 ms
Frame 13: wall 88.490 ms, GPU producer 26.599 ms, 2 producer submission(s), streaming work excluded from GPU producer timing; t=2.369, BVH resident/budget 196.2/2048.0 MiB, builds/hits/evictions=101/6/0, scene builds=2
Frame phases 13: pre-render 0.003 ms, prepare 0.630 ms, primary repair 59.899 ms, shadow repair 0.000 ms, producer wait 27.858 ms; observer=2623452.40/1100502.20/3415.00, moved=0.00 m, roam=0, replaced=0, image=1600x900, LOD=1.500, shadows=0, minimap=1
Frame work 13: BVH built/hit/evicted=1/3/0, catalogue/instance/scene builds=0/5/1, cached/scene tiles=101/0, scene 0.0 MiB, selection/detail passes=5/6, fallback ray attempts=1458, GPU build/selection/detail=4.222/2.219/25.900 ms, CPU grouping=13.632 ms; atlas installed/evicted=1/1, I/O=2.004 MiB, resident=27/27
Camera preparation: wall 0.000 ms, GPU LOD 0.000 ms, plans/footprints=1/1
Frame 19: wall 25.130 ms, GPU producer 24.152 ms, 1 producer submission(s), resident trace and presentation combined; t=2.394, BVH resident/budget 196.2/2048.0 MiB, builds/hits/evictions=101/6/0, scene builds=3
Frame phases 19: pre-render 0.062 ms, prepare 0.655 ms, primary repair 0.000 ms, shadow repair 0.000 ms, producer wait 24.390 ms; observer=2623452.40/1100502.20/3415.00, moved=0.00 m, roam=0, replaced=0, image=1600x900, LOD=1.500, shadows=0, minimap=1
Frame work 19: BVH built/hit/evicted=0/0/0, catalogue/instance/scene builds=0/1/1, cached/scene tiles=101/101, scene 0.0 MiB, selection/detail passes=0/1, fallback ray attempts=0, GPU build/selection/detail=0.124/0.000/0.000 ms, CPU grouping=0.000 ms; atlas installed/evicted=0/0, I/O=0.000 MiB, resident=27/27
Camera preparation: wall 0.000 ms, GPU LOD 0.000 ms, plans/footprints=1/1
Frame 20: wall 25.286 ms, GPU producer 24.881 ms, 1 producer submission(s), resident trace and presentation combined; t=2.420, BVH resident/budget 196.2/2048.0 MiB, builds/hits/evictions=101/6/0, scene builds=3
Frame phases 20: pre-render 0.002 ms, prepare 0.071 ms, primary repair 0.000 ms, shadow repair 0.000 ms, producer wait 25.173 ms; observer=2623452.40/1100502.20/3415.00, moved=0.00 m, roam=0, replaced=0, image=1600x900, LOD=1.500, shadows=0, minimap=1
Frame work 20: BVH built/hit/evicted=0/0/0, catalogue/instance/scene builds=0/0/0, cached/scene tiles=101/101, scene 0.0 MiB, selection/detail passes=0/1, fallback ray attempts=0, GPU build/selection/detail=0.000/0.000/0.000 ms, CPU grouping=0.000 ms; atlas installed/evicted=0/0, I/O=0.000 MiB, resident=27/27
Camera preparation: wall 0.001 ms, GPU LOD 0.000 ms, plans/footprints=1/1
Minimap mask: 276x236, 1440000 rays, worker 25.026 ms, GPU 11.992 ms
Minimap publish: request-to-image 25.081 ms
Minimap mask: 276x236, 1440000 rays, worker 16.317 ms, GPU 12.863 ms
Minimap publish: request-to-image 16.366 ms
Frame 22: wall 98.752 ms, GPU producer 24.166 ms, 2 producer submission(s), streaming work excluded from GPU producer timing; t=2.519, BVH resident/budget 201.9/2048.0 MiB, builds/hits/evictions=104/9/0, scene builds=3
Frame phases 22: pre-render 0.003 ms, prepare 0.070 ms, primary repair 72.967 ms, shadow repair 0.000 ms, producer wait 25.614 ms; observer=2623452.40/1100502.20/3415.00, moved=0.00 m, roam=0, replaced=0, image=1600x900, LOD=1.500, shadows=0, minimap=1
Frame work 22: BVH built/hit/evicted=3/3/0, catalogue/instance/scene builds=0/6/0, cached/scene tiles=104/0, scene 0.0 MiB, selection/detail passes=7/8, fallback ray attempts=1476, GPU build/selection/detail=3.067/3.390/22.999 ms, CPU grouping=18.374 ms; atlas installed/evicted=3/3, I/O=1.130 MiB, resident=27/27
Camera preparation: wall 0.000 ms, GPU LOD 0.000 ms, plans/footprints=1/1
Minimap mask: 276x236, 1440000 rays, worker 14.334 ms, GPU 8.133 ms
Minimap publish: request-to-image 14.380 ms
Slow stage: primary repair wall 113.010 ms (inclusive)
Slow stage: terrain frame wall 138.181 ms (inclusive)
Frame 28: wall 138.183 ms, GPU producer 23.256 ms, 2 producer submission(s), streaming work excluded from GPU producer timing; t=2.657, BVH resident/budget 225.0/2048.0 MiB, builds/hits/evictions=107/14/0, scene builds=4
Frame phases 28: pre-render 0.004 ms, prepare 0.628 ms, primary repair 113.010 ms, shadow repair 0.000 ms, producer wait 24.435 ms; observer=2623452.40/1100502.20/3415.00, moved=0.00 m, roam=0, replaced=0, image=1600x900, LOD=1.500, shadows=0, minimap=1
Frame work 28: BVH built/hit/evicted=3/5/0, catalogue/instance/scene builds=0/8/1, cached/scene tiles=107/0, scene 0.0 MiB, selection/detail passes=8/9, fallback ray attempts=81194, GPU build/selection/detail=9.811/3.645/23.604 ms, CPU grouping=19.524 ms; atlas installed/evicted=3/3, I/O=4.510 MiB, resident=27/27
Camera preparation: wall 0.000 ms, GPU LOD 0.000 ms, plans/footprints=1/1
Slow stage: worker iteration wall 138.237 ms (inclusive)
Minimap mask: 276x236, 1440000 rays, worker 21.098 ms, GPU 12.019 ms
Minimap publish: request-to-image 21.142 ms
Slow stage: primary repair wall 100.981 ms (inclusive)
Slow stage: terrain frame wall 127.905 ms (inclusive)
Frame 36: wall 127.908 ms, GPU producer 25.031 ms, 2 producer submission(s), streaming work excluded from GPU producer timing; t=2.785, BVH resident/budget 241.0/2048.0 MiB, builds/hits/evictions=111/18/0, scene builds=5
Frame phases 36: pre-render 0.007 ms, prepare 0.599 ms, primary repair 100.981 ms, shadow repair 0.000 ms, producer wait 26.241 ms; observer=2623452.40/1100502.20/3415.00, moved=0.00 m, roam=0, replaced=0, image=1600x900, LOD=1.500, shadows=0, minimap=1
Frame work 36: BVH built/hit/evicted=4/4/0, catalogue/instance/scene builds=0/9/1, cached/scene tiles=111/0, scene 0.0 MiB, selection/detail passes=9/10, fallback ray attempts=39344, GPU build/selection/detail=7.437/4.083/26.045 ms, CPU grouping=23.064 ms; atlas installed/evicted=4/4, I/O=3.134 MiB, resident=27/27
Camera preparation: wall 0.000 ms, GPU LOD 0.000 ms, plans/footprints=1/1
Slow stage: worker iteration wall 127.961 ms (inclusive)
Frame 40: wall 25.252 ms, GPU producer 24.316 ms, 1 producer submission(s), resident trace and presentation combined; t=2.810, BVH resident/budget 241.0/2048.0 MiB, builds/hits/evictions=111/18/0, scene builds=6
Frame phases 40: pre-render 0.004 ms, prepare 0.580 ms, primary repair 0.000 ms, shadow repair 0.000 ms, producer wait 24.648 ms; observer=2623452.40/1100502.20/3415.00, moved=0.00 m, roam=0, replaced=0, image=1600x900, LOD=1.500, shadows=0, minimap=1
Frame work 40: BVH built/hit/evicted=0/0/0, catalogue/instance/scene builds=0/1/1, cached/scene tiles=111/111, scene 0.0 MiB, selection/detail passes=0/1, fallback ray attempts=0, GPU build/selection/detail=0.144/0.000/0.000 ms, CPU grouping=0.000 ms; atlas installed/evicted=0/0, I/O=0.000 MiB, resident=27/27
Camera preparation: wall 0.001 ms, GPU LOD 0.000 ms, plans/footprints=1/1
Minimap mask: 276x236, 1440000 rays, worker 15.650 ms, GPU 9.620 ms
Minimap publish: request-to-image 15.759 ms
Minimap mask: 276x236, 1440000 rays, worker 2.491 ms, GPU 0.868 ms
Minimap publish: request-to-image 2.564 ms
Frame 41: wall 27.697 ms, GPU producer 26.509 ms, 1 producer submission(s), resident trace and presentation combined; t=2.992, BVH resident/budget 241.0/2048.0 MiB, builds/hits/evictions=111/18/0, scene builds=6
Frame phases 41: pre-render 0.009 ms, prepare 0.384 ms, primary repair 0.000 ms, shadow repair 0.000 ms, producer wait 27.172 ms; observer=2623452.40/1100502.20/3415.00, moved=0.00 m, roam=0, replaced=0, image=1600x900, LOD=1.500, shadows=0, minimap=1
Frame work 41: BVH built/hit/evicted=0/0/0, catalogue/instance/scene builds=0/0/0, cached/scene tiles=111/111, scene 0.0 MiB, selection/detail passes=0/1, fallback ray attempts=0, GPU build/selection/detail=0.000/0.000/0.000 ms, CPU grouping=0.000 ms; atlas installed/evicted=0/0, I/O=0.000 MiB, resident=27/27
Camera preparation: wall 0.002 ms, GPU LOD 0.000 ms, plans/footprints=1/1
Frame 43: wall 26.152 ms, GPU producer 25.617 ms, 1 producer submission(s), resident trace and presentation combined; t=3.018, BVH resident/budget 241.0/2048.0 MiB, builds/hits/evictions=111/18/0, scene builds=6
Frame phases 43: pre-render 0.002 ms, prepare 0.132 ms, primary repair 0.000 ms, shadow repair 0.000 ms, producer wait 25.969 ms; observer=2623452.40/1100502.20/3415.00, moved=0.00 m, roam=0, replaced=0, image=1600x900, LOD=1.500, shadows=0, minimap=1
Frame work 43: BVH built/hit/evicted=0/0/0, catalogue/instance/scene builds=0/0/0, cached/scene tiles=111/111, scene 0.0 MiB, selection/detail passes=0/1, fallback ray attempts=0, GPU build/selection/detail=0.000/0.000/0.000 ms, CPU grouping=0.000 ms; atlas installed/evicted=0/0, I/O=0.000 MiB, resident=27/27
Camera preparation: wall 0.001 ms, GPU LOD 0.000 ms, plans/footprints=1/1
Frame 45: wall 24.233 ms, GPU producer 23.838 ms, 1 producer submission(s), resident trace and presentation combined; t=3.043, BVH resident/budget 241.0/2048.0 MiB, builds/hits/evictions=111/18/0, scene builds=6
Frame phases 45: pre-render 0.002 ms, prepare 0.095 ms, primary repair 0.000 ms, shadow repair 0.000 ms, producer wait 24.091 ms; observer=2623452.40/1100502.20/3415.00, moved=0.00 m, roam=0, replaced=0, image=1600x900, LOD=1.500, shadows=0, minimap=1
Frame work 45: BVH built/hit/evicted=0/0/0, catalogue/instance/scene builds=0/0/0, cached/scene tiles=111/111, scene 0.0 MiB, selection/detail passes=0/1, fallback ray attempts=0, GPU build/selection/detail=0.000/0.000/0.000 ms, CPU grouping=0.000 ms; atlas installed/evicted=0/0, I/O=0.000 MiB, resident=27/27
Camera preparation: wall 0.001 ms, GPU LOD 0.000 ms, plans/footprints=1/1
Minimap mask: 276x236, 1440000 rays, worker 13.400 ms, GPU 12.274 ms
Minimap publish: request-to-image 13.502 ms
Frame 46: wall 24.986 ms, GPU producer 24.570 ms, 1 producer submission(s), resident trace and presentation combined; t=3.068, BVH resident/budget 241.0/2048.0 MiB, builds/hits/evictions=111/18/0, scene builds=6
Frame phases 46: pre-render 0.003 ms, prepare 0.082 ms, primary repair 0.000 ms, shadow repair 0.000 ms, producer wait 24.864 ms; observer=2623452.40/1100502.20/3415.00, moved=0.00 m, roam=0, replaced=0, image=1600x900, LOD=1.500, shadows=0, minimap=1
Frame work 46: BVH built/hit/evicted=0/0/0, catalogue/instance/scene builds=0/0/0, cached/scene tiles=111/111, scene 0.0 MiB, selection/detail passes=0/1, fallback ray attempts=0, GPU build/selection/detail=0.000/0.000/0.000 ms, CPU grouping=0.000 ms; atlas installed/evicted=0/0, I/O=0.000 MiB, resident=27/27
Camera preparation: wall 0.000 ms, GPU LOD 0.000 ms, plans/footprints=1/1
Minimap mask: 276x236, 1440000 rays, worker 6.046 ms, GPU 4.923 ms
Minimap publish: request-to-image 8.779 ms
Health t=3.076: memory ok footprint/resident 687.0/403.2 MiB, Metal allocated/recommended 577.9/18186.2 MiB, thermal=0
Health t=3.076: worker stage=render age=8.1 ms, calls=41 revision=46, submitted/completed/presented=0/0/0, stale=0 unavailable=0 refreshed=0
Health t=3.076: display stage=idle age=13.6 ms, calls=71 revision=45, submitted/completed/presented=71/71/70, stale=0 unavailable=0 refreshed=0
Health t=3.076: minimap stage=idle age=8.1 ms, calls=11 revision=0, submitted/completed/presented=11/11/11, stale=0 unavailable=0 refreshed=20
Health t=3.076: terrain stage=producer wait age=8.0 ms
Frame 48: wall 23.549 ms, GPU producer 23.191 ms, 1 producer submission(s), resident trace and presentation combined; t=3.091, BVH resident/budget 241.0/2048.0 MiB, builds/hits/evictions=111/18/0, scene builds=6
Frame phases 48: pre-render 0.002 ms, prepare 0.081 ms, primary repair 0.000 ms, shadow repair 0.000 ms, producer wait 23.428 ms; observer=2623452.40/1100502.20/3415.00, moved=0.00 m, roam=0, replaced=0, image=1600x900, LOD=1.500, shadows=0, minimap=1
Frame work 48: BVH built/hit/evicted=0/0/0, catalogue/instance/scene builds=0/0/0, cached/scene tiles=111/111, scene 0.0 MiB, selection/detail passes=0/1, fallback ray attempts=0, GPU build/selection/detail=0.000/0.000/0.000 ms, CPU grouping=0.000 ms; atlas installed/evicted=0/0, I/O=0.000 MiB, resident=27/27
Camera preparation: wall 0.000 ms, GPU LOD 0.000 ms, plans/footprints=1/1
Frame 49: wall 22.813 ms, GPU producer 22.216 ms, 1 producer submission(s), resident trace and presentation combined; t=3.114, BVH resident/budget 241.0/2048.0 MiB, builds/hits/evictions=111/18/0, scene builds=6
Frame phases 49: pre-render 0.002 ms, prepare 0.093 ms, primary repair 0.000 ms, shadow repair 0.000 ms, producer wait 22.684 ms; observer=2623452.40/1100502.20/3415.00, moved=0.00 m, roam=0, replaced=0, image=1600x900, LOD=1.500, shadows=0, minimap=1
Frame work 49: BVH built/hit/evicted=0/0/0, catalogue/instance/scene builds=0/0/0, cached/scene tiles=111/111, scene 0.0 MiB, selection/detail passes=0/1, fallback ray attempts=0, GPU build/selection/detail=0.000/0.000/0.000 ms, CPU grouping=0.000 ms; atlas installed/evicted=0/0, I/O=0.000 MiB, resident=27/27
Camera preparation: wall 0.000 ms, GPU LOD 0.000 ms, plans/footprints=1/1
Minimap mask: 276x236, 1440000 rays, worker 19.738 ms, GPU 12.254 ms
Minimap publish: request-to-image 19.830 ms
Minimap mask: 276x236, 1440000 rays, worker 11.050 ms, GPU 5.778 ms
Minimap publish: request-to-image 11.109 ms
Frame 50: wall 85.802 ms, GPU producer 24.994 ms, 2 producer submission(s), streaming work excluded from GPU producer timing; t=3.200, BVH resident/budget 243.6/2048.0 MiB, builds/hits/evictions=112/22/0, scene builds=6
Frame phases 50: pre-render 0.003 ms, prepare 0.084 ms, primary repair 59.234 ms, shadow repair 0.000 ms, producer wait 26.362 ms; observer=2623452.40/1100502.20/3415.00, moved=0.00 m, roam=0, replaced=0, image=1600x900, LOD=1.500, shadows=0, minimap=1
Frame work 50: BVH built/hit/evicted=1/4/0, catalogue/instance/scene builds=0/5/0, cached/scene tiles=112/0, scene 0.0 MiB, selection/detail passes=6/7, fallback ray attempts=2, GPU build/selection/detail=1.505/2.877/22.513 ms, CPU grouping=18.115 ms; atlas installed/evicted=1/1, I/O=0.502 MiB, resident=27/27
Camera preparation: wall 0.000 ms, GPU LOD 0.000 ms, plans/footprints=1/1
Frame 56: wall 29.271 ms, GPU producer 28.340 ms, 1 producer submission(s), resident trace and presentation combined; t=3.230, BVH resident/budget 243.6/2048.0 MiB, builds/hits/evictions=112/22/0, scene builds=7
Frame phases 56: pre-render 0.002 ms, prepare 0.688 ms, primary repair 0.000 ms, shadow repair 0.000 ms, producer wait 28.556 ms; observer=2623452.40/1100502.20/3415.00, moved=0.00 m, roam=0, replaced=0, image=1600x900, LOD=1.500, shadows=0, minimap=1
Frame work 56: BVH built/hit/evicted=0/0/0, catalogue/instance/scene builds=0/1/1, cached/scene tiles=112/112, scene 0.0 MiB, selection/detail passes=0/1, fallback ray attempts=0, GPU build/selection/detail=0.125/0.000/0.000 ms, CPU grouping=0.000 ms; atlas installed/evicted=0/0, I/O=0.000 MiB, resident=27/27
Camera preparation: wall 0.000 ms, GPU LOD 0.000 ms, plans/footprints=1/1
Minimap mask: 276x236, 1440000 rays, worker 1.552 ms, GPU 0.960 ms
Minimap publish: request-to-image 1.670 ms
Frame 57: wall 27.323 ms, GPU producer 26.940 ms, 1 producer submission(s), resident trace and presentation combined; t=3.257, BVH resident/budget 243.6/2048.0 MiB, builds/hits/evictions=112/22/0, scene builds=7
Frame phases 57: pre-render 0.002 ms, prepare 0.064 ms, primary repair 0.000 ms, shadow repair 0.000 ms, producer wait 27.224 ms; observer=2623452.40/1100502.20/3415.00, moved=0.00 m, roam=0, replaced=0, image=1600x900, LOD=1.500, shadows=0, minimap=1
Frame work 57: BVH built/hit/evicted=0/0/0, catalogue/instance/scene builds=0/0/0, cached/scene tiles=112/112, scene 0.0 MiB, selection/detail passes=0/1, fallback ray attempts=0, GPU build/selection/detail=0.000/0.000/0.000 ms, CPU grouping=0.000 ms; atlas installed/evicted=0/0, I/O=0.000 MiB, resident=27/27
Camera preparation: wall 0.000 ms, GPU LOD 0.000 ms, plans/footprints=1/1
Frame 59: wall 26.511 ms, GPU producer 26.114 ms, 1 producer submission(s), resident trace and presentation combined; t=3.284, BVH resident/budget 243.6/2048.0 MiB, builds/hits/evictions=112/22/0, scene builds=7
Frame phases 59: pre-render 0.002 ms, prepare 0.076 ms, primary repair 0.000 ms, shadow repair 0.000 ms, producer wait 26.400 ms; observer=2623452.40/1100502.20/3415.00, moved=0.00 m, roam=0, replaced=0, image=1600x900, LOD=1.500, shadows=0, minimap=1
Frame work 59: BVH built/hit/evicted=0/0/0, catalogue/instance/scene builds=0/0/0, cached/scene tiles=112/112, scene 0.0 MiB, selection/detail passes=0/1, fallback ray attempts=0, GPU build/selection/detail=0.000/0.000/0.000 ms, CPU grouping=0.000 ms; atlas installed/evicted=0/0, I/O=0.000 MiB, resident=27/27
Camera preparation: wall 0.001 ms, GPU LOD 0.000 ms, plans/footprints=1/1
Minimap mask: 276x236, 1440000 rays, worker 22.237 ms, GPU 10.328 ms
Minimap publish: request-to-image 25.142 ms
Frame 61: wall 27.857 ms, GPU producer 27.434 ms, 1 producer submission(s), resident trace and presentation combined; t=3.311, BVH resident/budget 243.6/2048.0 MiB, builds/hits/evictions=112/22/0, scene builds=7
Frame phases 61: pre-render 0.013 ms, prepare 0.076 ms, primary repair 0.000 ms, shadow repair 0.000 ms, producer wait 27.737 ms; observer=2623452.40/1100502.20/3415.00, moved=0.00 m, roam=0, replaced=0, image=1600x900, LOD=1.500, shadows=0, minimap=1
Frame work 61: BVH built/hit/evicted=0/0/0, catalogue/instance/scene builds=0/0/0, cached/scene tiles=112/112, scene 0.0 MiB, selection/detail passes=0/1, fallback ray attempts=0, GPU build/selection/detail=0.000/0.000/0.000 ms, CPU grouping=0.000 ms; atlas installed/evicted=0/0, I/O=0.000 MiB, resident=27/27
Camera preparation: wall 0.000 ms, GPU LOD 0.000 ms, plans/footprints=1/1
Minimap mask: 276x236, 1440000 rays, worker 17.273 ms, GPU 14.428 ms
Minimap publish: request-to-image 17.373 ms
Frame 62: wall 28.015 ms, GPU producer 27.644 ms, 1 producer submission(s), resident trace and presentation combined; t=3.340, BVH resident/budget 243.6/2048.0 MiB, builds/hits/evictions=112/22/0, scene builds=7
Frame phases 62: pre-render 0.004 ms, prepare 0.068 ms, primary repair 0.000 ms, shadow repair 0.000 ms, producer wait 27.906 ms; observer=2623452.40/1100502.20/3415.00, moved=0.00 m, roam=0, replaced=0, image=1600x900, LOD=1.500, shadows=0, minimap=1
Frame work 62: BVH built/hit/evicted=0/0/0, catalogue/instance/scene builds=0/0/0, cached/scene tiles=112/112, scene 0.0 MiB, selection/detail passes=0/1, fallback ray attempts=0, GPU build/selection/detail=0.000/0.000/0.000 ms, CPU grouping=0.000 ms; atlas installed/evicted=0/0, I/O=0.000 MiB, resident=27/27
Camera preparation: wall 0.000 ms, GPU LOD 0.000 ms, plans/footprints=1/1
Minimap mask: 276x236, 1440000 rays, worker 11.855 ms, GPU 10.609 ms
Minimap publish: request-to-image 11.981 ms
Minimap mask: 276x236, 1440000 rays, worker 6.899 ms, GPU 5.745 ms
Minimap publish: request-to-image 8.948 ms
Slow stage: terrain frame wall 110.188 ms (inclusive)
Frame 64: wall 110.191 ms, GPU producer 28.413 ms, 2 producer submission(s), streaming work excluded from GPU producer timing; t=3.450, BVH resident/budget 254.5/2048.0 MiB, builds/hits/evictions=114/27/0, scene builds=7
Frame phases 64: pre-render 0.007 ms, prepare 0.078 ms, primary repair 80.370 ms, shadow repair 0.000 ms, producer wait 29.612 ms; observer=2623452.40/1100502.20/3415.00, moved=0.00 m, roam=0, replaced=0, image=1600x900, LOD=1.500, shadows=0, minimap=1
Frame work 64: BVH built/hit/evicted=2/5/0, catalogue/instance/scene builds=0/7/0, cached/scene tiles=114/0, scene 0.0 MiB, selection/detail passes=8/9, fallback ray attempts=24192, GPU build/selection/detail=4.638/3.496/26.272 ms, CPU grouping=20.597 ms; atlas installed/evicted=2/2, I/O=2.130 MiB, resident=27/27
Camera preparation: wall 0.000 ms, GPU LOD 0.000 ms, plans/footprints=1/1
Slow stage: worker iteration wall 110.264 ms (inclusive)
Minimap mask: 276x236, 1440000 rays, worker 14.262 ms, GPU 10.347 ms
Minimap publish: request-to-image 14.315 ms
Slow stage: terrain frame wall 103.945 ms (inclusive)
Frame 70: wall 103.949 ms, GPU producer 25.026 ms, 2 producer submission(s), streaming work excluded from GPU producer timing; t=3.554, BVH resident/budget 259.6/2048.0 MiB, builds/hits/evictions=116/33/0, scene builds=8
Frame phases 70: pre-render 0.014 ms, prepare 0.691 ms, primary repair 76.878 ms, shadow repair 0.000 ms, producer wait 26.272 ms; observer=2623452.40/1100502.20/3415.00, moved=0.00 m, roam=0, replaced=0, image=1600x900, LOD=1.500, shadows=0, minimap=1
Frame work 70: BVH built/hit/evicted=2/6/0, catalogue/instance/scene builds=0/8/1, cached/scene tiles=116/0, scene 0.0 MiB, selection/detail passes=8/9, fallback ray attempts=68916, GPU build/selection/detail=2.809/4.044/25.734 ms, CPU grouping=20.189 ms; atlas installed/evicted=2/2, I/O=1.004 MiB, resident=27/27
Camera preparation: wall 0.001 ms, GPU LOD 0.000 ms, plans/footprints=1/1
Slow stage: worker iteration wall 104.009 ms (inclusive)
Minimap mask: 276x236, 1440000 rays, worker 19.253 ms, GPU 14.104 ms
Minimap publish: request-to-image 19.303 ms
Frame 77: wall 96.069 ms, GPU producer 25.620 ms, 2 producer submission(s), streaming work excluded from GPU producer timing; t=3.650, BVH resident/budget 269.9/2048.0 MiB, builds/hits/evictions=117/37/0, scene builds=9
Frame phases 77: pre-render 0.003 ms, prepare 0.641 ms, primary repair 68.456 ms, shadow repair 0.000 ms, producer wait 26.888 ms; observer=2623452.40/1100502.20/3415.00, moved=0.00 m, roam=0, replaced=0, image=1600x900, LOD=1.500, shadows=0, minimap=1
Frame work 77: BVH built/hit/evicted=1/4/0, catalogue/instance/scene builds=0/6/1, cached/scene tiles=117/0, scene 0.0 MiB, selection/detail passes=6/7, fallback ray attempts=15676, GPU build/selection/detail=4.296/2.749/25.572 ms, CPU grouping=14.737 ms; atlas installed/evicted=1/1, I/O=2.004 MiB, resident=27/27
Camera preparation: wall 0.000 ms, GPU LOD 0.000 ms, plans/footprints=1/1
Minimap mask: 276x236, 1440000 rays, worker 1.313 ms, GPU 0.945 ms
Minimap publish: request-to-image 3.155 ms
Frame 78: wall 27.121 ms, GPU producer 25.581 ms, 1 producer submission(s), resident trace and presentation combined; t=3.711, BVH resident/budget 269.9/2048.0 MiB, builds/hits/evictions=117/37/0, scene builds=10
Frame phases 78: pre-render 0.004 ms, prepare 1.214 ms, primary repair 0.000 ms, shadow repair 0.000 ms, producer wait 25.871 ms; observer=2623452.40/1100502.20/3415.00, moved=0.00 m, roam=0, replaced=0, image=1600x900, LOD=1.500, shadows=0, minimap=1
Frame work 78: BVH built/hit/evicted=0/0/0, catalogue/instance/scene builds=0/1/1, cached/scene tiles=117/117, scene 0.1 MiB, selection/detail passes=0/1, fallback ray attempts=0, GPU build/selection/detail=0.153/0.000/0.000 ms, CPU grouping=0.000 ms; atlas installed/evicted=0/0, I/O=0.000 MiB, resident=27/27
Camera preparation: wall 0.001 ms, GPU LOD 0.000 ms, plans/footprints=1/1
Minimap mask: 276x236, 1440000 rays, worker 2.429 ms, GPU 0.985 ms
Minimap publish: request-to-image 2.488 ms
Health t=4.081: memory ok footprint/resident 691.7/410.2 MiB, Metal allocated/recommended 582.8/18186.2 MiB, thermal=0
Health t=4.081: worker stage=idle age=231.0 ms, calls=62 revision=78, submitted/completed/presented=0/0/0, stale=0 unavailable=0 refreshed=0
Health t=4.081: display stage=idle age=22.0 ms, calls=101 revision=78, submitted/completed/presented=101/101/101, stale=0 unavailable=0 refreshed=0
Health t=4.081: minimap stage=idle age=350.4 ms, calls=22 revision=0, submitted/completed/presented=22/22/22, stale=0 unavailable=0 refreshed=35
Health t=4.081: terrain stage=idle age=4081.2 ms
Frame 79: wall 45.530 ms, GPU producer 43.305 ms, 1 producer submission(s), resident trace and presentation combined; t=4.563, BVH resident/budget 269.9/2048.0 MiB, builds/hits/evictions=117/37/0, scene builds=10
Frame phases 79: pre-render 0.012 ms, prepare 1.643 ms, primary repair 0.000 ms, shadow repair 0.000 ms, producer wait 43.823 ms; observer=2623452.40/1100502.20/3415.00, moved=0.00 m, roam=0, replaced=0, image=1600x900, LOD=1.500, shadows=0, minimap=1
Frame work 79: BVH built/hit/evicted=0/0/0, catalogue/instance/scene builds=0/0/0, cached/scene tiles=117/117, scene 0.1 MiB, selection/detail passes=0/1, fallback ray attempts=0, GPU build/selection/detail=0.000/0.000/0.000 ms, CPU grouping=0.000 ms; atlas installed/evicted=0/0, I/O=0.000 MiB, resident=27/27
Camera preparation: wall 0.001 ms, GPU LOD 0.000 ms, plans/footprints=1/1
Minimap mask: 276x236, 1440000 rays, worker 1.417 ms, GPU 1.036 ms
Minimap publish: request-to-image 1.480 ms
Frame 80: wall 34.443 ms, GPU producer 32.681 ms, 1 producer submission(s), resident trace and presentation combined; t=5.001, BVH resident/budget 269.9/2048.0 MiB, builds/hits/evictions=117/37/0, scene builds=10
Frame phases 80: pre-render 0.003 ms, prepare 0.000 ms, primary repair 0.000 ms, shadow repair 0.000 ms, producer wait 33.352 ms; observer=2623452.40/1100502.20/3415.00, moved=0.00 m, roam=0, replaced=0, image=1600x900, LOD=1.500, shadows=1, minimap=1
Frame work 80: BVH built/hit/evicted=0/0/0, catalogue/instance/scene builds=0/0/0, cached/scene tiles=117/117, scene 0.1 MiB, selection/detail passes=0/0, fallback ray attempts=0, GPU build/selection/detail=0.000/0.000/0.000 ms, CPU grouping=0.000 ms; atlas installed/evicted=0/0, I/O=0.000 MiB, resident=27/27
Health t=5.081: memory ok footprint/resident 692.7/410.8 MiB, Metal allocated/recommended 584.2/18186.2 MiB, thermal=0
Health t=5.081: worker stage=idle age=14.6 ms, calls=67 revision=80, submitted/completed/presented=0/0/0, stale=0 unavailable=0 refreshed=0
Health t=5.081: display stage=idle age=21.7 ms, calls=131 revision=80, submitted/completed/presented=131/131/131, stale=0 unavailable=0 refreshed=0
Health t=5.081: minimap stage=idle age=487.6 ms, calls=23 revision=0, submitted/completed/presented=23/23/23, stale=0 unavailable=0 refreshed=36
Health t=5.081: terrain stage=idle age=5081.3 ms
Frame 81: wall 64.320 ms, GPU producer 63.814 ms, 1 producer submission(s), resident trace and presentation combined; t=5.281, BVH resident/budget 269.9/2048.0 MiB, builds/hits/evictions=117/37/0, scene builds=10
Frame phases 81: pre-render 0.003 ms, prepare 0.074 ms, primary repair 0.000 ms, shadow repair 0.000 ms, producer wait 64.195 ms; observer=2623452.40/1100502.20/3415.00, moved=0.00 m, roam=0, replaced=0, image=1600x900, LOD=1.500, shadows=1, minimap=1
Frame work 81: BVH built/hit/evicted=0/0/0, catalogue/instance/scene builds=0/0/0, cached/scene tiles=117/117, scene 0.1 MiB, selection/detail passes=0/1, fallback ray attempts=0, GPU build/selection/detail=0.000/0.000/0.000 ms, CPU grouping=0.000 ms; atlas installed/evicted=0/0, I/O=0.000 MiB, resident=27/27
Camera preparation: wall 0.000 ms, GPU LOD 0.000 ms, plans/footprints=1/1
Minimap mask: 276x236, 1440000 rays, worker 34.609 ms, GPU 11.946 ms
Frame 84: wall 47.055 ms, GPU producer 46.635 ms, 1 producer submission(s), resident trace and presentation combined; t=5.328, BVH resident/budget 269.9/2048.0 MiB, builds/hits/evictions=117/37/0, scene builds=10
Frame phases 84: pre-render 0.035 ms, prepare 0.058 ms, primary repair 0.000 ms, shadow repair 0.000 ms, producer wait 46.918 ms; observer=2623452.40/1100502.20/3415.00, moved=0.00 m, roam=0, replaced=0, image=1600x900, LOD=1.500, shadows=1, minimap=1
Frame work 84: BVH built/hit/evicted=0/0/0, catalogue/instance/scene builds=0/0/0, cached/scene tiles=117/117, scene 0.1 MiB, selection/detail passes=0/1, fallback ray attempts=0, GPU build/selection/detail=0.000/0.000/0.000 ms, CPU grouping=0.000 ms; atlas installed/evicted=0/0, I/O=0.000 MiB, resident=27/27
Minimap publish: request-to-image 34.658 ms
Camera preparation: wall 0.000 ms, GPU LOD 0.000 ms, plans/footprints=1/1
Minimap mask: 276x236, 1440000 rays, worker 17.619 ms, GPU 6.762 ms
Frame 87: wall 49.714 ms, GPU producer 49.311 ms, 1 producer submission(s), resident trace and presentation combined; t=5.378, BVH resident/budget 269.9/2048.0 MiB, builds/hits/evictions=117/37/0, scene builds=10
Frame phases 87: pre-render 0.003 ms, prepare 0.056 ms, primary repair 0.000 ms, shadow repair 0.000 ms, producer wait 49.621 ms; observer=2623452.40/1100502.20/3415.00, moved=0.00 m, roam=0, replaced=0, image=1600x900, LOD=1.500, shadows=1, minimap=1
Frame work 87: BVH built/hit/evicted=0/0/0, catalogue/instance/scene builds=0/0/0, cached/scene tiles=117/117, scene 0.1 MiB, selection/detail passes=0/1, fallback ray attempts=0, GPU build/selection/detail=0.000/0.000/0.000 ms, CPU grouping=0.000 ms; atlas installed/evicted=0/0, I/O=0.000 MiB, resident=27/27
Camera preparation: wall 0.001 ms, GPU LOD 0.000 ms, plans/footprints=1/1
Minimap publish: request-to-image 17.660 ms
Frame 90: wall 50.035 ms, GPU producer 49.686 ms, 1 producer submission(s), resident trace and presentation combined; t=5.428, BVH resident/budget 269.9/2048.0 MiB, builds/hits/evictions=117/37/0, scene builds=10
Frame phases 90: pre-render 0.002 ms, prepare 0.059 ms, primary repair 0.000 ms, shadow repair 0.000 ms, producer wait 49.930 ms; observer=2623452.40/1100502.20/3415.00, moved=0.00 m, roam=0, replaced=0, image=1600x900, LOD=1.500, shadows=1, minimap=1
Frame work 90: BVH built/hit/evicted=0/0/0, catalogue/instance/scene builds=0/0/0, cached/scene tiles=117/117, scene 0.1 MiB, selection/detail passes=0/1, fallback ray attempts=0, GPU build/selection/detail=0.000/0.000/0.000 ms, CPU grouping=0.000 ms; atlas installed/evicted=0/0, I/O=0.000 MiB, resident=27/27
Camera preparation: wall 0.000 ms, GPU LOD 0.000 ms, plans/footprints=1/1
Minimap mask: 276x236, 1440000 rays, worker 34.684 ms, GPU 11.370 ms
Minimap publish: request-to-image 34.724 ms
Frame 93: wall 49.004 ms, GPU producer 48.637 ms, 1 producer submission(s), resident trace and presentation combined; t=5.477, BVH resident/budget 269.9/2048.0 MiB, builds/hits/evictions=117/37/0, scene builds=10
Frame phases 93: pre-render 0.003 ms, prepare 0.087 ms, primary repair 0.000 ms, shadow repair 0.000 ms, producer wait 48.878 ms; observer=2623452.40/1100502.20/3415.00, moved=0.00 m, roam=0, replaced=0, image=1600x900, LOD=1.500, shadows=1, minimap=1
Frame work 93: BVH built/hit/evicted=0/0/0, catalogue/instance/scene builds=0/0/0, cached/scene tiles=117/117, scene 0.1 MiB, selection/detail passes=0/1, fallback ray attempts=0, GPU build/selection/detail=0.000/0.000/0.000 ms, CPU grouping=0.000 ms; atlas installed/evicted=0/0, I/O=0.000 MiB, resident=27/27
Camera preparation: wall 0.000 ms, GPU LOD 0.000 ms, plans/footprints=1/1
Minimap mask: 276x236, 1440000 rays, worker 16.898 ms, GPU 4.926 ms
Minimap publish: request-to-image 17.587 ms
Frame 96: wall 51.534 ms, GPU producer 50.966 ms, 1 producer submission(s), resident trace and presentation combined; t=5.529, BVH resident/budget 269.9/2048.0 MiB, builds/hits/evictions=117/37/0, scene builds=10
Frame phases 96: pre-render 0.020 ms, prepare 0.091 ms, primary repair 0.000 ms, shadow repair 0.000 ms, producer wait 51.362 ms; observer=2623452.40/1100502.20/3415.00, moved=0.00 m, roam=0, replaced=0, image=1600x900, LOD=1.500, shadows=1, minimap=1
Frame work 96: BVH built/hit/evicted=0/0/0, catalogue/instance/scene builds=0/0/0, cached/scene tiles=117/117, scene 0.1 MiB, selection/detail passes=0/1, fallback ray attempts=0, GPU build/selection/detail=0.000/0.000/0.000 ms, CPU grouping=0.000 ms; atlas installed/evicted=0/0, I/O=0.000 MiB, resident=27/27
Camera preparation: wall 0.000 ms, GPU LOD 0.000 ms, plans/footprints=1/1
Minimap mask: 276x236, 1440000 rays, worker 35.176 ms, GPU 1.492 ms
Minimap publish: request-to-image 35.227 ms
Frame 99: wall 50.480 ms, GPU producer 50.139 ms, 1 producer submission(s), resident trace and presentation combined; t=5.579, BVH resident/budget 269.9/2048.0 MiB, builds/hits/evictions=117/37/0, scene builds=10
Frame phases 99: pre-render 0.002 ms, prepare 0.052 ms, primary repair 0.000 ms, shadow repair 0.000 ms, producer wait 50.395 ms; observer=2623452.40/1100502.20/3415.00, moved=0.00 m, roam=0, replaced=0, image=1600x900, LOD=1.500, shadows=1, minimap=1
Frame work 99: BVH built/hit/evicted=0/0/0, catalogue/instance/scene builds=0/0/0, cached/scene tiles=117/117, scene 0.1 MiB, selection/detail passes=0/1, fallback ray attempts=0, GPU build/selection/detail=0.000/0.000/0.000 ms, CPU grouping=0.000 ms; atlas installed/evicted=0/0, I/O=0.000 MiB, resident=27/27
Camera preparation: wall 0.000 ms, GPU LOD 0.000 ms, plans/footprints=1/1
Minimap mask: 276x236, 1440000 rays, worker 18.856 ms, GPU 7.747 ms
Minimap publish: request-to-image 18.954 ms
Frame 101: wall 49.445 ms, GPU producer 48.921 ms, 1 producer submission(s), resident trace and presentation combined; t=5.629, BVH resident/budget 269.9/2048.0 MiB, builds/hits/evictions=117/37/0, scene builds=10
Frame phases 101: pre-render 0.003 ms, prepare 0.064 ms, primary repair 0.000 ms, shadow repair 0.000 ms, producer wait 49.296 ms; observer=2623452.40/1100502.20/3415.00, moved=0.00 m, roam=0, replaced=0, image=1600x900, LOD=1.500, shadows=1, minimap=1
Frame work 101: BVH built/hit/evicted=0/0/0, catalogue/instance/scene builds=0/0/0, cached/scene tiles=117/117, scene 0.1 MiB, selection/detail passes=0/1, fallback ray attempts=0, GPU build/selection/detail=0.000/0.000/0.000 ms, CPU grouping=0.000 ms; atlas installed/evicted=0/0, I/O=0.000 MiB, resident=27/27
Camera preparation: wall 0.000 ms, GPU LOD 0.000 ms, plans/footprints=1/1
Minimap mask: 276x236, 1440000 rays, worker 35.197 ms, GPU 8.036 ms
Minimap publish: request-to-image 35.273 ms
Minimap mask: 276x236, 1440000 rays, worker 0.979 ms, GPU 0.744 ms
Minimap publish: request-to-image 1.011 ms
Frame 102: wall 49.140 ms, GPU producer 47.792 ms, 1 producer submission(s), resident trace and presentation combined; t=5.716, BVH resident/budget 269.9/2048.0 MiB, builds/hits/evictions=117/37/0, scene builds=10
Frame phases 102: pre-render 0.003 ms, prepare 0.069 ms, primary repair 0.000 ms, shadow repair 0.000 ms, producer wait 49.037 ms; observer=2623452.40/1100502.20/3415.00, moved=0.00 m, roam=0, replaced=0, image=1600x900, LOD=1.500, shadows=1, minimap=1
Frame work 102: BVH built/hit/evicted=0/0/0, catalogue/instance/scene builds=0/0/0, cached/scene tiles=117/117, scene 0.1 MiB, selection/detail passes=0/1, fallback ray attempts=0, GPU build/selection/detail=0.000/0.000/0.000 ms, CPU grouping=0.000 ms; atlas installed/evicted=0/0, I/O=0.000 MiB, resident=27/27
Camera preparation: wall 0.000 ms, GPU LOD 0.000 ms, plans/footprints=1/1
Frame 104: wall 47.106 ms, GPU producer 46.702 ms, 1 producer submission(s), resident trace and presentation combined; t=5.763, BVH resident/budget 269.9/2048.0 MiB, builds/hits/evictions=117/37/0, scene builds=10
Frame phases 104: pre-render 0.004 ms, prepare 0.056 ms, primary repair 0.000 ms, shadow repair 0.000 ms, producer wait 47.010 ms; observer=2623452.40/1100502.20/3415.00, moved=0.00 m, roam=0, replaced=0, image=1600x900, LOD=1.500, shadows=1, minimap=1
Frame work 104: BVH built/hit/evicted=0/0/0, catalogue/instance/scene builds=0/0/0, cached/scene tiles=117/117, scene 0.1 MiB, selection/detail passes=0/1, fallback ray attempts=0, GPU build/selection/detail=0.000/0.000/0.000 ms, CPU grouping=0.000 ms; atlas installed/evicted=0/0, I/O=0.000 MiB, resident=27/27
Camera preparation: wall 0.000 ms, GPU LOD 0.000 ms, plans/footprints=1/1
Minimap mask: 276x236, 1440000 rays, worker 35.970 ms, GPU 12.018 ms
Minimap publish: request-to-image 36.012 ms
Frame 107: wall 46.367 ms, GPU producer 46.008 ms, 1 producer submission(s), resident trace and presentation combined; t=5.809, BVH resident/budget 269.9/2048.0 MiB, builds/hits/evictions=117/37/0, scene builds=10
Frame phases 107: pre-render 0.016 ms, prepare 0.059 ms, primary repair 0.000 ms, shadow repair 0.000 ms, producer wait 46.241 ms; observer=2623452.40/1100502.20/3415.00, moved=0.00 m, roam=0, replaced=0, image=1600x900, LOD=1.500, shadows=1, minimap=1
Frame work 107: BVH built/hit/evicted=0/0/0, catalogue/instance/scene builds=0/0/0, cached/scene tiles=117/117, scene 0.1 MiB, selection/detail passes=0/1, fallback ray attempts=0, GPU build/selection/detail=0.000/0.000/0.000 ms, CPU grouping=0.000 ms; atlas installed/evicted=0/0, I/O=0.000 MiB, resident=27/27
Camera preparation: wall 0.000 ms, GPU LOD 0.000 ms, plans/footprints=1/1
Minimap mask: 276x236, 1440000 rays, worker 15.256 ms, GPU 5.151 ms
Minimap publish: request-to-image 15.370 ms
Minimap mask: 276x236, 1440000 rays, worker 29.457 ms, GPU 6.932 ms
Frame 110: wall 47.696 ms, GPU producer 47.276 ms, 1 producer submission(s), resident trace and presentation combined; t=5.857, BVH resident/budget 269.9/2048.0 MiB, builds/hits/evictions=117/37/0, scene builds=10
Frame phases 110: pre-render 0.004 ms, prepare 0.064 ms, primary repair 0.000 ms, shadow repair 0.000 ms, producer wait 47.527 ms; observer=2623452.40/1100502.20/3415.00, moved=0.00 m, roam=0, replaced=0, image=1600x900, LOD=1.500, shadows=1, minimap=1
Frame work 110: BVH built/hit/evicted=0/0/0, catalogue/instance/scene builds=0/0/0, cached/scene tiles=117/117, scene 0.1 MiB, selection/detail passes=0/1, fallback ray attempts=0, GPU build/selection/detail=0.000/0.000/0.000 ms, CPU grouping=0.000 ms; atlas installed/evicted=0/0, I/O=0.000 MiB, resident=27/27
Camera preparation: wall 0.000 ms, GPU LOD 0.000 ms, plans/footprints=1/1
Minimap publish: request-to-image 29.514 ms
Frame 113: wall 44.753 ms, GPU producer 44.290 ms, 1 producer submission(s), resident trace and presentation combined; t=5.902, BVH resident/budget 269.9/2048.0 MiB, builds/hits/evictions=117/37/0, scene builds=10
Frame phases 113: pre-render 0.002 ms, prepare 0.082 ms, primary repair 0.000 ms, shadow repair 0.000 ms, producer wait 44.616 ms; observer=2623452.40/1100502.20/3415.00, moved=0.00 m, roam=0, replaced=0, image=1600x900, LOD=1.500, shadows=1, minimap=1
Frame work 113: BVH built/hit/evicted=0/0/0, catalogue/instance/scene builds=0/0/0, cached/scene tiles=117/117, scene 0.1 MiB, selection/detail passes=0/1, fallback ray attempts=0, GPU build/selection/detail=0.000/0.000/0.000 ms, CPU grouping=0.000 ms; atlas installed/evicted=0/0, I/O=0.000 MiB, resident=27/27
Camera preparation: wall 0.000 ms, GPU LOD 0.000 ms, plans/footprints=1/1
Minimap mask: 276x236, 1440000 rays, worker 41.056 ms, GPU 7.603 ms
Minimap publish: request-to-image 42.076 ms
Minimap mask: 276x236, 1440000 rays, worker 20.627 ms, GPU 5.372 ms
Minimap publish: request-to-image 20.688 ms
Health t=6.084: memory ok footprint/resident 788.1/452.9 MiB, Metal allocated/recommended 665.1/18186.2 MiB, thermal=0
Health t=6.084: worker stage=render age=182.1 ms, calls=90 revision=113, submitted/completed/presented=0/0/0, stale=0 unavailable=0 refreshed=0
Health t=6.084: display stage=idle age=25.3 ms, calls=161 revision=113, submitted/completed/presented=161/161/160, stale=0 unavailable=0 refreshed=0
Health t=6.084: minimap stage=idle age=135.5 ms, calls=36 revision=0, submitted/completed/presented=36/36/36, stale=0 unavailable=0 refreshed=50
Health t=6.084: terrain stage=shadow repair age=59.4 ms
Slow stage: terrain frame wall 209.882 ms (inclusive)
Frame 116: wall 209.884 ms, GPU producer 46.678 ms, 2 producer submission(s), streaming work excluded from GPU producer timing; t=6.112, BVH resident/budget 272.4/2048.0 MiB, builds/hits/evictions=118/42/0, scene builds=10
Frame phases 116: pre-render 0.007 ms, prepare 0.079 ms, primary repair 76.152 ms, shadow repair 83.501 ms, producer wait 50.049 ms; observer=2623452.40/1100502.20/3415.00, moved=0.00 m, roam=0, replaced=0, image=1600x900, LOD=1.500, shadows=1, minimap=1
Frame work 116: BVH built/hit/evicted=1/5/0, catalogue/instance/scene builds=0/6/0, cached/scene tiles=118/0, scene 0.0 MiB, selection/detail passes=7/8, fallback ray attempts=4236, GPU build/selection/detail=1.492/3.342/28.576 ms, CPU grouping=19.847 ms; atlas installed/evicted=81/81, I/O=31.838 MiB, resident=27/27
Camera preparation: wall 0.000 ms, GPU LOD 0.000 ms, plans/footprints=1/1
Slow stage: worker iteration wall 209.925 ms (inclusive)
Minimap mask: 276x236, 1440000 rays, worker 28.538 ms, GPU 6.253 ms
Minimap publish: request-to-image 28.582 ms
Slow stage: terrain frame wall 107.978 ms (inclusive)
Frame 117: wall 107.982 ms, GPU producer 43.260 ms, 2 producer submission(s), streaming work excluded from GPU producer timing; t=6.220, BVH resident/budget 272.4/2048.0 MiB, builds/hits/evictions=118/42/0, scene builds=11
Frame phases 117: pre-render 0.008 ms, prepare 0.754 ms, primary repair 0.000 ms, shadow repair 62.966 ms, producer wait 44.187 ms; observer=2623452.40/1100502.20/3415.00, moved=0.00 m, roam=0, replaced=0, image=1600x900, LOD=1.500, shadows=1, minimap=1
Frame work 117: BVH built/hit/evicted=0/0/0, catalogue/instance/scene builds=0/1/1, cached/scene tiles=118/118, scene 0.1 MiB, selection/detail passes=0/1, fallback ray attempts=0, GPU build/selection/detail=0.127/0.000/0.000 ms, CPU grouping=0.000 ms; atlas installed/evicted=86/86, I/O=38.853 MiB, resident=27/27
Camera preparation: wall 0.000 ms, GPU LOD 0.000 ms, plans/footprints=1/1
Slow stage: worker iteration wall 108.044 ms (inclusive)
Minimap mask: 276x236, 1440000 rays, worker 1.161 ms, GPU 0.876 ms
Minimap publish: request-to-image 1.196 ms
Health t=7.089: memory ok footprint/resident 781.0/458.5 MiB, Metal allocated/recommended 654.1/18186.2 MiB, thermal=0
Health t=7.089: worker stage=idle age=55.5 ms, calls=112 revision=117, submitted/completed/presented=0/0/0, stale=0 unavailable=0 refreshed=0
Health t=7.089: display stage=idle age=30.0 ms, calls=191 revision=117, submitted/completed/presented=191/191/191, stale=0 unavailable=0 refreshed=0
Health t=7.089: minimap stage=idle age=860.4 ms, calls=38 revision=0, submitted/completed/presented=38/38/38, stale=0 unavailable=0 refreshed=53
Health t=7.089: terrain stage=idle age=7088.9 ms
Health t=8.092: memory ok footprint/resident 783.5/461.7 MiB, Metal allocated/recommended 654.1/18186.2 MiB, thermal=0
Health t=8.092: worker stage=idle age=1058.8 ms, calls=112 revision=117, submitted/completed/presented=0/0/0, stale=0 unavailable=0 refreshed=0
Health t=8.092: display stage=idle age=16.4 ms, calls=219 revision=117, submitted/completed/presented=219/219/219, stale=0 unavailable=0 refreshed=0
Health t=8.092: minimap stage=idle age=1863.7 ms, calls=38 revision=0, submitted/completed/presented=38/38/38, stale=0 unavailable=0 refreshed=53
Health t=8.092: terrain stage=idle age=8092.2 ms
Minimap mask: 276x236, 1440000 rays, worker 11.626 ms, GPU 8.160 ms
Minimap publish: request-to-image 11.674 ms
Minimap mask: 276x215, 1440000 rays, worker 5.541 ms, GPU 2.773 ms
Minimap publish: request-to-image 6.855 ms
Minimap mask: 276x220, 1440000 rays, worker 5.911 ms, GPU 3.235 ms
Minimap publish: request-to-image 6.268 ms
Minimap mask: 276x223, 1440000 rays, worker 5.642 ms, GPU 3.271 ms
Minimap publish: request-to-image 5.672 ms
Minimap mask: 276x227, 1440000 rays, worker 3.556 ms, GPU 2.670 ms
Minimap publish: request-to-image 3.588 ms
Minimap mask: 276x229, 1440000 rays, worker 3.717 ms, GPU 2.739 ms
Minimap publish: request-to-image 6.912 ms
Minimap mask: 276x231, 1440000 rays, worker 4.189 ms, GPU 3.235 ms
Minimap publish: request-to-image 4.660 ms
Minimap mask: 276x233, 1440000 rays, worker 4.558 ms, GPU 3.696 ms
Minimap publish: request-to-image 4.591 ms
Minimap mask: 276x234, 1440000 rays, worker 3.709 ms, GPU 2.663 ms
Minimap publish: request-to-image 3.741 ms
Minimap mask: 276x235, 1440000 rays, worker 4.205 ms, GPU 3.238 ms
Minimap publish: request-to-image 4.360 ms
Health t=9.097: memory ok footprint/resident 783.1/462.8 MiB, Metal allocated/recommended 654.1/18186.2 MiB, thermal=0
Health t=9.097: worker stage=idle age=213.9 ms, calls=127 revision=117, submitted/completed/presented=0/0/0, stale=0 unavailable=0 refreshed=0
Health t=9.097: display stage=idle age=5.8 ms, calls=249 revision=117, submitted/completed/presented=249/249/248, stale=0 unavailable=0 refreshed=0
Health t=9.097: minimap stage=idle age=508.5 ms, calls=48 revision=0, submitted/completed/presented=48/48/48, stale=0 unavailable=0 refreshed=53
Health t=9.097: terrain stage=idle age=9097.5 ms
LOD plan: sources=1591, changed finer/coarser=0/0, selected LOD-1=26
Slow stage: terrain frame wall 180.282 ms (inclusive)
Frame 118: wall 182.273 ms, GPU producer 79.516 ms, 2 producer submission(s), streaming work excluded from GPU producer timing; t=9.782, BVH resident/budget 272.4/2048.0 MiB, builds/hits/evictions=118/42/0, scene builds=12
Frame phases 118: pre-render 1.995 ms, prepare 9.060 ms, primary repair 0.000 ms, shadow repair 90.264 ms, producer wait 80.832 ms; observer=2623452.61/1100502.60/3415.02, moved=0.45 m, roam=1, replaced=0, image=1600x900, LOD=1.500, shadows=1, minimap=1
Frame work 118: BVH built/hit/evicted=0/0/0, catalogue/instance/scene builds=1/1/1, cached/scene tiles=118/118, scene 0.1 MiB, selection/detail passes=0/1, fallback ray attempts=0, GPU build/selection/detail=1.326/0.000/0.000 ms, CPU grouping=0.000 ms; atlas installed/evicted=86/86, I/O=40.857 MiB, resident=27/27
Camera preparation: wall 0.294 ms, GPU LOD 0.010 ms, plans/footprints=2/1
Slow stage: worker iteration wall 182.626 ms (inclusive)
LOD plan: sources=1591, changed finer/coarser=0/0, selected LOD-1=26
Minimap mask: 276x236, 1440000 rays, worker 30.790 ms, GPU 8.721 ms
Minimap publish: request-to-image 31.691 ms
Slow stage: terrain frame wall 106.286 ms (inclusive)
Frame 119: wall 106.299 ms, GPU producer 42.814 ms, 2 producer submission(s), streaming work excluded from GPU producer timing; t=9.888, BVH resident/budget 272.4/2048.0 MiB, builds/hits/evictions=118/42/0, scene builds=13
Frame phases 119: pre-render 0.019 ms, prepare 1.635 ms, primary repair 0.000 ms, shadow repair 60.842 ms, producer wait 43.728 ms; observer=2623454.92/1100506.93/3415.28, moved=4.91 m, roam=1, replaced=0, image=1600x900, LOD=1.500, shadows=1, minimap=1
Frame work 119: BVH built/hit/evicted=0/0/0, catalogue/instance/scene builds=1/1/1, cached/scene tiles=118/118, scene 0.1 MiB, selection/detail passes=0/1, fallback ray attempts=0, GPU build/selection/detail=0.436/0.000/0.000 ms, CPU grouping=0.000 ms; atlas installed/evicted=86/86, I/O=38.853 MiB, resident=27/27
Camera preparation: wall 0.209 ms, GPU LOD 0.004 ms, plans/footprints=3/1
Slow stage: worker iteration wall 106.343 ms (inclusive)
LOD plan: sources=1591, changed finer/coarser=0/0, selected LOD-1=26
Minimap mask: 276x236, 1440000 rays, worker 36.599 ms, GPU 7.596 ms
Minimap publish: request-to-image 36.633 ms
Slow stage: terrain frame wall 100.326 ms (inclusive)
Frame 120: wall 100.336 ms, GPU producer 41.629 ms, 2 producer submission(s), streaming work excluded from GPU producer timing; t=9.989, BVH resident/budget 272.4/2048.0 MiB, builds/hits/evictions=118/42/0, scene builds=14
Frame phases 120: pre-render 0.016 ms, prepare 1.432 ms, primary repair 0.000 ms, shadow repair 56.167 ms, producer wait 42.660 ms; observer=2623457.33/1100511.45/3415.55, moved=5.13 m, roam=1, replaced=0, image=1600x900, LOD=1.500, shadows=1, minimap=1
Frame work 120: BVH built/hit/evicted=0/0/0, catalogue/instance/scene builds=1/1/1, cached/scene tiles=118/118, scene 0.1 MiB, selection/detail passes=0/1, fallback ray attempts=0, GPU build/selection/detail=0.460/0.000/0.000 ms, CPU grouping=0.000 ms; atlas installed/evicted=86/86, I/O=38.853 MiB, resident=27/27
Camera preparation: wall 0.187 ms, GPU LOD 0.004 ms, plans/footprints=4/1
Slow stage: worker iteration wall 100.386 ms (inclusive)
LOD plan: sources=1591, changed finer/coarser=0/0, selected LOD-1=26
Minimap mask: 276x236, 1440000 rays, worker 37.520 ms, GPU 7.358 ms
Minimap publish: request-to-image 37.576 ms
Slow stage: terrain frame wall 102.260 ms (inclusive)
Frame 121: wall 102.269 ms, GPU producer 42.164 ms, 2 producer submission(s), streaming work excluded from GPU producer timing; t=10.091, BVH resident/budget 272.4/2048.0 MiB, builds/hits/evictions=118/42/0, scene builds=15
Frame phases 121: pre-render 0.018 ms, prepare 1.463 ms, primary repair 0.000 ms, shadow repair 57.642 ms, producer wait 43.081 ms; observer=2623459.62/1100515.74/3415.80, moved=4.86 m, roam=1, replaced=0, image=1600x900, LOD=1.500, shadows=1, minimap=1
Frame work 121: BVH built/hit/evicted=0/0/0, catalogue/instance/scene builds=1/1/1, cached/scene tiles=118/118, scene 0.1 MiB, selection/detail passes=0/1, fallback ray attempts=0, GPU build/selection/detail=0.469/0.000/0.000 ms, CPU grouping=0.000 ms; atlas installed/evicted=86/86, I/O=38.853 MiB, resident=27/27
Camera preparation: wall 0.200 ms, GPU LOD 0.004 ms, plans/footprints=5/1
Slow stage: worker iteration wall 102.323 ms (inclusive)
LOD plan: sources=1591, changed finer/coarser=0/0, selected LOD-1=26
Health t=10.099: memory ok footprint/resident 803.1/473.4 MiB, Metal allocated/recommended 667.2/18186.2 MiB, thermal=0
Health t=10.099: worker stage=render age=8.0 ms, calls=162 revision=121, submitted/completed/presented=0/0/0, stale=0 unavailable=0 refreshed=0
Health t=10.099: display stage=idle age=5.8 ms, calls=279 revision=121, submitted/completed/presented=279/279/278, stale=0 unavailable=0 refreshed=0
Health t=10.099: minimap stage=mask-gpu age=5.9 ms, calls=52 revision=0, submitted/completed/presented=52/51/51, stale=0 unavailable=0 refreshed=62
Health t=10.099: terrain stage=producer wait age=6.4 ms
Minimap mask: 276x236, 1440000 rays, worker 43.035 ms, GPU 10.209 ms
Minimap publish: request-to-image 43.379 ms
Slow stage: terrain frame wall 101.049 ms (inclusive)
Frame 122: wall 101.055 ms, GPU producer 43.498 ms, 2 producer submission(s), streaming work excluded from GPU producer timing; t=10.192, BVH resident/budget 272.4/2048.0 MiB, builds/hits/evictions=118/42/0, scene builds=16
Frame phases 122: pre-render 0.007 ms, prepare 1.580 ms, primary repair 0.000 ms, shadow repair 54.996 ms, producer wait 44.411 ms; observer=2623461.97/1100520.15/3416.06, moved=4.99 m, roam=1, replaced=0, image=1600x900, LOD=1.500, shadows=1, minimap=1
Frame work 122: BVH built/hit/evicted=0/0/0, catalogue/instance/scene builds=1/1/1, cached/scene tiles=118/118, scene 0.1 MiB, selection/detail passes=0/1, fallback ray attempts=0, GPU build/selection/detail=0.568/0.000/0.000 ms, CPU grouping=0.000 ms; atlas installed/evicted=86/86, I/O=38.853 MiB, resident=27/27
Camera preparation: wall 0.161 ms, GPU LOD 0.004 ms, plans/footprints=6/1
Slow stage: worker iteration wall 101.103 ms (inclusive)
LOD plan: sources=1591, changed finer/coarser=0/1, selected LOD-1=26
Minimap mask: 276x236, 1440000 rays, worker 10.686 ms, GPU 4.503 ms
Minimap publish: request-to-image 10.713 ms
Slow stage: terrain frame wall 101.760 ms (inclusive)
Frame 124: wall 101.770 ms, GPU producer 43.558 ms, 2 producer submission(s), streaming work excluded from GPU producer timing; t=10.294, BVH resident/budget 272.4/2048.0 MiB, builds/hits/evictions=118/42/0, scene builds=17
Frame phases 124: pre-render 0.015 ms, prepare 1.430 ms, primary repair 0.000 ms, shadow repair 55.846 ms, producer wait 44.421 ms; observer=2623464.44/1100524.50/3416.20, moved=5.01 m, roam=1, replaced=0, image=1600x900, LOD=1.500, shadows=1, minimap=1
Frame work 124: BVH built/hit/evicted=0/0/0, catalogue/instance/scene builds=1/1/1, cached/scene tiles=118/118, scene 0.1 MiB, selection/detail passes=0/1, fallback ray attempts=0, GPU build/selection/detail=0.461/0.000/0.000 ms, CPU grouping=0.000 ms; atlas installed/evicted=86/86, I/O=38.853 MiB, resident=27/27
Camera preparation: wall 0.229 ms, GPU LOD 0.007 ms, plans/footprints=7/1
Slow stage: worker iteration wall 101.823 ms (inclusive)
LOD plan: sources=1591, changed finer/coarser=0/0, selected LOD-1=26
Minimap mask: 276x236, 1440000 rays, worker 11.411 ms, GPU 4.676 ms
Minimap publish: request-to-image 11.439 ms
Slow stage: terrain frame wall 154.354 ms (inclusive)
Frame 126: wall 154.363 ms, GPU producer 44.727 ms, 2 producer submission(s), streaming work excluded from GPU producer timing; t=10.448, BVH resident/budget 275.0/2048.0 MiB, builds/hits/evictions=119/46/0, scene builds=18
Frame phases 126: pre-render 0.014 ms, prepare 1.322 ms, primary repair 50.417 ms, shadow repair 56.899 ms, producer wait 45.655 ms; observer=2623467.00/1100528.80/3416.19, moved=5.00 m, roam=1, replaced=0, image=1600x900, LOD=1.500, shadows=1, minimap=1
Frame work 126: BVH built/hit/evicted=1/4/0, catalogue/instance/scene builds=1/6/1, cached/scene tiles=119/0, scene 0.0 MiB, selection/detail passes=6/7, fallback ray attempts=7176, GPU build/selection/detail=1.749/2.199/27.698 ms, CPU grouping=12.269 ms; atlas installed/evicted=86/86, I/O=38.853 MiB, resident=27/27
Camera preparation: wall 0.165 ms, GPU LOD 0.004 ms, plans/footprints=8/1
Slow stage: worker iteration wall 154.426 ms (inclusive)
LOD plan: sources=1591, changed finer/coarser=0/0, selected LOD-1=26
Minimap mask: 276x236, 1440000 rays, worker 36.547 ms, GPU 6.384 ms
Minimap publish: request-to-image 36.576 ms
Slow stage: terrain frame wall 111.134 ms (inclusive)
Frame 130: wall 111.143 ms, GPU producer 46.246 ms, 2 producer submission(s), streaming work excluded from GPU producer timing; t=10.560, BVH resident/budget 275.0/2048.0 MiB, builds/hits/evictions=119/46/0, scene builds=19
Frame phases 130: pre-render 0.015 ms, prepare 1.393 ms, primary repair 0.000 ms, shadow repair 62.412 ms, producer wait 47.264 ms; observer=2623472.43/1100537.18/3415.73, moved=9.99 m, roam=1, replaced=0, image=1600x900, LOD=1.500, shadows=1, minimap=1
Frame work 130: BVH built/hit/evicted=0/0/0, catalogue/instance/scene builds=1/1/1, cached/scene tiles=119/119, scene 0.1 MiB, selection/detail passes=0/1, fallback ray attempts=0, GPU build/selection/detail=0.475/0.000/0.000 ms, CPU grouping=0.000 ms; atlas installed/evicted=88/88, I/O=42.861 MiB, resident=27/27
Camera preparation: wall 0.178 ms, GPU LOD 0.004 ms, plans/footprints=9/1
Slow stage: worker iteration wall 111.203 ms (inclusive)
LOD plan: sources=1591, changed finer/coarser=0/0, selected LOD-1=26
Minimap mask: 276x236, 1440000 rays, worker 16.190 ms, GPU 4.428 ms
Minimap publish: request-to-image 16.216 ms
Slow stage: terrain frame wall 117.089 ms (inclusive)
Frame 132: wall 117.095 ms, GPU producer 48.816 ms, 2 producer submission(s), streaming work excluded from GPU producer timing; t=10.677, BVH resident/budget 275.0/2048.0 MiB, builds/hits/evictions=119/46/0, scene builds=20
Frame phases 132: pre-render 0.007 ms, prepare 1.318 ms, primary repair 0.000 ms, shadow repair 66.019 ms, producer wait 49.693 ms; observer=2623475.27/1100541.27/3415.25, moved=4.98 m, roam=1, replaced=0, image=1600x900, LOD=1.500, shadows=1, minimap=1
Frame work 132: BVH built/hit/evicted=0/0/0, catalogue/instance/scene builds=1/1/1, cached/scene tiles=119/119, scene 0.1 MiB, selection/detail passes=0/1, fallback ray attempts=0, GPU build/selection/detail=0.457/0.000/0.000 ms, CPU grouping=0.000 ms; atlas installed/evicted=90/90, I/O=44.897 MiB, resident=27/27
Camera preparation: wall 0.153 ms, GPU LOD 0.004 ms, plans/footprints=10/1
Slow stage: worker iteration wall 117.138 ms (inclusive)
LOD plan: sources=1591, changed finer/coarser=0/0, selected LOD-1=26
Minimap mask: 276x236, 1440000 rays, worker 34.355 ms, GPU 13.187 ms
Minimap publish: request-to-image 34.389 ms
Slow stage: terrain frame wall 120.770 ms (inclusive)
Frame 134: wall 120.780 ms, GPU producer 51.697 ms, 2 producer submission(s), streaming work excluded from GPU producer timing; t=10.798, BVH resident/budget 275.0/2048.0 MiB, builds/hits/evictions=119/46/0, scene builds=21
Frame phases 134: pre-render 0.014 ms, prepare 1.398 ms, primary repair 0.000 ms, shadow repair 66.680 ms, producer wait 52.624 ms; observer=2623478.19/1100545.28/3414.61, moved=4.96 m, roam=1, replaced=0, image=1600x900, LOD=1.500, shadows=1, minimap=1
Frame work 134: BVH built/hit/evicted=0/0/0, catalogue/instance/scene builds=1/1/1, cached/scene tiles=119/119, scene 0.1 MiB, selection/detail passes=0/1, fallback ray attempts=0, GPU build/selection/detail=0.456/0.000/0.000 ms, CPU grouping=0.000 ms; atlas installed/evicted=90/90, I/O=44.873 MiB, resident=27/27
Camera preparation: wall 0.158 ms, GPU LOD 0.004 ms, plans/footprints=11/1
Slow stage: worker iteration wall 120.827 ms (inclusive)
LOD plan: sources=1591, changed finer/coarser=0/0, selected LOD-1=26
Minimap mask: 276x236, 1440000 rays, worker 26.155 ms, GPU 4.495 ms
Minimap publish: request-to-image 26.187 ms
Slow stage: terrain frame wall 124.816 ms (inclusive)
Frame 136: wall 124.824 ms, GPU producer 55.961 ms, 2 producer submission(s), streaming work excluded from GPU producer timing; t=10.923, BVH resident/budget 275.0/2048.0 MiB, builds/hits/evictions=119/46/0, scene builds=22
Frame phases 136: pre-render 0.015 ms, prepare 1.354 ms, primary repair 0.000 ms, shadow repair 66.532 ms, producer wait 56.863 ms; observer=2623481.20/1100549.21/3413.79, moved=4.95 m, roam=1, replaced=0, image=1600x900, LOD=1.500, shadows=1, minimap=1
Frame work 136: BVH built/hit/evicted=0/0/0, catalogue/instance/scene builds=1/1/1, cached/scene tiles=119/119, scene 0.1 MiB, selection/detail passes=0/1, fallback ray attempts=0, GPU build/selection/detail=0.436/0.000/0.000 ms, CPU grouping=0.000 ms; atlas installed/evicted=90/90, I/O=44.873 MiB, resident=27/27
Camera preparation: wall 0.183 ms, GPU LOD 0.004 ms, plans/footprints=12/1
Slow stage: worker iteration wall 124.906 ms (inclusive)
LOD plan: sources=1591, changed finer/coarser=0/0, selected LOD-1=26
Minimap mask: 276x236, 1440000 rays, worker 54.811 ms, GPU 6.790 ms
Minimap publish: request-to-image 54.838 ms
Slow stage: terrain frame wall 126.986 ms (inclusive)
Frame 140: wall 126.996 ms, GPU producer 57.785 ms, 2 producer submission(s), streaming work excluded from GPU producer timing; t=11.050, BVH resident/budget 275.0/2048.0 MiB, builds/hits/evictions=119/46/0, scene builds=23
Frame phases 140: pre-render 0.016 ms, prepare 1.350 ms, primary repair 0.000 ms, shadow repair 66.887 ms, producer wait 58.682 ms; observer=2623487.36/1100556.78/3411.67, moved=9.76 m, roam=1, replaced=0, image=1600x900, LOD=1.500, shadows=1, minimap=1
Frame work 140: BVH built/hit/evicted=0/0/0, catalogue/instance/scene builds=1/1/1, cached/scene tiles=119/119, scene 0.1 MiB, selection/detail passes=0/1, fallback ray attempts=0, GPU build/selection/detail=0.455/0.000/0.000 ms, CPU grouping=0.000 ms; atlas installed/evicted=88/88, I/O=42.861 MiB, resident=27/27
Camera preparation: wall 0.176 ms, GPU LOD 0.004 ms, plans/footprints=13/1
Slow stage: worker iteration wall 127.036 ms (inclusive)
LOD plan: sources=1591, changed finer/coarser=0/0, selected LOD-1=26
Health t=11.100: memory ok footprint/resident 818.4/492.1 MiB, Metal allocated/recommended 671.8/18186.2 MiB, thermal=0
Health t=11.100: worker stage=render age=49.9 ms, calls=170 revision=140, submitted/completed/presented=0/0/0, stale=0 unavailable=0 refreshed=0
Health t=11.100: display stage=idle age=7.8 ms, calls=309 revision=140, submitted/completed/presented=309/307/307, stale=0 unavailable=0 refreshed=0
Health t=11.100: minimap stage=mask-gpu age=39.6 ms, calls=60 revision=0, submitted/completed/presented=60/59/59, stale=0 unavailable=0 refreshed=78
Health t=11.100: terrain stage=producer wait age=48.4 ms
Minimap mask: 276x236, 1440000 rays, worker 48.023 ms, GPU 5.808 ms
Minimap publish: request-to-image 48.052 ms
Slow stage: terrain frame wall 175.727 ms (inclusive)
Frame 142: wall 176.107 ms, GPU producer 56.861 ms, 2 producer submission(s), streaming work excluded from GPU producer timing; t=11.226, BVH resident/budget 275.7/2048.0 MiB, builds/hits/evictions=120/47/0, scene builds=24
Frame phases 142: pre-render 0.382 ms, prepare 1.532 ms, primary repair 50.828 ms, shadow repair 65.559 ms, producer wait 57.739 ms; observer=2623490.52/1100560.43/3410.36, moved=4.83 m, roam=1, replaced=0, image=1600x900, LOD=1.500, shadows=1, minimap=1
Frame work 142: BVH built/hit/evicted=1/1/0, catalogue/instance/scene builds=1/3/1, cached/scene tiles=120/0, scene 0.0 MiB, selection/detail passes=3/4, fallback ray attempts=208, GPU build/selection/detail=1.035/1.273/35.170 ms, CPU grouping=6.640 ms; atlas installed/evicted=90/90, I/O=44.999 MiB, resident=27/27
Camera preparation: wall 0.154 ms, GPU LOD 0.004 ms, plans/footprints=14/1
Slow stage: worker iteration wall 176.186 ms (inclusive)
LOD plan: sources=1591, changed finer/coarser=0/0, selected LOD-1=26
Minimap mask: 276x236, 1440000 rays, worker 31.335 ms, GPU 3.802 ms
Minimap publish: request-to-image 31.366 ms
Slow stage: terrain frame wall 135.139 ms (inclusive)
Frame 145: wall 135.147 ms, GPU producer 63.433 ms, 2 producer submission(s), streaming work excluded from GPU producer timing; t=11.361, BVH resident/budget 275.7/2048.0 MiB, builds/hits/evictions=120/47/0, scene builds=25
Frame phases 145: pre-render 0.009 ms, prepare 1.464 ms, primary repair 0.000 ms, shadow repair 68.325 ms, producer wait 65.285 ms; observer=2623496.92/1100567.53/3407.42, moved=9.56 m, roam=1, replaced=0, image=1600x900, LOD=1.500, shadows=1, minimap=1
Frame work 145: BVH built/hit/evicted=0/0/0, catalogue/instance/scene builds=1/1/1, cached/scene tiles=120/120, scene 0.1 MiB, selection/detail passes=0/1, fallback ray attempts=0, GPU build/selection/detail=0.408/0.000/0.000 ms, CPU grouping=0.000 ms; atlas installed/evicted=92/92, I/O=43.905 MiB, resident=27/27
Camera preparation: wall 0.170 ms, GPU LOD 0.004 ms, plans/footprints=15/1
Slow stage: worker iteration wall 135.194 ms (inclusive)
LOD plan: sources=1591, changed finer/coarser=0/0, selected LOD-1=26
Minimap mask: 276x236, 1440000 rays, worker 31.150 ms, GPU 4.580 ms
Minimap publish: request-to-image 31.178 ms
Slow stage: terrain frame wall 128.464 ms (inclusive)
Frame 146: wall 128.477 ms, GPU producer 62.522 ms, 2 producer submission(s), streaming work excluded from GPU producer timing; t=11.490, BVH resident/budget 275.7/2048.0 MiB, builds/hits/evictions=120/47/0, scene builds=26
Frame phases 146: pre-render 0.019 ms, prepare 1.290 ms, primary repair 0.000 ms, shadow repair 63.637 ms, producer wait 63.415 ms; observer=2623500.12/1100571.09/3405.95, moved=4.78 m, roam=1, replaced=0, image=1600x900, LOD=1.500, shadows=1, minimap=1
Frame work 146: BVH built/hit/evicted=0/0/0, catalogue/instance/scene builds=1/1/1, cached/scene tiles=120/120, scene 0.1 MiB, selection/detail passes=0/1, fallback ray attempts=0, GPU build/selection/detail=0.421/0.000/0.000 ms, CPU grouping=0.000 ms; atlas installed/evicted=92/92, I/O=43.905 MiB, resident=27/27
Camera preparation: wall 0.158 ms, GPU LOD 0.004 ms, plans/footprints=16/1
Slow stage: worker iteration wall 128.529 ms (inclusive)
LOD plan: sources=1591, changed finer/coarser=0/0, selected LOD-1=26
Minimap mask: 276x236, 1440000 rays, worker 59.812 ms, GPU 7.761 ms
Minimap publish: request-to-image 59.842 ms
Slow stage: terrain frame wall 126.607 ms (inclusive)
Frame 147: wall 126.620 ms, GPU producer 62.238 ms, 2 producer submission(s), streaming work excluded from GPU producer timing; t=11.616, BVH resident/budget 275.7/2048.0 MiB, builds/hits/evictions=120/47/0, scene builds=27
Frame phases 147: pre-render 0.020 ms, prepare 1.480 ms, primary repair 0.000 ms, shadow repair 61.937 ms, producer wait 63.121 ms; observer=2623503.30/1100574.62/3404.49, moved=4.75 m, roam=1, replaced=0, image=1600x900, LOD=1.500, shadows=1, minimap=1
Frame work 147: BVH built/hit/evicted=0/0/0, catalogue/instance/scene builds=1/1/1, cached/scene tiles=120/120, scene 0.1 MiB, selection/detail passes=0/1, fallback ray attempts=0, GPU build/selection/detail=0.450/0.000/0.000 ms, CPU grouping=0.000 ms; atlas installed/evicted=92/92, I/O=43.905 MiB, resident=27/27
Camera preparation: wall 0.186 ms, GPU LOD 0.004 ms, plans/footprints=17/1
Slow stage: worker iteration wall 126.680 ms (inclusive)
LOD plan: sources=1591, changed finer/coarser=0/0, selected LOD-1=26
Minimap mask: 276x236, 1440000 rays, worker 51.438 ms, GPU 6.977 ms
Minimap publish: request-to-image 51.463 ms
Slow stage: terrain frame wall 126.154 ms (inclusive)
Frame 149: wall 126.159 ms, GPU producer 61.261 ms, 2 producer submission(s), streaming work excluded from GPU producer timing; t=11.742, BVH resident/budget 275.7/2048.0 MiB, builds/hits/evictions=120/47/0, scene builds=28
Frame phases 149: pre-render 0.007 ms, prepare 1.397 ms, primary repair 0.000 ms, shadow repair 62.599 ms, producer wait 62.097 ms; observer=2623509.71/1100581.75/3401.54, moved=9.59 m, roam=1, replaced=0, image=1600x900, LOD=1.500, shadows=1, minimap=1
Frame work 149: BVH built/hit/evicted=0/0/0, catalogue/instance/scene builds=1/1/1, cached/scene tiles=120/120, scene 0.1 MiB, selection/detail passes=0/1, fallback ray attempts=0, GPU build/selection/detail=0.466/0.000/0.000 ms, CPU grouping=0.000 ms; atlas installed/evicted=91/91, I/O=43.873 MiB, resident=27/27
Camera preparation: wall 0.191 ms, GPU LOD 0.009 ms, plans/footprints=18/1
Slow stage: worker iteration wall 126.205 ms (inclusive)
LOD plan: sources=1591, changed finer/coarser=0/0, selected LOD-1=26
Minimap mask: 276x236, 1440000 rays, worker 43.784 ms, GPU 7.032 ms
Minimap publish: request-to-image 43.814 ms
Slow stage: terrain frame wall 130.328 ms (inclusive)
Frame 150: wall 130.338 ms, GPU producer 60.004 ms, 2 producer submission(s), streaming work excluded from GPU producer timing; t=11.873, BVH resident/budget 275.7/2048.0 MiB, builds/hits/evictions=120/47/0, scene builds=29
Frame phases 150: pre-render 0.014 ms, prepare 1.376 ms, primary repair 0.000 ms, shadow repair 67.992 ms, producer wait 60.898 ms; observer=2623512.91/1100585.30/3400.06, moved=4.78 m, roam=1, replaced=0, image=1600x900, LOD=1.500, shadows=1, minimap=1
Frame work 150: BVH built/hit/evicted=0/0/0, catalogue/instance/scene builds=1/1/1, cached/scene tiles=120/120, scene 0.1 MiB, selection/detail passes=0/1, fallback ray attempts=0, GPU build/selection/detail=0.470/0.000/0.000 ms, CPU grouping=0.000 ms; atlas installed/evicted=90/90, I/O=43.865 MiB, resident=27/27
Camera preparation: wall 0.187 ms, GPU LOD 0.004 ms, plans/footprints=19/1
Slow stage: worker iteration wall 130.395 ms (inclusive)
LOD plan: sources=1591, changed finer/coarser=0/0, selected LOD-1=26
Minimap mask: 276x236, 1440000 rays, worker 41.239 ms, GPU 5.564 ms
Minimap publish: request-to-image 43.330 ms
Slow stage: terrain frame wall 136.371 ms (inclusive)
Frame 151: wall 136.376 ms, GPU producer 60.473 ms, 2 producer submission(s), streaming work excluded from GPU producer timing; t=12.009, BVH resident/budget 275.7/2048.0 MiB, builds/hits/evictions=120/47/0, scene builds=30
Frame phases 151: pre-render 0.007 ms, prepare 1.401 ms, primary repair 0.000 ms, shadow repair 73.559 ms, producer wait 61.336 ms; observer=2623516.11/1100588.85/3398.59, moved=4.78 m, roam=1, replaced=0, image=1600x900, LOD=1.500, shadows=1, minimap=1
Frame work 151: BVH built/hit/evicted=0/0/0, catalogue/instance/scene builds=1/1/1, cached/scene tiles=120/120, scene 0.1 MiB, selection/detail passes=0/1, fallback ray attempts=0, GPU build/selection/detail=0.459/0.000/0.000 ms, CPU grouping=0.000 ms; atlas installed/evicted=90/90, I/O=43.865 MiB, resident=27/27
Camera preparation: wall 0.174 ms, GPU LOD 0.004 ms, plans/footprints=20/1
Slow stage: worker iteration wall 136.416 ms (inclusive)
LOD plan: sources=1591, changed finer/coarser=0/0, selected LOD-1=26
Minimap mask: 276x236, 1440000 rays, worker 44.301 ms, GPU 7.132 ms
Minimap publish: request-to-image 44.331 ms
Health t=12.104: memory ok footprint/resident 844.2/509.6 MiB, Metal allocated/recommended 675.9/18186.2 MiB, thermal=0
Health t=12.104: worker stage=render age=94.5 ms, calls=177 revision=151, submitted/completed/presented=0/0/0, stale=0 unavailable=0 refreshed=0
Health t=12.104: display stage=idle age=12.2 ms, calls=339 revision=151, submitted/completed/presented=339/339/339, stale=0 unavailable=0 refreshed=0
Health t=12.104: minimap stage=idle age=33.1 ms, calls=67 revision=0, submitted/completed/presented=67/67/67, stale=0 unavailable=0 refreshed=92
Health t=12.104: terrain stage=shadow repair age=33.2 ms
Slow stage: terrain frame wall 124.448 ms (inclusive)
Frame 152: wall 124.457 ms, GPU producer 59.743 ms, 2 producer submission(s), streaming work excluded from GPU producer timing; t=12.134, BVH resident/budget 275.7/2048.0 MiB, builds/hits/evictions=120/47/0, scene builds=31
Frame phases 152: pre-render 0.010 ms, prepare 2.018 ms, primary repair 0.000 ms, shadow repair 61.692 ms, producer wait 60.672 ms; observer=2623519.31/1100592.40/3397.12, moved=4.78 m, roam=1, replaced=0, image=1600x900, LOD=1.500, shadows=1, minimap=1
Frame work 152: BVH built/hit/evicted=0/0/0, catalogue/instance/scene builds=1/1/1, cached/scene tiles=120/120, scene 0.1 MiB, selection/detail passes=0/1, fallback ray attempts=0, GPU build/selection/detail=0.953/0.000/0.000 ms, CPU grouping=0.000 ms; atlas installed/evicted=90/90, I/O=43.865 MiB, resident=27/27
Camera preparation: wall 0.169 ms, GPU LOD 0.004 ms, plans/footprints=21/1
Slow stage: worker iteration wall 124.493 ms (inclusive)
Minimap mask: 276x236, 1440000 rays, worker 1.584 ms, GPU 1.136 ms
Minimap publish: request-to-image 1.819 ms
Health t=13.109: memory ok footprint/resident 828.9/505.7 MiB, Metal allocated/recommended 664.9/18186.2 MiB, thermal=0
Health t=13.109: worker stage=idle age=975.1 ms, calls=177 revision=152, submitted/completed/presented=0/0/0, stale=0 unavailable=0 refreshed=0
Health t=13.109: display stage=idle age=16.5 ms, calls=369 revision=152, submitted/completed/presented=369/369/369, stale=0 unavailable=0 refreshed=0
Health t=13.109: minimap stage=idle age=947.6 ms, calls=68 revision=0, submitted/completed/presented=68/68/68, stale=0 unavailable=0 refreshed=93
Health t=13.109: terrain stage=idle age=13108.9 ms
Health t=14.113: memory ok footprint/resident 816.8/505.7 MiB, Metal allocated/recommended 659.4/18186.2 MiB, thermal=0
Health t=14.113: worker stage=idle age=1978.8 ms, calls=177 revision=152, submitted/completed/presented=0/0/0, stale=0 unavailable=0 refreshed=0
Health t=14.113: display stage=idle age=20.2 ms, calls=399 revision=152, submitted/completed/presented=399/399/399, stale=0 unavailable=0 refreshed=0
Health t=14.113: minimap stage=idle age=1951.3 ms, calls=68 revision=0, submitted/completed/presented=68/68/68, stale=0 unavailable=0 refreshed=93
Health t=14.113: terrain stage=idle age=14112.6 ms
Slow stage: terrain frame wall 177.885 ms (inclusive)
Frame 153: wall 177.887 ms, GPU producer 93.622 ms, 2 producer submission(s), streaming work excluded from GPU producer timing; t=14.679, BVH resident/budget 275.7/2048.0 MiB, builds/hits/evictions=120/47/0, scene builds=31
Frame phases 153: pre-render 0.004 ms, prepare 0.114 ms, primary repair 0.000 ms, shadow repair 83.181 ms, producer wait 94.461 ms; observer=2623519.31/1100592.40/3397.12, moved=0.00 m, roam=0, replaced=0, image=1600x900, LOD=1.500, shadows=1, minimap=1
Frame work 153: BVH built/hit/evicted=0/0/0, catalogue/instance/scene builds=0/0/0, cached/scene tiles=120/120, scene 0.1 MiB, selection/detail passes=0/1, fallback ray attempts=0, GPU build/selection/detail=0.000/0.000/0.000 ms, CPU grouping=0.000 ms; atlas installed/evicted=90/90, I/O=43.865 MiB, resident=27/27
Camera preparation: wall 0.001 ms, GPU LOD 0.000 ms, plans/footprints=21/1
Slow stage: worker iteration wall 177.923 ms (inclusive)
LOD plan: sources=1591, changed finer/coarser=0/0, selected LOD-1=26
Minimap mask: 276x236, 1440000 rays, worker 34.548 ms, GPU 6.323 ms
Minimap publish: request-to-image 34.721 ms
Slow stage: terrain frame wall 145.563 ms (inclusive)
Frame 156: wall 145.570 ms, GPU producer 64.100 ms, 2 producer submission(s), streaming work excluded from GPU producer timing; t=14.825, BVH resident/budget 275.7/2048.0 MiB, builds/hits/evictions=120/47/0, scene builds=32
Frame phases 156: pre-render 0.010 ms, prepare 1.317 ms, primary repair 0.000 ms, shadow repair 79.164 ms, producer wait 65.018 ms; observer=2623525.79/1100599.40/3393.77, moved=9.54 m, roam=1, replaced=0, image=1600x900, LOD=1.500, shadows=1, minimap=1
Frame work 156: BVH built/hit/evicted=0/0/0, catalogue/instance/scene builds=1/1/1, cached/scene tiles=120/120, scene 0.1 MiB, selection/detail passes=0/1, fallback ray attempts=0, GPU build/selection/detail=0.404/0.000/0.000 ms, CPU grouping=0.000 ms; atlas installed/evicted=90/90, I/O=43.865 MiB, resident=27/27
Camera preparation: wall 0.155 ms, GPU LOD 0.004 ms, plans/footprints=22/1
Slow stage: worker iteration wall 145.632 ms (inclusive)
LOD plan: sources=1591, changed finer/coarser=0/0, selected LOD-1=26
Minimap mask: 276x236, 1440000 rays, worker 43.738 ms, GPU 6.581 ms
Minimap publish: request-to-image 43.768 ms
Slow stage: terrain frame wall 138.580 ms (inclusive)
Frame 160: wall 138.593 ms, GPU producer 61.610 ms, 2 producer submission(s), streaming work excluded from GPU producer timing; t=14.963, BVH resident/budget 275.7/2048.0 MiB, builds/hits/evictions=120/47/0, scene builds=33
Frame phases 160: pre-render 0.019 ms, prepare 1.434 ms, primary repair 0.000 ms, shadow repair 74.541 ms, producer wait 62.529 ms; observer=2623532.17/1100606.12/3390.33, moved=9.26 m, roam=1, replaced=0, image=1600x900, LOD=1.500, shadows=1, minimap=1
Frame work 160: BVH built/hit/evicted=0/0/0, catalogue/instance/scene builds=1/1/1, cached/scene tiles=120/120, scene 0.1 MiB, selection/detail passes=0/1, fallback ray attempts=0, GPU build/selection/detail=0.444/0.000/0.000 ms, CPU grouping=0.000 ms; atlas installed/evicted=91/91, I/O=43.991 MiB, resident=27/27
Camera preparation: wall 0.184 ms, GPU LOD 0.004 ms, plans/footprints=23/1
Slow stage: worker iteration wall 138.676 ms (inclusive)
LOD plan: sources=1591, changed finer/coarser=0/1, selected LOD-1=26
Minimap mask: 276x236, 1440000 rays, worker 50.502 ms, GPU 5.932 ms
Minimap publish: request-to-image 51.944 ms
Slow stage: terrain frame wall 138.282 ms (inclusive)
Frame 162: wall 138.287 ms, GPU producer 62.843 ms, 2 producer submission(s), streaming work excluded from GPU producer timing; t=15.102, BVH resident/budget 275.7/2048.0 MiB, builds/hits/evictions=120/47/0, scene builds=34
Frame phases 162: pre-render 0.006 ms, prepare 1.477 ms, primary repair 0.000 ms, shadow repair 72.998 ms, producer wait 63.728 ms; observer=2623535.39/1100609.48/3388.59, moved=4.65 m, roam=1, replaced=0, image=1600x900, LOD=1.500, shadows=1, minimap=1
Frame work 162: BVH built/hit/evicted=0/0/0, catalogue/instance/scene builds=1/1/1, cached/scene tiles=120/119, scene 0.1 MiB, selection/detail passes=0/1, fallback ray attempts=0, GPU build/selection/detail=0.465/0.000/0.000 ms, CPU grouping=0.000 ms; atlas installed/evicted=90/90, I/O=43.865 MiB, resident=27/27
Camera preparation: wall 0.188 ms, GPU LOD 0.004 ms, plans/footprints=24/1
Slow stage: worker iteration wall 138.339 ms (inclusive)
LOD plan: sources=1591, changed finer/coarser=0/0, selected LOD-1=26
Health t=15.115: memory ok footprint/resident 853.7/519.3 MiB, Metal allocated/recommended 670.4/18186.2 MiB, thermal=0
Health t=15.115: worker stage=render age=13.7 ms, calls=184 revision=162, submitted/completed/presented=0/0/0, stale=0 unavailable=0 refreshed=0
Health t=15.115: display stage=idle age=5.1 ms, calls=429 revision=162, submitted/completed/presented=429/428/428, stale=0 unavailable=0 refreshed=0
Health t=15.115: minimap stage=mask-gpu age=5.2 ms, calls=72 revision=0, submitted/completed/presented=72/71/71, stale=0 unavailable=0 refreshed=102
Health t=15.115: terrain stage=producer wait age=12.3 ms
Minimap mask: 276x236, 1440000 rays, worker 56.807 ms, GPU 8.529 ms
Minimap publish: request-to-image 56.832 ms
Slow stage: terrain frame wall 140.787 ms (inclusive)
Frame 166: wall 140.792 ms, GPU producer 64.005 ms, 2 producer submission(s), streaming work excluded from GPU producer timing; t=15.242, BVH resident/budget 275.7/2048.0 MiB, builds/hits/evictions=120/47/0, scene builds=35
Frame phases 166: pre-render 0.006 ms, prepare 1.407 ms, primary repair 0.000 ms, shadow repair 74.414 ms, producer wait 64.898 ms; observer=2623541.89/1100616.26/3385.08, moved=9.40 m, roam=1, replaced=0, image=1600x900, LOD=1.500, shadows=1, minimap=1
Frame work 166: BVH built/hit/evicted=0/0/0, catalogue/instance/scene builds=1/1/1, cached/scene tiles=120/119, scene 0.1 MiB, selection/detail passes=0/1, fallback ray attempts=0, GPU build/selection/detail=0.459/0.000/0.000 ms, CPU grouping=0.000 ms; atlas installed/evicted=89/89, I/O=41.861 MiB, resident=27/27
Camera preparation: wall 0.163 ms, GPU LOD 0.004 ms, plans/footprints=25/1
Slow stage: worker iteration wall 140.843 ms (inclusive)
LOD plan: sources=1591, changed finer/coarser=0/0, selected LOD-1=26
Minimap mask: 276x236, 1440000 rays, worker 30.675 ms, GPU 2.658 ms
Minimap publish: request-to-image 30.707 ms
Slow stage: terrain frame wall 135.611 ms (inclusive)
Frame 168: wall 135.619 ms, GPU producer 63.835 ms, 2 producer submission(s), streaming work excluded from GPU producer timing; t=15.378, BVH resident/budget 275.7/2048.0 MiB, builds/hits/evictions=120/47/0, scene builds=36
Frame phases 168: pre-render 0.013 ms, prepare 1.385 ms, primary repair 0.000 ms, shadow repair 69.425 ms, producer wait 64.736 ms; observer=2623545.13/1100619.64/3383.33, moved=4.68 m, roam=1, replaced=0, image=1600x900, LOD=1.500, shadows=1, minimap=1
Frame work 168: BVH built/hit/evicted=0/0/0, catalogue/instance/scene builds=1/1/1, cached/scene tiles=120/119, scene 0.1 MiB, selection/detail passes=0/1, fallback ray attempts=0, GPU build/selection/detail=0.464/0.000/0.000 ms, CPU grouping=0.000 ms; atlas installed/evicted=90/90, I/O=41.893 MiB, resident=27/27
Camera preparation: wall 0.157 ms, GPU LOD 0.004 ms, plans/footprints=26/1
Slow stage: worker iteration wall 135.686 ms (inclusive)
LOD plan: sources=1591, changed finer/coarser=0/0, selected LOD-1=26
Minimap mask: 276x236, 1440000 rays, worker 32.963 ms, GPU 4.548 ms
Minimap publish: request-to-image 32.993 ms
Slow stage: terrain frame wall 141.730 ms (inclusive)
Frame 170: wall 141.742 ms, GPU producer 63.534 ms, 2 producer submission(s), streaming work excluded from GPU producer timing; t=15.520, BVH resident/budget 275.7/2048.0 MiB, builds/hits/evictions=120/47/0, scene builds=37
Frame phases 170: pre-render 0.019 ms, prepare 1.560 ms, primary repair 0.000 ms, shadow repair 75.570 ms, producer wait 64.534 ms; observer=2623548.35/1100623.00/3381.59, moved=4.65 m, roam=1, replaced=0, image=1600x900, LOD=1.500, shadows=1, minimap=1
Frame work 170: BVH built/hit/evicted=0/0/0, catalogue/instance/scene builds=1/1/1, cached/scene tiles=120/119, scene 0.1 MiB, selection/detail passes=0/1, fallback ray attempts=0, GPU build/selection/detail=0.465/0.000/0.000 ms, CPU grouping=0.000 ms; atlas installed/evicted=90/90, I/O=41.869 MiB, resident=27/27
Camera preparation: wall 0.196 ms, GPU LOD 0.004 ms, plans/footprints=27/1
Slow stage: worker iteration wall 141.797 ms (inclusive)
LOD plan: sources=1591, changed finer/coarser=0/1, selected LOD-1=26
Minimap mask: 276x236, 1440000 rays, worker 40.896 ms, GPU 7.291 ms
Minimap publish: request-to-image 40.937 ms
Slow stage: terrain frame wall 143.334 ms (inclusive)
Frame 174: wall 143.345 ms, GPU producer 63.357 ms, 2 producer submission(s), streaming work excluded from GPU producer timing; t=15.663, BVH resident/budget 275.7/2048.0 MiB, builds/hits/evictions=120/47/0, scene builds=38
Frame phases 174: pre-render 0.018 ms, prepare 1.370 ms, primary repair 0.000 ms, shadow repair 77.581 ms, producer wait 64.314 ms; observer=2623554.88/1100629.80/3378.14, moved=9.42 m, roam=1, replaced=0, image=1600x900, LOD=1.500, shadows=1, minimap=1
Frame work 174: BVH built/hit/evicted=0/0/0, catalogue/instance/scene builds=1/1/1, cached/scene tiles=120/119, scene 0.1 MiB, selection/detail passes=0/1, fallback ray attempts=0, GPU build/selection/detail=0.443/0.000/0.000 ms, CPU grouping=0.000 ms; atlas installed/evicted=90/90, I/O=41.987 MiB, resident=27/27
Camera preparation: wall 0.178 ms, GPU LOD 0.004 ms, plans/footprints=28/1
Slow stage: worker iteration wall 143.399 ms (inclusive)
LOD plan: sources=1591, changed finer/coarser=0/0, selected LOD-1=26
Minimap mask: 276x236, 1440000 rays, worker 52.507 ms, GPU 7.306 ms
Minimap publish: request-to-image 52.540 ms
Slow stage: terrain frame wall 143.188 ms (inclusive)
Frame 176: wall 143.196 ms, GPU producer 64.315 ms, 2 producer submission(s), streaming work excluded from GPU producer timing; t=15.807, BVH resident/budget 275.7/2048.0 MiB, builds/hits/evictions=120/47/0, scene builds=39
Frame phases 176: pre-render 0.013 ms, prepare 1.455 ms, primary repair 0.000 ms, shadow repair 76.321 ms, producer wait 65.341 ms; observer=2623558.12/1100633.18/3376.47, moved=4.68 m, roam=1, replaced=0, image=1600x900, LOD=1.500, shadows=1, minimap=1
Frame work 176: BVH built/hit/evicted=0/0/0, catalogue/instance/scene builds=1/1/1, cached/scene tiles=120/119, scene 0.1 MiB, selection/detail passes=0/1, fallback ray attempts=0, GPU build/selection/detail=0.457/0.000/0.000 ms, CPU grouping=0.000 ms; atlas installed/evicted=89/89, I/O=41.861 MiB, resident=27/27
Camera preparation: wall 0.193 ms, GPU LOD 0.004 ms, plans/footprints=29/1
Slow stage: worker iteration wall 143.271 ms (inclusive)
LOD plan: sources=1591, changed finer/coarser=0/1, selected LOD-1=26
Minimap mask: 276x236, 1440000 rays, worker 59.920 ms, GPU 6.589 ms
Minimap publish: request-to-image 59.949 ms
Slow stage: terrain frame wall 140.854 ms (inclusive)
Frame 180: wall 140.870 ms, GPU producer 61.941 ms, 2 producer submission(s), streaming work excluded from GPU producer timing; t=15.948, BVH resident/budget 275.7/2048.0 MiB, builds/hits/evictions=120/47/0, scene builds=40
Frame phases 180: pre-render 0.022 ms, prepare 1.465 ms, primary repair 0.000 ms, shadow repair 76.477 ms, producer wait 62.829 ms; observer=2623564.69/1100640.03/3373.23, moved=9.49 m, roam=1, replaced=0, image=1600x900, LOD=1.500, shadows=1, minimap=1
Frame work 180: BVH built/hit/evicted=0/0/0, catalogue/instance/scene builds=1/1/1, cached/scene tiles=120/119, scene 0.1 MiB, selection/detail passes=0/1, fallback ray attempts=0, GPU build/selection/detail=0.449/0.000/0.000 ms, CPU grouping=0.000 ms; atlas installed/evicted=91/91, I/O=41.995 MiB, resident=27/27
Camera preparation: wall 0.186 ms, GPU LOD 0.004 ms, plans/footprints=30/1
Slow stage: worker iteration wall 140.919 ms (inclusive)
LOD plan: sources=1591, changed finer/coarser=0/0, selected LOD-1=26
Minimap mask: 276x236, 1440000 rays, worker 31.622 ms, GPU 5.655 ms
Minimap publish: request-to-image 31.649 ms
Slow stage: terrain frame wall 133.944 ms (inclusive)
Frame 182: wall 133.950 ms, GPU producer 59.518 ms, 2 producer submission(s), streaming work excluded from GPU producer timing; t=16.082, BVH resident/budget 275.7/2048.0 MiB, builds/hits/evictions=120/47/0, scene builds=41
Frame phases 182: pre-render 0.007 ms, prepare 1.314 ms, primary repair 0.000 ms, shadow repair 72.243 ms, producer wait 60.327 ms; observer=2623568.00/1100643.47/3371.75, moved=4.78 m, roam=1, replaced=0, image=1600x900, LOD=1.500, shadows=1, minimap=1
Frame work 182: BVH built/hit/evicted=0/0/0, catalogue/instance/scene builds=1/1/1, cached/scene tiles=120/119, scene 0.1 MiB, selection/detail passes=0/1, fallback ray attempts=0, GPU build/selection/detail=0.448/0.000/0.000 ms, CPU grouping=0.000 ms; atlas installed/evicted=89/89, I/O=41.861 MiB, resident=27/27
Camera preparation: wall 0.155 ms, GPU LOD 0.004 ms, plans/footprints=31/1
Slow stage: worker iteration wall 133.996 ms (inclusive)
LOD plan: sources=1591, changed finer/coarser=1/0, selected LOD-1=26
Health t=16.120: memory ok footprint/resident 866.1/533.5 MiB, Metal allocated/recommended 674.5/18186.2 MiB, thermal=0
Health t=16.120: worker stage=render age=38.0 ms, calls=191 revision=182, submitted/completed/presented=0/0/0, stale=0 unavailable=0 refreshed=0
Health t=16.120: display stage=idle age=9.6 ms, calls=459 revision=182, submitted/completed/presented=459/458/458, stale=0 unavailable=0 refreshed=0
Health t=16.120: minimap stage=mask-gpu age=9.6 ms, calls=79 revision=0, submitted/completed/presented=79/78/78, stale=0 unavailable=0 refreshed=116
Health t=16.120: terrain stage=producer wait age=36.7 ms
Minimap mask: 276x236, 1440000 rays, worker 32.465 ms, GPU 7.749 ms
Minimap publish: request-to-image 32.503 ms
Slow stage: terrain frame wall 228.845 ms (inclusive)
Frame 184: wall 228.850 ms, GPU producer 59.482 ms, 2 producer submission(s), streaming work excluded from GPU producer timing; t=16.310, BVH resident/budget 275.8/2048.0 MiB, builds/hits/evictions=121/62/0, scene builds=42
Frame phases 184: pre-render 0.006 ms, prepare 1.330 ms, primary repair 96.822 ms, shadow repair 70.196 ms, producer wait 60.406 ms; observer=2623571.33/1100646.95/3370.41, moved=4.82 m, roam=1, replaced=0, image=1600x900, LOD=1.500, shadows=1, minimap=1
Frame work 184: BVH built/hit/evicted=1/15/0, catalogue/instance/scene builds=1/15/1, cached/scene tiles=121/0, scene 0.0 MiB, selection/detail passes=15/16, fallback ray attempts=1086, GPU build/selection/detail=1.422/7.507/34.119 ms, CPU grouping=33.600 ms; atlas installed/evicted=90/90, I/O=41.916 MiB, resident=27/27
Camera preparation: wall 0.161 ms, GPU LOD 0.004 ms, plans/footprints=32/1
Slow stage: worker iteration wall 228.892 ms (inclusive)
LOD plan: sources=1591, changed finer/coarser=1/1, selected LOD-1=26
Minimap mask: 276x236, 1440000 rays, worker 20.598 ms, GPU 3.803 ms
Minimap publish: request-to-image 20.627 ms
Slow stage: terrain frame wall 190.491 ms (inclusive)
Frame 190: wall 190.499 ms, GPU producer 52.293 ms, 2 producer submission(s), streaming work excluded from GPU producer timing; t=16.501, BVH resident/budget 279.0/2048.0 MiB, builds/hits/evictions=123/69/0, scene builds=43
Frame phases 190: pre-render 0.010 ms, prepare 1.303 ms, primary repair 64.846 ms, shadow repair 71.111 ms, producer wait 53.157 ms; observer=2623581.48/1100657.53/3367.29, moved=14.66 m, roam=1, replaced=0, image=1600x900, LOD=1.500, shadows=1, minimap=1
Frame work 190: BVH built/hit/evicted=2/7/0, catalogue/instance/scene builds=1/6/1, cached/scene tiles=123/0, scene 0.0 MiB, selection/detail passes=6/7, fallback ray attempts=20036, GPU build/selection/detail=2.491/2.249/30.672 ms, CPU grouping=13.670 ms; atlas installed/evicted=93/93, I/O=43.141 MiB, resident=27/27
Camera preparation: wall 0.163 ms, GPU LOD 0.004 ms, plans/footprints=33/1
Slow stage: worker iteration wall 190.549 ms (inclusive)
LOD plan: sources=1591, changed finer/coarser=0/0, selected LOD-1=26
Minimap mask: 276x236, 1440000 rays, worker 39.471 ms, GPU 8.911 ms
Minimap publish: request-to-image 39.507 ms
Slow stage: terrain frame wall 115.261 ms (inclusive)
Frame 194: wall 115.269 ms, GPU producer 47.328 ms, 2 producer submission(s), streaming work excluded from GPU producer timing; t=16.616, BVH resident/budget 279.0/2048.0 MiB, builds/hits/evictions=123/69/0, scene builds=44
Frame phases 194: pre-render 0.014 ms, prepare 1.430 ms, primary repair 0.000 ms, shadow repair 65.534 ms, producer wait 48.226 ms; observer=2623588.35/1100664.69/3365.98, moved=9.92 m, roam=1, replaced=0, image=1600x900, LOD=1.500, shadows=1, minimap=1
Frame work 194: BVH built/hit/evicted=0/0/0, catalogue/instance/scene builds=1/1/1, cached/scene tiles=123/120, scene 0.1 MiB, selection/detail passes=0/1, fallback ray attempts=0, GPU build/selection/detail=0.418/0.000/0.000 ms, CPU grouping=0.000 ms; atlas installed/evicted=92/92, I/O=42.521 MiB, resident=27/27
Camera preparation: wall 0.178 ms, GPU LOD 0.004 ms, plans/footprints=34/1
Slow stage: worker iteration wall 115.310 ms (inclusive)
LOD plan: sources=1591, changed finer/coarser=0/0, selected LOD-1=26
Minimap mask: 276x236, 1440000 rays, worker 19.644 ms, GPU 2.664 ms
Minimap publish: request-to-image 19.674 ms
Slow stage: terrain frame wall 115.530 ms (inclusive)
Frame 196: wall 115.541 ms, GPU producer 45.564 ms, 2 producer submission(s), streaming work excluded from GPU producer timing; t=16.732, BVH resident/budget 279.0/2048.0 MiB, builds/hits/evictions=123/69/0, scene builds=45
Frame phases 196: pre-render 0.015 ms, prepare 1.365 ms, primary repair 0.000 ms, shadow repair 67.610 ms, producer wait 46.492 ms; observer=2623591.79/1100668.28/3365.56, moved=4.98 m, roam=1, replaced=0, image=1600x900, LOD=1.500, shadows=1, minimap=1
Frame work 196: BVH built/hit/evicted=0/0/0, catalogue/instance/scene builds=1/1/1, cached/scene tiles=123/120, scene 0.1 MiB, selection/detail passes=0/1, fallback ray attempts=0, GPU build/selection/detail=0.449/0.000/0.000 ms, CPU grouping=0.000 ms; atlas installed/evicted=90/90, I/O=42.481 MiB, resident=27/27
Camera preparation: wall 0.200 ms, GPU LOD 0.004 ms, plans/footprints=35/1
Slow stage: worker iteration wall 115.606 ms (inclusive)
LOD plan: sources=1591, changed finer/coarser=0/0, selected LOD-1=26
Minimap mask: 276x236, 1440000 rays, worker 32.827 ms, GPU 5.605 ms
Minimap publish: request-to-image 32.862 ms
Slow stage: terrain frame wall 111.351 ms (inclusive)
Frame 198: wall 111.359 ms, GPU producer 43.126 ms, 2 producer submission(s), streaming work excluded from GPU producer timing; t=16.843, BVH resident/budget 279.0/2048.0 MiB, builds/hits/evictions=123/69/0, scene builds=46
Frame phases 198: pre-render 0.010 ms, prepare 1.487 ms, primary repair 0.000 ms, shadow repair 65.652 ms, producer wait 44.129 ms; observer=2623595.25/1100671.88/3365.30, moved=5.00 m, roam=1, replaced=0, image=1600x900, LOD=1.500, shadows=1, minimap=1
Frame work 198: BVH built/hit/evicted=0/0/0, catalogue/instance/scene builds=1/1/1, cached/scene tiles=123/120, scene 0.1 MiB, selection/detail passes=0/1, fallback ray attempts=0, GPU build/selection/detail=0.468/0.000/0.000 ms, CPU grouping=0.000 ms; atlas installed/evicted=91/91, I/O=42.513 MiB, resident=27/27
Camera preparation: wall 0.196 ms, GPU LOD 0.004 ms, plans/footprints=36/1
Slow stage: worker iteration wall 111.404 ms (inclusive)
LOD plan: sources=1591, changed finer/coarser=1/0, selected LOD-1=26
Minimap mask: 276x236, 1440000 rays, worker 10.138 ms, GPU 4.403 ms
Minimap publish: request-to-image 10.168 ms
Slow stage: terrain frame wall 164.532 ms (inclusive)
Frame 200: wall 164.538 ms, GPU producer 42.482 ms, 2 producer submission(s), streaming work excluded from GPU producer timing; t=17.008, BVH resident/budget 279.2/2048.0 MiB, builds/hits/evictions=124/76/0, scene builds=47
Frame phases 200: pre-render 0.009 ms, prepare 1.411 ms, primary repair 61.021 ms, shadow repair 58.665 ms, producer wait 43.357 ms; observer=2623598.72/1100675.49/3365.20, moved=5.00 m, roam=1, replaced=0, image=1600x900, LOD=1.500, shadows=1, minimap=1
Frame work 200: BVH built/hit/evicted=1/7/0, catalogue/instance/scene builds=1/8/1, cached/scene tiles=124/0, scene 0.0 MiB, selection/detail passes=8/9, fallback ray attempts=464, GPU build/selection/detail=1.044/3.653/27.136 ms, CPU grouping=17.081 ms; atlas installed/evicted=92/92, I/O=42.544 MiB, resident=27/27
Camera preparation: wall 0.169 ms, GPU LOD 0.004 ms, plans/footprints=37/1
Slow stage: worker iteration wall 164.600 ms (inclusive)
LOD plan: sources=1591, changed finer/coarser=1/1, selected LOD-1=25
Minimap mask: 276x236, 1440000 rays, worker 40.806 ms, GPU 0.878 ms
Minimap publish: request-to-image 43.367 ms
Slow stage: terrain frame wall 101.013 ms (inclusive)
Frame 204: wall 101.019 ms, GPU producer 41.225 ms, 2 producer submission(s), streaming work excluded from GPU producer timing; t=17.109, BVH resident/budget 279.2/2048.0 MiB, builds/hits/evictions=124/76/0, scene builds=48
Frame phases 204: pre-render 0.008 ms, prepare 1.576 ms, primary repair 0.000 ms, shadow repair 57.239 ms, producer wait 42.127 ms; observer=2623605.64/1100682.71/3365.45, moved=10.00 m, roam=1, replaced=0, image=1600x900, LOD=1.500, shadows=1, minimap=1
Frame work 204: BVH built/hit/evicted=0/0/0, catalogue/instance/scene builds=1/1/1, cached/scene tiles=124/119, scene 0.1 MiB, selection/detail passes=0/1, fallback ray attempts=0, GPU build/selection/detail=0.429/0.000/0.000 ms, CPU grouping=0.000 ms; atlas installed/evicted=90/90, I/O=38.537 MiB, resident=27/27
Camera preparation: wall 0.188 ms, GPU LOD 0.004 ms, plans/footprints=38/1
Slow stage: worker iteration wall 101.085 ms (inclusive)
LOD plan: sources=1591, changed finer/coarser=0/0, selected LOD-1=25
Health t=17.125: memory ok footprint/resident 870.1/535.5 MiB, Metal allocated/recommended 685.1/18186.2 MiB, thermal=0
Health t=17.125: worker stage=render age=15.6 ms, calls=198 revision=204, submitted/completed/presented=0/0/0, stale=0 unavailable=0 refreshed=0
Health t=17.125: display stage=idle age=15.8 ms, calls=489 revision=200, submitted/completed/presented=489/489/488, stale=0 unavailable=0 refreshed=0
Health t=17.125: minimap stage=idle age=74.2 ms, calls=85 revision=0, submitted/completed/presented=85/85/85, stale=0 unavailable=0 refreshed=130
Health t=17.125: terrain stage=producer wait age=14.2 ms
Minimap mask: 276x236, 1440000 rays, worker 7.885 ms, GPU 3.993 ms
Minimap publish: request-to-image 8.997 ms
Slow stage: terrain frame wall 100.103 ms (inclusive)
Frame 206: wall 100.114 ms, GPU producer 39.318 ms, 2 producer submission(s), streaming work excluded from GPU producer timing; t=17.209, BVH resident/budget 279.2/2048.0 MiB, builds/hits/evictions=124/76/0, scene builds=49
Frame phases 206: pre-render 0.018 ms, prepare 1.412 ms, primary repair 0.000 ms, shadow repair 56.791 ms, producer wait 41.827 ms; observer=2623609.09/1100686.31/3365.68, moved=4.99 m, roam=1, replaced=0, image=1600x900, LOD=1.500, shadows=1, minimap=1
Frame work 206: BVH built/hit/evicted=0/0/0, catalogue/instance/scene builds=1/1/1, cached/scene tiles=124/119, scene 0.1 MiB, selection/detail passes=0/1, fallback ray attempts=0, GPU build/selection/detail=0.406/0.000/0.000 ms, CPU grouping=0.000 ms; atlas installed/evicted=89/89, I/O=38.505 MiB, resident=27/27
Camera preparation: wall 0.158 ms, GPU LOD 0.005 ms, plans/footprints=39/1
Slow stage: worker iteration wall 100.171 ms (inclusive)
LOD plan: sources=1591, changed finer/coarser=1/0, selected LOD-1=25
Minimap mask: 276x236, 1440000 rays, worker 7.044 ms, GPU 4.060 ms
Minimap publish: request-to-image 8.506 ms
Slow stage: primary repair wall 108.829 ms (inclusive)
Slow stage: terrain frame wall 203.846 ms (inclusive)
Frame 208: wall 203.858 ms, GPU producer 39.709 ms, 2 producer submission(s), streaming work excluded from GPU producer timing; t=17.413, BVH resident/budget 279.8/2048.0 MiB, builds/hits/evictions=125/112/0, scene builds=50
Frame phases 208: pre-render 0.018 ms, prepare 1.424 ms, primary repair 108.829 ms, shadow repair 52.871 ms, producer wait 40.650 ms; observer=2623612.55/1100689.91/3365.91, moved=4.99 m, roam=1, replaced=0, image=1600x900, LOD=1.500, shadows=1, minimap=1
Frame work 208: BVH built/hit/evicted=1/36/0, catalogue/instance/scene builds=1/23/1, cached/scene tiles=125/0, scene 0.0 MiB, selection/detail passes=23/24, fallback ray attempts=2778, GPU build/selection/detail=2.172/9.733/26.007 ms, CPU grouping=43.418 ms; atlas installed/evicted=90/90, I/O=38.631 MiB, resident=27/27
Camera preparation: wall 0.193 ms, GPU LOD 0.004 ms, plans/footprints=40/1
Slow stage: worker iteration wall 203.918 ms (inclusive)
LOD plan: sources=1591, changed finer/coarser=1/0, selected LOD-1=25
Minimap mask: 276x236, 1440000 rays, worker 11.240 ms, GPU 4.325 ms
Minimap publish: request-to-image 11.267 ms
Frame 212: wall 97.356 ms, GPU producer 40.029 ms, 2 producer submission(s), streaming work excluded from GPU producer timing; t=17.511, BVH resident/budget 279.8/2048.0 MiB, builds/hits/evictions=125/112/0, scene builds=51
Frame phases 212: pre-render 0.006 ms, prepare 1.423 ms, primary repair 0.000 ms, shadow repair 54.941 ms, producer wait 40.919 ms; observer=2623619.46/1100697.11/3366.37, moved=9.98 m, roam=1, replaced=0, image=1600x900, LOD=1.500, shadows=1, minimap=1
Frame work 212: BVH built/hit/evicted=0/0/0, catalogue/instance/scene builds=1/1/1, cached/scene tiles=125/119, scene 0.1 MiB, selection/detail passes=0/1, fallback ray attempts=0, GPU build/selection/detail=0.460/0.000/0.000 ms, CPU grouping=0.000 ms; atlas installed/evicted=89/89, I/O=38.505 MiB, resident=27/27
Camera preparation: wall 0.191 ms, GPU LOD 0.004 ms, plans/footprints=41/1
LOD plan: sources=1591, changed finer/coarser=0/0, selected LOD-1=25
Minimap mask: 276x236, 1440000 rays, worker 10.083 ms, GPU 4.524 ms
Minimap publish: request-to-image 10.115 ms
Slow stage: terrain frame wall 100.713 ms (inclusive)
Frame 214: wall 100.719 ms, GPU producer 39.526 ms, 2 producer submission(s), streaming work excluded from GPU producer timing; t=17.611, BVH resident/budget 279.8/2048.0 MiB, builds/hits/evictions=125/112/0, scene builds=52
Frame phases 214: pre-render 0.007 ms, prepare 3.387 ms, primary repair 0.000 ms, shadow repair 56.820 ms, producer wait 40.430 ms; observer=2623622.92/1100700.73/3366.60, moved=5.00 m, roam=1, replaced=0, image=1600x900, LOD=1.500, shadows=1, minimap=1
Frame work 214: BVH built/hit/evicted=0/0/0, catalogue/instance/scene builds=1/1/1, cached/scene tiles=125/119, scene 0.1 MiB, selection/detail passes=0/1, fallback ray attempts=0, GPU build/selection/detail=0.465/0.000/0.000 ms, CPU grouping=0.000 ms; atlas installed/evicted=89/89, I/O=38.505 MiB, resident=27/27
Camera preparation: wall 2.063 ms, GPU LOD 0.004 ms, plans/footprints=42/1
Slow stage: worker iteration wall 100.757 ms (inclusive)
LOD plan: sources=1591, changed finer/coarser=0/0, selected LOD-1=25
Minimap mask: 276x236, 1440000 rays, worker 9.542 ms, GPU 4.415 ms
Minimap publish: request-to-image 9.570 ms
Frame 216: wall 98.747 ms, GPU producer 39.995 ms, 2 producer submission(s), streaming work excluded from GPU producer timing; t=17.710, BVH resident/budget 279.8/2048.0 MiB, builds/hits/evictions=125/112/0, scene builds=53
Frame phases 216: pre-render 0.010 ms, prepare 1.490 ms, primary repair 0.000 ms, shadow repair 56.194 ms, producer wait 40.991 ms; observer=2623626.38/1100704.33/3366.83, moved=4.99 m, roam=1, replaced=0, image=1600x900, LOD=1.500, shadows=1, minimap=1
Frame work 216: BVH built/hit/evicted=0/0/0, catalogue/instance/scene builds=1/1/1, cached/scene tiles=125/119, scene 0.1 MiB, selection/detail passes=0/1, fallback ray attempts=0, GPU build/selection/detail=0.458/0.000/0.000 ms, CPU grouping=0.000 ms; atlas installed/evicted=89/89, I/O=38.505 MiB, resident=27/27
Camera preparation: wall 0.207 ms, GPU LOD 0.004 ms, plans/footprints=43/1
LOD plan: sources=1591, changed finer/coarser=0/1, selected LOD-1=25
Minimap mask: 276x236, 1440000 rays, worker 10.860 ms, GPU 3.948 ms
Minimap publish: request-to-image 10.892 ms
Slow stage: terrain frame wall 103.754 ms (inclusive)
Frame 218: wall 103.767 ms, GPU producer 40.066 ms, 2 producer submission(s), streaming work excluded from GPU producer timing; t=17.814, BVH resident/budget 279.8/2048.0 MiB, builds/hits/evictions=125/112/0, scene builds=54
Frame phases 218: pre-render 0.019 ms, prepare 4.091 ms, primary repair 0.000 ms, shadow repair 58.532 ms, producer wait 41.054 ms; observer=2623629.84/1100707.93/3367.07, moved=5.00 m, roam=1, replaced=0, image=1600x900, LOD=1.500, shadows=1, minimap=1
Frame work 218: BVH built/hit/evicted=0/0/0, catalogue/instance/scene builds=1/1/1, cached/scene tiles=125/119, scene 0.1 MiB, selection/detail passes=0/1, fallback ray attempts=0, GPU build/selection/detail=0.450/0.000/0.000 ms, CPU grouping=0.000 ms; atlas installed/evicted=89/89, I/O=38.505 MiB, resident=27/27
Camera preparation: wall 0.182 ms, GPU LOD 0.004 ms, plans/footprints=44/1
Slow stage: worker iteration wall 103.835 ms (inclusive)
LOD plan: sources=1591, changed finer/coarser=0/0, selected LOD-1=25
Minimap mask: 276x236, 1440000 rays, worker 11.524 ms, GPU 3.880 ms
Minimap publish: request-to-image 11.550 ms
Frame 220: wall 98.281 ms, GPU producer 39.813 ms, 2 producer submission(s), streaming work excluded from GPU producer timing; t=17.912, BVH resident/budget 279.8/2048.0 MiB, builds/hits/evictions=125/112/0, scene builds=55
Frame phases 220: pre-render 0.005 ms, prepare 1.427 ms, primary repair 0.000 ms, shadow repair 56.152 ms, producer wait 40.632 ms; observer=2623633.30/1100711.54/3367.30, moved=4.99 m, roam=1, replaced=0, image=1600x900, LOD=1.500, shadows=1, minimap=1
Frame work 220: BVH built/hit/evicted=0/0/0, catalogue/instance/scene builds=1/1/1, cached/scene tiles=125/119, scene 0.1 MiB, selection/detail passes=0/1, fallback ray attempts=0, GPU build/selection/detail=0.412/0.000/0.000 ms, CPU grouping=0.000 ms; atlas installed/evicted=90/90, I/O=38.537 MiB, resident=27/27
Camera preparation: wall 0.186 ms, GPU LOD 0.004 ms, plans/footprints=45/1
LOD plan: sources=1591, changed finer/coarser=0/0, selected LOD-1=25
Minimap mask: 276x236, 1440000 rays, worker 12.502 ms, GPU 3.796 ms
Minimap publish: request-to-image 12.530 ms
Slow stage: terrain frame wall 102.186 ms (inclusive)
Frame 222: wall 102.194 ms, GPU producer 39.903 ms, 2 producer submission(s), streaming work excluded from GPU producer timing; t=18.014, BVH resident/budget 279.8/2048.0 MiB, builds/hits/evictions=125/112/0, scene builds=56
Frame phases 222: pre-render 0.011 ms, prepare 3.613 ms, primary repair 0.000 ms, shadow repair 57.636 ms, producer wait 40.872 ms; observer=2623636.75/1100715.14/3367.53, moved=4.99 m, roam=1, replaced=0, image=1600x900, LOD=1.500, shadows=1, minimap=1
Frame work 222: BVH built/hit/evicted=0/0/0, catalogue/instance/scene builds=1/1/1, cached/scene tiles=125/119, scene 0.1 MiB, selection/detail passes=0/1, fallback ray attempts=0, GPU build/selection/detail=0.459/0.000/0.000 ms, CPU grouping=0.000 ms; atlas installed/evicted=90/90, I/O=38.537 MiB, resident=27/27
Camera preparation: wall 0.158 ms, GPU LOD 0.004 ms, plans/footprints=46/1
Slow stage: worker iteration wall 102.254 ms (inclusive)
LOD plan: sources=1591, changed finer/coarser=0/0, selected LOD-1=25
Minimap mask: 276x236, 1440000 rays, worker 11.796 ms, GPU 4.153 ms
Minimap publish: request-to-image 11.830 ms
Frame 224: wall 98.422 ms, GPU producer 39.580 ms, 2 producer submission(s), streaming work excluded from GPU producer timing; t=18.113, BVH resident/budget 279.8/2048.0 MiB, builds/hits/evictions=125/112/0, scene builds=57
Frame phases 224: pre-render 0.011 ms, prepare 1.394 ms, primary repair 0.000 ms, shadow repair 56.488 ms, producer wait 40.462 ms; observer=2623640.19/1100718.72/3367.76, moved=4.97 m, roam=1, replaced=0, image=1600x900, LOD=1.500, shadows=1, minimap=1
Frame work 224: BVH built/hit/evicted=0/0/0, catalogue/instance/scene builds=1/1/1, cached/scene tiles=125/119, scene 0.1 MiB, selection/detail passes=0/1, fallback ray attempts=0, GPU build/selection/detail=0.405/0.000/0.000 ms, CPU grouping=0.000 ms; atlas installed/evicted=90/90, I/O=38.537 MiB, resident=27/27
Camera preparation: wall 0.183 ms, GPU LOD 0.004 ms, plans/footprints=47/1
LOD plan: sources=1591, changed finer/coarser=0/0, selected LOD-1=25
Health t=18.129: memory ok footprint/resident 874.2/539.6 MiB, Metal allocated/recommended 687.8/18186.2 MiB, thermal=0
Health t=18.129: worker stage=render age=15.6 ms, calls=207 revision=224, submitted/completed/presented=0/0/0, stale=0 unavailable=0 refreshed=0
Health t=18.129: display stage=idle age=19.7 ms, calls=519 revision=222, submitted/completed/presented=519/519/518, stale=0 unavailable=0 refreshed=0
Health t=18.129: minimap stage=idle age=73.3 ms, calls=94 revision=0, submitted/completed/presented=94/94/94, stale=0 unavailable=0 refreshed=148
Health t=18.129: terrain stage=producer wait age=12.5 ms
Minimap mask: 276x236, 1440000 rays, worker 12.557 ms, GPU 4.281 ms
Minimap publish: request-to-image 12.585 ms
Slow stage: terrain frame wall 101.567 ms (inclusive)
Frame 226: wall 101.572 ms, GPU producer 39.995 ms, 2 producer submission(s), streaming work excluded from GPU producer timing; t=18.215, BVH resident/budget 279.8/2048.0 MiB, builds/hits/evictions=125/112/0, scene builds=58
Frame phases 226: pre-render 0.007 ms, prepare 3.086 ms, primary repair 0.000 ms, shadow repair 57.546 ms, producer wait 40.870 ms; observer=2623643.67/1100722.35/3367.99, moved=5.02 m, roam=1, replaced=0, image=1600x900, LOD=1.500, shadows=1, minimap=1
Frame work 226: BVH built/hit/evicted=0/0/0, catalogue/instance/scene builds=1/1/1, cached/scene tiles=125/119, scene 0.1 MiB, selection/detail passes=0/1, fallback ray attempts=0, GPU build/selection/detail=0.471/0.000/0.000 ms, CPU grouping=0.000 ms; atlas installed/evicted=90/90, I/O=38.537 MiB, resident=27/27
Camera preparation: wall 0.160 ms, GPU LOD 0.004 ms, plans/footprints=48/1
Slow stage: worker iteration wall 101.621 ms (inclusive)
LOD plan: sources=1591, changed finer/coarser=0/0, selected LOD-1=25
Minimap mask: 276x236, 1440000 rays, worker 12.263 ms, GPU 4.229 ms
Minimap publish: request-to-image 12.296 ms
Slow stage: terrain frame wall 103.135 ms (inclusive)
Frame 228: wall 103.140 ms, GPU producer 40.016 ms, 2 producer submission(s), streaming work excluded from GPU producer timing; t=18.318, BVH resident/budget 279.8/2048.0 MiB, builds/hits/evictions=125/112/0, scene builds=59
Frame phases 228: pre-render 0.007 ms, prepare 1.335 ms, primary repair 0.000 ms, shadow repair 60.855 ms, producer wait 40.880 ms; observer=2623647.13/1100725.95/3368.22, moved=4.99 m, roam=1, replaced=0, image=1600x900, LOD=1.500, shadows=1, minimap=1
Frame work 228: BVH built/hit/evicted=0/0/0, catalogue/instance/scene builds=1/1/1, cached/scene tiles=125/119, scene 0.1 MiB, selection/detail passes=0/1, fallback ray attempts=0, GPU build/selection/detail=0.425/0.000/0.000 ms, CPU grouping=0.000 ms; atlas installed/evicted=90/90, I/O=38.537 MiB, resident=27/27
Camera preparation: wall 0.154 ms, GPU LOD 0.004 ms, plans/footprints=49/1
Slow stage: worker iteration wall 103.180 ms (inclusive)
LOD plan: sources=1591, changed finer/coarser=0/1, selected LOD-1=24
Minimap mask: 276x236, 1440000 rays, worker 15.681 ms, GPU 0.804 ms
Minimap publish: request-to-image 15.710 ms
Frame 230: wall 99.969 ms, GPU producer 40.023 ms, 2 producer submission(s), streaming work excluded from GPU producer timing; t=18.418, BVH resident/budget 279.8/2048.0 MiB, builds/hits/evictions=125/112/0, scene builds=60
Frame phases 230: pre-render 0.008 ms, prepare 1.404 ms, primary repair 0.000 ms, shadow repair 57.597 ms, producer wait 40.896 ms; observer=2623650.58/1100729.55/3368.45, moved=4.98 m, roam=1, replaced=0, image=1600x900, LOD=1.500, shadows=1, minimap=1
Frame work 230: BVH built/hit/evicted=0/0/0, catalogue/instance/scene builds=1/1/1, cached/scene tiles=125/118, scene 0.1 MiB, selection/detail passes=0/1, fallback ray attempts=0, GPU build/selection/detail=0.438/0.000/0.000 ms, CPU grouping=0.000 ms; atlas installed/evicted=90/90, I/O=38.537 MiB, resident=27/27
Camera preparation: wall 0.186 ms, GPU LOD 0.004 ms, plans/footprints=50/1
Slow stage: worker iteration wall 100.037 ms (inclusive)
LOD plan: sources=1591, changed finer/coarser=0/0, selected LOD-1=24
Minimap mask: 276x236, 1440000 rays, worker 15.400 ms, GPU 0.711 ms
Minimap publish: request-to-image 15.428 ms
Slow stage: terrain frame wall 100.345 ms (inclusive)
Frame 232: wall 100.356 ms, GPU producer 39.860 ms, 2 producer submission(s), streaming work excluded from GPU producer timing; t=18.518, BVH resident/budget 279.8/2048.0 MiB, builds/hits/evictions=125/112/0, scene builds=61
Frame phases 232: pre-render 0.017 ms, prepare 1.342 ms, primary repair 0.000 ms, shadow repair 58.229 ms, producer wait 40.712 ms; observer=2623654.05/1100733.16/3368.68, moved=5.01 m, roam=1, replaced=0, image=1600x900, LOD=1.500, shadows=1, minimap=1
Frame work 232: BVH built/hit/evicted=0/0/0, catalogue/instance/scene builds=1/1/1, cached/scene tiles=125/118, scene 0.1 MiB, selection/detail passes=0/1, fallback ray attempts=0, GPU build/selection/detail=0.441/0.000/0.000 ms, CPU grouping=0.000 ms; atlas installed/evicted=90/90, I/O=38.537 MiB, resident=27/27
Camera preparation: wall 0.157 ms, GPU LOD 0.004 ms, plans/footprints=51/1
Slow stage: worker iteration wall 100.428 ms (inclusive)
LOD plan: sources=1591, changed finer/coarser=0/0, selected LOD-1=24
Minimap mask: 276x236, 1440000 rays, worker 16.278 ms, GPU 1.324 ms
Minimap publish: request-to-image 16.307 ms
Frame 234: wall 98.941 ms, GPU producer 39.962 ms, 2 producer submission(s), streaming work excluded from GPU producer timing; t=18.617, BVH resident/budget 279.8/2048.0 MiB, builds/hits/evictions=125/112/0, scene builds=62
Frame phases 234: pre-render 0.007 ms, prepare 1.476 ms, primary repair 0.000 ms, shadow repair 56.510 ms, producer wait 40.886 ms; observer=2623657.50/1100736.77/3368.91, moved=4.99 m, roam=1, replaced=0, image=1600x900, LOD=1.500, shadows=1, minimap=1
Frame work 234: BVH built/hit/evicted=0/0/0, catalogue/instance/scene builds=1/1/1, cached/scene tiles=125/118, scene 0.1 MiB, selection/detail passes=0/1, fallback ray attempts=0, GPU build/selection/detail=0.463/0.000/0.000 ms, CPU grouping=0.000 ms; atlas installed/evicted=90/90, I/O=38.537 MiB, resident=27/27
Camera preparation: wall 0.201 ms, GPU LOD 0.004 ms, plans/footprints=52/1
LOD plan: sources=1591, changed finer/coarser=0/0, selected LOD-1=24
Minimap mask: 276x236, 1440000 rays, worker 15.406 ms, GPU 0.716 ms
Minimap publish: request-to-image 15.436 ms
Slow stage: terrain frame wall 103.334 ms (inclusive)
Frame 236: wall 103.339 ms, GPU producer 40.179 ms, 2 producer submission(s), streaming work excluded from GPU producer timing; t=18.721, BVH resident/budget 279.8/2048.0 MiB, builds/hits/evictions=125/112/0, scene builds=63
Frame phases 236: pre-render 0.012 ms, prepare 1.330 ms, primary repair 0.000 ms, shadow repair 60.877 ms, producer wait 41.060 ms; observer=2623660.96/1100740.37/3369.14, moved=4.99 m, roam=1, replaced=0, image=1600x900, LOD=1.500, shadows=1, minimap=1
Frame work 236: BVH built/hit/evicted=0/0/0, catalogue/instance/scene builds=1/1/1, cached/scene tiles=125/118, scene 0.1 MiB, selection/detail passes=0/1, fallback ray attempts=0, GPU build/selection/detail=0.437/0.000/0.000 ms, CPU grouping=0.000 ms; atlas installed/evicted=90/90, I/O=38.537 MiB, resident=27/27
Camera preparation: wall 0.156 ms, GPU LOD 0.004 ms, plans/footprints=53/1
Slow stage: worker iteration wall 103.389 ms (inclusive)
LOD plan: sources=1591, changed finer/coarser=0/0, selected LOD-1=24
Minimap mask: 276x236, 1440000 rays, worker 18.972 ms, GPU 4.012 ms
Minimap publish: request-to-image 20.623 ms
Frame 238: wall 98.100 ms, GPU producer 40.240 ms, 2 producer submission(s), streaming work excluded from GPU producer timing; t=18.819, BVH resident/budget 279.8/2048.0 MiB, builds/hits/evictions=125/112/0, scene builds=64
Frame phases 238: pre-render 0.004 ms, prepare 1.438 ms, primary repair 0.000 ms, shadow repair 54.653 ms, producer wait 41.936 ms; observer=2623664.42/1100743.98/3369.37, moved=5.00 m, roam=1, replaced=0, image=1600x900, LOD=1.500, shadows=1, minimap=1
Frame work 238: BVH built/hit/evicted=0/0/0, catalogue/instance/scene builds=1/1/1, cached/scene tiles=125/118, scene 0.1 MiB, selection/detail passes=0/1, fallback ray attempts=0, GPU build/selection/detail=0.448/0.000/0.000 ms, CPU grouping=0.000 ms; atlas installed/evicted=88/88, I/O=38.497 MiB, resident=27/27
Camera preparation: wall 0.181 ms, GPU LOD 0.004 ms, plans/footprints=54/1
LOD plan: sources=1591, changed finer/coarser=1/0, selected LOD-1=24
Minimap mask: 276x236, 1440000 rays, worker 17.192 ms, GPU 2.160 ms
Minimap publish: request-to-image 17.218 ms
Slow stage: terrain frame wall 100.429 ms (inclusive)
Frame 240: wall 100.438 ms, GPU producer 39.173 ms, 2 producer submission(s), streaming work excluded from GPU producer timing; t=18.919, BVH resident/budget 279.8/2048.0 MiB, builds/hits/evictions=125/112/0, scene builds=65
Frame phases 240: pre-render 0.015 ms, prepare 2.466 ms, primary repair 0.000 ms, shadow repair 57.747 ms, producer wait 40.149 ms; observer=2623667.88/1100747.58/3369.58, moved=4.99 m, roam=1, replaced=0, image=1600x900, LOD=1.500, shadows=1, minimap=1
Frame work 240: BVH built/hit/evicted=0/0/0, catalogue/instance/scene builds=1/1/1, cached/scene tiles=125/118, scene 0.1 MiB, selection/detail passes=0/1, fallback ray attempts=0, GPU build/selection/detail=0.470/0.000/0.000 ms, CPU grouping=0.000 ms; atlas installed/evicted=89/89, I/O=38.528 MiB, resident=27/27
Camera preparation: wall 1.192 ms, GPU LOD 0.004 ms, plans/footprints=55/1
Slow stage: worker iteration wall 100.520 ms (inclusive)
LOD plan: sources=1591, changed finer/coarser=0/0, selected LOD-1=24
Minimap mask: 276x236, 1440000 rays, worker 18.546 ms, GPU 3.238 ms
Minimap publish: request-to-image 18.575 ms
Slow stage: terrain frame wall 161.703 ms (inclusive)
Frame 242: wall 161.717 ms, GPU producer 41.022 ms, 2 producer submission(s), streaming work excluded from GPU producer timing; t=19.081, BVH resident/budget 281.8/2048.0 MiB, builds/hits/evictions=128/116/0, scene builds=66
Frame phases 242: pre-render 0.021 ms, prepare 1.463 ms, primary repair 63.206 ms, shadow repair 55.026 ms, producer wait 41.940 ms; observer=2623671.34/1100751.19/3369.77, moved=5.00 m, roam=1, replaced=0, image=1600x900, LOD=1.500, shadows=1, minimap=1
Frame work 242: BVH built/hit/evicted=3/4/0, catalogue/instance/scene builds=1/8/1, cached/scene tiles=128/0, scene 0.0 MiB, selection/detail passes=8/9, fallback ray attempts=2, GPU build/selection/detail=2.164/2.909/25.612 ms, CPU grouping=15.805 ms; atlas installed/evicted=92/92, I/O=38.906 MiB, resident=27/27
Camera preparation: wall 0.213 ms, GPU LOD 0.004 ms, plans/footprints=56/1
Slow stage: worker iteration wall 161.783 ms (inclusive)
LOD plan: sources=1591, changed finer/coarser=0/0, selected LOD-1=24
Minimap mask: 276x236, 1440000 rays, worker 13.896 ms, GPU 5.347 ms
Minimap publish: request-to-image 13.924 ms
Health t=19.134: memory ok footprint/resident 879.8/544.5 MiB, Metal allocated/recommended 678.8/18186.2 MiB, thermal=0
Health t=19.134: worker stage=render age=52.5 ms, calls=216 revision=242, submitted/completed/presented=0/0/0, stale=0 unavailable=0 refreshed=0
Health t=19.134: display stage=idle age=23.5 ms, calls=549 revision=242, submitted/completed/presented=549/549/548, stale=0 unavailable=0 refreshed=0
Health t=19.134: minimap stage=idle age=9.9 ms, calls=104 revision=0, submitted/completed/presented=104/104/104, stale=0 unavailable=0 refreshed=166
Health t=19.134: terrain stage=shadow repair age=10.0 ms
Slow stage: terrain frame wall 104.092 ms (inclusive)
Frame 244: wall 104.102 ms, GPU producer 41.385 ms, 2 producer submission(s), streaming work excluded from GPU producer timing; t=19.185, BVH resident/budget 281.8/2048.0 MiB, builds/hits/evictions=128/116/0, scene builds=67
Frame phases 244: pre-render 0.016 ms, prepare 1.419 ms, primary repair 0.000 ms, shadow repair 60.239 ms, producer wait 42.366 ms; observer=2623674.80/1100754.79/3369.91, moved=5.00 m, roam=1, replaced=0, image=1600x900, LOD=1.500, shadows=1, minimap=1
Frame work 244: BVH built/hit/evicted=0/0/0, catalogue/instance/scene builds=1/1/1, cached/scene tiles=128/121, scene 0.1 MiB, selection/detail passes=0/1, fallback ray attempts=0, GPU build/selection/detail=0.424/0.000/0.000 ms, CPU grouping=0.000 ms; atlas installed/evicted=88/88, I/O=38.497 MiB, resident=27/27
Camera preparation: wall 0.190 ms, GPU LOD 0.004 ms, plans/footprints=57/1
Slow stage: worker iteration wall 104.176 ms (inclusive)
LOD plan: sources=1591, changed finer/coarser=2/0, selected LOD-1=24
Minimap mask: 276x236, 1440000 rays, worker 18.702 ms, GPU 3.153 ms
Minimap publish: request-to-image 18.730 ms
Slow stage: terrain frame wall 103.569 ms (inclusive)
Frame 246: wall 103.579 ms, GPU producer 41.800 ms, 2 producer submission(s), streaming work excluded from GPU producer timing; t=19.289, BVH resident/budget 281.8/2048.0 MiB, builds/hits/evictions=128/116/0, scene builds=68
Frame phases 246: pre-render 0.016 ms, prepare 1.512 ms, primary repair 0.000 ms, shadow repair 59.211 ms, producer wait 42.774 ms; observer=2623678.26/1100758.40/3370.00, moved=5.00 m, roam=1, replaced=0, image=1600x900, LOD=1.500, shadows=1, minimap=1
Frame work 246: BVH built/hit/evicted=0/0/0, catalogue/instance/scene builds=1/1/1, cached/scene tiles=128/121, scene 0.1 MiB, selection/detail passes=0/1, fallback ray attempts=0, GPU build/selection/detail=0.468/0.000/0.000 ms, CPU grouping=0.000 ms; atlas installed/evicted=89/89, I/O=38.505 MiB, resident=27/27
Camera preparation: wall 0.205 ms, GPU LOD 0.004 ms, plans/footprints=58/1
Slow stage: worker iteration wall 103.639 ms (inclusive)
LOD plan: sources=1591, changed finer/coarser=0/0, selected LOD-1=24
Minimap mask: 276x236, 1440000 rays, worker 19.454 ms, GPU 3.987 ms
Minimap publish: request-to-image 19.484 ms
Slow stage: terrain frame wall 100.842 ms (inclusive)
Frame 248: wall 100.850 ms, GPU producer 40.925 ms, 2 producer submission(s), streaming work excluded from GPU producer timing; t=19.390, BVH resident/budget 281.8/2048.0 MiB, builds/hits/evictions=128/116/0, scene builds=69
Frame phases 248: pre-render 0.010 ms, prepare 1.515 ms, primary repair 0.000 ms, shadow repair 57.437 ms, producer wait 41.820 ms; observer=2623681.72/1100762.01/3370.04, moved=5.00 m, roam=1, replaced=0, image=1600x900, LOD=1.500, shadows=1, minimap=1
Frame work 248: BVH built/hit/evicted=0/0/0, catalogue/instance/scene builds=1/1/1, cached/scene tiles=128/121, scene 0.1 MiB, selection/detail passes=0/1, fallback ray attempts=0, GPU build/selection/detail=0.475/0.000/0.000 ms, CPU grouping=0.000 ms; atlas installed/evicted=88/88, I/O=38.497 MiB, resident=27/27
Camera preparation: wall 0.199 ms, GPU LOD 0.004 ms, plans/footprints=59/1
Slow stage: worker iteration wall 100.889 ms (inclusive)
LOD plan: sources=1591, changed finer/coarser=0/0, selected LOD-1=24
Minimap mask: 276x236, 1440000 rays, worker 22.129 ms, GPU 6.280 ms
Minimap publish: request-to-image 24.969 ms
Slow stage: terrain frame wall 104.752 ms (inclusive)
Frame 250: wall 104.758 ms, GPU producer 42.645 ms, 2 producer submission(s), streaming work excluded from GPU producer timing; t=19.495, BVH resident/budget 281.8/2048.0 MiB, builds/hits/evictions=128/116/0, scene builds=70
Frame phases 250: pre-render 0.008 ms, prepare 1.344 ms, primary repair 0.000 ms, shadow repair 59.751 ms, producer wait 43.596 ms; observer=2623685.18/1100765.62/3370.03, moved=5.00 m, roam=1, replaced=0, image=1600x900, LOD=1.500, shadows=1, minimap=1
Frame work 250: BVH built/hit/evicted=0/0/0, catalogue/instance/scene builds=1/1/1, cached/scene tiles=128/121, scene 0.1 MiB, selection/detail passes=0/1, fallback ray attempts=0, GPU build/selection/detail=0.436/0.000/0.000 ms, CPU grouping=0.000 ms; atlas installed/evicted=89/89, I/O=38.505 MiB, resident=27/27
Camera preparation: wall 0.162 ms, GPU LOD 0.004 ms, plans/footprints=60/1
Slow stage: worker iteration wall 104.800 ms (inclusive)
LOD plan: sources=1591, changed finer/coarser=0/0, selected LOD-1=24
Minimap mask: 276x236, 1440000 rays, worker 27.808 ms, GPU 7.956 ms
Minimap publish: request-to-image 27.839 ms
Slow stage: terrain frame wall 105.914 ms (inclusive)
Frame 252: wall 105.922 ms, GPU producer 42.664 ms, 2 producer submission(s), streaming work excluded from GPU producer timing; t=19.601, BVH resident/budget 281.8/2048.0 MiB, builds/hits/evictions=128/116/0, scene builds=71
Frame phases 252: pre-render 0.010 ms, prepare 1.399 ms, primary repair 0.000 ms, shadow repair 60.912 ms, producer wait 43.530 ms; observer=2623688.64/1100769.23/3369.97, moved=5.00 m, roam=1, replaced=0, image=1600x900, LOD=1.500, shadows=1, minimap=1
Frame work 252: BVH built/hit/evicted=0/0/0, catalogue/instance/scene builds=1/1/1, cached/scene tiles=128/121, scene 0.1 MiB, selection/detail passes=0/1, fallback ray attempts=0, GPU build/selection/detail=0.411/0.000/0.000 ms, CPU grouping=0.000 ms; atlas installed/evicted=89/89, I/O=40.501 MiB, resident=27/27
Camera preparation: wall 0.186 ms, GPU LOD 0.004 ms, plans/footprints=61/1
Slow stage: worker iteration wall 105.963 ms (inclusive)
LOD plan: sources=1591, changed finer/coarser=0/0, selected LOD-1=24
Minimap mask: 276x236, 1440000 rays, worker 34.651 ms, GPU 5.475 ms
Minimap publish: request-to-image 34.682 ms
Slow stage: terrain frame wall 107.112 ms (inclusive)
Frame 256: wall 107.117 ms, GPU producer 44.136 ms, 2 producer submission(s), streaming work excluded from GPU producer timing; t=19.708, BVH resident/budget 281.8/2048.0 MiB, builds/hits/evictions=128/116/0, scene builds=72
Frame phases 256: pre-render 0.007 ms, prepare 1.380 ms, primary repair 0.000 ms, shadow repair 60.663 ms, producer wait 45.000 ms; observer=2623695.56/1100776.44/3369.70, moved=9.99 m, roam=1, replaced=0, image=1600x900, LOD=1.500, shadows=1, minimap=1
Frame work 256: BVH built/hit/evicted=0/0/0, catalogue/instance/scene builds=1/1/1, cached/scene tiles=128/121, scene 0.1 MiB, selection/detail passes=0/1, fallback ray attempts=0, GPU build/selection/detail=0.406/0.000/0.000 ms, CPU grouping=0.000 ms; atlas installed/evicted=89/89, I/O=40.501 MiB, resident=27/27
Camera preparation: wall 0.177 ms, GPU LOD 0.004 ms, plans/footprints=62/1
Slow stage: worker iteration wall 107.157 ms (inclusive)
LOD plan: sources=1591, changed finer/coarser=0/0, selected LOD-1=24
Minimap mask: 276x236, 1440000 rays, worker 43.490 ms, GPU 4.927 ms
Minimap publish: request-to-image 43.518 ms
Slow stage: terrain frame wall 109.132 ms (inclusive)
Frame 258: wall 109.136 ms, GPU producer 45.094 ms, 2 producer submission(s), streaming work excluded from GPU producer timing; t=19.817, BVH resident/budget 281.8/2048.0 MiB, builds/hits/evictions=128/116/0, scene builds=73
Frame phases 258: pre-render 0.006 ms, prepare 1.556 ms, primary repair 0.000 ms, shadow repair 61.523 ms, producer wait 45.989 ms; observer=2623699.02/1100780.04/3369.49, moved=5.00 m, roam=1, replaced=0, image=1600x900, LOD=1.500, shadows=1, minimap=1
Frame work 258: BVH built/hit/evicted=0/0/0, catalogue/instance/scene builds=1/1/1, cached/scene tiles=128/121, scene 0.1 MiB, selection/detail passes=0/1, fallback ray attempts=0, GPU build/selection/detail=0.538/0.000/0.000 ms, CPU grouping=0.000 ms; atlas installed/evicted=91/91, I/O=42.513 MiB, resident=27/27
Camera preparation: wall 0.190 ms, GPU LOD 0.004 ms, plans/footprints=63/1
Slow stage: worker iteration wall 109.175 ms (inclusive)
LOD plan: sources=1591, changed finer/coarser=0/0, selected LOD-1=24
Minimap mask: 276x236, 1440000 rays, worker 17.992 ms, GPU 1.103 ms
Minimap publish: request-to-image 18.022 ms
Slow stage: terrain frame wall 108.888 ms (inclusive)
Frame 260: wall 108.897 ms, GPU producer 44.478 ms, 2 producer submission(s), streaming work excluded from GPU producer timing; t=19.926, BVH resident/budget 281.8/2048.0 MiB, builds/hits/evictions=128/116/0, scene builds=74
Frame phases 260: pre-render 0.010 ms, prepare 1.453 ms, primary repair 0.000 ms, shadow repair 61.998 ms, producer wait 45.373 ms; observer=2623702.48/1100783.65/3369.23, moved=4.99 m, roam=1, replaced=0, image=1600x900, LOD=1.500, shadows=1, minimap=1
Frame work 260: BVH built/hit/evicted=0/0/0, catalogue/instance/scene builds=1/1/1, cached/scene tiles=128/121, scene 0.1 MiB, selection/detail passes=0/1, fallback ray attempts=0, GPU build/selection/detail=0.453/0.000/0.000 ms, CPU grouping=0.000 ms; atlas installed/evicted=92/92, I/O=42.544 MiB, resident=27/27
Camera preparation: wall 0.162 ms, GPU LOD 0.004 ms, plans/footprints=64/1
Slow stage: worker iteration wall 108.940 ms (inclusive)
LOD plan: sources=1591, changed finer/coarser=0/0, selected LOD-1=24
Minimap mask: 276x236, 1440000 rays, worker 25.938 ms, GPU 6.279 ms
Minimap publish: request-to-image 25.971 ms
Slow stage: terrain frame wall 107.890 ms (inclusive)
Frame 262: wall 107.902 ms, GPU producer 43.589 ms, 2 producer submission(s), streaming work excluded from GPU producer timing; t=20.034, BVH resident/budget 281.8/2048.0 MiB, builds/hits/evictions=128/116/0, scene builds=75
Frame phases 262: pre-render 0.018 ms, prepare 1.504 ms, primary repair 0.000 ms, shadow repair 61.749 ms, producer wait 44.564 ms; observer=2623705.91/1100787.22/3368.91, moved=4.96 m, roam=1, replaced=0, image=1600x900, LOD=1.500, shadows=1, minimap=1
Frame work 262: BVH built/hit/evicted=0/0/0, catalogue/instance/scene builds=1/1/1, cached/scene tiles=128/121, scene 0.1 MiB, selection/detail passes=0/1, fallback ray attempts=0, GPU build/selection/detail=0.464/0.000/0.000 ms, CPU grouping=0.000 ms; atlas installed/evicted=91/91, I/O=42.513 MiB, resident=27/27
Camera preparation: wall 0.197 ms, GPU LOD 0.004 ms, plans/footprints=65/1
Slow stage: worker iteration wall 107.945 ms (inclusive)
LOD plan: sources=1591, changed finer/coarser=0/0, selected LOD-1=24
Minimap mask: 276x236, 1440000 rays, worker 34.286 ms, GPU 5.548 ms
Minimap publish: request-to-image 34.314 ms
Health t=20.139: memory ok footprint/resident 877.2/547.6 MiB, Metal allocated/recommended 680.8/18186.2 MiB, thermal=0
Health t=20.139: worker stage=render age=104.9 ms, calls=225 revision=262, submitted/completed/presented=0/0/0, stale=0 unavailable=0 refreshed=0
Health t=20.139: display stage=idle age=29.9 ms, calls=579 revision=262, submitted/completed/presented=579/579/579, stale=0 unavailable=0 refreshed=0
Health t=20.139: minimap stage=idle age=59.7 ms, calls=113 revision=0, submitted/completed/presented=113/113/113, stale=0 unavailable=0 refreshed=184
Health t=20.139: terrain stage=shadow repair age=59.7 ms
Slow stage: terrain frame wall 108.288 ms (inclusive)
Frame 264: wall 108.297 ms, GPU producer 44.078 ms, 2 producer submission(s), streaming work excluded from GPU producer timing; t=20.142, BVH resident/budget 281.8/2048.0 MiB, builds/hits/evictions=128/116/0, scene builds=76
Frame phases 264: pre-render 0.016 ms, prepare 1.461 ms, primary repair 0.000 ms, shadow repair 61.765 ms, producer wait 44.994 ms; observer=2623709.38/1100790.85/3368.55, moved=5.02 m, roam=1, replaced=0, image=1600x900, LOD=1.500, shadows=1, minimap=1
Frame work 264: BVH built/hit/evicted=0/0/0, catalogue/instance/scene builds=1/1/1, cached/scene tiles=128/121, scene 0.1 MiB, selection/detail passes=0/1, fallback ray attempts=0, GPU build/selection/detail=0.464/0.000/0.000 ms, CPU grouping=0.000 ms; atlas installed/evicted=91/91, I/O=42.513 MiB, resident=27/27
Camera preparation: wall 0.192 ms, GPU LOD 0.004 ms, plans/footprints=66/1
Slow stage: worker iteration wall 108.371 ms (inclusive)
LOD plan: sources=1591, changed finer/coarser=0/0, selected LOD-1=24
Minimap mask: 276x236, 1440000 rays, worker 11.888 ms, GPU 4.585 ms
Minimap publish: request-to-image 11.914 ms
Slow stage: terrain frame wall 111.750 ms (inclusive)
Frame 266: wall 111.760 ms, GPU producer 44.953 ms, 2 producer submission(s), streaming work excluded from GPU producer timing; t=20.254, BVH resident/budget 281.8/2048.0 MiB, builds/hits/evictions=128/116/0, scene builds=77
Frame phases 266: pre-render 0.016 ms, prepare 1.491 ms, primary repair 0.000 ms, shadow repair 64.326 ms, producer wait 45.860 ms; observer=2623712.82/1100794.42/3368.13, moved=4.96 m, roam=1, replaced=0, image=1600x900, LOD=1.500, shadows=1, minimap=1
Frame work 266: BVH built/hit/evicted=0/0/0, catalogue/instance/scene builds=1/1/1, cached/scene tiles=128/121, scene 0.1 MiB, selection/detail passes=0/1, fallback ray attempts=0, GPU build/selection/detail=0.431/0.000/0.000 ms, CPU grouping=0.000 ms; atlas installed/evicted=91/91, I/O=42.536 MiB, resident=27/27
Camera preparation: wall 0.299 ms, GPU LOD 0.014 ms, plans/footprints=67/1
Slow stage: worker iteration wall 111.844 ms (inclusive)
LOD plan: sources=1591, changed finer/coarser=0/0, selected LOD-1=24
Minimap mask: 276x236, 1440000 rays, worker 24.777 ms, GPU 6.908 ms
Minimap publish: request-to-image 26.690 ms
Slow stage: terrain frame wall 113.939 ms (inclusive)
Frame 268: wall 113.950 ms, GPU producer 45.923 ms, 2 producer submission(s), streaming work excluded from GPU producer timing; t=20.368, BVH resident/budget 281.8/2048.0 MiB, builds/hits/evictions=128/116/0, scene builds=78
Frame phases 268: pre-render 0.013 ms, prepare 1.518 ms, primary repair 0.000 ms, shadow repair 65.430 ms, producer wait 46.856 ms; observer=2623716.28/1100798.03/3367.66, moved=5.00 m, roam=1, replaced=0, image=1600x900, LOD=1.500, shadows=1, minimap=1
Frame work 268: BVH built/hit/evicted=0/0/0, catalogue/instance/scene builds=1/1/1, cached/scene tiles=128/121, scene 0.1 MiB, selection/detail passes=0/1, fallback ray attempts=0, GPU build/selection/detail=0.452/0.000/0.000 ms, CPU grouping=0.000 ms; atlas installed/evicted=91/91, I/O=42.513 MiB, resident=27/27
Camera preparation: wall 0.201 ms, GPU LOD 0.004 ms, plans/footprints=68/1
Slow stage: worker iteration wall 114.000 ms (inclusive)
LOD plan: sources=1591, changed finer/coarser=0/0, selected LOD-1=24
Minimap mask: 276x236, 1440000 rays, worker 36.051 ms, GPU 6.144 ms
Minimap publish: request-to-image 36.081 ms
Slow stage: terrain frame wall 113.101 ms (inclusive)
Frame 270: wall 113.114 ms, GPU producer 45.068 ms, 2 producer submission(s), streaming work excluded from GPU producer timing; t=20.481, BVH resident/budget 281.8/2048.0 MiB, builds/hits/evictions=128/116/0, scene builds=79
Frame phases 270: pre-render 0.018 ms, prepare 1.520 ms, primary repair 0.000 ms, shadow repair 65.493 ms, producer wait 46.017 ms; observer=2623719.69/1100801.59/3367.16, moved=4.92 m, roam=1, replaced=0, image=1600x900, LOD=1.500, shadows=1, minimap=1
Frame work 270: BVH built/hit/evicted=0/0/0, catalogue/instance/scene builds=1/1/1, cached/scene tiles=128/121, scene 0.1 MiB, selection/detail passes=0/1, fallback ray attempts=0, GPU build/selection/detail=0.459/0.000/0.000 ms, CPU grouping=0.000 ms; atlas installed/evicted=90/90, I/O=42.505 MiB, resident=27/27
Camera preparation: wall 0.217 ms, GPU LOD 0.004 ms, plans/footprints=69/1
Slow stage: worker iteration wall 113.190 ms (inclusive)
LOD plan: sources=1591, changed finer/coarser=0/0, selected LOD-1=24
Minimap mask: 276x236, 1440000 rays, worker 17.893 ms, GPU 5.613 ms
Minimap publish: request-to-image 17.925 ms
Slow stage: terrain frame wall 114.633 ms (inclusive)
Frame 272: wall 114.639 ms, GPU producer 47.179 ms, 2 producer submission(s), streaming work excluded from GPU producer timing; t=20.596, BVH resident/budget 281.8/2048.0 MiB, builds/hits/evictions=128/116/0, scene builds=80
Frame phases 272: pre-render 0.010 ms, prepare 1.451 ms, primary repair 0.000 ms, shadow repair 65.036 ms, producer wait 48.074 ms; observer=2623723.16/1100805.21/3366.60, moved=5.02 m, roam=1, replaced=0, image=1600x900, LOD=1.500, shadows=1, minimap=1
Frame work 272: BVH built/hit/evicted=0/0/0, catalogue/instance/scene builds=1/1/1, cached/scene tiles=128/121, scene 0.1 MiB, selection/detail passes=0/1, fallback ray attempts=0, GPU build/selection/detail=0.448/0.000/0.000 ms, CPU grouping=0.000 ms; atlas installed/evicted=89/89, I/O=42.379 MiB, resident=27/27
Camera preparation: wall 0.190 ms, GPU LOD 0.004 ms, plans/footprints=70/1
Slow stage: worker iteration wall 114.685 ms (inclusive)
LOD plan: sources=1591, changed finer/coarser=0/0, selected LOD-1=24
Minimap mask: 276x236, 1440000 rays, worker 34.635 ms, GPU 5.369 ms
Minimap publish: request-to-image 34.669 ms
Slow stage: terrain frame wall 115.052 ms (inclusive)
Frame 274: wall 115.061 ms, GPU producer 47.222 ms, 2 producer submission(s), streaming work excluded from GPU producer timing; t=20.711, BVH resident/budget 281.8/2048.0 MiB, builds/hits/evictions=128/116/0, scene builds=81
Frame phases 274: pre-render 0.016 ms, prepare 1.537 ms, primary repair 0.000 ms, shadow repair 65.360 ms, producer wait 48.083 ms; observer=2623726.60/1100808.79/3366.00, moved=4.96 m, roam=1, replaced=0, image=1600x900, LOD=1.500, shadows=1, minimap=1
Frame work 274: BVH built/hit/evicted=0/0/0, catalogue/instance/scene builds=1/1/1, cached/scene tiles=128/121, scene 0.1 MiB, selection/detail passes=0/1, fallback ray attempts=0, GPU build/selection/detail=0.457/0.000/0.000 ms, CPU grouping=0.000 ms; atlas installed/evicted=89/89, I/O=42.379 MiB, resident=27/27
Camera preparation: wall 0.199 ms, GPU LOD 0.004 ms, plans/footprints=71/1
Slow stage: worker iteration wall 115.116 ms (inclusive)
LOD plan: sources=1591, changed finer/coarser=0/0, selected LOD-1=24
Minimap mask: 276x236, 1440000 rays, worker 17.248 ms, GPU 4.306 ms
Minimap publish: request-to-image 17.272 ms
Slow stage: terrain frame wall 114.277 ms (inclusive)
Frame 278: wall 114.288 ms, GPU producer 48.180 ms, 2 producer submission(s), streaming work excluded from GPU producer timing; t=20.825, BVH resident/budget 281.8/2048.0 MiB, builds/hits/evictions=128/116/0, scene builds=82
Frame phases 278: pre-render 0.015 ms, prepare 1.334 ms, primary repair 0.000 ms, shadow repair 63.716 ms, producer wait 49.161 ms; observer=2623733.46/1100815.94/3364.67, moved=9.91 m, roam=1, replaced=0, image=1600x900, LOD=1.500, shadows=1, minimap=1
Frame work 278: BVH built/hit/evicted=0/0/0, catalogue/instance/scene builds=1/1/1, cached/scene tiles=128/121, scene 0.1 MiB, selection/detail passes=0/1, fallback ray attempts=0, GPU build/selection/detail=0.442/0.000/0.000 ms, CPU grouping=0.000 ms; atlas installed/evicted=89/89, I/O=42.261 MiB, resident=27/27
Camera preparation: wall 0.172 ms, GPU LOD 0.004 ms, plans/footprints=72/1
Slow stage: worker iteration wall 114.366 ms (inclusive)
LOD plan: sources=1591, changed finer/coarser=0/0, selected LOD-1=24
Minimap mask: 276x236, 1440000 rays, worker 27.874 ms, GPU 6.729 ms
Minimap publish: request-to-image 27.907 ms
Slow stage: terrain frame wall 116.352 ms (inclusive)
Frame 280: wall 116.361 ms, GPU producer 46.789 ms, 2 producer submission(s), streaming work excluded from GPU producer timing; t=20.942, BVH resident/budget 281.8/2048.0 MiB, builds/hits/evictions=128/116/0, scene builds=83
Frame phases 280: pre-render 0.016 ms, prepare 1.480 ms, primary repair 0.000 ms, shadow repair 67.064 ms, producer wait 47.735 ms; observer=2623736.89/1100819.51/3363.96, moved=4.95 m, roam=1, replaced=0, image=1600x900, LOD=1.500, shadows=1, minimap=1
Frame work 280: BVH built/hit/evicted=0/0/0, catalogue/instance/scene builds=1/1/1, cached/scene tiles=128/121, scene 0.1 MiB, selection/detail passes=0/1, fallback ray attempts=0, GPU build/selection/detail=0.463/0.000/0.000 ms, CPU grouping=0.000 ms; atlas installed/evicted=90/90, I/O=42.387 MiB, resident=27/27
Camera preparation: wall 0.193 ms, GPU LOD 0.004 ms, plans/footprints=73/1
Slow stage: worker iteration wall 116.411 ms (inclusive)
LOD plan: sources=1591, changed finer/coarser=0/0, selected LOD-1=24
Minimap mask: 276x236, 1440000 rays, worker 47.091 ms, GPU 6.801 ms
Minimap publish: request-to-image 47.127 ms
Slow stage: terrain frame wall 118.360 ms (inclusive)
Frame 282: wall 118.369 ms, GPU producer 49.227 ms, 2 producer submission(s), streaming work excluded from GPU producer timing; t=21.060, BVH resident/budget 281.8/2048.0 MiB, builds/hits/evictions=128/116/0, scene builds=84
Frame phases 282: pre-render 0.017 ms, prepare 1.532 ms, primary repair 0.000 ms, shadow repair 66.592 ms, producer wait 50.157 ms; observer=2623740.30/1100823.06/3363.20, moved=4.92 m, roam=1, replaced=0, image=1600x900, LOD=1.500, shadows=1, minimap=1
Frame work 282: BVH built/hit/evicted=0/0/0, catalogue/instance/scene builds=1/1/1, cached/scene tiles=128/121, scene 0.1 MiB, selection/detail passes=0/1, fallback ray attempts=0, GPU build/selection/detail=0.404/0.000/0.000 ms, CPU grouping=0.000 ms; atlas installed/evicted=90/90, I/O=42.387 MiB, resident=27/27
Camera preparation: wall 0.188 ms, GPU LOD 0.004 ms, plans/footprints=74/1
Slow stage: worker iteration wall 118.417 ms (inclusive)
LOD plan: sources=1591, changed finer/coarser=0/0, selected LOD-1=24
Minimap mask: 276x236, 1440000 rays, worker 32.338 ms, GPU 6.861 ms
Minimap publish: request-to-image 32.375 ms
Health t=21.144: memory ok footprint/resident 875.9/549.2 MiB, Metal allocated/recommended 680.8/18186.2 MiB, thermal=0
Health t=21.144: worker stage=render age=83.6 ms, calls=234 revision=282, submitted/completed/presented=0/0/0, stale=0 unavailable=0 refreshed=0
Health t=21.144: display stage=idle age=1.6 ms, calls=610 revision=282, submitted/completed/presented=610/610/609, stale=0 unavailable=0 refreshed=0
Health t=21.144: minimap stage=idle age=34.6 ms, calls=122 revision=0, submitted/completed/presented=122/122/122, stale=0 unavailable=0 refreshed=202
Health t=21.144: terrain stage=shadow repair age=34.6 ms
Slow stage: terrain frame wall 117.154 ms (inclusive)
Frame 284: wall 117.171 ms, GPU producer 47.696 ms, 2 producer submission(s), streaming work excluded from GPU producer timing; t=21.177, BVH resident/budget 281.8/2048.0 MiB, builds/hits/evictions=128/116/0, scene builds=85
Frame phases 284: pre-render 0.023 ms, prepare 1.531 ms, primary repair 0.000 ms, shadow repair 66.909 ms, producer wait 48.639 ms; observer=2623743.73/1100826.64/3362.40, moved=4.96 m, roam=1, replaced=0, image=1600x900, LOD=1.500, shadows=1, minimap=1
Frame work 284: BVH built/hit/evicted=0/0/0, catalogue/instance/scene builds=1/1/1, cached/scene tiles=128/121, scene 0.1 MiB, selection/detail passes=0/1, fallback ray attempts=0, GPU build/selection/detail=0.475/0.000/0.000 ms, CPU grouping=0.000 ms; atlas installed/evicted=90/90, I/O=42.387 MiB, resident=27/27
Camera preparation: wall 0.198 ms, GPU LOD 0.004 ms, plans/footprints=75/1
Slow stage: worker iteration wall 117.225 ms (inclusive)
LOD plan: sources=1591, changed finer/coarser=0/1, selected LOD-1=24
Minimap mask: 276x236, 1440000 rays, worker 17.953 ms, GPU 4.218 ms
Minimap publish: request-to-image 17.990 ms
Slow stage: terrain frame wall 120.287 ms (inclusive)
Frame 286: wall 120.300 ms, GPU producer 49.449 ms, 2 producer submission(s), streaming work excluded from GPU producer timing; t=21.298, BVH resident/budget 281.8/2048.0 MiB, builds/hits/evictions=128/116/0, scene builds=86
Frame phases 286: pre-render 0.018 ms, prepare 1.469 ms, primary repair 0.000 ms, shadow repair 68.303 ms, producer wait 50.443 ms; observer=2623747.12/1100830.16/3361.58, moved=4.89 m, roam=1, replaced=0, image=1600x900, LOD=1.500, shadows=1, minimap=1
Frame work 286: BVH built/hit/evicted=0/0/0, catalogue/instance/scene builds=1/1/1, cached/scene tiles=128/121, scene 0.1 MiB, selection/detail passes=0/1, fallback ray attempts=0, GPU build/selection/detail=0.467/0.000/0.000 ms, CPU grouping=0.000 ms; atlas installed/evicted=90/90, I/O=42.410 MiB, resident=27/27
Camera preparation: wall 0.183 ms, GPU LOD 0.003 ms, plans/footprints=76/1
Slow stage: worker iteration wall 120.367 ms (inclusive)
LOD plan: sources=1591, changed finer/coarser=0/0, selected LOD-1=24
Minimap mask: 276x236, 1440000 rays, worker 39.006 ms, GPU 6.103 ms
Minimap publish: request-to-image 39.037 ms
Slow stage: terrain frame wall 119.251 ms (inclusive)
Frame 288: wall 119.257 ms, GPU producer 49.253 ms, 2 producer submission(s), streaming work excluded from GPU producer timing; t=21.417, BVH resident/budget 281.8/2048.0 MiB, builds/hits/evictions=128/116/0, scene builds=87
Frame phases 288: pre-render 0.007 ms, prepare 1.477 ms, primary repair 0.000 ms, shadow repair 67.549 ms, producer wait 50.157 ms; observer=2623750.56/1100833.74/3360.70, moved=4.97 m, roam=1, replaced=0, image=1600x900, LOD=1.500, shadows=1, minimap=1
Frame work 288: BVH built/hit/evicted=0/0/0, catalogue/instance/scene builds=1/1/1, cached/scene tiles=128/121, scene 0.1 MiB, selection/detail passes=0/1, fallback ray attempts=0, GPU build/selection/detail=0.441/0.000/0.000 ms, CPU grouping=0.000 ms; atlas installed/evicted=89/89, I/O=42.379 MiB, resident=27/27
Camera preparation: wall 0.204 ms, GPU LOD 0.004 ms, plans/footprints=77/1
Slow stage: worker iteration wall 119.305 ms (inclusive)
LOD plan: sources=1591, changed finer/coarser=0/1, selected LOD-1=23
Minimap mask: 276x236, 1440000 rays, worker 23.046 ms, GPU 3.236 ms
Minimap publish: request-to-image 23.075 ms
Slow stage: terrain frame wall 118.844 ms (inclusive)
Frame 292: wall 118.856 ms, GPU producer 50.222 ms, 2 producer submission(s), streaming work excluded from GPU producer timing; t=21.536, BVH resident/budget 281.8/2048.0 MiB, builds/hits/evictions=128/116/0, scene builds=88
Frame phases 292: pre-render 0.018 ms, prepare 1.345 ms, primary repair 0.000 ms, shadow repair 66.214 ms, producer wait 51.205 ms; observer=2623757.37/1100840.83/3358.86, moved=9.83 m, roam=1, replaced=0, image=1600x900, LOD=1.500, shadows=1, minimap=1
Frame work 292: BVH built/hit/evicted=0/0/0, catalogue/instance/scene builds=1/1/1, cached/scene tiles=128/120, scene 0.1 MiB, selection/detail passes=0/1, fallback ray attempts=0, GPU build/selection/detail=0.451/0.000/0.000 ms, CPU grouping=0.000 ms; atlas installed/evicted=89/89, I/O=42.355 MiB, resident=27/27
Camera preparation: wall 0.158 ms, GPU LOD 0.004 ms, plans/footprints=78/1
Slow stage: worker iteration wall 118.902 ms (inclusive)
LOD plan: sources=1591, changed finer/coarser=0/0, selected LOD-1=23
Minimap mask: 276x236, 1440000 rays, worker 41.267 ms, GPU 5.882 ms
Minimap publish: request-to-image 41.299 ms
Slow stage: terrain frame wall 119.588 ms (inclusive)
Frame 294: wall 119.596 ms, GPU producer 49.318 ms, 2 producer submission(s), streaming work excluded from GPU producer timing; t=21.656, BVH resident/budget 281.8/2048.0 MiB, builds/hits/evictions=128/116/0, scene builds=89
Frame phases 294: pre-render 0.014 ms, prepare 1.513 ms, primary repair 0.000 ms, shadow repair 67.766 ms, producer wait 50.226 ms; observer=2623760.74/1100844.35/3357.90, moved=4.87 m, roam=1, replaced=0, image=1600x900, LOD=1.500, shadows=1, minimap=1
Frame work 294: BVH built/hit/evicted=0/0/0, catalogue/instance/scene builds=1/1/1, cached/scene tiles=128/120, scene 0.1 MiB, selection/detail passes=0/1, fallback ray attempts=0, GPU build/selection/detail=0.462/0.000/0.000 ms, CPU grouping=0.000 ms; atlas installed/evicted=89/89, I/O=42.379 MiB, resident=27/27
Camera preparation: wall 0.203 ms, GPU LOD 0.004 ms, plans/footprints=79/1
Slow stage: worker iteration wall 119.642 ms (inclusive)
LOD plan: sources=1591, changed finer/coarser=1/0, selected LOD-1=23
Minimap mask: 276x236, 1440000 rays, worker 29.006 ms, GPU 6.883 ms
Minimap publish: request-to-image 29.041 ms
Slow stage: primary repair wall 107.301 ms (inclusive)
Slow stage: terrain frame wall 231.268 ms (inclusive)
Frame 296: wall 231.280 ms, GPU producer 51.220 ms, 2 producer submission(s), streaming work excluded from GPU producer timing; t=21.887, BVH resident/budget 282.4/2048.0 MiB, builds/hits/evictions=129/133/0, scene builds=90
Frame phases 296: pre-render 0.019 ms, prepare 1.379 ms, primary repair 107.301 ms, shadow repair 70.374 ms, producer wait 52.137 ms; observer=2623764.14/1100847.88/3356.89, moved=4.90 m, roam=1, replaced=0, image=1600x900, LOD=1.500, shadows=1, minimap=1
Frame work 296: BVH built/hit/evicted=1/17/0, catalogue/instance/scene builds=1/17/1, cached/scene tiles=129/0, scene 0.0 MiB, selection/detail passes=17/18, fallback ray attempts=1610, GPU build/selection/detail=1.713/9.171/32.146 ms, CPU grouping=38.400 ms; atlas installed/evicted=89/89, I/O=42.567 MiB, resident=27/27
Camera preparation: wall 0.184 ms, GPU LOD 0.004 ms, plans/footprints=80/1
Slow stage: worker iteration wall 231.591 ms (inclusive)
Minimap mask: 276x236, 1440000 rays, worker 1.732 ms, GPU 1.011 ms
Minimap publish: request-to-image 1.767 ms
Health t=22.149: memory ok footprint/resident 863.4/547.2 MiB, Metal allocated/recommended 666.4/18186.2 MiB, thermal=0
Health t=22.149: worker stage=idle age=82.1 ms, calls=250 revision=296, submitted/completed/presented=0/0/0, stale=0 unavailable=0 refreshed=0
Health t=22.149: display stage=idle age=6.4 ms, calls=640 revision=296, submitted/completed/presented=640/640/639, stale=0 unavailable=0 refreshed=0
Health t=22.149: minimap stage=idle age=233.8 ms, calls=128 revision=0, submitted/completed/presented=128/128/128, stale=0 unavailable=0 refreshed=213
Health t=22.149: terrain stage=idle age=22148.9 ms
Health t=23.154: memory ok footprint/resident 861.5/545.3 MiB, Metal allocated/recommended 666.4/18186.2 MiB, thermal=0
Health t=23.154: worker stage=idle age=4.0 ms, calls=251 revision=296, submitted/completed/presented=0/0/0, stale=0 unavailable=0 refreshed=0
Health t=23.154: display stage=idle age=11.8 ms, calls=670 revision=296, submitted/completed/presented=670/670/669, stale=0 unavailable=0 refreshed=0
Health t=23.154: minimap stage=idle age=1238.9 ms, calls=128 revision=0, submitted/completed/presented=128/128/128, stale=0 unavailable=0 refreshed=213
Health t=23.154: terrain stage=idle age=23154.0 ms
LOD plan: sources=1591, changed finer/coarser=1/2, selected LOD-1=23
Slow stage: terrain frame wall 203.664 ms (inclusive)
Frame 297: wall 203.687 ms, GPU producer 82.298 ms, 2 producer submission(s), streaming work excluded from GPU producer timing; t=24.102, BVH resident/budget 282.4/2048.0 MiB, builds/hits/evictions=129/133/0, scene builds=91
Frame phases 297: pre-render 0.031 ms, prepare 32.174 ms, primary repair 0.000 ms, shadow repair 87.989 ms, producer wait 83.363 ms; observer=2623774.56/1100858.73/3353.80, moved=15.04 m, roam=1, replaced=0, image=1600x900, LOD=1.500, shadows=1, minimap=1
Frame work 297: BVH built/hit/evicted=0/0/0, catalogue/instance/scene builds=1/1/1, cached/scene tiles=129/120, scene 0.1 MiB, selection/detail passes=0/1, fallback ray attempts=0, GPU build/selection/detail=1.295/0.000/0.000 ms, CPU grouping=0.000 ms; atlas installed/evicted=88/88, I/O=42.347 MiB, resident=27/27
Camera preparation: wall 24.510 ms, GPU LOD 0.014 ms, plans/footprints=81/1
Slow stage: worker iteration wall 203.755 ms (inclusive)
LOD plan: sources=1591, changed finer/coarser=0/0, selected LOD-1=23
Minimap mask: 276x236, 1440000 rays, worker 44.805 ms, GPU 8.432 ms
Minimap publish: request-to-image 44.846 ms
Health t=24.159: memory ok footprint/resident 879.6/550.6 MiB, Metal allocated/recommended 679.5/18186.2 MiB, thermal=0
Health t=24.159: worker stage=render age=56.6 ms, calls=282 revision=297, submitted/completed/presented=0/0/0, stale=0 unavailable=0 refreshed=0
Health t=24.159: display stage=idle age=17.0 ms, calls=700 revision=297, submitted/completed/presented=700/700/698, stale=0 unavailable=0 refreshed=0
Health t=24.159: minimap stage=idle age=4.2 ms, calls=129 revision=0, submitted/completed/presented=129/129/129, stale=0 unavailable=0 refreshed=216
Health t=24.159: terrain stage=BVH detail encode/traverse age=4.2 ms
Slow stage: terrain frame wall 199.295 ms (inclusive)
Frame 301: wall 199.303 ms, GPU producer 51.065 ms, 2 producer submission(s), streaming work excluded from GPU producer timing; t=24.302, BVH resident/budget 282.6/2048.0 MiB, builds/hits/evictions=130/140/0, scene builds=92
Frame phases 301: pre-render 0.009 ms, prepare 1.556 ms, primary repair 74.943 ms, shadow repair 70.716 ms, producer wait 51.996 ms; observer=2623803.87/1100889.24/3345.05, moved=42.30 m, roam=1, replaced=0, image=1600x900, LOD=1.500, shadows=1, minimap=1
Frame work 301: BVH built/hit/evicted=1/7/0, catalogue/instance/scene builds=1/9/1, cached/scene tiles=130/0, scene 0.0 MiB, selection/detail passes=9/10, fallback ray attempts=2, GPU build/selection/detail=1.107/4.851/30.636 ms, CPU grouping=23.300 ms; atlas installed/evicted=87/87, I/O=41.845 MiB, resident=27/27
Camera preparation: wall 0.196 ms, GPU LOD 0.004 ms, plans/footprints=82/1
Slow stage: worker iteration wall 199.366 ms (inclusive)
LOD plan: sources=1591, changed finer/coarser=0/1, selected LOD-1=23
Minimap mask: 276x236, 1440000 rays, worker 43.787 ms, GPU 7.339 ms
Minimap publish: request-to-image 43.827 ms
Slow stage: terrain frame wall 128.864 ms (inclusive)
Frame 305: wall 128.873 ms, GPU producer 51.865 ms, 2 producer submission(s), streaming work excluded from GPU producer timing; t=24.431, BVH resident/budget 282.6/2048.0 MiB, builds/hits/evictions=130/140/0, scene builds=93
Frame phases 305: pre-render 0.011 ms, prepare 1.616 ms, primary repair 0.000 ms, shadow repair 74.369 ms, producer wait 52.803 ms; observer=2623833.22/1100919.79/3336.22, moved=42.38 m, roam=1, replaced=0, image=1600x900, LOD=1.500, shadows=1, minimap=1
Frame work 305: BVH built/hit/evicted=0/0/0, catalogue/instance/scene builds=1/1/1, cached/scene tiles=130/121, scene 0.1 MiB, selection/detail passes=0/1, fallback ray attempts=0, GPU build/selection/detail=0.482/0.000/0.000 ms, CPU grouping=0.000 ms; atlas installed/evicted=86/86, I/O=41.813 MiB, resident=27/27
Camera preparation: wall 0.196 ms, GPU LOD 0.004 ms, plans/footprints=83/1
Slow stage: worker iteration wall 128.921 ms (inclusive)
LOD plan: sources=1591, changed finer/coarser=1/0, selected LOD-1=23
Minimap mask: 276x236, 1440000 rays, worker 36.808 ms, GPU 5.463 ms
Minimap publish: request-to-image 36.840 ms
Slow stage: terrain frame wall 124.662 ms (inclusive)
Frame 307: wall 124.678 ms, GPU producer 49.765 ms, 2 producer submission(s), streaming work excluded from GPU producer timing; t=24.555, BVH resident/budget 282.6/2048.0 MiB, builds/hits/evictions=130/140/0, scene builds=94
Frame phases 307: pre-render 0.022 ms, prepare 1.516 ms, primary repair 0.000 ms, shadow repair 72.410 ms, producer wait 50.663 ms; observer=2623847.88/1100935.06/3331.79, moved=21.16 m, roam=1, replaced=0, image=1600x900, LOD=1.500, shadows=1, minimap=1
Frame work 307: BVH built/hit/evicted=0/0/0, catalogue/instance/scene builds=1/1/1, cached/scene tiles=130/121, scene 0.1 MiB, selection/detail passes=0/1, fallback ray attempts=0, GPU build/selection/detail=0.471/0.000/0.000 ms, CPU grouping=0.000 ms; atlas installed/evicted=87/87, I/O=41.821 MiB, resident=27/27
Camera preparation: wall 0.192 ms, GPU LOD 0.004 ms, plans/footprints=84/1
Slow stage: worker iteration wall 124.736 ms (inclusive)
LOD plan: sources=1591, changed finer/coarser=0/0, selected LOD-1=23
Minimap mask: 276x236, 1440000 rays, worker 31.990 ms, GPU 7.181 ms
Minimap publish: request-to-image 32.021 ms
Slow stage: terrain frame wall 123.054 ms (inclusive)
Frame 309: wall 123.064 ms, GPU producer 49.868 ms, 2 producer submission(s), streaming work excluded from GPU producer timing; t=24.679, BVH resident/budget 282.6/2048.0 MiB, builds/hits/evictions=130/140/0, scene builds=95
Frame phases 309: pre-render 0.017 ms, prepare 3.395 ms, primary repair 0.000 ms, shadow repair 68.789 ms, producer wait 50.798 ms; observer=2623862.58/1100950.35/3327.33, moved=21.22 m, roam=1, replaced=0, image=1600x900, LOD=1.500, shadows=1, minimap=1
Frame work 309: BVH built/hit/evicted=0/0/0, catalogue/instance/scene builds=1/1/1, cached/scene tiles=130/121, scene 0.1 MiB, selection/detail passes=0/1, fallback ray attempts=0, GPU build/selection/detail=0.455/0.000/0.000 ms, CPU grouping=0.000 ms; atlas installed/evicted=85/85, I/O=39.809 MiB, resident=27/27
Camera preparation: wall 0.183 ms, GPU LOD 0.004 ms, plans/footprints=85/1
Slow stage: worker iteration wall 123.122 ms (inclusive)
LOD plan: sources=1591, changed finer/coarser=2/1, selected LOD-1=23
Minimap mask: 276x236, 1440000 rays, worker 21.478 ms, GPU 6.683 ms
Minimap publish: request-to-image 24.624 ms
Slow stage: terrain frame wall 123.225 ms (inclusive)
Frame 311: wall 123.233 ms, GPU producer 53.466 ms, 2 producer submission(s), streaming work excluded from GPU producer timing; t=24.802, BVH resident/budget 282.6/2048.0 MiB, builds/hits/evictions=130/140/0, scene builds=96
Frame phases 311: pre-render 0.009 ms, prepare 1.515 ms, primary repair 0.000 ms, shadow repair 67.263 ms, producer wait 54.369 ms; observer=2623877.20/1100965.58/3322.87, moved=21.11 m, roam=1, replaced=0, image=1600x900, LOD=1.500, shadows=1, minimap=1
Frame work 311: BVH built/hit/evicted=0/0/0, catalogue/instance/scene builds=1/1/1, cached/scene tiles=130/121, scene 0.1 MiB, selection/detail passes=0/1, fallback ray attempts=0, GPU build/selection/detail=0.475/0.000/0.000 ms, CPU grouping=0.000 ms; atlas installed/evicted=85/85, I/O=39.809 MiB, resident=27/27
Camera preparation: wall 0.193 ms, GPU LOD 0.004 ms, plans/footprints=86/1
Slow stage: worker iteration wall 123.279 ms (inclusive)
LOD plan: sources=1591, changed finer/coarser=1/0, selected LOD-1=23
Minimap mask: 276x236, 1440000 rays, worker 45.246 ms, GPU 8.519 ms
Minimap publish: request-to-image 45.276 ms
Slow stage: terrain frame wall 127.907 ms (inclusive)
Frame 315: wall 127.919 ms, GPU producer 51.570 ms, 2 producer submission(s), streaming work excluded from GPU producer timing; t=24.930, BVH resident/budget 282.6/2048.0 MiB, builds/hits/evictions=130/140/0, scene builds=97
Frame phases 315: pre-render 0.019 ms, prepare 1.601 ms, primary repair 0.000 ms, shadow repair 73.689 ms, producer wait 52.534 ms; observer=2623906.50/1100996.08/3313.90, moved=42.29 m, roam=1, replaced=0, image=1600x900, LOD=1.500, shadows=1, minimap=1
Frame work 315: BVH built/hit/evicted=0/0/0, catalogue/instance/scene builds=1/1/1, cached/scene tiles=130/121, scene 0.1 MiB, selection/detail passes=0/1, fallback ray attempts=0, GPU build/selection/detail=0.472/0.000/0.000 ms, CPU grouping=0.000 ms; atlas installed/evicted=84/84, I/O=39.307 MiB, resident=27/27
Camera preparation: wall 0.187 ms, GPU LOD 0.003 ms, plans/footprints=87/1
Slow stage: worker iteration wall 127.983 ms (inclusive)
LOD plan: sources=1591, changed finer/coarser=1/0, selected LOD-1=23
Minimap mask: 276x236, 1440000 rays, worker 36.806 ms, GPU 6.271 ms
Minimap publish: request-to-image 36.836 ms
Slow stage: terrain frame wall 124.494 ms (inclusive)
Frame 317: wall 124.502 ms, GPU producer 50.488 ms, 2 producer submission(s), streaming work excluded from GPU producer timing; t=25.054, BVH resident/budget 282.6/2048.0 MiB, builds/hits/evictions=130/140/0, scene builds=98
Frame phases 317: pre-render 0.010 ms, prepare 1.550 ms, primary repair 0.000 ms, shadow repair 71.436 ms, producer wait 51.440 ms; observer=2623921.16/1101011.33/3309.39, moved=21.15 m, roam=1, replaced=0, image=1600x900, LOD=1.500, shadows=1, minimap=1
Frame work 317: BVH built/hit/evicted=0/0/0, catalogue/instance/scene builds=1/1/1, cached/scene tiles=130/121, scene 0.1 MiB, selection/detail passes=0/1, fallback ray attempts=0, GPU build/selection/detail=0.468/0.000/0.000 ms, CPU grouping=0.000 ms; atlas installed/evicted=85/85, I/O=39.315 MiB, resident=27/27
Camera preparation: wall 0.196 ms, GPU LOD 0.004 ms, plans/footprints=88/1
Slow stage: worker iteration wall 124.548 ms (inclusive)
LOD plan: sources=1591, changed finer/coarser=0/1, selected LOD-1=23
Minimap mask: 276x236, 1440000 rays, worker 27.697 ms, GPU 5.819 ms
Minimap publish: request-to-image 27.731 ms
Health t=25.163: memory ok footprint/resident 880.3/552.4 MiB, Metal allocated/recommended 678.7/18186.2 MiB, thermal=0
Health t=25.163: worker stage=render age=108.9 ms, calls=289 revision=317, submitted/completed/presented=0/0/0, stale=0 unavailable=0 refreshed=0
Health t=25.163: display stage=idle age=21.3 ms, calls=730 revision=317, submitted/completed/presented=730/730/729, stale=0 unavailable=0 refreshed=0
Health t=25.163: minimap stage=idle age=57.4 ms, calls=136 revision=0, submitted/completed/presented=136/136/136, stale=0 unavailable=0 refreshed=230
Health t=25.163: terrain stage=shadow repair age=57.4 ms
Slow stage: terrain frame wall 124.506 ms (inclusive)
Frame 319: wall 124.514 ms, GPU producer 50.379 ms, 2 producer submission(s), streaming work excluded from GPU producer timing; t=25.179, BVH resident/budget 282.6/2048.0 MiB, builds/hits/evictions=130/140/0, scene builds=99
Frame phases 319: pre-render 0.010 ms, prepare 1.467 ms, primary repair 0.000 ms, shadow repair 71.726 ms, producer wait 51.247 ms; observer=2623935.68/1101026.45/3304.90, moved=20.97 m, roam=1, replaced=0, image=1600x900, LOD=1.500, shadows=1, minimap=1
Frame work 319: BVH built/hit/evicted=0/0/0, catalogue/instance/scene builds=1/1/1, cached/scene tiles=130/120, scene 0.1 MiB, selection/detail passes=0/1, fallback ray attempts=0, GPU build/selection/detail=0.461/0.000/0.000 ms, CPU grouping=0.000 ms; atlas installed/evicted=85/85, I/O=39.433 MiB, resident=27/27
Camera preparation: wall 0.185 ms, GPU LOD 0.003 ms, plans/footprints=89/1
Slow stage: worker iteration wall 124.549 ms (inclusive)
LOD plan: sources=1591, changed finer/coarser=0/0, selected LOD-1=23
Minimap mask: 276x236, 1440000 rays, worker 20.488 ms, GPU 4.232 ms
Minimap publish: request-to-image 21.112 ms
Slow stage: terrain frame wall 123.960 ms (inclusive)
Frame 321: wall 123.970 ms, GPU producer 52.091 ms, 2 producer submission(s), streaming work excluded from GPU producer timing; t=25.303, BVH resident/budget 282.6/2048.0 MiB, builds/hits/evictions=130/140/0, scene builds=100
Frame phases 321: pre-render 0.019 ms, prepare 1.377 ms, primary repair 0.000 ms, shadow repair 69.402 ms, producer wait 53.110 ms; observer=2623950.45/1101041.82/3300.33, moved=21.31 m, roam=1, replaced=0, image=1600x900, LOD=1.500, shadows=1, minimap=1
Frame work 321: BVH built/hit/evicted=0/0/0, catalogue/instance/scene builds=1/1/1, cached/scene tiles=130/120, scene 0.1 MiB, selection/detail passes=0/1, fallback ray attempts=0, GPU build/selection/detail=0.462/0.000/0.000 ms, CPU grouping=0.000 ms; atlas installed/evicted=86/86, I/O=39.441 MiB, resident=27/27
Camera preparation: wall 0.171 ms, GPU LOD 0.004 ms, plans/footprints=90/1
Slow stage: worker iteration wall 124.026 ms (inclusive)
LOD plan: sources=1591, changed finer/coarser=0/3, selected LOD-1=23
Minimap mask: 276x236, 1440000 rays, worker 44.884 ms, GPU 8.775 ms
Minimap publish: request-to-image 44.915 ms
Slow stage: terrain frame wall 130.277 ms (inclusive)
Frame 325: wall 130.288 ms, GPU producer 52.084 ms, 2 producer submission(s), streaming work excluded from GPU producer timing; t=25.433, BVH resident/budget 282.6/2048.0 MiB, builds/hits/evictions=130/140/0, scene builds=101
Frame phases 325: pre-render 0.018 ms, prepare 1.427 ms, primary repair 0.000 ms, shadow repair 75.795 ms, producer wait 52.982 ms; observer=2623979.60/1101072.16/3291.25, moved=42.08 m, roam=1, replaced=0, image=1600x900, LOD=1.500, shadows=1, minimap=1
Frame work 325: BVH built/hit/evicted=0/0/0, catalogue/instance/scene builds=1/1/1, cached/scene tiles=130/120, scene 0.1 MiB, selection/detail passes=0/1, fallback ray attempts=0, GPU build/selection/detail=0.456/0.000/0.000 ms, CPU grouping=0.000 ms; atlas installed/evicted=85/85, I/O=39.410 MiB, resident=27/27
Camera preparation: wall 0.186 ms, GPU LOD 0.004 ms, plans/footprints=91/1
Slow stage: worker iteration wall 130.369 ms (inclusive)
LOD plan: sources=1591, changed finer/coarser=1/1, selected LOD-1=23
Minimap mask: 276x236, 1440000 rays, worker 41.481 ms, GPU 5.251 ms
Minimap publish: request-to-image 41.604 ms
Slow stage: terrain frame wall 212.141 ms (inclusive)
Frame 327: wall 212.155 ms, GPU producer 51.596 ms, 2 producer submission(s), streaming work excluded from GPU producer timing; t=25.646, BVH resident/budget 282.7/2048.0 MiB, builds/hits/evictions=131/154/0, scene builds=102
Frame phases 327: pre-render 0.020 ms, prepare 1.460 ms, primary repair 87.733 ms, shadow repair 70.335 ms, producer wait 52.540 ms; observer=2623994.37/1101087.54/3286.63, moved=21.33 m, roam=1, replaced=0, image=1600x900, LOD=1.500, shadows=1, minimap=1
Frame work 327: BVH built/hit/evicted=1/14/0, catalogue/instance/scene builds=1/14/1, cached/scene tiles=131/0, scene 0.0 MiB, selection/detail passes=14/15, fallback ray attempts=1624, GPU build/selection/detail=1.411/7.962/30.908 ms, CPU grouping=29.319 ms; atlas installed/evicted=85/85, I/O=39.457 MiB, resident=27/27
Camera preparation: wall 0.192 ms, GPU LOD 0.004 ms, plans/footprints=92/1
Slow stage: worker iteration wall 212.213 ms (inclusive)
LOD plan: sources=1591, changed finer/coarser=1/1, selected LOD-1=23
Minimap mask: 276x236, 1440000 rays, worker 20.637 ms, GPU 4.576 ms
Minimap publish: request-to-image 21.149 ms
Slow stage: terrain frame wall 125.097 ms (inclusive)
Frame 331: wall 125.107 ms, GPU producer 52.545 ms, 2 producer submission(s), streaming work excluded from GPU producer timing; t=25.771, BVH resident/budget 282.7/2048.0 MiB, builds/hits/evictions=131/154/0, scene builds=103
Frame phases 331: pre-render 0.021 ms, prepare 1.339 ms, primary repair 0.000 ms, shadow repair 70.275 ms, producer wait 53.408 ms; observer=2624023.65/1101118.01/3277.43, moved=42.25 m, roam=1, replaced=0, image=1600x900, LOD=1.500, shadows=1, minimap=1
Frame work 331: BVH built/hit/evicted=0/0/0, catalogue/instance/scene builds=1/1/1, cached/scene tiles=131/119, scene 0.1 MiB, selection/detail passes=0/1, fallback ray attempts=0, GPU build/selection/detail=0.431/0.000/0.000 ms, CPU grouping=0.000 ms; atlas installed/evicted=83/83, I/O=39.393 MiB, resident=27/27
Camera preparation: wall 0.175 ms, GPU LOD 0.004 ms, plans/footprints=93/1
Slow stage: worker iteration wall 125.150 ms (inclusive)
LOD plan: sources=1591, changed finer/coarser=1/1, selected LOD-1=23
Minimap mask: 276x236, 1440000 rays, worker 48.004 ms, GPU 6.781 ms
Minimap publish: request-to-image 48.038 ms
Slow stage: primary repair wall 115.984 ms (inclusive)
Slow stage: terrain frame wall 239.365 ms (inclusive)
Frame 333: wall 239.371 ms, GPU producer 52.562 ms, 2 producer submission(s), streaming work excluded from GPU producer timing; t=26.010, BVH resident/budget 283.5/2048.0 MiB, builds/hits/evictions=133/185/0, scene builds=104
Frame phases 333: pre-render 0.010 ms, prepare 1.439 ms, primary repair 115.984 ms, shadow repair 68.338 ms, producer wait 53.531 ms; observer=2624038.43/1101133.40/3272.76, moved=21.34 m, roam=1, replaced=0, image=1600x900, LOD=1.500, shadows=1, minimap=1
Frame work 333: BVH built/hit/evicted=2/31/0, catalogue/instance/scene builds=1/21/1, cached/scene tiles=133/0, scene 0.0 MiB, selection/detail passes=21/22, fallback ray attempts=7742, GPU build/selection/detail=2.378/11.831/32.306 ms, CPU grouping=41.457 ms; atlas installed/evicted=85/85, I/O=39.528 MiB, resident=27/27
Camera preparation: wall 0.190 ms, GPU LOD 0.004 ms, plans/footprints=94/1
Slow stage: worker iteration wall 239.435 ms (inclusive)
LOD plan: sources=1591, changed finer/coarser=2/1, selected LOD-1=23
Minimap mask: 276x236, 1440000 rays, worker 21.788 ms, GPU 4.686 ms
Minimap publish: request-to-image 21.819 ms
Slow stage: terrain frame wall 127.433 ms (inclusive)
Frame 339: wall 127.444 ms, GPU producer 53.569 ms, 2 producer submission(s), streaming work excluded from GPU producer timing; t=26.138, BVH resident/budget 283.5/2048.0 MiB, builds/hits/evictions=133/185/0, scene builds=105
Frame phases 339: pre-render 0.017 ms, prepare 1.444 ms, primary repair 0.000 ms, shadow repair 71.469 ms, producer wait 54.452 ms; observer=2624082.17/1101178.94/3258.93, moved=63.15 m, roam=1, replaced=0, image=1600x900, LOD=1.500, shadows=1, minimap=1
Frame work 339: BVH built/hit/evicted=0/0/0, catalogue/instance/scene builds=1/1/1, cached/scene tiles=133/120, scene 0.1 MiB, selection/detail passes=0/1, fallback ray attempts=0, GPU build/selection/detail=0.456/0.000/0.000 ms, CPU grouping=0.000 ms; atlas installed/evicted=82/82, I/O=39.362 MiB, resident=27/27
Camera preparation: wall 0.183 ms, GPU LOD 0.004 ms, plans/footprints=95/1
Slow stage: worker iteration wall 127.509 ms (inclusive)
LOD plan: sources=1591, changed finer/coarser=0/1, selected LOD-1=22
Health t=26.166: memory ok footprint/resident 893.8/555.2 MiB, Metal allocated/recommended 683.8/18186.2 MiB, thermal=0
Health t=26.166: worker stage=render age=28.4 ms, calls=296 revision=339, submitted/completed/presented=0/0/0, stale=0 unavailable=0 refreshed=0
Health t=26.166: display stage=idle age=22.9 ms, calls=760 revision=339, submitted/completed/presented=760/759/759, stale=0 unavailable=0 refreshed=0
Health t=26.166: minimap stage=mask-gpu age=22.9 ms, calls=143 revision=0, submitted/completed/presented=143/142/142, stale=0 unavailable=0 refreshed=244
Health t=26.166: terrain stage=producer wait age=26.9 ms
Minimap mask: 276x236, 1440000 rays, worker 49.564 ms, GPU 6.110 ms
Minimap publish: request-to-image 49.600 ms
Slow stage: terrain frame wall 128.608 ms (inclusive)
Frame 341: wall 128.623 ms, GPU producer 53.588 ms, 2 producer submission(s), streaming work excluded from GPU producer timing; t=26.266, BVH resident/budget 283.5/2048.0 MiB, builds/hits/evictions=133/185/0, scene builds=106
Frame phases 341: pre-render 0.021 ms, prepare 1.492 ms, primary repair 0.000 ms, shadow repair 72.486 ms, producer wait 54.547 ms; observer=2624096.68/1101194.04/3254.34, moved=20.94 m, roam=1, replaced=0, image=1600x900, LOD=1.500, shadows=1, minimap=1
Frame work 341: BVH built/hit/evicted=0/0/0, catalogue/instance/scene builds=1/1/1, cached/scene tiles=133/120, scene 0.1 MiB, selection/detail passes=0/1, fallback ray attempts=0, GPU build/selection/detail=0.472/0.000/0.000 ms, CPU grouping=0.000 ms; atlas installed/evicted=83/83, I/O=39.393 MiB, resident=27/27
Camera preparation: wall 0.199 ms, GPU LOD 0.004 ms, plans/footprints=96/1
Slow stage: worker iteration wall 128.686 ms (inclusive)
LOD plan: sources=1591, changed finer/coarser=0/1, selected LOD-1=22
Minimap mask: 276x236, 1440000 rays, worker 45.291 ms, GPU 7.341 ms
Minimap publish: request-to-image 45.326 ms
Slow stage: terrain frame wall 129.226 ms (inclusive)
Frame 343: wall 129.234 ms, GPU producer 54.129 ms, 2 producer submission(s), streaming work excluded from GPU producer timing; t=26.396, BVH resident/budget 283.5/2048.0 MiB, builds/hits/evictions=133/185/0, scene builds=107
Frame phases 343: pre-render 0.009 ms, prepare 1.428 ms, primary repair 0.000 ms, shadow repair 72.661 ms, producer wait 55.071 ms; observer=2624111.44/1101209.41/3249.67, moved=21.31 m, roam=1, replaced=0, image=1600x900, LOD=1.500, shadows=1, minimap=1
Frame work 343: BVH built/hit/evicted=0/0/0, catalogue/instance/scene builds=1/1/1, cached/scene tiles=133/120, scene 0.1 MiB, selection/detail passes=0/1, fallback ray attempts=0, GPU build/selection/detail=0.458/0.000/0.000 ms, CPU grouping=0.000 ms; atlas installed/evicted=83/83, I/O=39.393 MiB, resident=27/27
Camera preparation: wall 0.171 ms, GPU LOD 0.004 ms, plans/footprints=97/1
Slow stage: worker iteration wall 129.288 ms (inclusive)
LOD plan: sources=1591, changed finer/coarser=2/0, selected LOD-1=23
Minimap mask: 276x236, 1440000 rays, worker 40.372 ms, GPU 7.946 ms
Minimap publish: request-to-image 43.400 ms
Slow stage: primary repair wall 106.059 ms (inclusive)
Slow stage: terrain frame wall 234.447 ms (inclusive)
Frame 345: wall 234.461 ms, GPU producer 53.063 ms, 2 producer submission(s), streaming work excluded from GPU producer timing; t=26.630, BVH resident/budget 297.6/2048.0 MiB, builds/hits/evictions=137/199/0, scene builds=108
Frame phases 345: pre-render 0.020 ms, prepare 1.457 ms, primary repair 106.059 ms, shadow repair 72.780 ms, producer wait 54.068 ms; observer=2624125.96/1101224.51/3245.08, moved=20.95 m, roam=1, replaced=0, image=1600x900, LOD=1.500, shadows=1, minimap=1
Frame work 345: BVH built/hit/evicted=4/14/0, catalogue/instance/scene builds=1/14/1, cached/scene tiles=137/0, scene 0.0 MiB, selection/detail passes=14/15, fallback ray attempts=117762, GPU build/selection/detail=7.234/6.505/32.175 ms, CPU grouping=30.345 ms; atlas installed/evicted=86/86, I/O=42.025 MiB, resident=27/27
Camera preparation: wall 0.195 ms, GPU LOD 0.004 ms, plans/footprints=98/1
Slow stage: worker iteration wall 234.522 ms (inclusive)
LOD plan: sources=1591, changed finer/coarser=2/0, selected LOD-1=23
Minimap mask: 276x236, 1440000 rays, worker 41.505 ms, GPU 7.104 ms
Minimap publish: request-to-image 43.309 ms
Slow stage: terrain frame wall 213.406 ms (inclusive)
Frame 351: wall 213.422 ms, GPU producer 53.188 ms, 2 producer submission(s), streaming work excluded from GPU producer timing; t=26.844, BVH resident/budget 298.3/2048.0 MiB, builds/hits/evictions=138/208/0, scene builds=109
Frame phases 351: pre-render 0.021 ms, prepare 1.405 ms, primary repair 83.088 ms, shadow repair 74.602 ms, producer wait 54.225 ms; observer=2624169.97/1101270.33/3231.17, moved=63.53 m, roam=1, replaced=0, image=1600x900, LOD=1.500, shadows=1, minimap=1
Frame work 351: BVH built/hit/evicted=1/9/0, catalogue/instance/scene builds=1/11/1, cached/scene tiles=138/0, scene 0.0 MiB, selection/detail passes=11/12, fallback ray attempts=2, GPU build/selection/detail=1.451/6.290/31.745 ms, CPU grouping=24.555 ms; atlas installed/evicted=84/84, I/O=41.279 MiB, resident=27/27
Camera preparation: wall 0.210 ms, GPU LOD 0.004 ms, plans/footprints=99/1
Slow stage: worker iteration wall 213.488 ms (inclusive)
LOD plan: sources=1591, changed finer/coarser=2/1, selected LOD-1=23
Minimap mask: 276x236, 1440000 rays, worker 22.588 ms, GPU 4.893 ms
Minimap publish: request-to-image 26.497 ms
Slow stage: primary repair wall 114.690 ms (inclusive)
Slow stage: terrain frame wall 242.852 ms (inclusive)
Frame 355: wall 242.862 ms, GPU producer 54.293 ms, 2 producer submission(s), streaming work excluded from GPU producer timing; t=27.087, BVH resident/budget 300.8/2048.0 MiB, builds/hits/evictions=139/225/0, scene builds=110
Frame phases 355: pre-render 0.013 ms, prepare 1.466 ms, primary repair 114.690 ms, shadow repair 71.351 ms, producer wait 55.265 ms; observer=2624199.24/1101300.80/3221.93, moved=42.25 m, roam=1, replaced=0, image=1600x900, LOD=1.500, shadows=1, minimap=1
Frame work 355: BVH built/hit/evicted=1/17/0, catalogue/instance/scene builds=1/17/1, cached/scene tiles=139/0, scene 0.0 MiB, selection/detail passes=17/18, fallback ray attempts=4548, GPU build/selection/detail=2.704/8.876/30.534 ms, CPU grouping=40.416 ms; atlas installed/evicted=84/84, I/O=41.773 MiB, resident=27/27
Camera preparation: wall 0.201 ms, GPU LOD 0.004 ms, plans/footprints=100/1
Slow stage: worker iteration wall 242.941 ms (inclusive)
LOD plan: sources=1591, changed finer/coarser=1/0, selected LOD-1=23
Minimap mask: 276x236, 1440000 rays, worker 33.560 ms, GPU 5.026 ms
Minimap publish: request-to-image 33.596 ms
Health t=27.169: memory ok footprint/resident 903.9/562.0 MiB, Metal allocated/recommended 696.2/18186.2 MiB, thermal=0
Health t=27.169: worker stage=render age=82.0 ms, calls=301 revision=355, submitted/completed/presented=0/0/0, stale=0 unavailable=0 refreshed=0
Health t=27.169: display stage=idle age=26.6 ms, calls=790 revision=355, submitted/completed/presented=790/790/789, stale=0 unavailable=0 refreshed=0
Health t=27.169: minimap stage=idle age=25.0 ms, calls=148 revision=0, submitted/completed/presented=148/148/148, stale=0 unavailable=0 refreshed=254
Health t=27.169: terrain stage=shadow repair age=25.0 ms
Slow stage: terrain frame wall 134.154 ms (inclusive)
Frame 359: wall 134.167 ms, GPU producer 53.730 ms, 2 producer submission(s), streaming work excluded from GPU producer timing; t=27.221, BVH resident/budget 300.8/2048.0 MiB, builds/hits/evictions=139/225/0, scene builds=111
Frame phases 359: pre-render 0.020 ms, prepare 3.594 ms, primary repair 0.000 ms, shadow repair 75.772 ms, producer wait 54.709 ms; observer=2624228.51/1101331.28/3212.76, moved=42.27 m, roam=1, replaced=0, image=1600x900, LOD=1.500, shadows=1, minimap=1
Frame work 359: BVH built/hit/evicted=0/0/0, catalogue/instance/scene builds=1/1/1, cached/scene tiles=139/122, scene 0.1 MiB, selection/detail passes=0/1, fallback ray attempts=0, GPU build/selection/detail=0.417/0.000/0.000 ms, CPU grouping=0.000 ms; atlas installed/evicted=83/83, I/O=41.153 MiB, resident=27/27
Camera preparation: wall 0.185 ms, GPU LOD 0.004 ms, plans/footprints=101/1
Slow stage: worker iteration wall 134.229 ms (inclusive)
LOD plan: sources=1591, changed finer/coarser=3/1, selected LOD-1=23
Minimap mask: 276x236, 1440000 rays, worker 29.707 ms, GPU 6.362 ms
Minimap publish: request-to-image 29.778 ms
Slow stage: primary repair wall 113.168 ms (inclusive)
Slow stage: terrain frame wall 240.803 ms (inclusive)
Frame 363: wall 240.817 ms, GPU producer 53.445 ms, 2 producer submission(s), streaming work excluded from GPU producer timing; t=27.462, BVH resident/budget 303.6/2048.0 MiB, builds/hits/evictions=141/245/0, scene builds=112
Frame phases 363: pre-render 0.020 ms, prepare 1.398 ms, primary repair 113.168 ms, shadow repair 71.723 ms, producer wait 54.424 ms; observer=2624257.79/1101361.79/3203.72, moved=42.28 m, roam=1, replaced=0, image=1600x900, LOD=1.500, shadows=1, minimap=1
Frame work 363: BVH built/hit/evicted=2/20/0, catalogue/instance/scene builds=1/18/1, cached/scene tiles=141/0, scene 0.0 MiB, selection/detail passes=18/19, fallback ray attempts=14086, GPU build/selection/detail=2.965/9.964/30.391 ms, CPU grouping=38.956 ms; atlas installed/evicted=85/85, I/O=42.181 MiB, resident=27/27
Camera preparation: wall 0.172 ms, GPU LOD 0.004 ms, plans/footprints=102/1
Slow stage: worker iteration wall 240.882 ms (inclusive)
LOD plan: sources=1591, changed finer/coarser=1/0, selected LOD-1=23
Minimap mask: 276x236, 1440000 rays, worker 37.137 ms, GPU 5.606 ms
Minimap publish: request-to-image 37.168 ms
Slow stage: primary repair wall 116.163 ms (inclusive)
Slow stage: terrain frame wall 241.455 ms (inclusive)
Frame 367: wall 241.466 ms, GPU producer 51.805 ms, 2 producer submission(s), streaming work excluded from GPU producer timing; t=27.703, BVH resident/budget 306.1/2048.0 MiB, builds/hits/evictions=142/269/0, scene builds=113
Frame phases 367: pre-render 0.015 ms, prepare 1.485 ms, primary repair 116.163 ms, shadow repair 70.148 ms, producer wait 53.595 ms; observer=2624286.94/1101392.18/3194.86, moved=42.11 m, roam=1, replaced=0, image=1600x900, LOD=1.500, shadows=1, minimap=1
Frame work 367: BVH built/hit/evicted=1/24/0, catalogue/instance/scene builds=1/19/1, cached/scene tiles=142/0, scene 0.0 MiB, selection/detail passes=19/20, fallback ray attempts=20278, GPU build/selection/detail=2.563/9.683/32.216 ms, CPU grouping=42.198 ms; atlas installed/evicted=81/81, I/O=39.893 MiB, resident=27/27
Camera preparation: wall 0.208 ms, GPU LOD 0.004 ms, plans/footprints=103/1
Slow stage: worker iteration wall 241.530 ms (inclusive)
LOD plan: sources=1591, changed finer/coarser=0/0, selected LOD-1=23
Frame 373: wall 54.771 ms, GPU producer 53.077 ms, 1 producer submission(s), resident trace and presentation combined; t=27.758, BVH resident/budget 306.1/2048.0 MiB, builds/hits/evictions=142/269/0, scene builds=114
Frame phases 373: pre-render 0.007 ms, prepare 1.408 ms, primary repair 0.000 ms, shadow repair 0.000 ms, producer wait 53.326 ms; observer=2624330.99/1101438.15/3181.72, moved=63.67 m, roam=1, replaced=0, image=1600x900, LOD=1.500, shadows=1, minimap=1
Frame work 373: BVH built/hit/evicted=0/0/0, catalogue/instance/scene builds=1/1/1, cached/scene tiles=142/122, scene 0.1 MiB, selection/detail passes=0/1, fallback ray attempts=0, GPU build/selection/detail=0.438/0.000/0.000 ms, CPU grouping=0.000 ms; atlas installed/evicted=0/0, I/O=0.000 MiB, resident=27/27
Camera preparation: wall 0.205 ms, GPU LOD 0.004 ms, plans/footprints=104/1
Minimap mask: 276x236, 1440000 rays, worker 46.448 ms, GPU 11.213 ms
Minimap publish: request-to-image 46.538 ms
Minimap mask: 276x236, 1440000 rays, worker 2.077 ms, GPU 1.039 ms
Minimap publish: request-to-image 2.594 ms
Frame 374: wall 54.308 ms, GPU producer 51.852 ms, 1 producer submission(s), resident trace and presentation combined; t=27.852, BVH resident/budget 306.1/2048.0 MiB, builds/hits/evictions=142/269/0, scene builds=114
Frame phases 374: pre-render 0.003 ms, prepare 0.087 ms, primary repair 0.000 ms, shadow repair 0.000 ms, producer wait 54.170 ms; observer=2624330.99/1101438.15/3181.72, moved=0.00 m, roam=0, replaced=0, image=1600x900, LOD=1.500, shadows=1, minimap=1
Frame work 374: BVH built/hit/evicted=0/0/0, catalogue/instance/scene builds=0/0/0, cached/scene tiles=142/122, scene 0.1 MiB, selection/detail passes=0/1, fallback ray attempts=0, GPU build/selection/detail=0.000/0.000/0.000 ms, CPU grouping=0.000 ms; atlas installed/evicted=0/0, I/O=0.000 MiB, resident=27/27
Camera preparation: wall 0.001 ms, GPU LOD 0.000 ms, plans/footprints=104/1
LOD plan: sources=1591, changed finer/coarser=1/0, selected LOD-1=23
Frame 375: wall 56.443 ms, GPU producer 54.247 ms, 1 producer submission(s), resident trace and presentation combined; t=27.909, BVH resident/budget 306.1/2048.0 MiB, builds/hits/evictions=142/269/0, scene builds=115
Frame phases 375: pre-render 0.013 ms, prepare 1.821 ms, primary repair 0.000 ms, shadow repair 0.000 ms, producer wait 54.557 ms; observer=2624345.58/1101453.39/3177.43, moved=21.10 m, roam=1, replaced=0, image=1600x900, LOD=1.500, shadows=1, minimap=1
Frame work 375: BVH built/hit/evicted=0/0/0, catalogue/instance/scene builds=1/1/1, cached/scene tiles=142/121, scene 0.1 MiB, selection/detail passes=0/1, fallback ray attempts=0, GPU build/selection/detail=0.469/0.000/0.000 ms, CPU grouping=0.000 ms; atlas installed/evicted=0/0, I/O=0.000 MiB, resident=27/27
Camera preparation: wall 0.227 ms, GPU LOD 0.004 ms, plans/footprints=105/1
Minimap mask: 276x236, 1440000 rays, worker 31.690 ms, GPU 3.058 ms
Minimap publish: request-to-image 31.839 ms
LOD plan: sources=1591, changed finer/coarser=0/0, selected LOD-1=23
Frame 377: wall 57.118 ms, GPU producer 54.597 ms, 1 producer submission(s), resident trace and presentation combined; t=27.966, BVH resident/budget 306.1/2048.0 MiB, builds/hits/evictions=142/269/0, scene builds=116
Frame phases 377: pre-render 0.012 ms, prepare 2.175 ms, primary repair 0.000 ms, shadow repair 0.000 ms, producer wait 54.867 ms; observer=2624360.32/1101468.79/3173.13, moved=21.31 m, roam=1, replaced=0, image=1600x900, LOD=1.500, shadows=1, minimap=1
Frame work 377: BVH built/hit/evicted=0/0/0, catalogue/instance/scene builds=1/1/1, cached/scene tiles=142/121, scene 0.1 MiB, selection/detail passes=0/1, fallback ray attempts=0, GPU build/selection/detail=0.416/0.000/0.000 ms, CPU grouping=0.000 ms; atlas installed/evicted=0/0, I/O=0.000 MiB, resident=27/27
Camera preparation: wall 0.251 ms, GPU LOD 0.004 ms, plans/footprints=106/1
Minimap mask: 276x236, 1440000 rays, worker 53.524 ms, GPU 10.790 ms
Minimap publish: request-to-image 53.661 ms
Minimap mask: 276x236, 1440000 rays, worker 3.023 ms, GPU 1.275 ms
Minimap publish: request-to-image 3.202 ms
Frame 378: wall 54.691 ms, GPU producer 51.290 ms, 1 producer submission(s), resident trace and presentation combined; t=28.052, BVH resident/budget 306.1/2048.0 MiB, builds/hits/evictions=142/269/0, scene builds=116
Frame phases 378: pre-render 0.010 ms, prepare 0.148 ms, primary repair 0.000 ms, shadow repair 0.000 ms, producer wait 54.431 ms; observer=2624360.32/1101468.79/3173.13, moved=0.00 m, roam=0, replaced=0, image=1600x900, LOD=1.500, shadows=1, minimap=1
Frame work 378: BVH built/hit/evicted=0/0/0, catalogue/instance/scene builds=0/0/0, cached/scene tiles=142/121, scene 0.1 MiB, selection/detail passes=0/1, fallback ray attempts=0, GPU build/selection/detail=0.000/0.000/0.000 ms, CPU grouping=0.000 ms; atlas installed/evicted=0/0, I/O=0.000 MiB, resident=27/27
Camera preparation: wall 0.001 ms, GPU LOD 0.000 ms, plans/footprints=106/1
LOD plan: sources=1591, changed finer/coarser=1/0, selected LOD-1=23
Frame 379: wall 56.191 ms, GPU producer 53.668 ms, 1 producer submission(s), resident trace and presentation combined; t=28.109, BVH resident/budget 306.1/2048.0 MiB, builds/hits/evictions=142/269/0, scene builds=117
Frame phases 379: pre-render 0.007 ms, prepare 2.123 ms, primary repair 0.000 ms, shadow repair 0.000 ms, producer wait 53.987 ms; observer=2624374.87/1101483.99/3168.92, moved=21.05 m, roam=1, replaced=0, image=1600x900, LOD=1.500, shadows=1, minimap=1
Frame work 379: BVH built/hit/evicted=0/0/0, catalogue/instance/scene builds=1/1/1, cached/scene tiles=142/121, scene 0.1 MiB, selection/detail passes=0/1, fallback ray attempts=0, GPU build/selection/detail=0.475/0.000/0.000 ms, CPU grouping=0.000 ms; atlas installed/evicted=0/0, I/O=0.000 MiB, resident=27/27
Camera preparation: wall 0.251 ms, GPU LOD 0.004 ms, plans/footprints=107/1
Minimap mask: 276x236, 1440000 rays, worker 30.285 ms, GPU 4.723 ms
Minimap publish: request-to-image 30.365 ms
LOD plan: sources=1591, changed finer/coarser=0/1, selected LOD-1=23
Minimap mask: 276x236, 1440000 rays, worker 52.946 ms, GPU 10.552 ms
Minimap publish: request-to-image 52.989 ms
Health t=28.174: memory ok footprint/resident 907.5/562.0 MiB, Metal allocated/recommended 703.6/18186.2 MiB, thermal=0
Health t=28.174: worker stage=render age=65.1 ms, calls=310 revision=379, submitted/completed/presented=0/0/0, stale=0 unavailable=0 refreshed=0
Health t=28.174: display stage=idle age=31.7 ms, calls=820 revision=379, submitted/completed/presented=820/820/819, stale=0 unavailable=0 refreshed=0
Health t=28.174: minimap stage=idle age=8.0 ms, calls=157 revision=0, submitted/completed/presented=157/157/157, stale=0 unavailable=0 refreshed=266
Health t=28.174: terrain stage=BVH detail encode/traverse age=8.0 ms
Slow stage: terrain frame wall 205.270 ms (inclusive)
Frame 381: wall 205.284 ms, GPU producer 55.054 ms, 2 producer submission(s), streaming work excluded from GPU producer timing; t=28.314, BVH resident/budget 306.8/2048.0 MiB, builds/hits/evictions=143/276/0, scene builds=118
Frame phases 381: pre-render 0.017 ms, prepare 2.268 ms, primary repair 77.030 ms, shadow repair 69.782 ms, producer wait 56.073 ms; observer=2624389.64/1101499.44/3164.68, moved=21.38 m, roam=1, replaced=0, image=1600x900, LOD=1.500, shadows=1, minimap=1
Frame work 381: BVH built/hit/evicted=1/7/0, catalogue/instance/scene builds=1/9/1, cached/scene tiles=143/0, scene 0.0 MiB, selection/detail passes=9/10, fallback ray attempts=2, GPU build/selection/detail=1.321/4.434/29.368 ms, CPU grouping=24.779 ms; atlas installed/evicted=81/81, I/O=35.667 MiB, resident=27/27
Camera preparation: wall 0.240 ms, GPU LOD 0.004 ms, plans/footprints=108/1
Slow stage: worker iteration wall 205.357 ms (inclusive)
LOD plan: sources=1591, changed finer/coarser=0/2, selected LOD-1=23
Frame 385: wall 53.665 ms, GPU producer 50.064 ms, 1 producer submission(s), resident trace and presentation combined; t=28.368, BVH resident/budget 306.8/2048.0 MiB, builds/hits/evictions=143/276/0, scene builds=119
Frame phases 385: pre-render 0.038 ms, prepare 3.360 ms, primary repair 0.000 ms, shadow repair 0.000 ms, producer wait 50.234 ms; observer=2624418.90/1101530.05/3156.38, moved=42.34 m, roam=1, replaced=0, image=1600x900, LOD=1.500, shadows=1, minimap=1
Frame work 385: BVH built/hit/evicted=0/0/0, catalogue/instance/scene builds=1/1/1, cached/scene tiles=143/122, scene 0.1 MiB, selection/detail passes=0/1, fallback ray attempts=0, GPU build/selection/detail=0.435/0.000/0.000 ms, CPU grouping=0.000 ms; atlas installed/evicted=0/0, I/O=0.000 MiB, resident=27/27
Camera preparation: wall 0.177 ms, GPU LOD 0.004 ms, plans/footprints=109/1
Minimap mask: 276x236, 1440000 rays, worker 21.889 ms, GPU 6.838 ms
Minimap publish: request-to-image 23.931 ms
Minimap mask: 276x236, 1440000 rays, worker 1.773 ms, GPU 1.010 ms
Minimap publish: request-to-image 2.595 ms
Frame 386: wall 52.314 ms, GPU producer 50.508 ms, 1 producer submission(s), resident trace and presentation combined; t=28.450, BVH resident/budget 306.8/2048.0 MiB, builds/hits/evictions=143/276/0, scene builds=119
Frame phases 386: pre-render 0.003 ms, prepare 0.099 ms, primary repair 0.000 ms, shadow repair 0.000 ms, producer wait 52.165 ms; observer=2624418.90/1101530.05/3156.38, moved=0.00 m, roam=0, replaced=0, image=1600x900, LOD=1.500, shadows=1, minimap=1
Frame work 386: BVH built/hit/evicted=0/0/0, catalogue/instance/scene builds=0/0/0, cached/scene tiles=143/122, scene 0.1 MiB, selection/detail passes=0/1, fallback ray attempts=0, GPU build/selection/detail=0.000/0.000/0.000 ms, CPU grouping=0.000 ms; atlas installed/evicted=0/0, I/O=0.000 MiB, resident=27/27
Camera preparation: wall 0.001 ms, GPU LOD 0.000 ms, plans/footprints=109/1
LOD plan: sources=1591, changed finer/coarser=0/0, selected LOD-1=23
Frame 387: wall 55.695 ms, GPU producer 53.511 ms, 1 producer submission(s), resident trace and presentation combined; t=28.506, BVH resident/budget 306.8/2048.0 MiB, builds/hits/evictions=143/276/0, scene builds=120
Frame phases 387: pre-render 0.011 ms, prepare 1.860 ms, primary repair 0.000 ms, shadow repair 0.000 ms, producer wait 53.770 ms; observer=2624433.55/1101545.38/3152.27, moved=21.20 m, roam=1, replaced=0, image=1600x900, LOD=1.500, shadows=1, minimap=1
Frame work 387: BVH built/hit/evicted=0/0/0, catalogue/instance/scene builds=1/1/1, cached/scene tiles=143/122, scene 0.1 MiB, selection/detail passes=0/1, fallback ray attempts=0, GPU build/selection/detail=0.462/0.000/0.000 ms, CPU grouping=0.000 ms; atlas installed/evicted=0/0, I/O=0.000 MiB, resident=27/27
Camera preparation: wall 0.226 ms, GPU LOD 0.004 ms, plans/footprints=110/1
Minimap mask: 276x236, 1440000 rays, worker 28.783 ms, GPU 5.509 ms
Minimap publish: request-to-image 28.903 ms
LOD plan: sources=1591, changed finer/coarser=2/1, selected LOD-1=24
Minimap mask: 276x236, 1440000 rays, worker 46.647 ms, GPU 10.830 ms
Minimap publish: request-to-image 46.695 ms
Slow stage: primary repair wall 152.337 ms (inclusive)
Slow stage: terrain frame wall 272.166 ms (inclusive)
Frame 389: wall 272.184 ms, GPU producer 50.808 ms, 2 producer submission(s), streaming work excluded from GPU producer timing; t=28.778, BVH resident/budget 317.7/2048.0 MiB, builds/hits/evictions=145/329/0, scene builds=121
Frame phases 389: pre-render 0.024 ms, prepare 1.930 ms, primary repair 152.337 ms, shadow repair 66.031 ms, producer wait 51.771 ms; observer=2624448.52/1101561.05/3148.11, moved=21.67 m, roam=1, replaced=0, image=1600x900, LOD=1.500, shadows=1, minimap=1
Frame work 389: BVH built/hit/evicted=2/53/0, catalogue/instance/scene builds=1/23/1, cached/scene tiles=145/0, scene 0.0 MiB, selection/detail passes=23/24, fallback ray attempts=198482, GPU build/selection/detail=6.721/13.894/32.845 ms, CPU grouping=60.998 ms; atlas installed/evicted=82/82, I/O=37.295 MiB, resident=27/27
Camera preparation: wall 0.260 ms, GPU LOD 0.004 ms, plans/footprints=111/1
Slow stage: worker iteration wall 272.247 ms (inclusive)
LOD plan: sources=1591, changed finer/coarser=4/1, selected LOD-1=24
Minimap mask: 276x236, 1440000 rays, worker 20.300 ms, GPU 4.470 ms
Minimap publish: request-to-image 24.771 ms
Slow stage: terrain frame wall 185.639 ms (inclusive)
Frame 393: wall 185.647 ms, GPU producer 52.679 ms, 2 producer submission(s), streaming work excluded from GPU producer timing; t=28.964, BVH resident/budget 317.8/2048.0 MiB, builds/hits/evictions=146/335/0, scene builds=122
Frame phases 393: pre-render 0.010 ms, prepare 1.353 ms, primary repair 58.051 ms, shadow repair 72.555 ms, producer wait 53.609 ms; observer=2624477.59/1101591.51/3140.13, moved=42.11 m, roam=1, replaced=0, image=1600x900, LOD=1.500, shadows=1, minimap=1
Frame work 393: BVH built/hit/evicted=1/6/0, catalogue/instance/scene builds=1/6/1, cached/scene tiles=146/0, scene 0.0 MiB, selection/detail passes=6/7, fallback ray attempts=106, GPU build/selection/detail=0.907/2.569/29.738 ms, CPU grouping=15.465 ms; atlas installed/evicted=82/82, I/O=37.225 MiB, resident=27/27
Camera preparation: wall 0.183 ms, GPU LOD 0.004 ms, plans/footprints=112/1
Slow stage: worker iteration wall 185.712 ms (inclusive)
LOD plan: sources=1591, changed finer/coarser=0/1, selected LOD-1=24
Frame 397: wall 52.466 ms, GPU producer 50.656 ms, 1 producer submission(s), resident trace and presentation combined; t=29.016, BVH resident/budget 317.8/2048.0 MiB, builds/hits/evictions=146/335/0, scene builds=123
Frame phases 397: pre-render 0.007 ms, prepare 1.523 ms, primary repair 0.000 ms, shadow repair 0.000 ms, producer wait 50.896 ms; observer=2624506.95/1101622.29/3132.20, moved=42.53 m, roam=1, replaced=0, image=1600x900, LOD=1.500, shadows=1, minimap=1
Frame work 397: BVH built/hit/evicted=0/0/0, catalogue/instance/scene builds=1/1/1, cached/scene tiles=146/122, scene 0.1 MiB, selection/detail passes=0/1, fallback ray attempts=0, GPU build/selection/detail=0.462/0.000/0.000 ms, CPU grouping=0.000 ms; atlas installed/evicted=0/0, I/O=0.000 MiB, resident=27/27
Minimap mask: 276x236, 1440000 rays, worker 37.575 ms, GPU 5.613 ms
Camera preparation: wall 0.197 ms, GPU LOD 0.004 ms, plans/footprints=113/1
Minimap publish: request-to-image 37.672 ms
LOD plan: sources=1591, changed finer/coarser=0/0, selected LOD-1=24
Frame 399: wall 54.730 ms, GPU producer 52.782 ms, 1 producer submission(s), resident trace and presentation combined; t=29.071, BVH resident/budget 317.8/2048.0 MiB, builds/hits/evictions=146/335/0, scene builds=124
Frame phases 399: pre-render 0.009 ms, prepare 1.614 ms, primary repair 0.000 ms, shadow repair 0.000 ms, producer wait 53.066 ms; observer=2624521.63/1101637.68/3128.28, moved=21.27 m, roam=1, replaced=0, image=1600x900, LOD=1.500, shadows=1, minimap=1
Frame work 399: BVH built/hit/evicted=0/0/0, catalogue/instance/scene builds=1/1/1, cached/scene tiles=146/122, scene 0.1 MiB, selection/detail passes=0/1, fallback ray attempts=0, GPU build/selection/detail=0.457/0.000/0.000 ms, CPU grouping=0.000 ms; atlas installed/evicted=0/0, I/O=0.000 MiB, resident=27/27
Camera preparation: wall 0.183 ms, GPU LOD 0.004 ms, plans/footprints=114/1
Minimap mask: 276x236, 1440000 rays, worker 25.133 ms, GPU 2.992 ms
Minimap publish: request-to-image 25.208 ms
Minimap mask: 276x236, 1440000 rays, worker 2.646 ms, GPU 1.001 ms
Minimap publish: request-to-image 2.677 ms
Frame 400: wall 51.821 ms, GPU producer 50.987 ms, 1 producer submission(s), resident trace and presentation combined; t=29.150, BVH resident/budget 317.8/2048.0 MiB, builds/hits/evictions=146/335/0, scene builds=124
Frame phases 400: pre-render 0.006 ms, prepare 0.134 ms, primary repair 0.000 ms, shadow repair 0.000 ms, producer wait 51.621 ms; observer=2624521.63/1101637.68/3128.28, moved=0.00 m, roam=0, replaced=0, image=1600x900, LOD=1.500, shadows=1, minimap=1
Frame work 400: BVH built/hit/evicted=0/0/0, catalogue/instance/scene builds=0/0/0, cached/scene tiles=146/122, scene 0.1 MiB, selection/detail passes=0/1, fallback ray attempts=0, GPU build/selection/detail=0.000/0.000/0.000 ms, CPU grouping=0.000 ms; atlas installed/evicted=0/0, I/O=0.000 MiB, resident=27/27
Camera preparation: wall 0.001 ms, GPU LOD 0.000 ms, plans/footprints=114/1
LOD plan: sources=1591, changed finer/coarser=0/0, selected LOD-1=24
Health t=29.179: memory ok footprint/resident 928.4/567.2 MiB, Metal allocated/recommended 715.4/18186.2 MiB, thermal=0
Health t=29.179: worker stage=render age=28.7 ms, calls=319 revision=400, submitted/completed/presented=0/0/0, stale=0 unavailable=0 refreshed=0
Health t=29.179: display stage=idle age=0.6 ms, calls=851 revision=400, submitted/completed/presented=851/850/849, stale=0 unavailable=0 refreshed=0
Health t=29.179: minimap stage=mask-gpu age=1.2 ms, calls=166 revision=0, submitted/completed/presented=166/165/165, stale=0 unavailable=0 refreshed=278
Health t=29.179: terrain stage=producer wait age=26.8 ms
Frame 401: wall 54.787 ms, GPU producer 52.542 ms, 1 producer submission(s), resident trace and presentation combined; t=29.205, BVH resident/budget 317.8/2048.0 MiB, builds/hits/evictions=146/335/0, scene builds=125
Frame phases 401: pre-render 0.010 ms, prepare 1.844 ms, primary repair 0.000 ms, shadow repair 0.000 ms, producer wait 52.881 ms; observer=2624536.30/1101653.09/3124.40, moved=21.28 m, roam=1, replaced=0, image=1600x900, LOD=1.500, shadows=1, minimap=1
Frame work 401: BVH built/hit/evicted=0/0/0, catalogue/instance/scene builds=1/1/1, cached/scene tiles=146/122, scene 0.1 MiB, selection/detail passes=0/1, fallback ray attempts=0, GPU build/selection/detail=0.465/0.000/0.000 ms, CPU grouping=0.000 ms; atlas installed/evicted=0/0, I/O=0.000 MiB, resident=27/27
Camera preparation: wall 0.234 ms, GPU LOD 0.004 ms, plans/footprints=115/1
Minimap mask: 276x236, 1440000 rays, worker 27.280 ms, GPU 5.186 ms
Minimap publish: request-to-image 27.410 ms
LOD plan: sources=1591, changed finer/coarser=1/1, selected LOD-1=24
Minimap mask: 276x236, 1440000 rays, worker 47.310 ms, GPU 5.129 ms
Minimap publish: request-to-image 47.359 ms
Slow stage: terrain frame wall 209.078 ms (inclusive)
Frame 403: wall 209.092 ms, GPU producer 52.742 ms, 2 producer submission(s), streaming work excluded from GPU producer timing; t=29.414, BVH resident/budget 318.5/2048.0 MiB, builds/hits/evictions=147/341/0, scene builds=126
Frame phases 403: pre-render 0.020 ms, prepare 1.898 ms, primary repair 77.245 ms, shadow repair 76.035 ms, producer wait 53.807 ms; observer=2624550.99/1101668.50/3120.55, moved=21.29 m, roam=1, replaced=0, image=1600x900, LOD=1.500, shadows=1, minimap=1
Frame work 403: BVH built/hit/evicted=1/6/0, catalogue/instance/scene builds=1/8/1, cached/scene tiles=147/0, scene 0.0 MiB, selection/detail passes=8/9, fallback ray attempts=2, GPU build/selection/detail=1.301/4.139/29.061 ms, CPU grouping=23.936 ms; atlas installed/evicted=81/81, I/O=37.287 MiB, resident=27/27
Camera preparation: wall 0.218 ms, GPU LOD 0.004 ms, plans/footprints=116/1
Slow stage: worker iteration wall 209.156 ms (inclusive)
LOD plan: sources=1591, changed finer/coarser=3/2, selected LOD-1=26
Minimap mask: 276x236, 1440000 rays, worker 18.116 ms, GPU 5.655 ms
Minimap publish: request-to-image 18.151 ms
Slow stage: primary repair wall 106.454 ms (inclusive)
Slow stage: terrain frame wall 227.933 ms (inclusive)
Frame 407: wall 227.942 ms, GPU producer 48.679 ms, 2 producer submission(s), streaming work excluded from GPU producer timing; t=29.642, BVH resident/budget 328.7/2048.0 MiB, builds/hits/evictions=148/360/0, scene builds=127
Frame phases 407: pre-render 0.016 ms, prepare 1.556 ms, primary repair 106.454 ms, shadow repair 70.112 ms, producer wait 49.730 ms; observer=2624580.35/1101699.33/3112.95, moved=42.58 m, roam=1, replaced=0, image=1600x900, LOD=1.500, shadows=1, minimap=1
Frame work 407: BVH built/hit/evicted=1/19/0, catalogue/instance/scene builds=1/15/1, cached/scene tiles=148/0, scene 0.0 MiB, selection/detail passes=15/16, fallback ray attempts=90224, GPU build/selection/detail=5.113/8.316/31.292 ms, CPU grouping=34.752 ms; atlas installed/evicted=78/78, I/O=40.102 MiB, resident=27/27
Camera preparation: wall 0.208 ms, GPU LOD 0.004 ms, plans/footprints=117/1
Slow stage: worker iteration wall 228.088 ms (inclusive)
LOD plan: sources=1591, changed finer/coarser=1/1, selected LOD-1=26
Minimap mask: 276x236, 1440000 rays, worker 15.140 ms, GPU 5.019 ms
Minimap publish: request-to-image 15.172 ms
Slow stage: terrain frame wall 117.992 ms (inclusive)
Frame 411: wall 118.011 ms, GPU producer 50.555 ms, 2 producer submission(s), streaming work excluded from GPU producer timing; t=29.760, BVH resident/budget 328.7/2048.0 MiB, builds/hits/evictions=148/360/0, scene builds=128
Frame phases 411: pre-render 0.026 ms, prepare 1.573 ms, primary repair 0.000 ms, shadow repair 64.797 ms, producer wait 51.553 ms; observer=2624609.72/1101730.21/3105.48, moved=42.61 m, roam=1, replaced=0, image=1600x900, LOD=1.500, shadows=1, minimap=1
Frame work 411: BVH built/hit/evicted=0/0/0, catalogue/instance/scene builds=1/1/1, cached/scene tiles=148/122, scene 0.1 MiB, selection/detail passes=0/1, fallback ray attempts=0, GPU build/selection/detail=0.484/0.000/0.000 ms, CPU grouping=0.000 ms; atlas installed/evicted=78/78, I/O=40.102 MiB, resident=27/27
Camera preparation: wall 0.237 ms, GPU LOD 0.008 ms, plans/footprints=118/1
Slow stage: worker iteration wall 118.075 ms (inclusive)
LOD plan: sources=1591, changed finer/coarser=1/1, selected LOD-1=26
Minimap mask: 276x236, 1440000 rays, worker 32.805 ms, GPU 5.530 ms
Minimap publish: request-to-image 32.842 ms
Slow stage: terrain frame wall 119.996 ms (inclusive)
Frame 413: wall 120.013 ms, GPU producer 50.042 ms, 2 producer submission(s), streaming work excluded from GPU producer timing; t=29.880, BVH resident/budget 328.7/2048.0 MiB, builds/hits/evictions=148/360/0, scene builds=129
Frame phases 413: pre-render 0.024 ms, prepare 1.534 ms, primary repair 0.000 ms, shadow repair 67.304 ms, producer wait 51.082 ms; observer=2624624.41/1101745.65/3101.80, moved=21.31 m, roam=1, replaced=0, image=1600x900, LOD=1.500, shadows=1, minimap=1
Frame work 413: BVH built/hit/evicted=0/0/0, catalogue/instance/scene builds=1/1/1, cached/scene tiles=148/122, scene 0.1 MiB, selection/detail passes=0/1, fallback ray attempts=0, GPU build/selection/detail=0.471/0.000/0.000 ms, CPU grouping=0.000 ms; atlas installed/evicted=78/78, I/O=40.102 MiB, resident=27/27
Camera preparation: wall 0.198 ms, GPU LOD 0.004 ms, plans/footprints=119/1
Slow stage: worker iteration wall 120.064 ms (inclusive)
LOD plan: sources=1591, changed finer/coarser=2/3, selected LOD-1=26
Minimap mask: 276x236, 1440000 rays, worker 21.899 ms, GPU 5.989 ms
Minimap publish: request-to-image 21.931 ms
Slow stage: terrain frame wall 121.066 ms (inclusive)
Frame 415: wall 121.074 ms, GPU producer 51.596 ms, 2 producer submission(s), streaming work excluded from GPU producer timing; t=30.001, BVH resident/budget 328.7/2048.0 MiB, builds/hits/evictions=148/360/0, scene builds=130
Frame phases 415: pre-render 0.010 ms, prepare 1.534 ms, primary repair 0.000 ms, shadow repair 66.953 ms, producer wait 52.511 ms; observer=2624639.10/1101761.11/3098.15, moved=21.33 m, roam=1, replaced=0, image=1600x900, LOD=1.500, shadows=1, minimap=1
Frame work 415: BVH built/hit/evicted=0/0/0, catalogue/instance/scene builds=1/1/1, cached/scene tiles=148/122, scene 0.1 MiB, selection/detail passes=0/1, fallback ray attempts=0, GPU build/selection/detail=0.477/0.000/0.000 ms, CPU grouping=0.000 ms; atlas installed/evicted=80/80, I/O=40.635 MiB, resident=27/27
Camera preparation: wall 0.196 ms, GPU LOD 0.003 ms, plans/footprints=120/1
Slow stage: worker iteration wall 121.119 ms (inclusive)
LOD plan: sources=1591, changed finer/coarser=0/1, selected LOD-1=26
Minimap mask: 276x236, 1440000 rays, worker 41.171 ms, GPU 10.245 ms
Minimap publish: request-to-image 41.206 ms
Slow stage: terrain frame wall 120.771 ms (inclusive)
Frame 419: wall 120.784 ms, GPU producer 50.503 ms, 2 producer submission(s), streaming work excluded from GPU producer timing; t=30.122, BVH resident/budget 328.7/2048.0 MiB, builds/hits/evictions=148/360/0, scene builds=131
Frame phases 419: pre-render 0.017 ms, prepare 1.474 ms, primary repair 0.000 ms, shadow repair 67.731 ms, producer wait 51.495 ms; observer=2624668.47/1101792.02/3090.94, moved=42.63 m, roam=1, replaced=0, image=1600x900, LOD=1.500, shadows=1, minimap=1
Frame work 419: BVH built/hit/evicted=0/0/0, catalogue/instance/scene builds=1/1/1, cached/scene tiles=148/122, scene 0.1 MiB, selection/detail passes=0/1, fallback ray attempts=0, GPU build/selection/detail=0.462/0.000/0.000 ms, CPU grouping=0.000 ms; atlas installed/evicted=80/80, I/O=40.635 MiB, resident=27/27
Camera preparation: wall 0.175 ms, GPU LOD 0.004 ms, plans/footprints=121/1
Slow stage: worker iteration wall 120.849 ms (inclusive)
LOD plan: sources=1591, changed finer/coarser=1/1, selected LOD-1=26
Minimap mask: 276x236, 1440000 rays, worker 26.946 ms, GPU 4.798 ms
Minimap publish: request-to-image 26.977 ms
Health t=30.184: memory ok footprint/resident 936.2/576.2 MiB, Metal allocated/recommended 730.4/18186.2 MiB, thermal=0
Health t=30.184: worker stage=render age=61.6 ms, calls=326 revision=419, submitted/completed/presented=0/0/0, stale=0 unavailable=0 refreshed=0
Health t=30.184: display stage=idle age=9.2 ms, calls=881 revision=419, submitted/completed/presented=881/880/879, stale=0 unavailable=0 refreshed=0
Health t=30.184: minimap stage=idle age=11.7 ms, calls=173 revision=0, submitted/completed/presented=173/173/173, stale=0 unavailable=0 refreshed=291
Health t=30.184: terrain stage=BVH detail encode/traverse age=11.7 ms
Slow stage: primary repair wall 142.781 ms (inclusive)
Slow stage: terrain frame wall 257.290 ms (inclusive)
Frame 421: wall 257.309 ms, GPU producer 48.725 ms, 2 producer submission(s), streaming work excluded from GPU producer timing; t=30.380, BVH resident/budget 331.3/2048.0 MiB, builds/hits/evictions=149/408/0, scene builds=132
Frame phases 421: pre-render 0.024 ms, prepare 1.470 ms, primary repair 142.781 ms, shadow repair 63.392 ms, producer wait 49.567 ms; observer=2624683.15/1101807.48/3087.39, moved=21.33 m, roam=1, replaced=0, image=1600x900, LOD=1.500, shadows=1, minimap=1
Frame work 421: BVH built/hit/evicted=1/48/0, catalogue/instance/scene builds=1/25/1, cached/scene tiles=149/0, scene 0.0 MiB, selection/detail passes=25/26, fallback ray attempts=29356, GPU build/selection/detail=3.452/15.233/30.566 ms, CPU grouping=56.647 ms; atlas installed/evicted=81/81, I/O=41.513 MiB, resident=27/27
Camera preparation: wall 0.194 ms, GPU LOD 0.003 ms, plans/footprints=122/1
Slow stage: worker iteration wall 257.416 ms (inclusive)
LOD plan: sources=1591, changed finer/coarser=0/0, selected LOD-1=26
Minimap mask: 276x236, 1440000 rays, worker 19.044 ms, GPU 2.795 ms
Minimap publish: request-to-image 19.067 ms
Slow stage: terrain frame wall 113.357 ms (inclusive)
Frame 425: wall 113.673 ms, GPU producer 49.128 ms, 2 producer submission(s), streaming work excluded from GPU producer timing; t=30.493, BVH resident/budget 331.3/2048.0 MiB, builds/hits/evictions=149/408/0, scene builds=133
Frame phases 425: pre-render 0.318 ms, prepare 1.339 ms, primary repair 0.000 ms, shadow repair 59.792 ms, producer wait 52.160 ms; observer=2624712.53/1101838.44/3080.38, moved=42.67 m, roam=1, replaced=0, image=1600x900, LOD=1.500, shadows=1, minimap=1
Frame work 425: BVH built/hit/evicted=0/0/0, catalogue/instance/scene builds=1/1/1, cached/scene tiles=149/122, scene 0.1 MiB, selection/detail passes=0/1, fallback ray attempts=0, GPU build/selection/detail=0.445/0.000/0.000 ms, CPU grouping=0.000 ms; atlas installed/evicted=80/80, I/O=43.015 MiB, resident=27/27
Camera preparation: wall 0.153 ms, GPU LOD 0.004 ms, plans/footprints=123/1
Slow stage: worker iteration wall 113.722 ms (inclusive)
LOD plan: sources=1591, changed finer/coarser=0/0, selected LOD-1=26
Minimap mask: 276x236, 1440000 rays, worker 30.549 ms, GPU 5.924 ms
Minimap publish: request-to-image 30.581 ms
Slow stage: terrain frame wall 115.762 ms (inclusive)
Frame 427: wall 115.767 ms, GPU producer 47.927 ms, 2 producer submission(s), streaming work excluded from GPU producer timing; t=30.609, BVH resident/budget 331.3/2048.0 MiB, builds/hits/evictions=149/408/0, scene builds=134
Frame phases 427: pre-render 0.007 ms, prepare 1.551 ms, primary repair 0.000 ms, shadow repair 65.257 ms, producer wait 48.880 ms; observer=2624727.10/1101853.80/3076.96, moved=21.17 m, roam=1, replaced=0, image=1600x900, LOD=1.500, shadows=1, minimap=1
Frame work 427: BVH built/hit/evicted=0/0/0, catalogue/instance/scene builds=1/1/1, cached/scene tiles=149/122, scene 0.1 MiB, selection/detail passes=0/1, fallback ray attempts=0, GPU build/selection/detail=0.480/0.000/0.000 ms, CPU grouping=0.000 ms; atlas installed/evicted=80/80, I/O=41.011 MiB, resident=27/27
Camera preparation: wall 0.200 ms, GPU LOD 0.004 ms, plans/footprints=124/1
Slow stage: worker iteration wall 115.804 ms (inclusive)
LOD plan: sources=1591, changed finer/coarser=1/0, selected LOD-1=26
Minimap mask: 276x236, 1440000 rays, worker 15.098 ms, GPU 5.474 ms
Minimap publish: request-to-image 15.129 ms
Slow stage: terrain frame wall 190.645 ms (inclusive)
Frame 431: wall 190.650 ms, GPU producer 50.206 ms, 2 producer submission(s), streaming work excluded from GPU producer timing; t=30.800, BVH resident/budget 331.4/2048.0 MiB, builds/hits/evictions=150/418/0, scene builds=135
Frame phases 431: pre-render 0.007 ms, prepare 1.491 ms, primary repair 74.381 ms, shadow repair 63.511 ms, producer wait 51.187 ms; observer=2624756.60/1101884.91/3070.12, moved=42.87 m, roam=1, replaced=0, image=1600x900, LOD=1.500, shadows=1, minimap=1
Frame work 431: BVH built/hit/evicted=1/10/0, catalogue/instance/scene builds=1/12/1, cached/scene tiles=150/0, scene 0.0 MiB, selection/detail passes=12/13, fallback ray attempts=80, GPU build/selection/detail=1.169/5.272/26.137 ms, CPU grouping=26.150 ms; atlas installed/evicted=81/81, I/O=41.067 MiB, resident=27/27
Camera preparation: wall 0.171 ms, GPU LOD 0.004 ms, plans/footprints=125/1
Slow stage: worker iteration wall 190.705 ms (inclusive)
LOD plan: sources=1591, changed finer/coarser=0/4, selected LOD-1=25
Minimap mask: 276x236, 1440000 rays, worker 38.652 ms, GPU 10.218 ms
Minimap publish: request-to-image 38.688 ms
Slow stage: terrain frame wall 113.595 ms (inclusive)
Frame 435: wall 113.600 ms, GPU producer 47.681 ms, 2 producer submission(s), streaming work excluded from GPU producer timing; t=30.914, BVH resident/budget 331.4/2048.0 MiB, builds/hits/evictions=150/418/0, scene builds=136
Frame phases 435: pre-render 0.007 ms, prepare 1.397 ms, primary repair 0.000 ms, shadow repair 63.470 ms, producer wait 48.646 ms; observer=2624785.98/1101915.93/3063.44, moved=42.73 m, roam=1, replaced=0, image=1600x900, LOD=1.500, shadows=1, minimap=1
Frame work 435: BVH built/hit/evicted=0/0/0, catalogue/instance/scene builds=1/1/1, cached/scene tiles=150/122, scene 0.1 MiB, selection/detail passes=0/1, fallback ray attempts=0, GPU build/selection/detail=0.407/0.000/0.000 ms, CPU grouping=0.000 ms; atlas installed/evicted=80/80, I/O=41.035 MiB, resident=27/27
Camera preparation: wall 0.186 ms, GPU LOD 0.004 ms, plans/footprints=126/1
Slow stage: worker iteration wall 113.644 ms (inclusive)
LOD plan: sources=1591, changed finer/coarser=0/0, selected LOD-1=25
Minimap mask: 276x236, 1440000 rays, worker 19.565 ms, GPU 4.598 ms
Minimap publish: request-to-image 19.598 ms
Slow stage: terrain frame wall 114.266 ms (inclusive)
Frame 437: wall 114.275 ms, GPU producer 48.330 ms, 2 producer submission(s), streaming work excluded from GPU producer timing; t=31.028, BVH resident/budget 331.4/2048.0 MiB, builds/hits/evictions=150/418/0, scene builds=137
Frame phases 437: pre-render 0.015 ms, prepare 1.359 ms, primary repair 0.000 ms, shadow repair 63.497 ms, producer wait 49.336 ms; observer=2624800.65/1101931.47/3060.15, moved=21.37 m, roam=1, replaced=0, image=1600x900, LOD=1.500, shadows=1, minimap=1
Frame work 437: BVH built/hit/evicted=0/0/0, catalogue/instance/scene builds=1/1/1, cached/scene tiles=150/122, scene 0.1 MiB, selection/detail passes=0/1, fallback ray attempts=0, GPU build/selection/detail=0.439/0.000/0.000 ms, CPU grouping=0.000 ms; atlas installed/evicted=79/79, I/O=41.003 MiB, resident=27/27
Camera preparation: wall 0.152 ms, GPU LOD 0.004 ms, plans/footprints=127/1
Slow stage: worker iteration wall 114.323 ms (inclusive)
LOD plan: sources=1591, changed finer/coarser=0/0, selected LOD-1=25
Minimap mask: 276x236, 1440000 rays, worker 32.117 ms, GPU 6.096 ms
Minimap publish: request-to-image 32.165 ms
Slow stage: terrain frame wall 114.316 ms (inclusive)
Frame 439: wall 114.329 ms, GPU producer 46.215 ms, 2 producer submission(s), streaming work excluded from GPU producer timing; t=31.142, BVH resident/budget 331.4/2048.0 MiB, builds/hits/evictions=150/418/0, scene builds=138
Frame phases 439: pre-render 0.014 ms, prepare 1.564 ms, primary repair 0.000 ms, shadow repair 65.507 ms, producer wait 47.178 ms; observer=2624815.28/1101947.05/3056.89, moved=21.37 m, roam=1, replaced=0, image=1600x900, LOD=1.500, shadows=1, minimap=1
Frame work 439: BVH built/hit/evicted=0/0/0, catalogue/instance/scene builds=1/1/1, cached/scene tiles=150/122, scene 0.1 MiB, selection/detail passes=0/1, fallback ray attempts=0, GPU build/selection/detail=0.457/0.000/0.000 ms, CPU grouping=0.000 ms; atlas installed/evicted=79/79, I/O=41.003 MiB, resident=27/27
Camera preparation: wall 0.211 ms, GPU LOD 0.004 ms, plans/footprints=128/1
Slow stage: worker iteration wall 114.387 ms (inclusive)
LOD plan: sources=1591, changed finer/coarser=0/0, selected LOD-1=25
Health t=31.189: memory ok footprint/resident 942.9/574.5 MiB, Metal allocated/recommended 729.2/18186.2 MiB, thermal=0
Health t=31.189: worker stage=render age=46.7 ms, calls=333 revision=439, submitted/completed/presented=0/0/0, stale=0 unavailable=0 refreshed=0
Health t=31.189: display stage=idle age=11.9 ms, calls=911 revision=439, submitted/completed/presented=911/910/910, stale=0 unavailable=0 refreshed=0
Health t=31.189: minimap stage=mask-gpu age=11.9 ms, calls=180 revision=0, submitted/completed/presented=180/179/179, stale=0 unavailable=0 refreshed=305
Health t=31.189: terrain stage=producer wait age=45.1 ms
Minimap mask: 276x236, 1440000 rays, worker 13.940 ms, GPU 3.169 ms
Minimap publish: request-to-image 13.969 ms
Slow stage: terrain frame wall 113.260 ms (inclusive)
Frame 441: wall 113.273 ms, GPU producer 47.228 ms, 2 producer submission(s), streaming work excluded from GPU producer timing; t=31.256, BVH resident/budget 331.4/2048.0 MiB, builds/hits/evictions=150/418/0, scene builds=139
Frame phases 441: pre-render 0.020 ms, prepare 1.527 ms, primary repair 0.000 ms, shadow repair 63.503 ms, producer wait 48.155 ms; observer=2624829.83/1101962.73/3053.66, moved=21.39 m, roam=1, replaced=0, image=1600x900, LOD=1.500, shadows=1, minimap=1
Frame work 441: BVH built/hit/evicted=0/0/0, catalogue/instance/scene builds=1/1/1, cached/scene tiles=150/122, scene 0.1 MiB, selection/detail passes=0/1, fallback ray attempts=0, GPU build/selection/detail=0.473/0.000/0.000 ms, CPU grouping=0.000 ms; atlas installed/evicted=79/79, I/O=41.003 MiB, resident=27/27
Camera preparation: wall 0.174 ms, GPU LOD 0.004 ms, plans/footprints=129/1
Slow stage: worker iteration wall 113.327 ms (inclusive)
LOD plan: sources=1591, changed finer/coarser=0/0, selected LOD-1=25
Minimap mask: 276x236, 1440000 rays, worker 24.266 ms, GPU 4.053 ms
Minimap publish: request-to-image 24.611 ms
Slow stage: terrain frame wall 113.941 ms (inclusive)
Frame 443: wall 113.947 ms, GPU producer 46.096 ms, 2 producer submission(s), streaming work excluded from GPU producer timing; t=31.370, BVH resident/budget 331.4/2048.0 MiB, builds/hits/evictions=150/418/0, scene builds=140
Frame phases 443: pre-render 0.012 ms, prepare 1.509 ms, primary repair 0.000 ms, shadow repair 65.342 ms, producer wait 47.018 ms; observer=2624844.26/1101978.50/3050.46, moved=21.38 m, roam=1, replaced=0, image=1600x900, LOD=1.500, shadows=1, minimap=1
Frame work 443: BVH built/hit/evicted=0/0/0, catalogue/instance/scene builds=1/1/1, cached/scene tiles=150/122, scene 0.1 MiB, selection/detail passes=0/1, fallback ray attempts=0, GPU build/selection/detail=0.472/0.000/0.000 ms, CPU grouping=0.000 ms; atlas installed/evicted=81/81, I/O=41.161 MiB, resident=27/27
Camera preparation: wall 0.185 ms, GPU LOD 0.004 ms, plans/footprints=130/1
Slow stage: worker iteration wall 113.992 ms (inclusive)
LOD plan: sources=1591, changed finer/coarser=1/0, selected LOD-1=25
Minimap mask: 276x236, 1440000 rays, worker 38.649 ms, GPU 5.417 ms
Minimap publish: request-to-image 41.000 ms
Slow stage: terrain frame wall 113.667 ms (inclusive)
Frame 445: wall 113.677 ms, GPU producer 46.382 ms, 2 producer submission(s), streaming work excluded from GPU producer timing; t=31.483, BVH resident/budget 331.4/2048.0 MiB, builds/hits/evictions=150/418/0, scene builds=141
Frame phases 445: pre-render 0.018 ms, prepare 1.503 ms, primary repair 0.000 ms, shadow repair 64.757 ms, producer wait 47.335 ms; observer=2624858.58/1101994.39/3047.28, moved=21.40 m, roam=1, replaced=0, image=1600x900, LOD=1.500, shadows=1, minimap=1
Frame work 445: BVH built/hit/evicted=0/0/0, catalogue/instance/scene builds=1/1/1, cached/scene tiles=150/122, scene 0.1 MiB, selection/detail passes=0/1, fallback ray attempts=0, GPU build/selection/detail=0.460/0.000/0.000 ms, CPU grouping=0.000 ms; atlas installed/evicted=79/79, I/O=41.003 MiB, resident=27/27
Camera preparation: wall 0.189 ms, GPU LOD 0.004 ms, plans/footprints=131/1
Slow stage: worker iteration wall 113.728 ms (inclusive)
LOD plan: sources=1591, changed finer/coarser=0/0, selected LOD-1=25
Minimap mask: 276x236, 1440000 rays, worker 20.481 ms, GPU 5.167 ms
Minimap publish: request-to-image 20.517 ms
Slow stage: terrain frame wall 116.165 ms (inclusive)
Frame 447: wall 116.176 ms, GPU producer 47.682 ms, 2 producer submission(s), streaming work excluded from GPU producer timing; t=31.600, BVH resident/budget 331.4/2048.0 MiB, builds/hits/evictions=150/418/0, scene builds=142
Frame phases 447: pre-render 0.015 ms, prepare 1.494 ms, primary repair 0.000 ms, shadow repair 65.929 ms, producer wait 48.669 ms; observer=2624872.71/1102010.29/3044.15, moved=21.27 m, roam=1, replaced=0, image=1600x900, LOD=1.500, shadows=1, minimap=1
Frame work 447: BVH built/hit/evicted=0/0/0, catalogue/instance/scene builds=1/1/1, cached/scene tiles=150/122, scene 0.1 MiB, selection/detail passes=0/1, fallback ray attempts=0, GPU build/selection/detail=0.463/0.000/0.000 ms, CPU grouping=0.000 ms; atlas installed/evicted=79/79, I/O=41.003 MiB, resident=27/27
Camera preparation: wall 0.197 ms, GPU LOD 0.004 ms, plans/footprints=132/1
Slow stage: worker iteration wall 116.228 ms (inclusive)
LOD plan: sources=1591, changed finer/coarser=0/0, selected LOD-1=25
Minimap mask: 276x236, 1440000 rays, worker 35.534 ms, GPU 8.437 ms
Minimap publish: request-to-image 35.922 ms
Slow stage: terrain frame wall 116.540 ms (inclusive)
Frame 451: wall 116.549 ms, GPU producer 46.763 ms, 2 producer submission(s), streaming work excluded from GPU producer timing; t=31.716, BVH resident/budget 331.4/2048.0 MiB, builds/hits/evictions=150/418/0, scene builds=143
Frame phases 451: pre-render 0.014 ms, prepare 1.442 ms, primary repair 0.000 ms, shadow repair 67.246 ms, producer wait 47.775 ms; observer=2624900.87/1102042.67/3037.91, moved=42.91 m, roam=1, replaced=0, image=1600x900, LOD=1.500, shadows=1, minimap=1
Frame work 451: BVH built/hit/evicted=0/0/0, catalogue/instance/scene builds=1/1/1, cached/scene tiles=150/122, scene 0.1 MiB, selection/detail passes=0/1, fallback ray attempts=0, GPU build/selection/detail=0.407/0.000/0.000 ms, CPU grouping=0.000 ms; atlas installed/evicted=79/79, I/O=41.003 MiB, resident=27/27
Camera preparation: wall 0.198 ms, GPU LOD 0.004 ms, plans/footprints=133/1
Slow stage: worker iteration wall 116.596 ms (inclusive)
LOD plan: sources=1591, changed finer/coarser=2/1, selected LOD-1=24
Minimap mask: 276x236, 1440000 rays, worker 19.717 ms, GPU 5.162 ms
Minimap publish: request-to-image 19.752 ms
Slow stage: terrain frame wall 194.953 ms (inclusive)
Frame 453: wall 194.958 ms, GPU producer 47.846 ms, 2 producer submission(s), streaming work excluded from GPU producer timing; t=31.911, BVH resident/budget 331.6/2048.0 MiB, builds/hits/evictions=151/432/0, scene builds=144
Frame phases 453: pre-render 0.007 ms, prepare 1.340 ms, primary repair 79.237 ms, shadow repair 65.524 ms, producer wait 48.786 ms; observer=2624914.73/1102058.97/3034.84, moved=21.40 m, roam=1, replaced=0, image=1600x900, LOD=1.500, shadows=1, minimap=1
Frame work 453: BVH built/hit/evicted=1/14/0, catalogue/instance/scene builds=1/13/1, cached/scene tiles=151/0, scene 0.0 MiB, selection/detail passes=13/14, fallback ray attempts=580, GPU build/selection/detail=1.238/5.820/26.535 ms, CPU grouping=28.919 ms; atlas installed/evicted=80/80, I/O=41.059 MiB, resident=27/27
Camera preparation: wall 0.158 ms, GPU LOD 0.004 ms, plans/footprints=134/1
Slow stage: worker iteration wall 195.012 ms (inclusive)
LOD plan: sources=1591, changed finer/coarser=1/2, selected LOD-1=23
Minimap mask: 276x236, 1440000 rays, worker 13.940 ms, GPU 6.210 ms
Minimap publish: request-to-image 13.976 ms
Slow stage: terrain frame wall 112.114 ms (inclusive)
Frame 457: wall 112.120 ms, GPU producer 47.165 ms, 2 producer submission(s), streaming work excluded from GPU producer timing; t=32.023, BVH resident/budget 331.6/2048.0 MiB, builds/hits/evictions=151/432/0, scene builds=145
Frame phases 457: pre-render 0.007 ms, prepare 1.487 ms, primary repair 0.000 ms, shadow repair 61.575 ms, producer wait 48.984 ms; observer=2624942.13/1102091.88/3028.79, moved=42.82 m, roam=1, replaced=0, image=1600x900, LOD=1.500, shadows=1, minimap=1
Frame work 457: BVH built/hit/evicted=0/0/0, catalogue/instance/scene builds=1/1/1, cached/scene tiles=151/121, scene 0.1 MiB, selection/detail passes=0/1, fallback ray attempts=0, GPU build/selection/detail=0.468/0.000/0.000 ms, CPU grouping=0.000 ms; atlas installed/evicted=79/79, I/O=39.149 MiB, resident=27/27
Camera preparation: wall 0.206 ms, GPU LOD 0.004 ms, plans/footprints=135/1
Slow stage: worker iteration wall 112.161 ms (inclusive)
LOD plan: sources=1591, changed finer/coarser=1/0, selected LOD-1=23
Minimap mask: 276x236, 1440000 rays, worker 25.984 ms, GPU 5.060 ms
Minimap publish: request-to-image 26.018 ms
Slow stage: primary repair wall 106.961 ms (inclusive)
Health t=32.193: memory ok footprint/resident 937.4/577.6 MiB, Metal allocated/recommended 732.0/18186.2 MiB, thermal=0
Health t=32.193: worker stage=render age=169.3 ms, calls=340 revision=457, submitted/completed/presented=0/0/0, stale=0 unavailable=0 refreshed=0
Health t=32.193: display stage=idle age=17.3 ms, calls=941 revision=457, submitted/completed/presented=941/941/940, stale=0 unavailable=0 refreshed=0
Health t=32.193: minimap stage=idle age=121.4 ms, calls=187 revision=0, submitted/completed/presented=187/187/187, stale=0 unavailable=0 refreshed=319
Health t=32.193: terrain stage=shadow repair age=14.4 ms
Slow stage: terrain frame wall 223.129 ms (inclusive)
Frame 459: wall 223.137 ms, GPU producer 45.727 ms, 2 producer submission(s), streaming work excluded from GPU producer timing; t=32.247, BVH resident/budget 332.2/2048.0 MiB, builds/hits/evictions=152/453/0, scene builds=146
Frame phases 459: pre-render 0.011 ms, prepare 2.567 ms, primary repair 106.961 ms, shadow repair 66.924 ms, producer wait 46.604 ms; observer=2624955.65/1102108.49/3025.81, moved=21.41 m, roam=1, replaced=0, image=1600x900, LOD=1.500, shadows=1, minimap=1
Frame work 459: BVH built/hit/evicted=1/21/0, catalogue/instance/scene builds=1/19/1, cached/scene tiles=152/0, scene 0.0 MiB, selection/detail passes=19/20, fallback ray attempts=784, GPU build/selection/detail=1.932/10.066/26.607 ms, CPU grouping=40.270 ms; atlas installed/evicted=79/79, I/O=38.867 MiB, resident=27/27
Camera preparation: wall 1.269 ms, GPU LOD 0.004 ms, plans/footprints=136/1
Slow stage: worker iteration wall 223.201 ms (inclusive)
LOD plan: sources=1591, changed finer/coarser=0/0, selected LOD-1=23
Minimap mask: 276x236, 1440000 rays, worker 16.986 ms, GPU 5.018 ms
Minimap publish: request-to-image 17.008 ms
Slow stage: terrain frame wall 109.475 ms (inclusive)
Frame 463: wall 109.484 ms, GPU producer 47.171 ms, 2 producer submission(s), streaming work excluded from GPU producer timing; t=32.356, BVH resident/budget 332.2/2048.0 MiB, builds/hits/evictions=152/453/0, scene builds=147
Frame phases 463: pre-render 0.015 ms, prepare 1.383 ms, primary repair 0.000 ms, shadow repair 59.887 ms, producer wait 48.134 ms; observer=2624982.34/1102142.00/3019.92, moved=42.84 m, roam=1, replaced=0, image=1600x900, LOD=1.500, shadows=1, minimap=1
Frame work 463: BVH built/hit/evicted=0/0/0, catalogue/instance/scene builds=1/1/1, cached/scene tiles=152/121, scene 0.1 MiB, selection/detail passes=0/1, fallback ray attempts=0, GPU build/selection/detail=0.405/0.000/0.000 ms, CPU grouping=0.000 ms; atlas installed/evicted=78/78, I/O=38.741 MiB, resident=27/27
Camera preparation: wall 0.169 ms, GPU LOD 0.003 ms, plans/footprints=137/1
Slow stage: worker iteration wall 109.526 ms (inclusive)
LOD plan: sources=1591, changed finer/coarser=0/0, selected LOD-1=23
Minimap mask: 276x236, 1440000 rays, worker 25.708 ms, GPU 5.449 ms
Minimap publish: request-to-image 25.738 ms
Slow stage: terrain frame wall 112.771 ms (inclusive)
Frame 465: wall 112.781 ms, GPU producer 47.197 ms, 2 producer submission(s), streaming work excluded from GPU producer timing; t=32.469, BVH resident/budget 332.2/2048.0 MiB, builds/hits/evictions=152/453/0, scene builds=148
Frame phases 465: pre-render 0.016 ms, prepare 1.366 ms, primary repair 0.000 ms, shadow repair 63.191 ms, producer wait 48.145 ms; observer=2624995.51/1102158.91/3017.01, moved=21.43 m, roam=1, replaced=0, image=1600x900, LOD=1.500, shadows=1, minimap=1
Frame work 465: BVH built/hit/evicted=0/0/0, catalogue/instance/scene builds=1/1/1, cached/scene tiles=152/121, scene 0.1 MiB, selection/detail passes=0/1, fallback ray attempts=0, GPU build/selection/detail=0.442/0.000/0.000 ms, CPU grouping=0.000 ms; atlas installed/evicted=78/78, I/O=38.741 MiB, resident=27/27
Camera preparation: wall 0.166 ms, GPU LOD 0.004 ms, plans/footprints=138/1
Slow stage: worker iteration wall 112.835 ms (inclusive)
LOD plan: sources=1591, changed finer/coarser=2/1, selected LOD-1=23
Minimap mask: 276x236, 1440000 rays, worker 38.271 ms, GPU 7.418 ms
Minimap publish: request-to-image 41.101 ms
Slow stage: terrain frame wall 113.424 ms (inclusive)
Frame 467: wall 113.432 ms, GPU producer 46.373 ms, 2 producer submission(s), streaming work excluded from GPU producer timing; t=32.582, BVH resident/budget 332.2/2048.0 MiB, builds/hits/evictions=152/453/0, scene builds=149
Frame phases 467: pre-render 0.014 ms, prepare 1.486 ms, primary repair 0.000 ms, shadow repair 64.242 ms, producer wait 47.623 ms; observer=2625008.48/1102175.81/3014.15, moved=21.31 m, roam=1, replaced=0, image=1600x900, LOD=1.500, shadows=1, minimap=1
Frame work 467: BVH built/hit/evicted=0/0/0, catalogue/instance/scene builds=1/1/1, cached/scene tiles=152/121, scene 0.1 MiB, selection/detail passes=0/1, fallback ray attempts=0, GPU build/selection/detail=0.462/0.000/0.000 ms, CPU grouping=0.000 ms; atlas installed/evicted=76/76, I/O=36.235 MiB, resident=27/27
Camera preparation: wall 0.191 ms, GPU LOD 0.004 ms, plans/footprints=139/1
Slow stage: worker iteration wall 113.475 ms (inclusive)
LOD plan: sources=1591, changed finer/coarser=1/1, selected LOD-1=23
Minimap mask: 276x236, 1440000 rays, worker 19.382 ms, GPU 5.204 ms
Minimap publish: request-to-image 19.410 ms
Slow stage: terrain frame wall 115.436 ms (inclusive)
Frame 469: wall 115.446 ms, GPU producer 48.126 ms, 2 producer submission(s), streaming work excluded from GPU producer timing; t=32.698, BVH resident/budget 332.2/2048.0 MiB, builds/hits/evictions=152/453/0, scene builds=150
Frame phases 469: pre-render 0.016 ms, prepare 1.361 ms, primary repair 0.000 ms, shadow repair 64.900 ms, producer wait 49.107 ms; observer=2625021.49/1102193.01/3011.29, moved=21.56 m, roam=1, replaced=0, image=1600x900, LOD=1.500, shadows=1, minimap=1
Frame work 469: BVH built/hit/evicted=0/0/0, catalogue/instance/scene builds=1/1/1, cached/scene tiles=152/120, scene 0.1 MiB, selection/detail passes=0/1, fallback ray attempts=0, GPU build/selection/detail=0.458/0.000/0.000 ms, CPU grouping=0.000 ms; atlas installed/evicted=76/76, I/O=36.235 MiB, resident=27/27
Camera preparation: wall 0.152 ms, GPU LOD 0.004 ms, plans/footprints=140/1
Slow stage: worker iteration wall 115.514 ms (inclusive)
LOD plan: sources=1591, changed finer/coarser=0/0, selected LOD-1=23
Minimap mask: 276x236, 1440000 rays, worker 36.471 ms, GPU 7.262 ms
Minimap publish: request-to-image 36.501 ms
Slow stage: terrain frame wall 116.295 ms (inclusive)
Frame 471: wall 116.303 ms, GPU producer 49.024 ms, 2 producer submission(s), streaming work excluded from GPU producer timing; t=32.814, BVH resident/budget 332.2/2048.0 MiB, builds/hits/evictions=152/453/0, scene builds=151
Frame phases 471: pre-render 0.009 ms, prepare 1.508 ms, primary repair 0.000 ms, shadow repair 62.917 ms, producer wait 51.803 ms; observer=2625034.29/1102210.20/3008.46, moved=21.44 m, roam=1, replaced=0, image=1600x900, LOD=1.500, shadows=1, minimap=1
Frame work 471: BVH built/hit/evicted=0/0/0, catalogue/instance/scene builds=1/1/1, cached/scene tiles=152/120, scene 0.1 MiB, selection/detail passes=0/1, fallback ray attempts=0, GPU build/selection/detail=0.447/0.000/0.000 ms, CPU grouping=0.000 ms; atlas installed/evicted=75/75, I/O=36.204 MiB, resident=27/27
Camera preparation: wall 0.201 ms, GPU LOD 0.004 ms, plans/footprints=141/1
Slow stage: worker iteration wall 116.348 ms (inclusive)
LOD plan: sources=1591, changed finer/coarser=2/3, selected LOD-1=22
Minimap mask: 276x236, 1440000 rays, worker 20.542 ms, GPU 5.284 ms
Minimap publish: request-to-image 20.579 ms
Slow stage: terrain frame wall 114.316 ms (inclusive)
Frame 475: wall 114.325 ms, GPU producer 48.503 ms, 2 producer submission(s), streaming work excluded from GPU producer timing; t=32.929, BVH resident/budget 332.2/2048.0 MiB, builds/hits/evictions=152/453/0, scene builds=152
Frame phases 475: pre-render 0.016 ms, prepare 1.436 ms, primary repair 0.000 ms, shadow repair 63.349 ms, producer wait 49.453 ms; observer=2625059.53/1102244.86/3002.91, moved=42.88 m, roam=1, replaced=0, image=1600x900, LOD=1.500, shadows=1, minimap=1
Frame work 475: BVH built/hit/evicted=0/0/0, catalogue/instance/scene builds=1/1/1, cached/scene tiles=152/119, scene 0.1 MiB, selection/detail passes=0/1, fallback ray attempts=0, GPU build/selection/detail=0.460/0.000/0.000 ms, CPU grouping=0.000 ms; atlas installed/evicted=75/75, I/O=34.232 MiB, resident=27/27
Camera preparation: wall 0.162 ms, GPU LOD 0.004 ms, plans/footprints=142/1
Slow stage: worker iteration wall 114.381 ms (inclusive)
LOD plan: sources=1591, changed finer/coarser=1/0, selected LOD-1=22
Minimap mask: 276x236, 1440000 rays, worker 33.703 ms, GPU 6.826 ms
Minimap publish: request-to-image 33.734 ms
Slow stage: terrain frame wall 113.995 ms (inclusive)
Frame 477: wall 114.004 ms, GPU producer 47.224 ms, 2 producer submission(s), streaming work excluded from GPU producer timing; t=33.043, BVH resident/budget 332.2/2048.0 MiB, builds/hits/evictions=152/453/0, scene builds=153
Frame phases 477: pre-render 0.011 ms, prepare 1.489 ms, primary repair 0.000 ms, shadow repair 64.178 ms, producer wait 48.250 ms; observer=2625072.03/1102262.30/3000.19, moved=21.46 m, roam=1, replaced=0, image=1600x900, LOD=1.500, shadows=1, minimap=1
Frame work 477: BVH built/hit/evicted=0/0/0, catalogue/instance/scene builds=1/1/1, cached/scene tiles=152/119, scene 0.1 MiB, selection/detail passes=0/1, fallback ray attempts=0, GPU build/selection/detail=0.460/0.000/0.000 ms, CPU grouping=0.000 ms; atlas installed/evicted=74/74, I/O=34.200 MiB, resident=27/27
Camera preparation: wall 0.202 ms, GPU LOD 0.004 ms, plans/footprints=143/1
Slow stage: worker iteration wall 114.060 ms (inclusive)
LOD plan: sources=1591, changed finer/coarser=1/0, selected LOD-1=22
Minimap mask: 276x236, 1440000 rays, worker 12.866 ms, GPU 5.403 ms
Minimap publish: request-to-image 12.903 ms
Health t=33.198: memory ok footprint/resident 939.1/577.2 MiB, Metal allocated/recommended 732.6/18186.2 MiB, thermal=0
Health t=33.198: worker stage=render age=155.0 ms, calls=348 revision=477, submitted/completed/presented=0/0/0, stale=0 unavailable=0 refreshed=0
Health t=33.198: display stage=idle age=22.4 ms, calls=971 revision=477, submitted/completed/presented=971/971/971, stale=0 unavailable=0 refreshed=0
Health t=33.198: minimap stage=idle age=105.8 ms, calls=195 revision=0, submitted/completed/presented=195/195/195, stale=0 unavailable=0 refreshed=335
Health t=33.198: terrain stage=shadow repair age=41.3 ms
Slow stage: terrain frame wall 178.413 ms (inclusive)
Frame 479: wall 178.418 ms, GPU producer 48.053 ms, 2 producer submission(s), streaming work excluded from GPU producer timing; t=33.221, BVH resident/budget 334.8/2048.0 MiB, builds/hits/evictions=153/459/0, scene builds=154
Frame phases 479: pre-render 0.006 ms, prepare 1.523 ms, primary repair 64.454 ms, shadow repair 63.473 ms, producer wait 48.895 ms; observer=2625084.45/1102279.78/2997.52, moved=21.45 m, roam=1, replaced=0, image=1600x900, LOD=1.500, shadows=1, minimap=1
Frame work 479: BVH built/hit/evicted=1/6/0, catalogue/instance/scene builds=1/8/1, cached/scene tiles=153/0, scene 0.0 MiB, selection/detail passes=8/9, fallback ray attempts=3038, GPU build/selection/detail=1.952/3.617/27.147 ms, CPU grouping=17.028 ms; atlas installed/evicted=76/76, I/O=35.204 MiB, resident=27/27
Camera preparation: wall 0.194 ms, GPU LOD 0.004 ms, plans/footprints=144/1
Slow stage: worker iteration wall 178.455 ms (inclusive)
LOD plan: sources=1591, changed finer/coarser=1/2, selected LOD-1=22
Minimap mask: 276x236, 1440000 rays, worker 27.746 ms, GPU 6.196 ms
Minimap publish: request-to-image 27.780 ms
Slow stage: terrain frame wall 114.575 ms (inclusive)
Frame 483: wall 114.581 ms, GPU producer 48.896 ms, 2 producer submission(s), streaming work excluded from GPU producer timing; t=33.336, BVH resident/budget 334.8/2048.0 MiB, builds/hits/evictions=153/459/0, scene builds=155
Frame phases 483: pre-render 0.008 ms, prepare 1.340 ms, primary repair 0.000 ms, shadow repair 63.279 ms, producer wait 49.894 ms; observer=2625109.10/1102314.93/2992.32, moved=42.93 m, roam=1, replaced=0, image=1600x900, LOD=1.500, shadows=1, minimap=1
Frame work 483: BVH built/hit/evicted=0/0/0, catalogue/instance/scene builds=1/1/1, cached/scene tiles=153/119, scene 0.1 MiB, selection/detail passes=0/1, fallback ray attempts=0, GPU build/selection/detail=0.421/0.000/0.000 ms, CPU grouping=0.000 ms; atlas installed/evicted=75/75, I/O=34.702 MiB, resident=27/27
Camera preparation: wall 0.184 ms, GPU LOD 0.009 ms, plans/footprints=145/1
Slow stage: worker iteration wall 114.631 ms (inclusive)
LOD plan: sources=1591, changed finer/coarser=1/0, selected LOD-1=23
Minimap mask: 276x236, 1440000 rays, worker 41.367 ms, GPU 6.801 ms
Minimap publish: request-to-image 43.164 ms
Slow stage: primary repair wall 129.729 ms (inclusive)
Slow stage: terrain frame wall 240.385 ms (inclusive)
Frame 485: wall 240.395 ms, GPU producer 47.736 ms, 2 producer submission(s), streaming work excluded from GPU producer timing; t=33.576, BVH resident/budget 345.1/2048.0 MiB, builds/hits/evictions=154/488/0, scene builds=156
Frame phases 485: pre-render 0.017 ms, prepare 1.582 ms, primary repair 129.729 ms, shadow repair 60.329 ms, producer wait 48.664 ms; observer=2625121.35/1102332.57/2989.79, moved=21.47 m, roam=1, replaced=0, image=1600x900, LOD=1.500, shadows=1, minimap=1
Frame work 485: BVH built/hit/evicted=1/29/0, catalogue/instance/scene builds=1/21/1, cached/scene tiles=154/0, scene 0.0 MiB, selection/detail passes=21/22, fallback ray attempts=86240, GPU build/selection/detail=5.679/11.755/28.834 ms, CPU grouping=47.532 ms; atlas installed/evicted=75/75, I/O=36.204 MiB, resident=27/27
Camera preparation: wall 0.212 ms, GPU LOD 0.004 ms, plans/footprints=146/1
Slow stage: worker iteration wall 240.462 ms (inclusive)
LOD plan: sources=1591, changed finer/coarser=2/2, selected LOD-1=23
Minimap mask: 276x236, 1440000 rays, worker 18.624 ms, GPU 7.188 ms
Minimap publish: request-to-image 18.647 ms
Slow stage: terrain frame wall 116.001 ms (inclusive)
Frame 489: wall 116.006 ms, GPU producer 50.611 ms, 2 producer submission(s), streaming work excluded from GPU producer timing; t=33.692, BVH resident/budget 345.1/2048.0 MiB, builds/hits/evictions=154/488/0, scene builds=157
Frame phases 489: pre-render 0.006 ms, prepare 1.449 ms, primary repair 0.000 ms, shadow repair 61.407 ms, producer wait 53.074 ms; observer=2625145.71/1102367.97/2984.86, moved=42.96 m, roam=1, replaced=0, image=1600x900, LOD=1.500, shadows=1, minimap=1
Frame work 489: BVH built/hit/evicted=0/0/0, catalogue/instance/scene builds=1/1/1, cached/scene tiles=154/119, scene 0.1 MiB, selection/detail passes=0/1, fallback ray attempts=0, GPU build/selection/detail=0.465/0.000/0.000 ms, CPU grouping=0.000 ms; atlas installed/evicted=75/75, I/O=36.204 MiB, resident=27/27
Camera preparation: wall 0.191 ms, GPU LOD 0.004 ms, plans/footprints=147/1
Slow stage: worker iteration wall 116.050 ms (inclusive)
LOD plan: sources=1591, changed finer/coarser=0/0, selected LOD-1=23
Minimap mask: 276x236, 1440000 rays, worker 33.288 ms, GPU 6.306 ms
Minimap publish: request-to-image 33.325 ms
Slow stage: terrain frame wall 117.805 ms (inclusive)
Frame 491: wall 117.812 ms, GPU producer 49.915 ms, 2 producer submission(s), streaming work excluded from GPU producer timing; t=33.810, BVH resident/budget 345.1/2048.0 MiB, builds/hits/evictions=154/488/0, scene builds=158
Frame phases 491: pre-render 0.013 ms, prepare 1.433 ms, primary repair 0.000 ms, shadow repair 65.285 ms, producer wait 50.974 ms; observer=2625157.75/1102385.62/2982.47, moved=21.37 m, roam=1, replaced=0, image=1600x900, LOD=1.500, shadows=1, minimap=1
Frame work 491: BVH built/hit/evicted=0/0/0, catalogue/instance/scene builds=1/1/1, cached/scene tiles=154/119, scene 0.1 MiB, selection/detail passes=0/1, fallback ray attempts=0, GPU build/selection/detail=0.461/0.000/0.000 ms, CPU grouping=0.000 ms; atlas installed/evicted=74/74, I/O=36.172 MiB, resident=27/27
Camera preparation: wall 0.168 ms, GPU LOD 0.004 ms, plans/footprints=148/1
Slow stage: worker iteration wall 117.854 ms (inclusive)
LOD plan: sources=1591, changed finer/coarser=0/1, selected LOD-1=23
Minimap mask: 276x236, 1440000 rays, worker 19.545 ms, GPU 5.179 ms
Minimap publish: request-to-image 19.576 ms
Slow stage: terrain frame wall 118.996 ms (inclusive)
Frame 495: wall 119.005 ms, GPU producer 51.697 ms, 2 producer submission(s), streaming work excluded from GPU producer timing; t=33.929, BVH resident/budget 345.1/2048.0 MiB, builds/hits/evictions=154/488/0, scene builds=159
Frame phases 495: pre-render 0.014 ms, prepare 1.350 ms, primary repair 0.000 ms, shadow repair 64.947 ms, producer wait 52.619 ms; observer=2625181.88/1102421.34/2977.78, moved=43.10 m, roam=1, replaced=0, image=1600x900, LOD=1.500, shadows=1, minimap=1
Frame work 495: BVH built/hit/evicted=0/0/0, catalogue/instance/scene builds=1/1/1, cached/scene tiles=154/119, scene 0.1 MiB, selection/detail passes=0/1, fallback ray attempts=0, GPU build/selection/detail=0.442/0.000/0.000 ms, CPU grouping=0.000 ms; atlas installed/evicted=74/74, I/O=34.200 MiB, resident=27/27
Camera preparation: wall 0.169 ms, GPU LOD 0.004 ms, plans/footprints=149/1
Slow stage: worker iteration wall 119.053 ms (inclusive)
LOD plan: sources=1591, changed finer/coarser=0/0, selected LOD-1=23
Minimap mask: 276x236, 1440000 rays, worker 36.146 ms, GPU 6.078 ms
Minimap publish: request-to-image 36.180 ms
Slow stage: terrain frame wall 113.934 ms (inclusive)
Frame 497: wall 113.939 ms, GPU producer 48.983 ms, 2 producer submission(s), streaming work excluded from GPU producer timing; t=34.043, BVH resident/budget 345.1/2048.0 MiB, builds/hits/evictions=154/488/0, scene builds=160
Frame phases 497: pre-render 0.008 ms, prepare 1.735 ms, primary repair 0.000 ms, shadow repair 62.113 ms, producer wait 50.022 ms; observer=2625193.82/1102439.22/2975.50, moved=21.50 m, roam=1, replaced=0, image=1600x900, LOD=1.500, shadows=1, minimap=1
Frame work 497: BVH built/hit/evicted=0/0/0, catalogue/instance/scene builds=1/1/1, cached/scene tiles=154/119, scene 0.1 MiB, selection/detail passes=0/1, fallback ray attempts=0, GPU build/selection/detail=0.544/0.000/0.000 ms, CPU grouping=0.000 ms; atlas installed/evicted=73/73, I/O=34.074 MiB, resident=27/27
Camera preparation: wall 0.168 ms, GPU LOD 0.004 ms, plans/footprints=150/1
Slow stage: worker iteration wall 113.983 ms (inclusive)
LOD plan: sources=1591, changed finer/coarser=0/1, selected LOD-1=23
Minimap mask: 276x236, 1440000 rays, worker 17.479 ms, GPU 5.708 ms
Minimap publish: request-to-image 17.519 ms
Slow stage: terrain frame wall 116.048 ms (inclusive)
Frame 499: wall 116.058 ms, GPU producer 49.748 ms, 2 producer submission(s), streaming work excluded from GPU producer timing; t=34.159, BVH resident/budget 345.1/2048.0 MiB, builds/hits/evictions=154/488/0, scene builds=161
Frame phases 499: pre-render 0.016 ms, prepare 1.593 ms, primary repair 0.000 ms, shadow repair 63.725 ms, producer wait 50.661 ms; observer=2625205.71/1102457.14/2973.27, moved=21.51 m, roam=1, replaced=0, image=1600x900, LOD=1.500, shadows=1, minimap=1
Frame work 499: BVH built/hit/evicted=0/0/0, catalogue/instance/scene builds=1/1/1, cached/scene tiles=154/119, scene 0.1 MiB, selection/detail passes=0/1, fallback ray attempts=0, GPU build/selection/detail=0.463/0.000/0.000 ms, CPU grouping=0.000 ms; atlas installed/evicted=72/72, I/O=34.042 MiB, resident=27/27
Camera preparation: wall 0.191 ms, GPU LOD 0.003 ms, plans/footprints=151/1
Slow stage: worker iteration wall 116.109 ms (inclusive)
LOD plan: sources=1591, changed finer/coarser=1/0, selected LOD-1=23
Health t=34.201: memory ok footprint/resident 964.0/583.3 MiB, Metal allocated/recommended 742.9/18186.2 MiB, thermal=0
Health t=34.201: worker stage=render age=41.6 ms, calls=356 revision=499, submitted/completed/presented=0/0/0, stale=0 unavailable=0 refreshed=0
Health t=34.201: display stage=idle age=23.8 ms, calls=1001 revision=499, submitted/completed/presented=1001/1000/1000, stale=0 unavailable=0 refreshed=0
Health t=34.201: minimap stage=mask-gpu age=23.9 ms, calls=203 revision=0, submitted/completed/presented=203/202/202, stale=0 unavailable=0 refreshed=351
Health t=34.201: terrain stage=producer wait age=38.2 ms
Minimap mask: 276x236, 1440000 rays, worker 34.403 ms, GPU 6.026 ms
Minimap publish: request-to-image 34.448 ms
Slow stage: terrain frame wall 116.890 ms (inclusive)
Frame 501: wall 116.901 ms, GPU producer 48.831 ms, 2 producer submission(s), streaming work excluded from GPU producer timing; t=34.276, BVH resident/budget 345.1/2048.0 MiB, builds/hits/evictions=154/488/0, scene builds=162
Frame phases 501: pre-render 0.017 ms, prepare 3.440 ms, primary repair 0.000 ms, shadow repair 63.594 ms, producer wait 49.781 ms; observer=2625217.54/1102475.11/2971.08, moved=21.52 m, roam=1, replaced=0, image=1600x900, LOD=1.500, shadows=1, minimap=1
Frame work 501: BVH built/hit/evicted=0/0/0, catalogue/instance/scene builds=1/1/1, cached/scene tiles=154/119, scene 0.1 MiB, selection/detail passes=0/1, fallback ray attempts=0, GPU build/selection/detail=0.484/0.000/0.000 ms, CPU grouping=0.000 ms; atlas installed/evicted=73/73, I/O=34.168 MiB, resident=27/27
Camera preparation: wall 2.103 ms, GPU LOD 0.004 ms, plans/footprints=152/1
Slow stage: worker iteration wall 116.953 ms (inclusive)
LOD plan: sources=1591, changed finer/coarser=1/2, selected LOD-1=23
Minimap mask: 276x236, 1440000 rays, worker 19.063 ms, GPU 4.954 ms
Minimap publish: request-to-image 19.925 ms
Slow stage: primary repair wall 107.077 ms (inclusive)
Slow stage: terrain frame wall 220.849 ms (inclusive)
Frame 503: wall 220.858 ms, GPU producer 50.684 ms, 2 producer submission(s), streaming work excluded from GPU producer timing; t=34.497, BVH resident/budget 347.6/2048.0 MiB, builds/hits/evictions=155/507/0, scene builds=163
Frame phases 503: pre-render 0.017 ms, prepare 1.457 ms, primary repair 107.077 ms, shadow repair 60.556 ms, producer wait 51.676 ms; observer=2625229.21/1102492.98/2968.95, moved=21.34 m, roam=1, replaced=0, image=1600x900, LOD=1.500, shadows=1, minimap=1
Frame work 503: BVH built/hit/evicted=1/19/0, catalogue/instance/scene builds=1/18/1, cached/scene tiles=155/0, scene 0.0 MiB, selection/detail passes=18/19, fallback ray attempts=4992, GPU build/selection/detail=2.483/9.746/29.142 ms, CPU grouping=38.464 ms; atlas installed/evicted=73/73, I/O=34.544 MiB, resident=27/27
Camera preparation: wall 0.163 ms, GPU LOD 0.004 ms, plans/footprints=153/1
Slow stage: worker iteration wall 220.928 ms (inclusive)
LOD plan: sources=1591, changed finer/coarser=0/1, selected LOD-1=23
Minimap mask: 276x236, 1440000 rays, worker 38.406 ms, GPU 6.199 ms
Minimap publish: request-to-image 38.444 ms
Slow stage: terrain frame wall 119.035 ms (inclusive)
Frame 507: wall 119.040 ms, GPU producer 49.936 ms, 2 producer submission(s), streaming work excluded from GPU producer timing; t=34.616, BVH resident/budget 347.6/2048.0 MiB, builds/hits/evictions=155/507/0, scene builds=164
Frame phases 507: pre-render 0.007 ms, prepare 1.466 ms, primary repair 0.000 ms, shadow repair 66.550 ms, producer wait 50.947 ms; observer=2625252.65/1102529.29/2964.77, moved=43.22 m, roam=1, replaced=0, image=1600x900, LOD=1.500, shadows=1, minimap=1
Frame work 507: BVH built/hit/evicted=0/0/0, catalogue/instance/scene builds=1/1/1, cached/scene tiles=155/119, scene 0.1 MiB, selection/detail passes=0/1, fallback ray attempts=0, GPU build/selection/detail=0.441/0.000/0.000 ms, CPU grouping=0.000 ms; atlas installed/evicted=74/74, I/O=34.670 MiB, resident=27/27
Camera preparation: wall 0.194 ms, GPU LOD 0.004 ms, plans/footprints=154/1
Slow stage: worker iteration wall 119.093 ms (inclusive)
LOD plan: sources=1591, changed finer/coarser=2/0, selected LOD-1=24
Minimap mask: 276x236, 1440000 rays, worker 24.071 ms, GPU 3.150 ms
Minimap publish: request-to-image 24.105 ms
Slow stage: terrain frame wall 179.798 ms (inclusive)
Frame 511: wall 179.804 ms, GPU producer 49.937 ms, 2 producer submission(s), streaming work excluded from GPU producer timing; t=34.796, BVH resident/budget 357.9/2048.0 MiB, builds/hits/evictions=156/511/0, scene builds=165
Frame phases 511: pre-render 0.008 ms, prepare 1.474 ms, primary repair 64.119 ms, shadow repair 63.224 ms, producer wait 50.908 ms; observer=2625275.71/1102565.64/2960.76, moved=43.05 m, roam=1, replaced=0, image=1600x900, LOD=1.500, shadows=1, minimap=1
Frame work 511: BVH built/hit/evicted=1/4/0, catalogue/instance/scene builds=1/5/1, cached/scene tiles=156/0, scene 0.0 MiB, selection/detail passes=5/6, fallback ray attempts=114050, GPU build/selection/detail=4.552/2.320/29.879 ms, CPU grouping=13.296 ms; atlas installed/evicted=72/72, I/O=35.920 MiB, resident=27/27
Camera preparation: wall 0.182 ms, GPU LOD 0.004 ms, plans/footprints=155/1
Slow stage: worker iteration wall 179.855 ms (inclusive)
LOD plan: sources=1591, changed finer/coarser=0/1, selected LOD-1=24
Minimap mask: 276x236, 1440000 rays, worker 38.644 ms, GPU 8.866 ms
Minimap publish: request-to-image 39.012 ms
Slow stage: terrain frame wall 176.094 ms (inclusive)
Frame 513: wall 176.102 ms, GPU producer 51.010 ms, 2 producer submission(s), streaming work excluded from GPU producer timing; t=34.972, BVH resident/budget 368.1/2048.0 MiB, builds/hits/evictions=157/514/0, scene builds=166
Frame phases 513: pre-render 0.014 ms, prepare 1.672 ms, primary repair 56.645 ms, shadow repair 65.677 ms, producer wait 52.022 ms; observer=2625287.14/1102583.90/2958.81, moved=21.54 m, roam=1, replaced=0, image=1600x900, LOD=1.500, shadows=1, minimap=1
Frame work 513: BVH built/hit/evicted=1/3/0, catalogue/instance/scene builds=1/5/1, cached/scene tiles=157/0, scene 0.0 MiB, selection/detail passes=5/6, fallback ray attempts=28, GPU build/selection/detail=5.323/2.129/28.734 ms, CPU grouping=12.354 ms; atlas installed/evicted=73/73, I/O=36.046 MiB, resident=27/27
Camera preparation: wall 0.168 ms, GPU LOD 0.003 ms, plans/footprints=156/1
Slow stage: worker iteration wall 176.156 ms (inclusive)
LOD plan: sources=1591, changed finer/coarser=1/0, selected LOD-1=24
Frame 517: wall 52.975 ms, GPU producer 51.235 ms, 1 producer submission(s), resident trace and presentation combined; t=35.025, BVH resident/budget 368.1/2048.0 MiB, builds/hits/evictions=157/514/0, scene builds=167
Frame phases 517: pre-render 0.005 ms, prepare 1.446 ms, primary repair 0.000 ms, shadow repair 0.000 ms, producer wait 51.492 ms; observer=2625309.77/1102620.55/2955.01, moved=43.07 m, roam=1, replaced=0, image=1600x900, LOD=1.500, shadows=1, minimap=1
Frame work 517: BVH built/hit/evicted=0/0/0, catalogue/instance/scene builds=1/1/1, cached/scene tiles=157/120, scene 0.1 MiB, selection/detail passes=0/1, fallback ray attempts=0, GPU build/selection/detail=0.469/0.000/0.000 ms, CPU grouping=0.000 ms; atlas installed/evicted=0/0, I/O=0.000 MiB, resident=27/27
Camera preparation: wall 0.166 ms, GPU LOD 0.004 ms, plans/footprints=157/1
Minimap mask: 276x236, 1440000 rays, worker 48.153 ms, GPU 6.676 ms
Minimap publish: request-to-image 48.220 ms
LOD plan: sources=1591, changed finer/coarser=0/1, selected LOD-1=24
Frame 519: wall 53.403 ms, GPU producer 51.528 ms, 1 producer submission(s), resident trace and presentation combined; t=35.079, BVH resident/budget 368.1/2048.0 MiB, builds/hits/evictions=157/514/0, scene builds=168
Frame phases 519: pre-render 0.016 ms, prepare 1.567 ms, primary repair 0.000 ms, shadow repair 0.000 ms, producer wait 51.780 ms; observer=2625320.89/1102638.83/2953.17, moved=21.40 m, roam=1, replaced=0, image=1600x900, LOD=1.500, shadows=1, minimap=1
Frame work 519: BVH built/hit/evicted=0/0/0, catalogue/instance/scene builds=1/1/1, cached/scene tiles=157/120, scene 0.1 MiB, selection/detail passes=0/1, fallback ray attempts=0, GPU build/selection/detail=0.457/0.000/0.000 ms, CPU grouping=0.000 ms; atlas installed/evicted=0/0, I/O=0.000 MiB, resident=27/27
Camera preparation: wall 0.211 ms, GPU LOD 0.004 ms, plans/footprints=158/1
Minimap mask: 276x236, 1440000 rays, worker 35.471 ms, GPU 7.684 ms
Minimap publish: request-to-image 35.579 ms
Frame 520: wall 53.508 ms, GPU producer 53.024 ms, 1 producer submission(s), resident trace and presentation combined; t=35.152, BVH resident/budget 368.1/2048.0 MiB, builds/hits/evictions=157/514/0, scene builds=168
Frame phases 520: pre-render 0.005 ms, prepare 0.108 ms, primary repair 0.000 ms, shadow repair 0.000 ms, producer wait 53.322 ms; observer=2625320.89/1102638.83/2953.17, moved=0.00 m, roam=0, replaced=0, image=1600x900, LOD=1.500, shadows=1, minimap=1
Frame work 520: BVH built/hit/evicted=0/0/0, catalogue/instance/scene builds=0/0/0, cached/scene tiles=157/120, scene 0.1 MiB, selection/detail passes=0/1, fallback ray attempts=0, GPU build/selection/detail=0.000/0.000/0.000 ms, CPU grouping=0.000 ms; atlas installed/evicted=0/0, I/O=0.000 MiB, resident=27/27
Minimap mask: 276x236, 1440000 rays, worker 40.291 ms, GPU 8.180 ms
Camera preparation: wall 0.000 ms, GPU LOD 0.000 ms, plans/footprints=158/1
LOD plan: sources=1591, changed finer/coarser=0/0, selected LOD-1=24
Minimap publish: request-to-image 41.624 ms
Health t=35.206: memory ok footprint/resident 976.4/591.2 MiB, Metal allocated/recommended 766.1/18186.2 MiB, thermal=0
Health t=35.206: worker stage=render age=54.4 ms, calls=364 revision=520, submitted/completed/presented=0/0/0, stale=0 unavailable=0 refreshed=0
Health t=35.206: display stage=idle age=28.8 ms, calls=1031 revision=520, submitted/completed/presented=1031/1030/1030, stale=0 unavailable=0 refreshed=0
Health t=35.206: minimap stage=mask-gpu age=29.5 ms, calls=211 revision=0, submitted/completed/presented=211/210/210, stale=0 unavailable=0 refreshed=364
Health t=35.206: terrain stage=producer wait age=52.3 ms
Frame 521: wall 55.102 ms, GPU producer 52.730 ms, 1 producer submission(s), resident trace and presentation combined; t=35.207, BVH resident/budget 368.1/2048.0 MiB, builds/hits/evictions=157/514/0, scene builds=169
Frame phases 521: pre-render 0.007 ms, prepare 2.026 ms, primary repair 0.000 ms, shadow repair 0.000 ms, producer wait 53.007 ms; observer=2625332.05/1102657.34/2951.35, moved=21.61 m, roam=1, replaced=0, image=1600x900, LOD=1.500, shadows=1, minimap=1
Frame work 521: BVH built/hit/evicted=0/0/0, catalogue/instance/scene builds=1/1/1, cached/scene tiles=157/120, scene 0.1 MiB, selection/detail passes=0/1, fallback ray attempts=0, GPU build/selection/detail=0.475/0.000/0.000 ms, CPU grouping=0.000 ms; atlas installed/evicted=0/0, I/O=0.000 MiB, resident=27/27
Camera preparation: wall 0.241 ms, GPU LOD 0.004 ms, plans/footprints=159/1
Minimap mask: 276x236, 1440000 rays, worker 30.306 ms, GPU 7.105 ms
Minimap publish: request-to-image 30.380 ms
LOD plan: sources=1591, changed finer/coarser=0/0, selected LOD-1=24
Frame 523: wall 54.200 ms, GPU producer 52.013 ms, 1 producer submission(s), resident trace and presentation combined; t=35.261, BVH resident/budget 368.1/2048.0 MiB, builds/hits/evictions=157/514/0, scene builds=170
Frame phases 523: pre-render 0.007 ms, prepare 1.859 ms, primary repair 0.000 ms, shadow repair 0.000 ms, producer wait 52.274 ms; observer=2625343.14/1102675.90/2949.56, moved=21.63 m, roam=1, replaced=0, image=1600x900, LOD=1.500, shadows=1, minimap=1
Frame work 523: BVH built/hit/evicted=0/0/0, catalogue/instance/scene builds=1/1/1, cached/scene tiles=157/120, scene 0.1 MiB, selection/detail passes=0/1, fallback ray attempts=0, GPU build/selection/detail=0.417/0.000/0.000 ms, CPU grouping=0.000 ms; atlas installed/evicted=0/0, I/O=0.000 MiB, resident=27/27
Camera preparation: wall 0.204 ms, GPU LOD 0.004 ms, plans/footprints=160/1
Minimap mask: 276x236, 1440000 rays, worker 50.211 ms, GPU 9.909 ms
Minimap publish: request-to-image 50.258 ms
Minimap mask: 276x236, 1440000 rays, worker 3.105 ms, GPU 1.205 ms
Minimap publish: request-to-image 3.155 ms
Frame 524: wall 51.653 ms, GPU producer 51.151 ms, 1 producer submission(s), resident trace and presentation combined; t=35.350, BVH resident/budget 368.1/2048.0 MiB, builds/hits/evictions=157/514/0, scene builds=170
Frame phases 524: pre-render 0.005 ms, prepare 0.087 ms, primary repair 0.000 ms, shadow repair 0.000 ms, producer wait 51.504 ms; observer=2625343.14/1102675.90/2949.56, moved=0.00 m, roam=0, replaced=0, image=1600x900, LOD=1.500, shadows=1, minimap=1
Frame work 524: BVH built/hit/evicted=0/0/0, catalogue/instance/scene builds=0/0/0, cached/scene tiles=157/120, scene 0.1 MiB, selection/detail passes=0/1, fallback ray attempts=0, GPU build/selection/detail=0.000/0.000/0.000 ms, CPU grouping=0.000 ms; atlas installed/evicted=0/0, I/O=0.000 MiB, resident=27/27
Camera preparation: wall 0.000 ms, GPU LOD 0.000 ms, plans/footprints=160/1
LOD plan: sources=1591, changed finer/coarser=0/0, selected LOD-1=24
Frame 525: wall 55.363 ms, GPU producer 52.736 ms, 1 producer submission(s), resident trace and presentation combined; t=35.406, BVH resident/budget 368.1/2048.0 MiB, builds/hits/evictions=157/514/0, scene builds=171
Frame phases 525: pre-render 0.008 ms, prepare 2.259 ms, primary repair 0.000 ms, shadow repair 0.000 ms, producer wait 53.023 ms; observer=2625354.12/1102694.45/2947.82, moved=21.55 m, roam=1, replaced=0, image=1600x900, LOD=1.500, shadows=1, minimap=1
Frame work 525: BVH built/hit/evicted=0/0/0, catalogue/instance/scene builds=1/1/1, cached/scene tiles=157/120, scene 0.1 MiB, selection/detail passes=0/1, fallback ray attempts=0, GPU build/selection/detail=0.464/0.000/0.000 ms, CPU grouping=0.000 ms; atlas installed/evicted=0/0, I/O=0.000 MiB, resident=27/27
Camera preparation: wall 0.253 ms, GPU LOD 0.004 ms, plans/footprints=161/1
Minimap mask: 276x236, 1440000 rays, worker 29.729 ms, GPU 7.216 ms
Minimap publish: request-to-image 29.841 ms
LOD plan: sources=1591, changed finer/coarser=2/0, selected LOD-1=25
Frame 527: wall 54.969 ms, GPU producer 52.441 ms, 1 producer submission(s), resident trace and presentation combined; t=35.461, BVH resident/budget 368.1/2048.0 MiB, builds/hits/evictions=157/514/0, scene builds=172
Frame phases 527: pre-render 0.008 ms, prepare 2.140 ms, primary repair 0.000 ms, shadow repair 0.000 ms, producer wait 52.756 ms; observer=2625365.02/1102713.05/2946.10, moved=21.56 m, roam=1, replaced=0, image=1600x900, LOD=1.500, shadows=1, minimap=1
Frame work 527: BVH built/hit/evicted=0/0/0, catalogue/instance/scene builds=1/1/1, cached/scene tiles=157/119, scene 0.1 MiB, selection/detail passes=0/1, fallback ray attempts=0, GPU build/selection/detail=0.445/0.000/0.000 ms, CPU grouping=0.000 ms; atlas installed/evicted=0/0, I/O=0.000 MiB, resident=27/27
Camera preparation: wall 0.255 ms, GPU LOD 0.004 ms, plans/footprints=162/1
Minimap mask: 276x236, 1440000 rays, worker 49.384 ms, GPU 9.209 ms
Minimap publish: request-to-image 49.466 ms
Minimap mask: 276x236, 1440000 rays, worker 4.153 ms, GPU 0.911 ms
Minimap publish: request-to-image 5.383 ms
Frame 528: wall 52.536 ms, GPU producer 52.067 ms, 1 producer submission(s), resident trace and presentation combined; t=35.551, BVH resident/budget 368.1/2048.0 MiB, builds/hits/evictions=157/514/0, scene builds=172
Frame phases 528: pre-render 0.006 ms, prepare 0.095 ms, primary repair 0.000 ms, shadow repair 0.000 ms, producer wait 52.367 ms; observer=2625365.02/1102713.05/2946.10, moved=0.00 m, roam=0, replaced=0, image=1600x900, LOD=1.500, shadows=1, minimap=1
Frame work 528: BVH built/hit/evicted=0/0/0, catalogue/instance/scene builds=0/0/0, cached/scene tiles=157/119, scene 0.1 MiB, selection/detail passes=0/1, fallback ray attempts=0, GPU build/selection/detail=0.000/0.000/0.000 ms, CPU grouping=0.000 ms; atlas installed/evicted=0/0, I/O=0.000 MiB, resident=27/27
Camera preparation: wall 0.000 ms, GPU LOD 0.000 ms, plans/footprints=162/1
LOD plan: sources=1591, changed finer/coarser=0/0, selected LOD-1=25
Frame 529: wall 55.700 ms, GPU producer 53.021 ms, 1 producer submission(s), resident trace and presentation combined; t=35.607, BVH resident/budget 368.1/2048.0 MiB, builds/hits/evictions=157/514/0, scene builds=173
Frame phases 529: pre-render 0.007 ms, prepare 2.243 ms, primary repair 0.000 ms, shadow repair 0.000 ms, producer wait 53.373 ms; observer=2625375.84/1102731.69/2944.42, moved=21.56 m, roam=1, replaced=0, image=1600x900, LOD=1.500, shadows=1, minimap=1
Frame work 529: BVH built/hit/evicted=0/0/0, catalogue/instance/scene builds=1/1/1, cached/scene tiles=157/119, scene 0.1 MiB, selection/detail passes=0/1, fallback ray attempts=0, GPU build/selection/detail=0.476/0.000/0.000 ms, CPU grouping=0.000 ms; atlas installed/evicted=0/0, I/O=0.000 MiB, resident=27/27
Camera preparation: wall 0.257 ms, GPU LOD 0.004 ms, plans/footprints=163/1
Minimap mask: 276x236, 1440000 rays, worker 30.444 ms, GPU 7.563 ms
LOD plan: sources=1591, changed finer/coarser=0/0, selected LOD-1=25
Minimap publish: request-to-image 33.507 ms
Frame 531: wall 55.646 ms, GPU producer 52.601 ms, 1 producer submission(s), resident trace and presentation combined; t=35.663, BVH resident/budget 368.1/2048.0 MiB, builds/hits/evictions=157/514/0, scene builds=174
Frame phases 531: pre-render 0.010 ms, prepare 2.609 ms, primary repair 0.000 ms, shadow repair 0.000 ms, producer wait 52.935 ms; observer=2625386.59/1102750.38/2942.78, moved=21.56 m, roam=1, replaced=0, image=1600x900, LOD=1.500, shadows=1, minimap=1
Frame work 531: BVH built/hit/evicted=0/0/0, catalogue/instance/scene builds=1/1/1, cached/scene tiles=157/119, scene 0.1 MiB, selection/detail passes=0/1, fallback ray attempts=0, GPU build/selection/detail=0.419/0.000/0.000 ms, CPU grouping=0.000 ms; atlas installed/evicted=0/0, I/O=0.000 MiB, resident=27/27
Camera preparation: wall 0.270 ms, GPU LOD 0.004 ms, plans/footprints=164/1
Minimap mask: 276x236, 1440000 rays, worker 50.650 ms, GPU 8.549 ms
Minimap publish: request-to-image 50.786 ms
Minimap mask: 276x236, 1440000 rays, worker 2.515 ms, GPU 0.906 ms
Minimap publish: request-to-image 5.051 ms
Frame 532: wall 53.744 ms, GPU producer 52.754 ms, 1 producer submission(s), resident trace and presentation combined; t=35.752, BVH resident/budget 368.1/2048.0 MiB, builds/hits/evictions=157/514/0, scene builds=174
Frame phases 532: pre-render 0.003 ms, prepare 0.105 ms, primary repair 0.000 ms, shadow repair 0.000 ms, producer wait 53.561 ms; observer=2625386.59/1102750.38/2942.78, moved=0.00 m, roam=0, replaced=0, image=1600x900, LOD=1.500, shadows=1, minimap=1
Frame work 532: BVH built/hit/evicted=0/0/0, catalogue/instance/scene builds=0/0/0, cached/scene tiles=157/119, scene 0.1 MiB, selection/detail passes=0/1, fallback ray attempts=0, GPU build/selection/detail=0.000/0.000/0.000 ms, CPU grouping=0.000 ms; atlas installed/evicted=0/0, I/O=0.000 MiB, resident=27/27
Camera preparation: wall 0.000 ms, GPU LOD 0.000 ms, plans/footprints=164/1
LOD plan: sources=1591, changed finer/coarser=0/1, selected LOD-1=25
Minimap mask: 276x236, 1440000 rays, worker 31.324 ms, GPU 7.698 ms
Frame 533: wall 55.987 ms, GPU producer 53.297 ms, 1 producer submission(s), resident trace and presentation combined; t=35.808, BVH resident/budget 368.1/2048.0 MiB, builds/hits/evictions=157/514/0, scene builds=175
Frame phases 533: pre-render 0.010 ms, prepare 2.244 ms, primary repair 0.000 ms, shadow repair 0.000 ms, producer wait 53.664 ms; observer=2625397.26/1102769.11/2941.16, moved=21.56 m, roam=1, replaced=0, image=1600x900, LOD=1.500, shadows=1, minimap=1
Frame work 533: BVH built/hit/evicted=0/0/0, catalogue/instance/scene builds=1/1/1, cached/scene tiles=157/119, scene 0.1 MiB, selection/detail passes=0/1, fallback ray attempts=0, GPU build/selection/detail=0.451/0.000/0.000 ms, CPU grouping=0.000 ms; atlas installed/evicted=0/0, I/O=0.000 MiB, resident=27/27
Camera preparation: wall 0.237 ms, GPU LOD 0.004 ms, plans/footprints=165/1
LOD plan: sources=1591, changed finer/coarser=1/1, selected LOD-1=26
Minimap publish: request-to-image 33.260 ms
Minimap mask: 276x236, 1440000 rays, worker 52.087 ms, GPU 8.628 ms
Minimap publish: request-to-image 52.148 ms
Slow stage: terrain frame wall 200.918 ms (inclusive)
Frame 535: wall 200.933 ms, GPU producer 53.163 ms, 2 producer submission(s), streaming work excluded from GPU producer timing; t=36.009, BVH resident/budget 378.4/2048.0 MiB, builds/hits/evictions=158/520/0, scene builds=176
Frame phases 535: pre-render 0.018 ms, prepare 2.892 ms, primary repair 75.066 ms, shadow repair 68.706 ms, producer wait 54.140 ms; observer=2625407.86/1102787.89/2939.58, moved=21.56 m, roam=1, replaced=0, image=1600x900, LOD=1.500, shadows=1, minimap=1
Frame work 535: BVH built/hit/evicted=1/6/0, catalogue/instance/scene builds=1/6/1, cached/scene tiles=158/0, scene 0.0 MiB, selection/detail passes=6/7, fallback ray attempts=154614, GPU build/selection/detail=4.715/2.771/31.019 ms, CPU grouping=20.767 ms; atlas installed/evicted=71/71, I/O=35.418 MiB, resident=27/27
Camera preparation: wall 0.251 ms, GPU LOD 0.004 ms, plans/footprints=166/1
Slow stage: worker iteration wall 200.994 ms (inclusive)
LOD plan: sources=1591, changed finer/coarser=2/0, selected LOD-1=26
Minimap mask: 276x236, 1440000 rays, worker 20.035 ms, GPU 4.626 ms
Minimap publish: request-to-image 20.073 ms
Slow stage: primary repair wall 106.779 ms (inclusive)
Health t=36.211: memory ok footprint/resident 984.2/591.9 MiB, Metal allocated/recommended 776.0/18186.2 MiB, thermal=0
Health t=36.211: worker stage=render age=201.8 ms, calls=375 revision=535, submitted/completed/presented=0/0/0, stale=0 unavailable=0 refreshed=0
Health t=36.211: display stage=idle age=2.5 ms, calls=1062 revision=535, submitted/completed/presented=1062/1062/1061, stale=0 unavailable=0 refreshed=0
Health t=36.211: minimap stage=idle age=147.1 ms, calls=222 revision=0, submitted/completed/presented=222/222/222, stale=0 unavailable=0 refreshed=376
Health t=36.211: terrain stage=shadow repair age=40.3 ms
Slow stage: terrain frame wall 229.184 ms (inclusive)
Frame 539: wall 229.191 ms, GPU producer 53.590 ms, 2 producer submission(s), streaming work excluded from GPU producer timing; t=36.239, BVH resident/budget 379.0/2048.0 MiB, builds/hits/evictions=159/535/0, scene builds=177
Frame phases 539: pre-render 0.011 ms, prepare 1.500 ms, primary repair 106.779 ms, shadow repair 66.281 ms, producer wait 54.504 ms; observer=2625428.82/1102825.59/2936.53, moved=43.13 m, roam=1, replaced=0, image=1600x900, LOD=1.500, shadows=1, minimap=1
Frame work 539: BVH built/hit/evicted=1/15/0, catalogue/instance/scene builds=1/16/1, cached/scene tiles=159/0, scene 0.0 MiB, selection/detail passes=16/17, fallback ray attempts=548, GPU build/selection/detail=1.769/9.359/29.752 ms, CPU grouping=39.864 ms; atlas installed/evicted=72/72, I/O=35.733 MiB, resident=27/27
Camera preparation: wall 0.181 ms, GPU LOD 0.004 ms, plans/footprints=167/1
Slow stage: worker iteration wall 229.237 ms (inclusive)
LOD plan: sources=1591, changed finer/coarser=2/1, selected LOD-1=26
Frame 543: wall 53.499 ms, GPU producer 51.749 ms, 1 producer submission(s), resident trace and presentation combined; t=36.292, BVH resident/budget 379.0/2048.0 MiB, builds/hits/evictions=159/535/0, scene builds=178
Frame phases 543: pre-render 0.005 ms, prepare 1.486 ms, primary repair 0.000 ms, shadow repair 0.000 ms, producer wait 51.966 ms; observer=2625449.47/1102863.48/2933.61, moved=43.15 m, roam=1, replaced=0, image=1600x900, LOD=1.500, shadows=1, minimap=1
Frame work 543: BVH built/hit/evicted=0/0/0, catalogue/instance/scene builds=1/1/1, cached/scene tiles=159/118, scene 0.1 MiB, selection/detail passes=0/1, fallback ray attempts=0, GPU build/selection/detail=0.465/0.000/0.000 ms, CPU grouping=0.000 ms; atlas installed/evicted=0/0, I/O=0.000 MiB, resident=27/27
Minimap mask: 276x236, 1440000 rays, worker 48.405 ms, GPU 7.731 ms
Minimap publish: request-to-image 48.495 ms
Camera preparation: wall 0.184 ms, GPU LOD 0.004 ms, plans/footprints=168/1
Frame 544: wall 55.027 ms, GPU producer 54.370 ms, 1 producer submission(s), resident trace and presentation combined; t=36.354, BVH resident/budget 379.0/2048.0 MiB, builds/hits/evictions=159/535/0, scene builds=178
Frame phases 544: pre-render 0.002 ms, prepare 0.079 ms, primary repair 0.000 ms, shadow repair 0.000 ms, producer wait 54.883 ms; observer=2625449.47/1102863.48/2933.61, moved=0.00 m, roam=0, replaced=0, image=1600x900, LOD=1.500, shadows=1, minimap=1
Frame work 544: BVH built/hit/evicted=0/0/0, catalogue/instance/scene builds=0/0/0, cached/scene tiles=159/118, scene 0.1 MiB, selection/detail passes=0/1, fallback ray attempts=0, GPU build/selection/detail=0.000/0.000/0.000 ms, CPU grouping=0.000 ms; atlas installed/evicted=0/0, I/O=0.000 MiB, resident=27/27
Camera preparation: wall 0.001 ms, GPU LOD 0.000 ms, plans/footprints=168/1
Minimap mask: 276x236, 1440000 rays, worker 42.988 ms, GPU 10.245 ms
Minimap publish: request-to-image 43.034 ms
LOD plan: sources=1591, changed finer/coarser=0/0, selected LOD-1=26
Minimap mask: 276x236, 1440000 rays, worker 33.787 ms, GPU 7.921 ms
Frame 545: wall 56.144 ms, GPU producer 54.074 ms, 1 producer submission(s), resident trace and presentation combined; t=36.410, BVH resident/budget 379.0/2048.0 MiB, builds/hits/evictions=159/535/0, scene builds=179
Frame phases 545: pre-render 0.036 ms, prepare 1.719 ms, primary repair 0.000 ms, shadow repair 0.000 ms, producer wait 54.334 ms; observer=2625459.68/1102882.49/2932.20, moved=21.58 m, roam=1, replaced=0, image=1600x900, LOD=1.500, shadows=1, minimap=1
Frame work 545: BVH built/hit/evicted=0/0/0, catalogue/instance/scene builds=1/1/1, cached/scene tiles=159/118, scene 0.1 MiB, selection/detail passes=0/1, fallback ray attempts=0, GPU build/selection/detail=0.443/0.000/0.000 ms, CPU grouping=0.000 ms; atlas installed/evicted=0/0, I/O=0.000 MiB, resident=27/27
Camera preparation: wall 0.215 ms, GPU LOD 0.004 ms, plans/footprints=169/1
LOD plan: sources=1591, changed finer/coarser=0/2, selected LOD-1=26
Minimap mask: 276x236, 1440000 rays, worker 56.268 ms, GPU 1.001 ms
Minimap publish: request-to-image 56.753 ms
Slow stage: terrain frame wall 219.166 ms (inclusive)
Frame 547: wall 219.174 ms, GPU producer 56.803 ms, 2 producer submission(s), streaming work excluded from GPU producer timing; t=36.629, BVH resident/budget 380.5/2048.0 MiB, builds/hits/evictions=162/541/0, scene builds=180
Frame phases 547: pre-render 0.010 ms, prepare 1.861 ms, primary repair 95.468 ms, shadow repair 62.417 ms, producer wait 59.338 ms; observer=2625469.81/1102901.54/2930.83, moved=21.58 m, roam=1, replaced=0, image=1600x900, LOD=1.500, shadows=1, minimap=1
Frame work 547: BVH built/hit/evicted=3/6/0, catalogue/instance/scene builds=1/10/1, cached/scene tiles=162/0, scene 0.0 MiB, selection/detail passes=10/11, fallback ray attempts=2, GPU build/selection/detail=2.203/5.258/29.567 ms, CPU grouping=29.920 ms; atlas installed/evicted=76/76, I/O=35.954 MiB, resident=27/27
Camera preparation: wall 0.228 ms, GPU LOD 0.004 ms, plans/footprints=170/1
Slow stage: worker iteration wall 219.222 ms (inclusive)
LOD plan: sources=1591, changed finer/coarser=2/2, selected LOD-1=26
Minimap mask: 276x236, 1440000 rays, worker 38.822 ms, GPU 7.319 ms
Minimap publish: request-to-image 38.859 ms
Slow stage: primary repair wall 101.140 ms (inclusive)
Slow stage: terrain frame wall 217.429 ms (inclusive)
Frame 551: wall 217.438 ms, GPU producer 52.197 ms, 2 producer submission(s), streaming work excluded from GPU producer timing; t=36.847, BVH resident/budget 381.1/2048.0 MiB, builds/hits/evictions=163/563/0, scene builds=181
Frame phases 551: pre-render 0.014 ms, prepare 1.482 ms, primary repair 101.140 ms, shadow repair 61.502 ms, producer wait 53.229 ms; observer=2625489.83/1102939.77/2928.18, moved=43.16 m, roam=1, replaced=0, image=1600x900, LOD=1.500, shadows=1, minimap=1
Frame work 551: BVH built/hit/evicted=1/22/0, catalogue/instance/scene builds=1/15/1, cached/scene tiles=163/0, scene 0.0 MiB, selection/detail passes=15/16, fallback ray attempts=1570, GPU build/selection/detail=2.082/8.829/30.897 ms, CPU grouping=35.496 ms; atlas installed/evicted=72/72, I/O=35.827 MiB, resident=27/27
Camera preparation: wall 0.196 ms, GPU LOD 0.004 ms, plans/footprints=171/1
Slow stage: worker iteration wall 217.488 ms (inclusive)
LOD plan: sources=1591, changed finer/coarser=0/1, selected LOD-1=26
Minimap mask: 276x236, 1440000 rays, worker 23.666 ms, GPU 3.879 ms
Frame 555: wall 54.376 ms, GPU producer 52.481 ms, 1 producer submission(s), resident trace and presentation combined; t=36.901, BVH resident/budget 381.1/2048.0 MiB, builds/hits/evictions=163/563/0, scene builds=182
Frame phases 555: pre-render 0.005 ms, prepare 1.574 ms, primary repair 0.000 ms, shadow repair 0.000 ms, producer wait 52.733 ms; observer=2625509.55/1102978.19/2925.67, moved=43.18 m, roam=1, replaced=0, image=1600x900, LOD=1.500, shadows=1, minimap=1
Frame work 555: BVH built/hit/evicted=0/0/0, catalogue/instance/scene builds=1/1/1, cached/scene tiles=163/119, scene 0.1 MiB, selection/detail passes=0/1, fallback ray attempts=0, GPU build/selection/detail=0.482/0.000/0.000 ms, CPU grouping=0.000 ms; atlas installed/evicted=0/0, I/O=0.000 MiB, resident=27/27
Camera preparation: wall 0.174 ms, GPU LOD 0.004 ms, plans/footprints=172/1
LOD plan: sources=1591, changed finer/coarser=1/0, selected LOD-1=26
Minimap publish: request-to-image 26.870 ms
Minimap mask: 276x236, 1440000 rays, worker 46.829 ms, GPU 8.475 ms
Minimap publish: request-to-image 46.875 ms
Slow stage: terrain frame wall 187.815 ms (inclusive)
Frame 557: wall 187.827 ms, GPU producer 54.926 ms, 2 producer submission(s), streaming work excluded from GPU producer timing; t=37.089, BVH resident/budget 383.7/2048.0 MiB, builds/hits/evictions=164/567/0, scene builds=183
Frame phases 557: pre-render 0.018 ms, prepare 1.686 ms, primary repair 66.900 ms, shadow repair 63.275 ms, producer wait 55.867 ms; observer=2625519.29/1102997.46/2924.46, moved=21.59 m, roam=1, replaced=0, image=1600x900, LOD=1.500, shadows=1, minimap=1
Frame work 557: BVH built/hit/evicted=1/4/0, catalogue/instance/scene builds=1/6/1, cached/scene tiles=164/0, scene 0.0 MiB, selection/detail passes=6/7, fallback ray attempts=2, GPU build/selection/detail=1.827/3.185/29.770 ms, CPU grouping=18.359 ms; atlas installed/evicted=72/72, I/O=36.203 MiB, resident=27/27
Camera preparation: wall 0.174 ms, GPU LOD 0.004 ms, plans/footprints=173/1
Slow stage: worker iteration wall 187.879 ms (inclusive)
LOD plan: sources=1591, changed finer/coarser=0/0, selected LOD-1=26
Frame 559: wall 55.020 ms, GPU producer 53.329 ms, 1 producer submission(s), resident trace and presentation combined; t=37.144, BVH resident/budget 383.7/2048.0 MiB, builds/hits/evictions=164/567/0, scene builds=184
Frame phases 559: pre-render 0.018 ms, prepare 1.440 ms, primary repair 0.000 ms, shadow repair 0.000 ms, producer wait 53.517 ms; observer=2625528.94/1103016.76/2923.29, moved=21.58 m, roam=1, replaced=0, image=1600x900, LOD=1.500, shadows=1, minimap=1
Frame work 559: BVH built/hit/evicted=0/0/0, catalogue/instance/scene builds=1/1/1, cached/scene tiles=164/119, scene 0.1 MiB, selection/detail passes=0/1, fallback ray attempts=0, GPU build/selection/detail=0.461/0.000/0.000 ms, CPU grouping=0.000 ms; atlas installed/evicted=0/0, I/O=0.000 MiB, resident=27/27
Camera preparation: wall 0.162 ms, GPU LOD 0.004 ms, plans/footprints=174/1
Minimap mask: 276x236, 1440000 rays, worker 34.388 ms, GPU 6.947 ms
Minimap publish: request-to-image 34.489 ms
LOD plan: sources=1591, changed finer/coarser=0/1, selected LOD-1=26
Minimap mask: 276x236, 1440000 rays, worker 23.858 ms, GPU 5.350 ms
Frame 561: wall 56.589 ms, GPU producer 53.809 ms, 1 producer submission(s), resident trace and presentation combined; t=37.201, BVH resident/budget 383.7/2048.0 MiB, builds/hits/evictions=164/567/0, scene builds=185
Frame phases 561: pre-render 0.762 ms, prepare 1.692 ms, primary repair 0.000 ms, shadow repair 0.000 ms, producer wait 54.082 ms; observer=2625538.53/1103036.11/2922.15, moved=21.60 m, roam=1, replaced=0, image=1600x900, LOD=1.500, shadows=1, minimap=1
Frame work 561: BVH built/hit/evicted=0/0/0, catalogue/instance/scene builds=1/1/1, cached/scene tiles=164/119, scene 0.1 MiB, selection/detail passes=0/1, fallback ray attempts=0, GPU build/selection/detail=0.456/0.000/0.000 ms, CPU grouping=0.000 ms; atlas installed/evicted=0/0, I/O=2.004 MiB, resident=27/27
Camera preparation: wall 0.223 ms, GPU LOD 0.004 ms, plans/footprints=175/1
LOD plan: sources=1591, changed finer/coarser=0/0, selected LOD-1=26
Minimap publish: request-to-image 26.337 ms
Health t=37.216: memory ok footprint/resident 988.4/596.9 MiB, Metal allocated/recommended 783.9/18186.2 MiB, thermal=0
Health t=37.216: worker stage=render age=15.7 ms, calls=385 revision=561, submitted/completed/presented=0/0/0, stale=0 unavailable=0 refreshed=0
Health t=37.216: display stage=idle age=3.6 ms, calls=1092 revision=561, submitted/completed/presented=1092/1091/1090, stale=0 unavailable=0 refreshed=0
Health t=37.216: minimap stage=mask-gpu age=3.6 ms, calls=232 revision=0, submitted/completed/presented=232/231/230, stale=1 unavailable=0 refreshed=390
Health t=37.216: terrain stage=producer wait age=13.3 ms
Frame 563: wall 55.646 ms, GPU producer 52.525 ms, 1 producer submission(s), resident trace and presentation combined; t=37.256, BVH resident/budget 383.7/2048.0 MiB, builds/hits/evictions=164/567/0, scene builds=186
Frame phases 563: pre-render 0.007 ms, prepare 2.338 ms, primary repair 0.000 ms, shadow repair 0.000 ms, producer wait 53.248 ms; observer=2625548.02/1103055.51/2921.05, moved=21.59 m, roam=1, replaced=0, image=1600x900, LOD=1.500, shadows=1, minimap=1
Frame work 563: BVH built/hit/evicted=0/0/0, catalogue/instance/scene builds=1/1/1, cached/scene tiles=164/119, scene 0.1 MiB, selection/detail passes=0/1, fallback ray attempts=0, GPU build/selection/detail=0.432/0.000/0.000 ms, CPU grouping=0.000 ms; atlas installed/evicted=0/0, I/O=0.000 MiB, resident=27/27
Camera preparation: wall 0.231 ms, GPU LOD 0.004 ms, plans/footprints=176/1
Minimap mask: 276x236, 1440000 rays, worker 44.102 ms, GPU 9.479 ms
Minimap publish: request-to-image 44.184 ms
Minimap mask: 276x236, 1440000 rays, worker 4.389 ms, GPU 0.874 ms
Minimap publish: request-to-image 5.228 ms
Frame 564: wall 52.770 ms, GPU producer 52.221 ms, 1 producer submission(s), resident trace and presentation combined; t=37.351, BVH resident/budget 383.7/2048.0 MiB, builds/hits/evictions=164/567/0, scene builds=186
Frame phases 564: pre-render 0.006 ms, prepare 0.105 ms, primary repair 0.000 ms, shadow repair 0.000 ms, producer wait 52.571 ms; observer=2625548.02/1103055.51/2921.05, moved=0.00 m, roam=0, replaced=0, image=1600x900, LOD=1.500, shadows=1, minimap=1
Frame work 564: BVH built/hit/evicted=0/0/0, catalogue/instance/scene builds=0/0/0, cached/scene tiles=164/119, scene 0.1 MiB, selection/detail passes=0/1, fallback ray attempts=0, GPU build/selection/detail=0.000/0.000/0.000 ms, CPU grouping=0.000 ms; atlas installed/evicted=0/0, I/O=0.000 MiB, resident=27/27
Camera preparation: wall 0.000 ms, GPU LOD 0.000 ms, plans/footprints=176/1
LOD plan: sources=1591, changed finer/coarser=0/0, selected LOD-1=26
Frame 565: wall 56.389 ms, GPU producer 53.759 ms, 1 producer submission(s), resident trace and presentation combined; t=37.408, BVH resident/budget 383.7/2048.0 MiB, builds/hits/evictions=164/567/0, scene builds=187
Frame phases 565: pre-render 0.010 ms, prepare 2.238 ms, primary repair 0.000 ms, shadow repair 0.000 ms, producer wait 54.061 ms; observer=2625557.43/1103074.90/2919.98, moved=21.56 m, roam=1, replaced=0, image=1600x900, LOD=1.500, shadows=1, minimap=1
Frame work 565: BVH built/hit/evicted=0/0/0, catalogue/instance/scene builds=1/1/1, cached/scene tiles=164/119, scene 0.1 MiB, selection/detail passes=0/1, fallback ray attempts=0, GPU build/selection/detail=0.484/0.000/0.000 ms, CPU grouping=0.000 ms; atlas installed/evicted=0/0, I/O=0.000 MiB, resident=27/27
Camera preparation: wall 0.215 ms, GPU LOD 0.004 ms, plans/footprints=177/1
Minimap mask: 276x236, 1440000 rays, worker 30.798 ms, GPU 6.512 ms
Minimap publish: request-to-image 30.952 ms
LOD plan: sources=1591, changed finer/coarser=0/0, selected LOD-1=26
Frame 567: wall 56.403 ms, GPU producer 53.754 ms, 1 producer submission(s), resident trace and presentation combined; t=37.464, BVH resident/budget 383.7/2048.0 MiB, builds/hits/evictions=164/567/0, scene builds=188
Frame phases 567: pre-render 0.009 ms, prepare 2.145 ms, primary repair 0.000 ms, shadow repair 0.000 ms, producer wait 54.174 ms; observer=2625566.78/1103094.41/2918.95, moved=21.63 m, roam=1, replaced=0, image=1600x900, LOD=1.500, shadows=1, minimap=1
Frame work 567: BVH built/hit/evicted=0/0/0, catalogue/instance/scene builds=1/1/1, cached/scene tiles=164/119, scene 0.1 MiB, selection/detail passes=0/1, fallback ray attempts=0, GPU build/selection/detail=0.419/0.000/0.000 ms, CPU grouping=0.000 ms; atlas installed/evicted=0/0, I/O=0.000 MiB, resident=27/27
Camera preparation: wall 0.265 ms, GPU LOD 0.004 ms, plans/footprints=178/1
Minimap mask: 276x236, 1440000 rays, worker 51.812 ms, GPU 10.118 ms
Minimap publish: request-to-image 51.916 ms
Minimap mask: 276x236, 1440000 rays, worker 2.278 ms, GPU 1.120 ms
Minimap publish: request-to-image 5.151 ms
Frame 568: wall 53.800 ms, GPU producer 53.210 ms, 1 producer submission(s), resident trace and presentation combined; t=37.552, BVH resident/budget 383.7/2048.0 MiB, builds/hits/evictions=164/567/0, scene builds=188
Frame phases 568: pre-render 0.004 ms, prepare 0.112 ms, primary repair 0.000 ms, shadow repair 0.000 ms, producer wait 53.610 ms; observer=2625566.78/1103094.41/2918.95, moved=0.00 m, roam=0, replaced=0, image=1600x900, LOD=1.500, shadows=1, minimap=1
Frame work 568: BVH built/hit/evicted=0/0/0, catalogue/instance/scene builds=0/0/0, cached/scene tiles=164/119, scene 0.1 MiB, selection/detail passes=0/1, fallback ray attempts=0, GPU build/selection/detail=0.000/0.000/0.000 ms, CPU grouping=0.000 ms; atlas installed/evicted=0/0, I/O=0.000 MiB, resident=27/27
Camera preparation: wall 0.000 ms, GPU LOD 0.000 ms, plans/footprints=178/1
LOD plan: sources=1591, changed finer/coarser=0/0, selected LOD-1=26
Frame 569: wall 55.828 ms, GPU producer 53.181 ms, 1 producer submission(s), resident trace and presentation combined; t=37.608, BVH resident/budget 383.7/2048.0 MiB, builds/hits/evictions=164/567/0, scene builds=189
Frame phases 569: pre-render 0.015 ms, prepare 2.232 ms, primary repair 0.000 ms, shadow repair 0.000 ms, producer wait 53.515 ms; observer=2625576.02/1103113.88/2917.95, moved=21.56 m, roam=1, replaced=0, image=1600x900, LOD=1.500, shadows=1, minimap=1
Frame work 569: BVH built/hit/evicted=0/0/0, catalogue/instance/scene builds=1/1/1, cached/scene tiles=164/119, scene 0.1 MiB, selection/detail passes=0/1, fallback ray attempts=0, GPU build/selection/detail=0.468/0.000/0.000 ms, CPU grouping=0.000 ms; atlas installed/evicted=0/0, I/O=0.000 MiB, resident=27/27
Camera preparation: wall 0.214 ms, GPU LOD 0.007 ms, plans/footprints=179/1
Minimap mask: 276x236, 1440000 rays, worker 31.244 ms, GPU 7.304 ms
LOD plan: sources=1591, changed finer/coarser=0/0, selected LOD-1=26
Minimap publish: request-to-image 33.922 ms
Frame 571: wall 57.366 ms, GPU producer 54.206 ms, 1 producer submission(s), resident trace and presentation combined; t=37.666, BVH resident/budget 383.7/2048.0 MiB, builds/hits/evictions=164/567/0, scene builds=190
Frame phases 571: pre-render 0.010 ms, prepare 2.732 ms, primary repair 0.000 ms, shadow repair 0.000 ms, producer wait 54.512 ms; observer=2625585.22/1103133.48/2916.98, moved=21.65 m, roam=1, replaced=0, image=1600x900, LOD=1.500, shadows=1, minimap=1
Frame work 571: BVH built/hit/evicted=0/0/0, catalogue/instance/scene builds=1/1/1, cached/scene tiles=164/119, scene 0.1 MiB, selection/detail passes=0/1, fallback ray attempts=0, GPU build/selection/detail=0.428/0.000/0.000 ms, CPU grouping=0.000 ms; atlas installed/evicted=0/0, I/O=0.000 MiB, resident=27/27
Camera preparation: wall 0.271 ms, GPU LOD 0.003 ms, plans/footprints=180/1
Minimap mask: 276x236, 1440000 rays, worker 52.720 ms, GPU 7.495 ms
Minimap publish: request-to-image 52.803 ms
Minimap mask: 276x236, 1440000 rays, worker 3.380 ms, GPU 0.869 ms
Minimap publish: request-to-image 4.779 ms
Frame 572: wall 54.982 ms, GPU producer 52.973 ms, 1 producer submission(s), resident trace and presentation combined; t=37.754, BVH resident/budget 383.7/2048.0 MiB, builds/hits/evictions=164/567/0, scene builds=190
Frame phases 572: pre-render 0.004 ms, prepare 0.140 ms, primary repair 0.000 ms, shadow repair 0.000 ms, producer wait 54.732 ms; observer=2625585.22/1103133.48/2916.98, moved=0.00 m, roam=0, replaced=0, image=1600x900, LOD=1.500, shadows=1, minimap=1
Frame work 572: BVH built/hit/evicted=0/0/0, catalogue/instance/scene builds=0/0/0, cached/scene tiles=164/119, scene 0.1 MiB, selection/detail passes=0/1, fallback ray attempts=0, GPU build/selection/detail=0.000/0.000/0.000 ms, CPU grouping=0.000 ms; atlas installed/evicted=0/0, I/O=0.000 MiB, resident=27/27
Camera preparation: wall 0.001 ms, GPU LOD 0.000 ms, plans/footprints=180/1
LOD plan: sources=1591, changed finer/coarser=0/0, selected LOD-1=26
Minimap mask: 276x236, 1440000 rays, worker 34.040 ms, GPU 7.469 ms
Frame 573: wall 56.824 ms, GPU producer 53.983 ms, 1 producer submission(s), resident trace and presentation combined; t=37.810, BVH resident/budget 383.7/2048.0 MiB, builds/hits/evictions=164/567/0, scene builds=191
Frame phases 573: pre-render 0.009 ms, prepare 2.404 ms, primary repair 0.000 ms, shadow repair 0.000 ms, producer wait 54.338 ms; observer=2625594.32/1103153.07/2916.04, moved=21.60 m, roam=1, replaced=0, image=1600x900, LOD=1.500, shadows=1, minimap=1
Frame work 573: BVH built/hit/evicted=0/0/0, catalogue/instance/scene builds=1/1/1, cached/scene tiles=164/119, scene 0.1 MiB, selection/detail passes=0/1, fallback ray attempts=0, GPU build/selection/detail=0.431/0.000/0.000 ms, CPU grouping=0.000 ms; atlas installed/evicted=0/0, I/O=0.000 MiB, resident=27/27
Camera preparation: wall 0.285 ms, GPU LOD 0.007 ms, plans/footprints=181/1
LOD plan: sources=1591, changed finer/coarser=0/2, selected LOD-1=25
Frame 575: wall 59.373 ms, GPU producer 54.361 ms, 1 producer submission(s), resident trace and presentation combined; t=37.870, BVH resident/budget 383.7/2048.0 MiB, builds/hits/evictions=164/567/0, scene builds=192
Frame phases 575: pre-render 0.030 ms, prepare 2.697 ms, primary repair 0.000 ms, shadow repair 0.000 ms, producer wait 56.555 ms; observer=2625603.34/1103172.70/2915.14, moved=21.60 m, roam=1, replaced=0, image=1600x900, LOD=1.500, shadows=1, minimap=1
Frame work 575: BVH built/hit/evicted=0/0/0, catalogue/instance/scene builds=1/1/1, cached/scene tiles=164/118, scene 0.1 MiB, selection/detail passes=0/1, fallback ray attempts=0, GPU build/selection/detail=0.418/0.000/0.000 ms, CPU grouping=0.000 ms; atlas installed/evicted=0/0, I/O=0.000 MiB, resident=27/27
Camera preparation: wall 0.307 ms, GPU LOD 0.003 ms, plans/footprints=182/1
Minimap mask: 276x236, 1440000 rays, worker 56.581 ms, GPU 1.451 ms
Minimap publish: request-to-image 57.382 ms
Minimap mask: 276x236, 1440000 rays, worker 2.348 ms, GPU 1.042 ms
Minimap publish: request-to-image 5.532 ms
Frame 576: wall 52.919 ms, GPU producer 51.725 ms, 1 producer submission(s), resident trace and presentation combined; t=37.951, BVH resident/budget 383.7/2048.0 MiB, builds/hits/evictions=164/567/0, scene builds=192
Frame phases 576: pre-render 0.025 ms, prepare 0.118 ms, primary repair 0.000 ms, shadow repair 0.000 ms, producer wait 52.700 ms; observer=2625603.34/1103172.70/2915.14, moved=0.00 m, roam=0, replaced=0, image=1600x900, LOD=1.500, shadows=1, minimap=1
Frame work 576: BVH built/hit/evicted=0/0/0, catalogue/instance/scene builds=0/0/0, cached/scene tiles=164/118, scene 0.1 MiB, selection/detail passes=0/1, fallback ray attempts=0, GPU build/selection/detail=0.000/0.000/0.000 ms, CPU grouping=0.000 ms; atlas installed/evicted=0/0, I/O=0.000 MiB, resident=27/27
Camera preparation: wall 0.001 ms, GPU LOD 0.000 ms, plans/footprints=182/1
LOD plan: sources=1591, changed finer/coarser=0/1, selected LOD-1=25
Frame 577: wall 56.592 ms, GPU producer 53.855 ms, 1 producer submission(s), resident trace and presentation combined; t=38.008, BVH resident/budget 383.7/2048.0 MiB, builds/hits/evictions=164/567/0, scene builds=193
Frame phases 577: pre-render 0.008 ms, prepare 2.330 ms, primary repair 0.000 ms, shadow repair 0.000 ms, producer wait 54.182 ms; observer=2625612.22/1103192.25/2914.28, moved=21.48 m, roam=1, replaced=0, image=1600x900, LOD=1.500, shadows=1, minimap=1
Frame work 577: BVH built/hit/evicted=0/0/0, catalogue/instance/scene builds=1/1/1, cached/scene tiles=164/118, scene 0.1 MiB, selection/detail passes=0/1, fallback ray attempts=0, GPU build/selection/detail=0.453/0.000/0.000 ms, CPU grouping=0.000 ms; atlas installed/evicted=0/0, I/O=0.000 MiB, resident=27/27
Camera preparation: wall 0.255 ms, GPU LOD 0.007 ms, plans/footprints=183/1
Minimap mask: 276x236, 1440000 rays, worker 31.215 ms, GPU 3.086 ms
Minimap publish: request-to-image 31.351 ms
LOD plan: sources=1591, changed finer/coarser=0/1, selected LOD-1=25
Frame 579: wall 57.428 ms, GPU producer 54.147 ms, 1 producer submission(s), resident trace and presentation combined; t=38.065, BVH resident/budget 383.7/2048.0 MiB, builds/hits/evictions=164/567/0, scene builds=194
Frame phases 579: pre-render 0.011 ms, prepare 2.646 ms, primary repair 0.000 ms, shadow repair 0.000 ms, producer wait 54.676 ms; observer=2625621.13/1103212.07/2913.45, moved=21.73 m, roam=1, replaced=0, image=1600x900, LOD=1.500, shadows=1, minimap=1
Frame work 579: BVH built/hit/evicted=0/0/0, catalogue/instance/scene builds=1/1/1, cached/scene tiles=164/118, scene 0.1 MiB, selection/detail passes=0/1, fallback ray attempts=0, GPU build/selection/detail=0.418/0.000/0.000 ms, CPU grouping=0.000 ms; atlas installed/evicted=0/0, I/O=0.000 MiB, resident=27/27
Camera preparation: wall 0.263 ms, GPU LOD 0.003 ms, plans/footprints=184/1
Minimap mask: 276x236, 1440000 rays, worker 52.181 ms, GPU 9.237 ms
Minimap publish: request-to-image 52.319 ms
Minimap mask: 276x236, 1440000 rays, worker 2.146 ms, GPU 0.971 ms
Minimap publish: request-to-image 5.220 ms
Frame 580: wall 54.004 ms, GPU producer 53.498 ms, 1 producer submission(s), resident trace and presentation combined; t=38.152, BVH resident/budget 383.7/2048.0 MiB, builds/hits/evictions=164/567/0, scene builds=194
Frame phases 580: pre-render 0.005 ms, prepare 0.114 ms, primary repair 0.000 ms, shadow repair 0.000 ms, producer wait 53.817 ms; observer=2625621.13/1103212.07/2913.45, moved=0.00 m, roam=0, replaced=0, image=1600x900, LOD=1.500, shadows=1, minimap=1
Frame work 580: BVH built/hit/evicted=0/0/0, catalogue/instance/scene builds=0/0/0, cached/scene tiles=164/118, scene 0.1 MiB, selection/detail passes=0/1, fallback ray attempts=0, GPU build/selection/detail=0.000/0.000/0.000 ms, CPU grouping=0.000 ms; atlas installed/evicted=0/0, I/O=0.000 MiB, resident=27/27
Camera preparation: wall 0.001 ms, GPU LOD 0.000 ms, plans/footprints=184/1
LOD plan: sources=1591, changed finer/coarser=0/1, selected LOD-1=25
Minimap mask: 276x236, 1440000 rays, worker 32.982 ms, GPU 7.681 ms
Frame 581: wall 57.652 ms, GPU producer 54.900 ms, 1 producer submission(s), resident trace and presentation combined; t=38.210, BVH resident/budget 383.7/2048.0 MiB, builds/hits/evictions=164/567/0, scene builds=195
Frame phases 581: pre-render 0.070 ms, prepare 2.283 ms, primary repair 0.000 ms, shadow repair 0.000 ms, producer wait 55.227 ms; observer=2625629.87/1103231.74/2912.65, moved=21.52 m, roam=1, replaced=0, image=1600x900, LOD=1.500, shadows=1, minimap=1
Frame work 581: BVH built/hit/evicted=0/0/0, catalogue/instance/scene builds=1/1/1, cached/scene tiles=164/118, scene 0.1 MiB, selection/detail passes=0/1, fallback ray attempts=0, GPU build/selection/detail=0.416/0.000/0.000 ms, CPU grouping=0.000 ms; atlas installed/evicted=0/0, I/O=0.000 MiB, resident=27/27
Camera preparation: wall 0.247 ms, GPU LOD 0.004 ms, plans/footprints=185/1
LOD plan: sources=1591, changed finer/coarser=0/0, selected LOD-1=25
Minimap publish: request-to-image 33.672 ms
Health t=38.221: memory ok footprint/resident 1000.1/594.2 MiB, Metal allocated/recommended 792.8/18186.2 MiB, thermal=0
Health t=38.221: worker stage=render age=11.5 ms, calls=400 revision=581, submitted/completed/presented=0/0/0, stale=0 unavailable=0 refreshed=0
Health t=38.221: display stage=idle age=12.8 ms, calls=1122 revision=580, submitted/completed/presented=1122/1122/1120, stale=0 unavailable=0 refreshed=0
Health t=38.221: minimap stage=idle age=11.5 ms, calls=246 revision=0, submitted/completed/presented=246/246/244, stale=2 unavailable=0 refreshed=405
Health t=38.221: terrain stage=producer wait age=9.5 ms
Frame 583: wall 58.729 ms, GPU producer 56.465 ms, 1 producer submission(s), resident trace and presentation combined; t=38.269, BVH resident/budget 383.7/2048.0 MiB, builds/hits/evictions=164/567/0, scene builds=196
Frame phases 583: pre-render 0.008 ms, prepare 1.962 ms, primary repair 0.000 ms, shadow repair 0.000 ms, producer wait 56.711 ms; observer=2625638.60/1103251.60/2911.89, moved=21.69 m, roam=1, replaced=0, image=1600x900, LOD=1.500, shadows=1, minimap=1
Frame work 583: BVH built/hit/evicted=0/0/0, catalogue/instance/scene builds=1/1/1, cached/scene tiles=164/118, scene 0.1 MiB, selection/detail passes=0/1, fallback ray attempts=0, GPU build/selection/detail=0.406/0.000/0.000 ms, CPU grouping=0.000 ms; atlas installed/evicted=0/0, I/O=0.000 MiB, resident=27/27
Camera preparation: wall 0.216 ms, GPU LOD 0.004 ms, plans/footprints=186/1
Minimap mask: 276x236, 1440000 rays, worker 24.822 ms, GPU 5.473 ms
Minimap publish: request-to-image 25.780 ms
Minimap mask: 276x236, 1440000 rays, worker 2.993 ms, GPU 1.097 ms
Minimap publish: request-to-image 5.550 ms
Frame 584: wall 52.997 ms, GPU producer 51.901 ms, 1 producer submission(s), resident trace and presentation combined; t=38.351, BVH resident/budget 383.7/2048.0 MiB, builds/hits/evictions=164/567/0, scene builds=196
Frame phases 584: pre-render 0.015 ms, prepare 0.092 ms, primary repair 0.000 ms, shadow repair 0.000 ms, producer wait 52.835 ms; observer=2625638.60/1103251.60/2911.89, moved=0.00 m, roam=0, replaced=0, image=1600x900, LOD=1.500, shadows=1, minimap=1
Frame work 584: BVH built/hit/evicted=0/0/0, catalogue/instance/scene builds=0/0/0, cached/scene tiles=164/118, scene 0.1 MiB, selection/detail passes=0/1, fallback ray attempts=0, GPU build/selection/detail=0.000/0.000/0.000 ms, CPU grouping=0.000 ms; atlas installed/evicted=0/0, I/O=0.000 MiB, resident=27/27
Camera preparation: wall 0.000 ms, GPU LOD 0.000 ms, plans/footprints=186/1
LOD plan: sources=1591, changed finer/coarser=1/0, selected LOD-1=25
Minimap mask: 276x236, 1440000 rays, worker 33.026 ms, GPU 3.643 ms
Minimap publish: request-to-image 34.777 ms
Slow stage: primary repair wall 127.851 ms (inclusive)
Slow stage: terrain frame wall 251.601 ms (inclusive)
Frame 585: wall 251.612 ms, GPU producer 55.462 ms, 2 producer submission(s), streaming work excluded from GPU producer timing; t=38.603, BVH resident/budget 384.3/2048.0 MiB, builds/hits/evictions=165/590/0, scene builds=197
Frame phases 585: pre-render 0.014 ms, prepare 2.351 ms, primary repair 127.851 ms, shadow repair 64.857 ms, producer wait 56.438 ms; observer=2625647.19/1103271.39/2911.16, moved=21.57 m, roam=1, replaced=0, image=1600x900, LOD=1.500, shadows=1, minimap=1
Frame work 585: BVH built/hit/evicted=1/23/0, catalogue/instance/scene builds=1/17/1, cached/scene tiles=165/0, scene 0.0 MiB, selection/detail passes=17/18, fallback ray attempts=3206, GPU build/selection/detail=2.007/9.925/29.594 ms, CPU grouping=50.121 ms; atlas installed/evicted=72/72, I/O=35.451 MiB, resident=27/27
Camera preparation: wall 0.266 ms, GPU LOD 0.007 ms, plans/footprints=187/1
Slow stage: worker iteration wall 251.661 ms (inclusive)
LOD plan: sources=1591, changed finer/coarser=1/2, selected LOD-1=25
Frame 591: wall 53.874 ms, GPU producer 51.955 ms, 1 producer submission(s), resident trace and presentation combined; t=38.657, BVH resident/budget 384.3/2048.0 MiB, builds/hits/evictions=165/590/0, scene builds=198
Frame phases 591: pre-render 0.005 ms, prepare 1.602 ms, primary repair 0.000 ms, shadow repair 0.000 ms, producer wait 52.233 ms; observer=2625672.55/1103331.10/2909.17, moved=64.87 m, roam=1, replaced=0, image=1600x900, LOD=1.500, shadows=1, minimap=1
Minimap mask: 276x236, 1440000 rays, worker 47.311 ms, GPU 6.865 ms
Frame work 591: BVH built/hit/evicted=0/0/0, catalogue/instance/scene builds=1/1/1, cached/scene tiles=165/118, scene 0.1 MiB, selection/detail passes=0/1, fallback ray attempts=0, GPU build/selection/detail=0.478/0.000/0.000 ms, CPU grouping=0.000 ms; atlas installed/evicted=0/0, I/O=0.000 MiB, resident=27/27
Camera preparation: wall 0.184 ms, GPU LOD 0.004 ms, plans/footprints=188/1
Minimap publish: request-to-image 47.388 ms
Minimap mask: 276x236, 1440000 rays, worker 1.549 ms, GPU 0.857 ms
Minimap publish: request-to-image 1.585 ms
Frame 592: wall 53.551 ms, GPU producer 53.075 ms, 1 producer submission(s), resident trace and presentation combined; t=38.752, BVH resident/budget 384.3/2048.0 MiB, builds/hits/evictions=165/590/0, scene builds=198
Frame phases 592: pre-render 0.006 ms, prepare 0.084 ms, primary repair 0.000 ms, shadow repair 0.000 ms, producer wait 53.406 ms; observer=2625672.55/1103331.10/2909.17, moved=0.00 m, roam=0, replaced=0, image=1600x900, LOD=1.500, shadows=1, minimap=1
Frame work 592: BVH built/hit/evicted=0/0/0, catalogue/instance/scene builds=0/0/0, cached/scene tiles=165/118, scene 0.1 MiB, selection/detail passes=0/1, fallback ray attempts=0, GPU build/selection/detail=0.000/0.000/0.000 ms, CPU grouping=0.000 ms; atlas installed/evicted=0/0, I/O=0.000 MiB, resident=27/27
Camera preparation: wall 0.000 ms, GPU LOD 0.000 ms, plans/footprints=188/1
LOD plan: sources=1591, changed finer/coarser=2/2, selected LOD-1=25
Minimap mask: 276x236, 1440000 rays, worker 30.570 ms, GPU 6.582 ms
Minimap publish: request-to-image 30.649 ms
Slow stage: primary repair wall 113.908 ms (inclusive)
Slow stage: terrain frame wall 232.213 ms (inclusive)
Frame 593: wall 232.226 ms, GPU producer 53.357 ms, 2 producer submission(s), streaming work excluded from GPU producer timing; t=38.984, BVH resident/budget 389.5/2048.0 MiB, builds/hits/evictions=167/621/0, scene builds=199
Frame phases 593: pre-render 0.021 ms, prepare 2.041 ms, primary repair 113.908 ms, shadow repair 61.826 ms, producer wait 54.330 ms; observer=2625680.83/1103351.07/2908.58, moved=21.62 m, roam=1, replaced=0, image=1600x900, LOD=1.500, shadows=1, minimap=1
Frame work 593: BVH built/hit/evicted=2/31/0, catalogue/instance/scene builds=1/15/1, cached/scene tiles=167/0, scene 0.0 MiB, selection/detail passes=15/16, fallback ray attempts=34040, GPU build/selection/detail=3.959/8.324/29.220 ms, CPU grouping=45.842 ms; atlas installed/evicted=69/69, I/O=34.041 MiB, resident=27/27
Camera preparation: wall 0.221 ms, GPU LOD 0.004 ms, plans/footprints=189/1
Slow stage: worker iteration wall 232.279 ms (inclusive)
LOD plan: sources=1591, changed finer/coarser=0/2, selected LOD-1=25
Frame 597: wall 54.432 ms, GPU producer 52.805 ms, 1 producer submission(s), resident trace and presentation combined; t=39.039, BVH resident/budget 389.5/2048.0 MiB, builds/hits/evictions=167/621/0, scene builds=200
Frame phases 597: pre-render 0.005 ms, prepare 1.397 ms, primary repair 0.000 ms, shadow repair 0.000 ms, producer wait 52.997 ms; observer=2625697.15/1103391.10/2907.50, moved=43.23 m, roam=1, replaced=0, image=1600x900, LOD=1.500, shadows=1, minimap=1
Frame work 597: BVH built/hit/evicted=0/0/0, catalogue/instance/scene builds=1/1/1, cached/scene tiles=167/118, scene 0.1 MiB, selection/detail passes=0/1, fallback ray attempts=0, GPU build/selection/detail=0.449/0.000/0.000 ms, CPU grouping=0.000 ms; atlas installed/evicted=0/0, I/O=0.000 MiB, resident=27/27
Camera preparation: wall 0.165 ms, GPU LOD 0.004 ms, plans/footprints=190/1
Minimap mask: 276x236, 1440000 rays, worker 29.087 ms, GPU 4.789 ms
Minimap publish: request-to-image 29.151 ms
LOD plan: sources=1591, changed finer/coarser=0/0, selected LOD-1=25
Frame 599: wall 56.718 ms, GPU producer 53.324 ms, 1 producer submission(s), resident trace and presentation combined; t=39.096, BVH resident/budget 389.5/2048.0 MiB, builds/hits/evictions=167/621/0, scene builds=201
Minimap mask: 276x236, 1440000 rays, worker 51.611 ms, GPU 7.693 ms
Frame phases 599: pre-render 0.006 ms, prepare 3.015 ms, primary repair 0.000 ms, shadow repair 0.000 ms, producer wait 53.648 ms; observer=2625705.12/1103411.00/2907.01, moved=21.44 m, roam=1, replaced=0, image=1600x900, LOD=1.500, shadows=1, minimap=1
Frame work 599: BVH built/hit/evicted=0/0/0, catalogue/instance/scene builds=1/1/1, cached/scene tiles=167/118, scene 0.1 MiB, selection/detail passes=0/1, fallback ray attempts=0, GPU build/selection/detail=0.463/0.000/0.000 ms, CPU grouping=0.000 ms; atlas installed/evicted=0/0, I/O=0.000 MiB, resident=27/27
Camera preparation: wall 0.211 ms, GPU LOD 0.004 ms, plans/footprints=191/1
Minimap publish: request-to-image 51.655 ms
Frame 600: wall 54.657 ms, GPU producer 53.799 ms, 1 producer submission(s), resident trace and presentation combined; t=39.153, BVH resident/budget 389.5/2048.0 MiB, builds/hits/evictions=167/621/0, scene builds=201
Frame phases 600: pre-render 0.006 ms, prepare 0.141 ms, primary repair 0.000 ms, shadow repair 0.000 ms, producer wait 54.429 ms; observer=2625705.12/1103411.00/2907.01, moved=0.00 m, roam=0, replaced=0, image=1600x900, LOD=1.500, shadows=1, minimap=1
Frame work 600: BVH built/hit/evicted=0/0/0, catalogue/instance/scene builds=0/0/0, cached/scene tiles=167/118, scene 0.1 MiB, selection/detail passes=0/1, fallback ray attempts=0, GPU build/selection/detail=0.000/0.000/0.000 ms, CPU grouping=0.000 ms; atlas installed/evicted=0/0, I/O=0.000 MiB, resident=27/27
Camera preparation: wall 0.001 ms, GPU LOD 0.000 ms, plans/footprints=191/1
Minimap mask: 276x236, 1440000 rays, worker 41.464 ms, GPU 8.011 ms
Minimap publish: request-to-image 41.610 ms
LOD plan: sources=1591, changed finer/coarser=0/0, selected LOD-1=25
Frame 601: wall 55.898 ms, GPU producer 53.515 ms, 1 producer submission(s), resident trace and presentation combined; t=39.209, BVH resident/budget 389.5/2048.0 MiB, builds/hits/evictions=167/621/0, scene builds=202
Minimap mask: 276x236, 1440000 rays, worker 32.241 ms, GPU 5.082 ms
Frame phases 601: pre-render 0.014 ms, prepare 2.058 ms, primary repair 0.000 ms, shadow repair 0.000 ms, producer wait 53.762 ms; observer=2625713.11/1103431.19/2906.55, moved=21.72 m, roam=1, replaced=0, image=1600x900, LOD=1.500, shadows=1, minimap=1
Frame work 601: BVH built/hit/evicted=0/0/0, catalogue/instance/scene builds=1/1/1, cached/scene tiles=167/118, scene 0.1 MiB, selection/detail passes=0/1, fallback ray attempts=0, GPU build/selection/detail=0.474/0.000/0.000 ms, CPU grouping=0.000 ms; atlas installed/evicted=0/0, I/O=0.000 MiB, resident=27/27
Camera preparation: wall 0.266 ms, GPU LOD 0.004 ms, plans/footprints=192/1
Minimap publish: request-to-image 32.310 ms
LOD plan: sources=1591, changed finer/coarser=0/0, selected LOD-1=25
Health t=39.222: memory ok footprint/resident 1005.7/599.2 MiB, Metal allocated/recommended 800.7/18186.2 MiB, thermal=0
Health t=39.222: worker stage=render age=13.1 ms, calls=410 revision=601, submitted/completed/presented=0/0/0, stale=0 unavailable=0 refreshed=0
Health t=39.222: display stage=idle age=13.3 ms, calls=1152 revision=600, submitted/completed/presented=1152/1152/1150, stale=0 unavailable=0 refreshed=0
Health t=39.222: minimap stage=idle age=13.2 ms, calls=256 revision=0, submitted/completed/presented=256/256/254, stale=2 unavailable=0 refreshed=417
Health t=39.222: terrain stage=producer wait age=11.2 ms
Frame 603: wall 55.727 ms, GPU producer 53.408 ms, 1 producer submission(s), resident trace and presentation combined; t=39.265, BVH resident/budget 389.5/2048.0 MiB, builds/hits/evictions=167/621/0, scene builds=203
Frame phases 603: pre-render 0.013 ms, prepare 1.929 ms, primary repair 0.000 ms, shadow repair 0.000 ms, producer wait 53.726 ms; observer=2625720.93/1103451.21/2906.13, moved=21.49 m, roam=1, replaced=0, image=1600x900, LOD=1.500, shadows=1, minimap=1
Frame work 603: BVH built/hit/evicted=0/0/0, catalogue/instance/scene builds=1/1/1, cached/scene tiles=167/118, scene 0.1 MiB, selection/detail passes=0/1, fallback ray attempts=0, GPU build/selection/detail=0.409/0.000/0.000 ms, CPU grouping=0.000 ms; atlas installed/evicted=0/0, I/O=0.000 MiB, resident=27/27
Camera preparation: wall 0.257 ms, GPU LOD 0.004 ms, plans/footprints=193/1
Minimap mask: 276x236, 1440000 rays, worker 20.844 ms, GPU 4.993 ms
Minimap publish: request-to-image 20.963 ms
Minimap mask: 276x236, 1440000 rays, worker 2.035 ms, GPU 0.926 ms
Minimap publish: request-to-image 2.702 ms
Frame 604: wall 52.699 ms, GPU producer 51.048 ms, 1 producer submission(s), resident trace and presentation combined; t=39.351, BVH resident/budget 389.5/2048.0 MiB, builds/hits/evictions=167/621/0, scene builds=203
Frame phases 604: pre-render 0.003 ms, prepare 0.096 ms, primary repair 0.000 ms, shadow repair 0.000 ms, producer wait 52.539 ms; observer=2625720.93/1103451.21/2906.13, moved=0.00 m, roam=0, replaced=0, image=1600x900, LOD=1.500, shadows=1, minimap=1
Frame work 604: BVH built/hit/evicted=0/0/0, catalogue/instance/scene builds=0/0/0, cached/scene tiles=167/118, scene 0.1 MiB, selection/detail passes=0/1, fallback ray attempts=0, GPU build/selection/detail=0.000/0.000/0.000 ms, CPU grouping=0.000 ms; atlas installed/evicted=0/0, I/O=0.000 MiB, resident=27/27
Camera preparation: wall 0.001 ms, GPU LOD 0.000 ms, plans/footprints=193/1
LOD plan: sources=1591, changed finer/coarser=0/0, selected LOD-1=25
Frame 605: wall 55.868 ms, GPU producer 53.311 ms, 1 producer submission(s), resident trace and presentation combined; t=39.407, BVH resident/budget 389.5/2048.0 MiB, builds/hits/evictions=167/621/0, scene builds=204
Frame phases 605: pre-render 0.011 ms, prepare 2.185 ms, primary repair 0.000 ms, shadow repair 0.000 ms, producer wait 53.601 ms; observer=2625728.79/1103471.57/2905.74, moved=21.82 m, roam=1, replaced=0, image=1600x900, LOD=1.500, shadows=1, minimap=1
Frame work 605: BVH built/hit/evicted=0/0/0, catalogue/instance/scene builds=1/1/1, cached/scene tiles=167/118, scene 0.1 MiB, selection/detail passes=0/1, fallback ray attempts=0, GPU build/selection/detail=0.476/0.000/0.000 ms, CPU grouping=0.000 ms; atlas installed/evicted=0/0, I/O=0.000 MiB, resident=27/27
Camera preparation: wall 0.241 ms, GPU LOD 0.006 ms, plans/footprints=194/1
Minimap mask: 276x236, 1440000 rays, worker 30.204 ms, GPU 5.978 ms
Minimap publish: request-to-image 30.332 ms
LOD plan: sources=1591, changed finer/coarser=2/1, selected LOD-1=25
Frame 607: wall 57.878 ms, GPU producer 54.487 ms, 1 producer submission(s), resident trace and presentation combined; t=39.465, BVH resident/budget 389.5/2048.0 MiB, builds/hits/evictions=167/621/0, scene builds=205
Frame phases 607: pre-render 0.010 ms, prepare 2.982 ms, primary repair 0.000 ms, shadow repair 0.000 ms, producer wait 54.802 ms; observer=2625736.49/1103491.77/2905.38, moved=21.62 m, roam=1, replaced=0, image=1600x900, LOD=1.500, shadows=1, minimap=1
Frame work 607: BVH built/hit/evicted=0/0/0, catalogue/instance/scene builds=1/1/1, cached/scene tiles=167/118, scene 0.1 MiB, selection/detail passes=0/1, fallback ray attempts=0, GPU build/selection/detail=0.423/0.000/0.000 ms, CPU grouping=0.000 ms; atlas installed/evicted=0/0, I/O=0.000 MiB, resident=27/27
Camera preparation: wall 0.289 ms, GPU LOD 0.003 ms, plans/footprints=195/1
Minimap mask: 276x236, 1440000 rays, worker 54.593 ms, GPU 1.341 ms
Minimap publish: request-to-image 54.732 ms
Minimap mask: 276x236, 1440000 rays, worker 2.237 ms, GPU 0.898 ms
Minimap publish: request-to-image 8.464 ms
Frame 608: wall 52.219 ms, GPU producer 50.785 ms, 1 producer submission(s), resident trace and presentation combined; t=39.550, BVH resident/budget 389.5/2048.0 MiB, builds/hits/evictions=167/621/0, scene builds=205
Frame phases 608: pre-render 0.004 ms, prepare 0.111 ms, primary repair 0.000 ms, shadow repair 0.000 ms, producer wait 52.035 ms; observer=2625736.49/1103491.77/2905.38, moved=0.00 m, roam=0, replaced=0, image=1600x900, LOD=1.500, shadows=1, minimap=1
Frame work 608: BVH built/hit/evicted=0/0/0, catalogue/instance/scene builds=0/0/0, cached/scene tiles=167/118, scene 0.1 MiB, selection/detail passes=0/1, fallback ray attempts=0, GPU build/selection/detail=0.000/0.000/0.000 ms, CPU grouping=0.000 ms; atlas installed/evicted=0/0, I/O=0.000 MiB, resident=27/27
Camera preparation: wall 0.001 ms, GPU LOD 0.000 ms, plans/footprints=195/1
LOD plan: sources=1591, changed finer/coarser=0/1, selected LOD-1=24
Frame 609: wall 55.758 ms, GPU producer 52.833 ms, 1 producer submission(s), resident trace and presentation combined; t=39.606, BVH resident/budget 389.5/2048.0 MiB, builds/hits/evictions=167/621/0, scene builds=206
Frame phases 609: pre-render 0.008 ms, prepare 2.487 ms, primary repair 0.000 ms, shadow repair 0.000 ms, producer wait 53.184 ms; observer=2625744.08/1103511.94/2905.06, moved=21.55 m, roam=1, replaced=0, image=1600x900, LOD=1.500, shadows=1, minimap=1
Frame work 609: BVH built/hit/evicted=0/0/0, catalogue/instance/scene builds=1/1/1, cached/scene tiles=167/117, scene 0.1 MiB, selection/detail passes=0/1, fallback ray attempts=0, GPU build/selection/detail=0.442/0.000/0.000 ms, CPU grouping=0.000 ms; atlas installed/evicted=0/0, I/O=0.000 MiB, resident=27/27
Camera preparation: wall 0.262 ms, GPU LOD 0.007 ms, plans/footprints=196/1
Minimap mask: 276x236, 1440000 rays, worker 29.236 ms, GPU 4.780 ms
Minimap publish: request-to-image 29.344 ms
LOD plan: sources=1591, changed finer/coarser=0/0, selected LOD-1=24
Frame 611: wall 56.501 ms, GPU producer 53.326 ms, 1 producer submission(s), resident trace and presentation combined; t=39.663, BVH resident/budget 389.5/2048.0 MiB, builds/hits/evictions=167/621/0, scene builds=207
Frame phases 611: pre-render 0.014 ms, prepare 2.713 ms, primary repair 0.000 ms, shadow repair 0.000 ms, producer wait 53.648 ms; observer=2625751.64/1103532.28/2904.77, moved=21.70 m, roam=1, replaced=0, image=1600x900, LOD=1.500, shadows=1, minimap=1
Frame work 611: BVH built/hit/evicted=0/0/0, catalogue/instance/scene builds=1/1/1, cached/scene tiles=167/117, scene 0.1 MiB, selection/detail passes=0/1, fallback ray attempts=0, GPU build/selection/detail=0.429/0.000/0.000 ms, CPU grouping=0.000 ms; atlas installed/evicted=0/0, I/O=0.000 MiB, resident=27/27
Camera preparation: wall 0.275 ms, GPU LOD 0.004 ms, plans/footprints=197/1
Minimap mask: 276x236, 1440000 rays, worker 52.109 ms, GPU 7.400 ms
Minimap publish: request-to-image 52.268 ms
Minimap mask: 276x236, 1440000 rays, worker 2.257 ms, GPU 0.976 ms
Minimap publish: request-to-image 5.618 ms
Frame 612: wall 54.703 ms, GPU producer 53.731 ms, 1 producer submission(s), resident trace and presentation combined; t=39.752, BVH resident/budget 389.5/2048.0 MiB, builds/hits/evictions=167/621/0, scene builds=207
Frame phases 612: pre-render 0.033 ms, prepare 0.204 ms, primary repair 0.000 ms, shadow repair 0.000 ms, producer wait 54.386 ms; observer=2625751.64/1103532.28/2904.77, moved=0.00 m, roam=0, replaced=0, image=1600x900, LOD=1.500, shadows=1, minimap=1
Frame work 612: BVH built/hit/evicted=0/0/0, catalogue/instance/scene builds=0/0/0, cached/scene tiles=167/117, scene 0.1 MiB, selection/detail passes=0/1, fallback ray attempts=0, GPU build/selection/detail=0.000/0.000/0.000 ms, CPU grouping=0.000 ms; atlas installed/evicted=0/0, I/O=0.000 MiB, resident=27/27
Camera preparation: wall 0.001 ms, GPU LOD 0.000 ms, plans/footprints=197/1
LOD plan: sources=1591, changed finer/coarser=2/0, selected LOD-1=24
Minimap mask: 276x236, 1440000 rays, worker 30.659 ms, GPU 6.331 ms
Minimap publish: request-to-image 30.739 ms
Slow stage: primary repair wall 130.253 ms (inclusive)
Slow stage: terrain frame wall 248.132 ms (inclusive)
Frame 613: wall 248.143 ms, GPU producer 52.945 ms, 2 producer submission(s), streaming work excluded from GPU producer timing; t=40.001, BVH resident/budget 392.0/2048.0 MiB, builds/hits/evictions=168/650/0, scene builds=208
Frame phases 613: pre-render 0.013 ms, prepare 2.311 ms, primary repair 130.253 ms, shadow repair 61.459 ms, producer wait 54.005 ms; observer=2625759.03/1103552.39/2904.52, moved=21.43 m, roam=1, replaced=0, image=1600x900, LOD=1.500, shadows=1, minimap=1
Frame work 613: BVH built/hit/evicted=1/29/0, catalogue/instance/scene builds=1/18/1, cached/scene tiles=168/0, scene 0.0 MiB, selection/detail passes=18/19, fallback ray attempts=19350, GPU build/selection/detail=2.743/9.786/28.299 ms, CPU grouping=53.409 ms; atlas installed/evicted=69/69, I/O=32.445 MiB, resident=27/27
Camera preparation: wall 0.261 ms, GPU LOD 0.007 ms, plans/footprints=198/1
Slow stage: worker iteration wall 248.202 ms (inclusive)
LOD plan: sources=1591, changed finer/coarser=4/1, selected LOD-1=26
Minimap mask: 276x236, 1440000 rays, worker 40.460 ms, GPU 5.247 ms
Minimap publish: request-to-image 43.346 ms
Slow stage: primary repair wall 147.994 ms (inclusive)
Health t=40.227: memory ok footprint/resident 1016.3/603.3 MiB, Metal allocated/recommended 811.4/18186.2 MiB, thermal=0
Health t=40.227: worker stage=render age=226.5 ms, calls=419 revision=613, submitted/completed/presented=0/0/0, stale=0 unavailable=0 refreshed=0
Health t=40.227: display stage=idle age=18.4 ms, calls=1182 revision=613, submitted/completed/presented=1182/1182/1182, stale=0 unavailable=0 refreshed=0
Health t=40.227: minimap stage=idle age=177.0 ms, calls=266 revision=0, submitted/completed/presented=266/266/264, stale=2 unavailable=0 refreshed=427
Health t=40.227: terrain stage=shadow repair age=29.0 ms
Slow stage: terrain frame wall 256.907 ms (inclusive)
Frame 619: wall 256.920 ms, GPU producer 48.328 ms, 2 producer submission(s), streaming work excluded from GPU producer timing; t=40.258, BVH resident/budget 415.1/2048.0 MiB, builds/hits/evictions=171/701/0, scene builds=209
Frame phases 619: pre-render 0.017 ms, prepare 1.422 ms, primary repair 147.994 ms, shadow repair 56.372 ms, producer wait 50.983 ms; observer=2625780.93/1103613.64/2903.96, moved=65.04 m, roam=1, replaced=0, image=1600x900, LOD=1.500, shadows=1, minimap=1
Frame work 619: BVH built/hit/evicted=3/51/0, catalogue/instance/scene builds=1/21/1, cached/scene tiles=171/0, scene 0.0 MiB, selection/detail passes=21/22, fallback ray attempts=209244, GPU build/selection/detail=10.662/12.704/30.466 ms, CPU grouping=49.374 ms; atlas installed/evicted=69/69, I/O=35.919 MiB, resident=27/27
Camera preparation: wall 0.185 ms, GPU LOD 0.004 ms, plans/footprints=199/1
Slow stage: worker iteration wall 256.976 ms (inclusive)
LOD plan: sources=1591, changed finer/coarser=1/0, selected LOD-1=26
Frame 623: wall 52.233 ms, GPU producer 50.323 ms, 1 producer submission(s), resident trace and presentation combined; t=40.310, BVH resident/budget 415.1/2048.0 MiB, builds/hits/evictions=171/701/0, scene builds=210
Frame phases 623: pre-render 0.021 ms, prepare 1.575 ms, primary repair 0.000 ms, shadow repair 0.000 ms, producer wait 50.601 ms; observer=2625795.11/1103654.50/2903.66, moved=43.25 m, roam=1, replaced=0, image=1600x900, LOD=1.500, shadows=1, minimap=1
Frame work 623: BVH built/hit/evicted=0/0/0, catalogue/instance/scene builds=1/1/1, cached/scene tiles=171/116, scene 0.1 MiB, selection/detail passes=0/1, fallback ray attempts=0, GPU build/selection/detail=0.463/0.000/0.000 ms, CPU grouping=0.000 ms; atlas installed/evicted=0/0, I/O=0.000 MiB, resident=27/27
Camera preparation: wall 0.166 ms, GPU LOD 0.004 ms, plans/footprints=200/1
Minimap mask: 276x236, 1440000 rays, worker 33.151 ms, GPU 5.570 ms
Minimap publish: request-to-image 33.260 ms
LOD plan: sources=1591, changed finer/coarser=0/2, selected LOD-1=25
Frame 625: wall 54.416 ms, GPU producer 52.565 ms, 1 producer submission(s), resident trace and presentation combined; t=40.364, BVH resident/budget 415.1/2048.0 MiB, builds/hits/evictions=171/701/0, scene builds=211
Frame phases 625: pre-render 0.006 ms, prepare 1.547 ms, primary repair 0.000 ms, shadow repair 0.000 ms, producer wait 52.825 ms; observer=2625802.10/1103674.96/2903.52, moved=21.62 m, roam=1, replaced=0, image=1600x900, LOD=1.500, shadows=1, minimap=1
Frame work 625: BVH built/hit/evicted=0/0/0, catalogue/instance/scene builds=1/1/1, cached/scene tiles=171/115, scene 0.1 MiB, selection/detail passes=0/1, fallback ray attempts=0, GPU build/selection/detail=0.453/0.000/0.000 ms, CPU grouping=0.000 ms; atlas installed/evicted=0/0, I/O=0.000 MiB, resident=27/27
Camera preparation: wall 0.187 ms, GPU LOD 0.004 ms, plans/footprints=201/1
Minimap mask: 276x236, 1440000 rays, worker 18.733 ms, GPU 5.856 ms
Minimap publish: request-to-image 18.823 ms
Minimap mask: 276x236, 1440000 rays, worker 2.321 ms, GPU 0.805 ms
Minimap publish: request-to-image 2.356 ms
Frame 626: wall 52.585 ms, GPU producer 52.080 ms, 1 producer submission(s), resident trace and presentation combined; t=40.451, BVH resident/budget 415.1/2048.0 MiB, builds/hits/evictions=171/701/0, scene builds=211
Frame phases 626: pre-render 0.006 ms, prepare 0.100 ms, primary repair 0.000 ms, shadow repair 0.000 ms, producer wait 52.423 ms; observer=2625802.10/1103674.96/2903.52, moved=0.00 m, roam=0, replaced=0, image=1600x900, LOD=1.500, shadows=1, minimap=1
Frame work 626: BVH built/hit/evicted=0/0/0, catalogue/instance/scene builds=0/0/0, cached/scene tiles=171/115, scene 0.1 MiB, selection/detail passes=0/1, fallback ray attempts=0, GPU build/selection/detail=0.000/0.000/0.000 ms, CPU grouping=0.000 ms; atlas installed/evicted=0/0, I/O=0.000 MiB, resident=27/27
Camera preparation: wall 0.001 ms, GPU LOD 0.000 ms, plans/footprints=201/1
LOD plan: sources=1591, changed finer/coarser=0/1, selected LOD-1=24
Frame 627: wall 54.778 ms, GPU producer 52.445 ms, 1 producer submission(s), resident trace and presentation combined; t=40.505, BVH resident/budget 415.1/2048.0 MiB, builds/hits/evictions=171/701/0, scene builds=212
Frame phases 627: pre-render 0.007 ms, prepare 1.979 ms, primary repair 0.000 ms, shadow repair 0.000 ms, producer wait 52.735 ms; observer=2625808.98/1103695.32/2903.37, moved=21.49 m, roam=1, replaced=0, image=1600x900, LOD=1.500, shadows=1, minimap=1
Frame work 627: BVH built/hit/evicted=0/0/0, catalogue/instance/scene builds=1/1/1, cached/scene tiles=171/114, scene 0.1 MiB, selection/detail passes=0/1, fallback ray attempts=0, GPU build/selection/detail=0.458/0.000/0.000 ms, CPU grouping=0.000 ms; atlas installed/evicted=0/0, I/O=0.000 MiB, resident=27/27
Camera preparation: wall 0.218 ms, GPU LOD 0.004 ms, plans/footprints=202/1
Minimap mask: 276x236, 1440000 rays, worker 28.715 ms, GPU 4.035 ms
Minimap publish: request-to-image 28.781 ms
LOD plan: sources=1591, changed finer/coarser=0/1, selected LOD-1=24
Minimap mask: 276x236, 1440000 rays, worker 49.913 ms, GPU 7.217 ms
Frame 629: wall 55.390 ms, GPU producer 52.512 ms, 1 producer submission(s), resident trace and presentation combined; t=40.561, BVH resident/budget 415.1/2048.0 MiB, builds/hits/evictions=171/701/0, scene builds=213
Frame phases 629: pre-render 0.017 ms, prepare 2.386 ms, primary repair 0.000 ms, shadow repair 0.000 ms, producer wait 52.920 ms; observer=2625815.87/1103715.92/2903.22, moved=21.72 m, roam=1, replaced=0, image=1600x900, LOD=1.500, shadows=1, minimap=1
Frame work 629: BVH built/hit/evicted=0/0/0, catalogue/instance/scene builds=1/1/1, cached/scene tiles=171/114, scene 0.1 MiB, selection/detail passes=0/1, fallback ray attempts=0, GPU build/selection/detail=0.441/0.000/0.000 ms, CPU grouping=0.000 ms; atlas installed/evicted=0/0, I/O=0.000 MiB, resident=27/27
Camera preparation: wall 0.226 ms, GPU LOD 0.003 ms, plans/footprints=203/1
Minimap publish: request-to-image 49.970 ms
Minimap mask: 276x236, 1440000 rays, worker 1.801 ms, GPU 0.896 ms
Minimap publish: request-to-image 1.842 ms
Frame 630: wall 53.166 ms, GPU producer 52.527 ms, 1 producer submission(s), resident trace and presentation combined; t=40.652, BVH resident/budget 415.1/2048.0 MiB, builds/hits/evictions=171/701/0, scene builds=213
Frame phases 630: pre-render 0.008 ms, prepare 0.167 ms, primary repair 0.000 ms, shadow repair 0.000 ms, producer wait 52.931 ms; observer=2625815.87/1103715.92/2903.22, moved=0.00 m, roam=0, replaced=0, image=1600x900, LOD=1.500, shadows=1, minimap=1
Frame work 630: BVH built/hit/evicted=0/0/0, catalogue/instance/scene builds=0/0/0, cached/scene tiles=171/114, scene 0.1 MiB, selection/detail passes=0/1, fallback ray attempts=0, GPU build/selection/detail=0.000/0.000/0.000 ms, CPU grouping=0.000 ms; atlas installed/evicted=0/0, I/O=0.000 MiB, resident=27/27
Camera preparation: wall 0.004 ms, GPU LOD 0.000 ms, plans/footprints=203/1
LOD plan: sources=1591, changed finer/coarser=0/0, selected LOD-1=24
Frame 631: wall 55.914 ms, GPU producer 53.371 ms, 1 producer submission(s), resident trace and presentation combined; t=40.708, BVH resident/budget 415.1/2048.0 MiB, builds/hits/evictions=171/701/0, scene builds=214
Frame phases 631: pre-render 0.009 ms, prepare 2.194 ms, primary repair 0.000 ms, shadow repair 0.000 ms, producer wait 53.647 ms; observer=2625822.68/1103736.47/2903.08, moved=21.65 m, roam=1, replaced=0, image=1600x900, LOD=1.500, shadows=1, minimap=1
Frame work 631: BVH built/hit/evicted=0/0/0, catalogue/instance/scene builds=1/1/1, cached/scene tiles=171/114, scene 0.1 MiB, selection/detail passes=0/1, fallback ray attempts=0, GPU build/selection/detail=0.449/0.000/0.000 ms, CPU grouping=0.000 ms; atlas installed/evicted=0/0, I/O=0.000 MiB, resident=27/27
Camera preparation: wall 0.253 ms, GPU LOD 0.004 ms, plans/footprints=204/1
Minimap mask: 276x236, 1440000 rays, worker 30.970 ms, GPU 5.135 ms
Minimap publish: request-to-image 31.096 ms
LOD plan: sources=1591, changed finer/coarser=2/0, selected LOD-1=24
Frame 633: wall 57.165 ms, GPU producer 54.364 ms, 1 producer submission(s), resident trace and presentation combined; t=40.765, BVH resident/budget 415.1/2048.0 MiB, builds/hits/evictions=171/701/0, scene builds=215
Frame phases 633: pre-render 0.041 ms, prepare 2.417 ms, primary repair 0.000 ms, shadow repair 0.000 ms, producer wait 54.645 ms; observer=2625829.43/1103757.01/2902.93, moved=21.63 m, roam=1, replaced=0, image=1600x900, LOD=1.500, shadows=1, minimap=1
Frame work 633: BVH built/hit/evicted=0/0/0, catalogue/instance/scene builds=1/1/1, cached/scene tiles=171/114, scene 0.1 MiB, selection/detail passes=0/1, fallback ray attempts=0, GPU build/selection/detail=0.554/0.000/0.000 ms, CPU grouping=0.000 ms; atlas installed/evicted=0/0, I/O=0.000 MiB, resident=27/27
Camera preparation: wall 0.244 ms, GPU LOD 0.004 ms, plans/footprints=205/1
Minimap mask: 276x236, 1440000 rays, worker 54.681 ms, GPU 0.981 ms
Minimap publish: request-to-image 54.824 ms
Minimap mask: 276x236, 1440000 rays, worker 1.809 ms, GPU 0.850 ms
Minimap publish: request-to-image 1.857 ms
Frame 634: wall 51.930 ms, GPU producer 51.437 ms, 1 producer submission(s), resident trace and presentation combined; t=40.850, BVH resident/budget 415.1/2048.0 MiB, builds/hits/evictions=171/701/0, scene builds=215
Frame phases 634: pre-render 0.004 ms, prepare 0.124 ms, primary repair 0.000 ms, shadow repair 0.000 ms, producer wait 51.731 ms; observer=2625829.43/1103757.01/2902.93, moved=0.00 m, roam=0, replaced=0, image=1600x900, LOD=1.500, shadows=1, minimap=1
Frame work 634: BVH built/hit/evicted=0/0/0, catalogue/instance/scene builds=0/0/0, cached/scene tiles=171/114, scene 0.1 MiB, selection/detail passes=0/1, fallback ray attempts=0, GPU build/selection/detail=0.000/0.000/0.000 ms, CPU grouping=0.000 ms; atlas installed/evicted=0/0, I/O=0.000 MiB, resident=27/27
Camera preparation: wall 0.001 ms, GPU LOD 0.000 ms, plans/footprints=205/1
LOD plan: sources=1591, changed finer/coarser=1/1, selected LOD-1=24
Minimap mask: 276x236, 1440000 rays, worker 28.096 ms, GPU 4.090 ms
Minimap publish: request-to-image 28.632 ms
Slow stage: terrain frame wall 199.968 ms (inclusive)
Frame 635: wall 199.977 ms, GPU producer 52.092 ms, 2 producer submission(s), streaming work excluded from GPU producer timing; t=41.050, BVH resident/budget 425.4/2048.0 MiB, builds/hits/evictions=172/709/0, scene builds=216
Frame phases 635: pre-render 0.012 ms, prepare 2.428 ms, primary repair 81.986 ms, shadow repair 62.308 ms, producer wait 53.093 ms; observer=2625836.12/1103777.52/2902.79, moved=21.57 m, roam=1, replaced=0, image=1600x900, LOD=1.500, shadows=1, minimap=1
Frame work 635: BVH built/hit/evicted=1/8/0, catalogue/instance/scene builds=1/8/1, cached/scene tiles=172/0, scene 0.0 MiB, selection/detail passes=8/9, fallback ray attempts=148590, GPU build/selection/detail=5.014/3.586/28.159 ms, CPU grouping=26.861 ms; atlas installed/evicted=67/67, I/O=32.943 MiB, resident=27/27
Camera preparation: wall 0.280 ms, GPU LOD 0.007 ms, plans/footprints=206/1
Slow stage: worker iteration wall 200.032 ms (inclusive)
LOD plan: sources=1591, changed finer/coarser=1/1, selected LOD-1=24
Minimap mask: 276x236, 1440000 rays, worker 26.782 ms, GPU 2.937 ms
Minimap publish: request-to-image 28.531 ms
Slow stage: primary repair wall 108.944 ms (inclusive)
Health t=41.230: memory ok footprint/resident 1035.7/611.7 MiB, Metal allocated/recommended 826.4/18186.2 MiB, thermal=0
Health t=41.230: worker stage=render age=179.9 ms, calls=436 revision=635, submitted/completed/presented=0/0/0, stale=0 unavailable=0 refreshed=0
Health t=41.230: display stage=idle age=21.4 ms, calls=1212 revision=635, submitted/completed/presented=1212/1212/1212, stale=0 unavailable=0 refreshed=0
Health t=41.230: minimap stage=idle age=126.9 ms, calls=277 revision=0, submitted/completed/presented=277/277/275, stale=2 unavailable=0 refreshed=440
Health t=41.230: terrain stage=shadow repair age=18.0 ms
Slow stage: terrain frame wall 222.234 ms (inclusive)
Frame 639: wall 222.243 ms, GPU producer 51.752 ms, 2 producer submission(s), streaming work excluded from GPU producer timing; t=41.273, BVH resident/budget 426.0/2048.0 MiB, builds/hits/evictions=173/734/0, scene builds=217
Frame phases 639: pre-render 0.016 ms, prepare 1.479 ms, primary repair 108.944 ms, shadow repair 58.976 ms, producer wait 52.702 ms; observer=2625849.43/1103818.72/2902.49, moved=43.29 m, roam=1, replaced=0, image=1600x900, LOD=1.500, shadows=1, minimap=1
Frame work 639: BVH built/hit/evicted=1/25/0, catalogue/instance/scene builds=1/17/1, cached/scene tiles=173/0, scene 0.0 MiB, selection/detail passes=17/18, fallback ray attempts=2028, GPU build/selection/detail=1.928/10.293/27.537 ms, CPU grouping=42.835 ms; atlas installed/evicted=68/68, I/O=33.163 MiB, resident=27/27
Camera preparation: wall 0.158 ms, GPU LOD 0.003 ms, plans/footprints=207/1
Slow stage: worker iteration wall 222.314 ms (inclusive)
LOD plan: sources=1591, changed finer/coarser=2/0, selected LOD-1=24
Frame 643: wall 52.571 ms, GPU producer 50.769 ms, 1 producer submission(s), resident trace and presentation combined; t=41.325, BVH resident/budget 426.0/2048.0 MiB, builds/hits/evictions=173/734/0, scene builds=218
Frame phases 643: pre-render 0.005 ms, prepare 1.530 ms, primary repair 0.000 ms, shadow repair 0.000 ms, producer wait 50.994 ms; observer=2625862.62/1103859.90/2902.20, moved=43.24 m, roam=1, replaced=0, image=1600x900, LOD=1.500, shadows=1, minimap=1
Frame work 643: BVH built/hit/evicted=0/0/0, catalogue/instance/scene builds=1/1/1, cached/scene tiles=173/113, scene 0.0 MiB, selection/detail passes=0/1, fallback ray attempts=0, GPU build/selection/detail=0.461/0.000/0.000 ms, CPU grouping=0.000 ms; atlas installed/evicted=0/0, I/O=0.000 MiB, resident=27/27
Camera preparation: wall 0.198 ms, GPU LOD 0.004 ms, plans/footprints=208/1
Minimap mask: 276x236, 1440000 rays, worker 48.351 ms, GPU 7.086 ms
Minimap publish: request-to-image 48.424 ms
LOD plan: sources=1591, changed finer/coarser=0/0, selected LOD-1=24
Minimap mask: 276x236, 1440000 rays, worker 33.472 ms, GPU 6.671 ms
Frame 645: wall 54.145 ms, GPU producer 51.633 ms, 1 producer submission(s), resident trace and presentation combined; t=41.379, BVH resident/budget 426.0/2048.0 MiB, builds/hits/evictions=173/734/0, scene builds=219
Frame phases 645: pre-render 0.574 ms, prepare 1.574 ms, primary repair 0.000 ms, shadow repair 0.000 ms, producer wait 51.956 ms; observer=2625869.19/1103880.50/2902.05, moved=21.62 m, roam=1, replaced=0, image=1600x900, LOD=1.500, shadows=1, minimap=1
Frame work 645: BVH built/hit/evicted=0/0/0, catalogue/instance/scene builds=1/1/1, cached/scene tiles=173/113, scene 0.0 MiB, selection/detail passes=0/1, fallback ray attempts=0, GPU build/selection/detail=0.458/0.000/0.000 ms, CPU grouping=0.000 ms; atlas installed/evicted=0/0, I/O=2.004 MiB, resident=27/27
Camera preparation: wall 0.208 ms, GPU LOD 0.004 ms, plans/footprints=209/1
Minimap publish: request-to-image 33.508 ms
Frame 646: wall 53.080 ms, GPU producer 52.523 ms, 1 producer submission(s), resident trace and presentation combined; t=41.451, BVH resident/budget 426.0/2048.0 MiB, builds/hits/evictions=173/734/0, scene builds=219
Frame phases 646: pre-render 0.007 ms, prepare 0.123 ms, primary repair 0.000 ms, shadow repair 0.000 ms, producer wait 52.860 ms; observer=2625869.19/1103880.50/2902.05, moved=0.00 m, roam=0, replaced=0, image=1600x900, LOD=1.500, shadows=1, minimap=1
Frame work 646: BVH built/hit/evicted=0/0/0, catalogue/instance/scene builds=0/0/0, cached/scene tiles=173/113, scene 0.0 MiB, selection/detail passes=0/1, fallback ray attempts=0, GPU build/selection/detail=0.000/0.000/0.000 ms, CPU grouping=0.000 ms; atlas installed/evicted=0/0, I/O=0.000 MiB, resident=27/27
Camera preparation: wall 0.002 ms, GPU LOD 0.000 ms, plans/footprints=209/1
Minimap mask: 276x236, 1440000 rays, worker 38.184 ms, GPU 5.306 ms
LOD plan: sources=1591, changed finer/coarser=1/0, selected LOD-1=24
Minimap publish: request-to-image 40.035 ms
Minimap mask: 276x236, 1440000 rays, worker 28.518 ms, GPU 4.201 ms
Frame 647: wall 53.536 ms, GPU producer 51.301 ms, 1 producer submission(s), resident trace and presentation combined; t=41.505, BVH resident/budget 426.0/2048.0 MiB, builds/hits/evictions=173/734/0, scene builds=220
Frame phases 647: pre-render 0.008 ms, prepare 1.880 ms, primary repair 0.000 ms, shadow repair 0.000 ms, producer wait 51.593 ms; observer=2625875.71/1103901.00/2901.91, moved=21.51 m, roam=1, replaced=0, image=1600x900, LOD=1.500, shadows=1, minimap=1
Frame work 647: BVH built/hit/evicted=0/0/0, catalogue/instance/scene builds=1/1/1, cached/scene tiles=173/113, scene 0.0 MiB, selection/detail passes=0/1, fallback ray attempts=0, GPU build/selection/detail=0.454/0.000/0.000 ms, CPU grouping=0.000 ms; atlas installed/evicted=0/0, I/O=0.000 MiB, resident=27/27
Camera preparation: wall 0.221 ms, GPU LOD 0.004 ms, plans/footprints=210/1
LOD plan: sources=1591, changed finer/coarser=0/0, selected LOD-1=24
Minimap publish: request-to-image 28.990 ms
Frame 649: wall 55.157 ms, GPU producer 52.949 ms, 1 producer submission(s), resident trace and presentation combined; t=41.560, BVH resident/budget 426.0/2048.0 MiB, builds/hits/evictions=173/734/0, scene builds=221
Frame phases 649: pre-render 0.011 ms, prepare 1.843 ms, primary repair 0.000 ms, shadow repair 0.000 ms, producer wait 53.251 ms; observer=2625882.27/1103921.68/2901.76, moved=21.70 m, roam=1, replaced=0, image=1600x900, LOD=1.500, shadows=1, minimap=1
Frame work 649: BVH built/hit/evicted=0/0/0, catalogue/instance/scene builds=1/1/1, cached/scene tiles=173/113, scene 0.0 MiB, selection/detail passes=0/1, fallback ray attempts=0, GPU build/selection/detail=0.403/0.000/0.000 ms, CPU grouping=0.000 ms; atlas installed/evicted=0/0, I/O=0.000 MiB, resident=27/27
Camera preparation: wall 0.235 ms, GPU LOD 0.004 ms, plans/footprints=211/1
Minimap mask: 276x236, 1440000 rays, worker 50.376 ms, GPU 5.781 ms
Minimap publish: request-to-image 50.476 ms
Minimap mask: 276x236, 1440000 rays, worker 2.273 ms, GPU 1.070 ms
Minimap publish: request-to-image 2.325 ms
Frame 650: wall 51.720 ms, GPU producer 51.266 ms, 1 producer submission(s), resident trace and presentation combined; t=41.650, BVH resident/budget 426.0/2048.0 MiB, builds/hits/evictions=173/734/0, scene builds=221
Frame phases 650: pre-render 0.003 ms, prepare 0.136 ms, primary repair 0.000 ms, shadow repair 0.000 ms, producer wait 51.527 ms; observer=2625882.27/1103921.68/2901.76, moved=0.00 m, roam=0, replaced=0, image=1600x900, LOD=1.500, shadows=1, minimap=1
Frame work 650: BVH built/hit/evicted=0/0/0, catalogue/instance/scene builds=0/0/0, cached/scene tiles=173/113, scene 0.0 MiB, selection/detail passes=0/1, fallback ray attempts=0, GPU build/selection/detail=0.000/0.000/0.000 ms, CPU grouping=0.000 ms; atlas installed/evicted=0/0, I/O=0.000 MiB, resident=27/27
Camera preparation: wall 0.002 ms, GPU LOD 0.000 ms, plans/footprints=211/1
LOD plan: sources=1591, changed finer/coarser=0/0, selected LOD-1=24
Minimap mask: 276x236, 1440000 rays, worker 27.647 ms, GPU 2.804 ms
Frame 651: wall 54.015 ms, GPU producer 51.465 ms, 1 producer submission(s), resident trace and presentation combined; t=41.704, BVH resident/budget 426.0/2048.0 MiB, builds/hits/evictions=173/734/0, scene builds=222
Frame phases 651: pre-render 0.017 ms, prepare 2.072 ms, primary repair 0.000 ms, shadow repair 0.000 ms, producer wait 51.856 ms; observer=2625888.80/1103942.29/2901.62, moved=21.62 m, roam=1, replaced=0, image=1600x900, LOD=1.500, shadows=1, minimap=1
Frame work 651: BVH built/hit/evicted=0/0/0, catalogue/instance/scene builds=1/1/1, cached/scene tiles=173/113, scene 0.0 MiB, selection/detail passes=0/1, fallback ray attempts=0, GPU build/selection/detail=0.478/0.000/0.000 ms, CPU grouping=0.000 ms; atlas installed/evicted=0/0, I/O=0.000 MiB, resident=27/27
Camera preparation: wall 0.250 ms, GPU LOD 0.004 ms, plans/footprints=212/1
LOD plan: sources=1591, changed finer/coarser=1/1, selected LOD-1=25
Minimap publish: request-to-image 28.761 ms
Minimap mask: 276x236, 1440000 rays, worker 46.795 ms, GPU 6.066 ms
Minimap publish: request-to-image 46.854 ms
Slow stage: primary repair wall 139.342 ms (inclusive)
Slow stage: terrain frame wall 254.431 ms (inclusive)
Frame 653: wall 254.439 ms, GPU producer 50.695 ms, 2 producer submission(s), streaming work excluded from GPU producer timing; t=41.959, BVH resident/budget 436.3/2048.0 MiB, builds/hits/evictions=174/778/0, scene builds=223
Frame phases 653: pre-render 0.014 ms, prepare 2.197 ms, primary repair 139.342 ms, shadow repair 61.121 ms, producer wait 51.667 ms; observer=2625895.33/1103962.95/2901.47, moved=21.66 m, roam=1, replaced=0, image=1600x900, LOD=1.500, shadows=1, minimap=1
Frame work 653: BVH built/hit/evicted=1/44/0, catalogue/instance/scene builds=1/22/1, cached/scene tiles=174/0, scene 0.0 MiB, selection/detail passes=22/23, fallback ray attempts=78760, GPU build/selection/detail=6.087/12.711/28.952 ms, CPU grouping=56.289 ms; atlas installed/evicted=66/66, I/O=34.507 MiB, resident=27/27
Camera preparation: wall 0.242 ms, GPU LOD 0.004 ms, plans/footprints=213/1
Slow stage: worker iteration wall 254.491 ms (inclusive)
LOD plan: sources=1591, changed finer/coarser=0/0, selected LOD-1=25
Frame 657: wall 50.552 ms, GPU producer 48.677 ms, 1 producer submission(s), resident trace and presentation combined; t=42.009, BVH resident/budget 436.3/2048.0 MiB, builds/hits/evictions=174/778/0, scene builds=224
Frame phases 657: pre-render 0.004 ms, prepare 1.573 ms, primary repair 0.000 ms, shadow repair 0.000 ms, producer wait 48.941 ms; observer=2625908.37/1104004.16/2901.18, moved=43.23 m, roam=1, replaced=0, image=1600x900, LOD=1.500, shadows=1, minimap=1
Frame work 657: BVH built/hit/evicted=0/0/0, catalogue/instance/scene builds=1/1/1, cached/scene tiles=174/113, scene 0.0 MiB, selection/detail passes=0/1, fallback ray attempts=0, GPU build/selection/detail=0.482/0.000/0.000 ms, CPU grouping=0.000 ms; atlas installed/evicted=0/0, I/O=0.000 MiB, resident=27/27
Minimap mask: 276x236, 1440000 rays, worker 32.679 ms, GPU 5.533 ms
Camera preparation: wall 0.211 ms, GPU LOD 0.004 ms, plans/footprints=214/1
Minimap publish: request-to-image 32.743 ms
LOD plan: sources=1591, changed finer/coarser=0/0, selected LOD-1=25
Frame 659: wall 53.097 ms, GPU producer 51.285 ms, 1 producer submission(s), resident trace and presentation combined; t=42.063, BVH resident/budget 436.3/2048.0 MiB, builds/hits/evictions=174/778/0, scene builds=225
Frame phases 659: pre-render 0.018 ms, prepare 1.442 ms, primary repair 0.000 ms, shadow repair 0.000 ms, producer wait 51.597 ms; observer=2625914.89/1104024.78/2901.03, moved=21.62 m, roam=1, replaced=0, image=1600x900, LOD=1.500, shadows=1, minimap=1
Frame work 659: BVH built/hit/evicted=0/0/0, catalogue/instance/scene builds=1/1/1, cached/scene tiles=174/113, scene 0.0 MiB, selection/detail passes=0/1, fallback ray attempts=0, GPU build/selection/detail=0.404/0.000/0.000 ms, CPU grouping=0.000 ms; atlas installed/evicted=0/0, I/O=0.000 MiB, resident=27/27
Camera preparation: wall 0.209 ms, GPU LOD 0.005 ms, plans/footprints=215/1
Minimap mask: 276x236, 1440000 rays, worker 18.955 ms, GPU 5.519 ms
Minimap publish: request-to-image 19.057 ms
Minimap mask: 276x236, 1440000 rays, worker 3.216 ms, GPU 0.916 ms
Minimap publish: request-to-image 7.211 ms
Frame 660: wall 50.534 ms, GPU producer 49.776 ms, 1 producer submission(s), resident trace and presentation combined; t=42.148, BVH resident/budget 436.3/2048.0 MiB, builds/hits/evictions=174/778/0, scene builds=225
Frame phases 660: pre-render 0.004 ms, prepare 0.108 ms, primary repair 0.000 ms, shadow repair 0.000 ms, producer wait 50.323 ms; observer=2625914.89/1104024.78/2901.03, moved=0.00 m, roam=0, replaced=0, image=1600x900, LOD=1.500, shadows=1, minimap=1
Frame work 660: BVH built/hit/evicted=0/0/0, catalogue/instance/scene builds=0/0/0, cached/scene tiles=174/113, scene 0.0 MiB, selection/detail passes=0/1, fallback ray attempts=0, GPU build/selection/detail=0.000/0.000/0.000 ms, CPU grouping=0.000 ms; atlas installed/evicted=0/0, I/O=0.000 MiB, resident=27/27
Camera preparation: wall 0.000 ms, GPU LOD 0.000 ms, plans/footprints=215/1
LOD plan: sources=1591, changed finer/coarser=0/0, selected LOD-1=25
Frame 661: wall 53.430 ms, GPU producer 51.011 ms, 1 producer submission(s), resident trace and presentation combined; t=42.202, BVH resident/budget 436.3/2048.0 MiB, builds/hits/evictions=174/778/0, scene builds=226
Frame phases 661: pre-render 0.009 ms, prepare 2.018 ms, primary repair 0.000 ms, shadow repair 0.000 ms, producer wait 51.339 ms; observer=2625921.37/1104045.27/2900.88, moved=21.49 m, roam=1, replaced=0, image=1600x900, LOD=1.500, shadows=1, minimap=1
Frame work 661: BVH built/hit/evicted=0/0/0, catalogue/instance/scene builds=1/1/1, cached/scene tiles=174/113, scene 0.0 MiB, selection/detail passes=0/1, fallback ray attempts=0, GPU build/selection/detail=0.456/0.000/0.000 ms, CPU grouping=0.000 ms; atlas installed/evicted=0/0, I/O=0.000 MiB, resident=27/27
Camera preparation: wall 0.225 ms, GPU LOD 0.004 ms, plans/footprints=216/1
Minimap mask: 276x236, 1440000 rays, worker 26.460 ms, GPU 3.394 ms
LOD plan: sources=1591, changed finer/coarser=2/1, selected LOD-1=25
Minimap publish: request-to-image 27.869 ms
Health t=42.235: memory ok footprint/resident 1060.9/618.7 MiB, Metal allocated/recommended 840.8/18186.2 MiB, thermal=0
Health t=42.235: worker stage=render age=33.3 ms, calls=452 revision=661, submitted/completed/presented=0/0/0, stale=0 unavailable=0 refreshed=0
Health t=42.235: display stage=idle age=24.4 ms, calls=1242 revision=661, submitted/completed/presented=1242/1241/1241, stale=0 unavailable=0 refreshed=0
Health t=42.235: minimap stage=mask-gpu age=24.3 ms, calls=290 revision=0, submitted/completed/presented=290/289/287, stale=2 unavailable=0 refreshed=455
Health t=42.235: terrain stage=producer wait age=30.8 ms
Frame 663: wall 53.501 ms, GPU producer 50.556 ms, 1 producer submission(s), resident trace and presentation combined; t=42.256, BVH resident/budget 436.3/2048.0 MiB, builds/hits/evictions=174/778/0, scene builds=227
Frame phases 663: pre-render 0.010 ms, prepare 2.473 ms, primary repair 0.000 ms, shadow repair 0.000 ms, producer wait 50.950 ms; observer=2625927.87/1104065.83/2900.71, moved=21.56 m, roam=1, replaced=0, image=1600x900, LOD=1.500, shadows=1, minimap=1
Frame work 663: BVH built/hit/evicted=0/0/0, catalogue/instance/scene builds=1/1/1, cached/scene tiles=174/112, scene 0.0 MiB, selection/detail passes=0/1, fallback ray attempts=0, GPU build/selection/detail=0.432/0.000/0.000 ms, CPU grouping=0.000 ms; atlas installed/evicted=0/0, I/O=0.000 MiB, resident=27/27
Camera preparation: wall 0.276 ms, GPU LOD 0.004 ms, plans/footprints=217/1
Minimap mask: 276x236, 1440000 rays, worker 45.106 ms, GPU 11.143 ms
Minimap publish: request-to-image 46.025 ms
Minimap mask: 276x236, 1440000 rays, worker 2.905 ms, GPU 0.886 ms
Minimap publish: request-to-image 3.693 ms
Frame 664: wall 51.334 ms, GPU producer 49.555 ms, 1 producer submission(s), resident trace and presentation combined; t=42.349, BVH resident/budget 436.3/2048.0 MiB, builds/hits/evictions=174/778/0, scene builds=227
Frame phases 664: pre-render 0.006 ms, prepare 0.107 ms, primary repair 0.000 ms, shadow repair 0.000 ms, producer wait 51.165 ms; observer=2625927.87/1104065.83/2900.71, moved=0.00 m, roam=0, replaced=0, image=1600x900, LOD=1.500, shadows=1, minimap=1
Frame work 664: BVH built/hit/evicted=0/0/0, catalogue/instance/scene builds=0/0/0, cached/scene tiles=174/112, scene 0.0 MiB, selection/detail passes=0/1, fallback ray attempts=0, GPU build/selection/detail=0.000/0.000/0.000 ms, CPU grouping=0.000 ms; atlas installed/evicted=0/0, I/O=0.000 MiB, resident=27/27
Camera preparation: wall 0.001 ms, GPU LOD 0.000 ms, plans/footprints=217/1
LOD plan: sources=1591, changed finer/coarser=1/0, selected LOD-1=25
Frame 665: wall 53.240 ms, GPU producer 50.820 ms, 1 producer submission(s), resident trace and presentation combined; t=42.403, BVH resident/budget 436.3/2048.0 MiB, builds/hits/evictions=174/778/0, scene builds=228
Frame phases 665: pre-render 0.009 ms, prepare 1.980 ms, primary repair 0.000 ms, shadow repair 0.000 ms, producer wait 51.192 ms; observer=2625934.41/1104086.54/2900.54, moved=21.72 m, roam=1, replaced=0, image=1600x900, LOD=1.500, shadows=1, minimap=1
Frame work 665: BVH built/hit/evicted=0/0/0, catalogue/instance/scene builds=1/1/1, cached/scene tiles=174/112, scene 0.0 MiB, selection/detail passes=0/1, fallback ray attempts=0, GPU build/selection/detail=0.446/0.000/0.000 ms, CPU grouping=0.000 ms; atlas installed/evicted=0/0, I/O=0.000 MiB, resident=27/27
Camera preparation: wall 0.232 ms, GPU LOD 0.004 ms, plans/footprints=218/1
Minimap mask: 276x236, 1440000 rays, worker 27.070 ms, GPU 3.494 ms
LOD plan: sources=1591, changed finer/coarser=0/0, selected LOD-1=25
Minimap publish: request-to-image 28.255 ms
Frame 667: wall 53.304 ms, GPU producer 50.286 ms, 1 producer submission(s), resident trace and presentation combined; t=42.456, BVH resident/budget 436.3/2048.0 MiB, builds/hits/evictions=174/778/0, scene builds=229
Frame phases 667: pre-render 0.010 ms, prepare 2.522 ms, primary repair 0.000 ms, shadow repair 0.000 ms, producer wait 50.692 ms; observer=2625940.96/1104107.24/2900.35, moved=21.71 m, roam=1, replaced=0, image=1600x900, LOD=1.500, shadows=1, minimap=1
Frame work 667: BVH built/hit/evicted=0/0/0, catalogue/instance/scene builds=1/1/1, cached/scene tiles=174/112, scene 0.0 MiB, selection/detail passes=0/1, fallback ray attempts=0, GPU build/selection/detail=0.443/0.000/0.000 ms, CPU grouping=0.000 ms; atlas installed/evicted=0/0, I/O=0.000 MiB, resident=27/27
Camera preparation: wall 0.259 ms, GPU LOD 0.003 ms, plans/footprints=219/1
Minimap mask: 276x236, 1440000 rays, worker 45.551 ms, GPU 7.512 ms
Minimap publish: request-to-image 46.521 ms
Minimap mask: 276x236, 1440000 rays, worker 3.429 ms, GPU 0.939 ms
Minimap publish: request-to-image 11.168 ms
Frame 668: wall 51.211 ms, GPU producer 49.141 ms, 1 producer submission(s), resident trace and presentation combined; t=42.549, BVH resident/budget 436.3/2048.0 MiB, builds/hits/evictions=174/778/0, scene builds=229
Frame phases 668: pre-render 0.003 ms, prepare 0.099 ms, primary repair 0.000 ms, shadow repair 0.000 ms, producer wait 51.050 ms; observer=2625940.96/1104107.24/2900.35, moved=0.00 m, roam=0, replaced=0, image=1600x900, LOD=1.500, shadows=1, minimap=1
Frame work 668: BVH built/hit/evicted=0/0/0, catalogue/instance/scene builds=0/0/0, cached/scene tiles=174/112, scene 0.0 MiB, selection/detail passes=0/1, fallback ray attempts=0, GPU build/selection/detail=0.000/0.000/0.000 ms, CPU grouping=0.000 ms; atlas installed/evicted=0/0, I/O=0.000 MiB, resident=27/27
Camera preparation: wall 0.000 ms, GPU LOD 0.000 ms, plans/footprints=219/1
LOD plan: sources=1591, changed finer/coarser=0/1, selected LOD-1=24
Frame 669: wall 53.592 ms, GPU producer 50.927 ms, 1 producer submission(s), resident trace and presentation combined; t=42.603, BVH resident/budget 436.3/2048.0 MiB, builds/hits/evictions=174/778/0, scene builds=230
Frame phases 669: pre-render 0.009 ms, prepare 2.268 ms, primary repair 0.000 ms, shadow repair 0.000 ms, producer wait 51.249 ms; observer=2625947.43/1104127.71/2900.14, moved=21.47 m, roam=1, replaced=0, image=1600x900, LOD=1.500, shadows=1, minimap=1
Frame work 669: BVH built/hit/evicted=0/0/0, catalogue/instance/scene builds=1/1/1, cached/scene tiles=174/112, scene 0.0 MiB, selection/detail passes=0/1, fallback ray attempts=0, GPU build/selection/detail=0.464/0.000/0.000 ms, CPU grouping=0.000 ms; atlas installed/evicted=0/0, I/O=0.000 MiB, resident=27/27
Camera preparation: wall 0.231 ms, GPU LOD 0.004 ms, plans/footprints=220/1
Minimap mask: 276x236, 1440000 rays, worker 26.931 ms, GPU 3.933 ms
Minimap publish: request-to-image 27.084 ms
LOD plan: sources=1591, changed finer/coarser=0/1, selected LOD-1=23
Frame 671: wall 52.848 ms, GPU producer 50.273 ms, 1 producer submission(s), resident trace and presentation combined; t=42.656, BVH resident/budget 436.3/2048.0 MiB, builds/hits/evictions=174/778/0, scene builds=231
Frame phases 671: pre-render 0.008 ms, prepare 2.110 ms, primary repair 0.000 ms, shadow repair 0.000 ms, producer wait 50.612 ms; observer=2625954.00/1104148.48/2899.90, moved=21.78 m, roam=1, replaced=0, image=1600x900, LOD=1.500, shadows=1, minimap=1
Frame work 671: BVH built/hit/evicted=0/0/0, catalogue/instance/scene builds=1/1/1, cached/scene tiles=174/112, scene 0.0 MiB, selection/detail passes=0/1, fallback ray attempts=0, GPU build/selection/detail=0.456/0.000/0.000 ms, CPU grouping=0.000 ms; atlas installed/evicted=0/0, I/O=0.000 MiB, resident=27/27
Camera preparation: wall 0.242 ms, GPU LOD 0.004 ms, plans/footprints=221/1
Minimap mask: 276x236, 1440000 rays, worker 41.034 ms, GPU 8.865 ms
Minimap publish: request-to-image 41.842 ms
Minimap mask: 276x236, 1440000 rays, worker 2.623 ms, GPU 0.879 ms
Minimap publish: request-to-image 3.514 ms
Frame 672: wall 54.306 ms, GPU producer 50.615 ms, 1 producer submission(s), resident trace and presentation combined; t=42.752, BVH resident/budget 436.3/2048.0 MiB, builds/hits/evictions=174/778/0, scene builds=231
Frame phases 672: pre-render 0.005 ms, prepare 0.148 ms, primary repair 0.000 ms, shadow repair 0.000 ms, producer wait 54.084 ms; observer=2625954.00/1104148.48/2899.90, moved=0.00 m, roam=0, replaced=0, image=1600x900, LOD=1.500, shadows=1, minimap=1
Frame work 672: BVH built/hit/evicted=0/0/0, catalogue/instance/scene builds=0/0/0, cached/scene tiles=174/112, scene 0.0 MiB, selection/detail passes=0/1, fallback ray attempts=0, GPU build/selection/detail=0.000/0.000/0.000 ms, CPU grouping=0.000 ms; atlas installed/evicted=0/0, I/O=0.000 MiB, resident=27/27
Camera preparation: wall 0.001 ms, GPU LOD 0.000 ms, plans/footprints=221/1
LOD plan: sources=1591, changed finer/coarser=2/1, selected LOD-1=23
Minimap mask: 276x236, 1440000 rays, worker 29.597 ms, GPU 3.377 ms
Minimap publish: request-to-image 29.673 ms
Slow stage: primary repair wall 131.053 ms (inclusive)
Slow stage: terrain frame wall 249.476 ms (inclusive)
Frame 673: wall 249.483 ms, GPU producer 52.340 ms, 2 producer submission(s), streaming work excluded from GPU producer timing; t=43.002, BVH resident/budget 438.8/2048.0 MiB, builds/hits/evictions=175/809/0, scene builds=232
Frame phases 673: pre-render 0.009 ms, prepare 2.106 ms, primary repair 131.053 ms, shadow repair 62.887 ms, producer wait 53.316 ms; observer=2625960.49/1104169.01/2899.63, moved=21.54 m, roam=1, replaced=0, image=1600x900, LOD=1.500, shadows=1, minimap=1
Frame work 673: BVH built/hit/evicted=1/31/0, catalogue/instance/scene builds=1/21/1, cached/scene tiles=175/0, scene 0.0 MiB, selection/detail passes=21/22, fallback ray attempts=3694, GPU build/selection/detail=2.870/12.826/27.487 ms, CPU grouping=52.414 ms; atlas installed/evicted=65/65, I/O=34.381 MiB, resident=27/27
Camera preparation: wall 0.204 ms, GPU LOD 0.004 ms, plans/footprints=222/1
Slow stage: worker iteration wall 249.537 ms (inclusive)
LOD plan: sources=1591, changed finer/coarser=2/1, selected LOD-1=22
Frame 679: wall 50.805 ms, GPU producer 49.029 ms, 1 producer submission(s), resident trace and presentation combined; t=43.053, BVH resident/budget 438.8/2048.0 MiB, builds/hits/evictions=175/809/0, scene builds=233
Frame phases 679: pre-render 0.005 ms, prepare 1.475 ms, primary repair 0.000 ms, shadow repair 0.000 ms, producer wait 49.289 ms; observer=2625980.06/1104230.93/2898.62, moved=64.93 m, roam=1, replaced=0, image=1600x900, LOD=1.500, shadows=1, minimap=1
Frame work 679: BVH built/hit/evicted=0/0/0, catalogue/instance/scene builds=1/1/1, cached/scene tiles=175/113, scene 0.0 MiB, selection/detail passes=0/1, fallback ray attempts=0, GPU build/selection/detail=0.482/0.000/0.000 ms, CPU grouping=0.000 ms; atlas installed/evicted=0/0, I/O=0.000 MiB, resident=27/27
Minimap mask: 276x236, 1440000 rays, worker 41.825 ms, GPU 9.466 ms
Camera preparation: wall 0.193 ms, GPU LOD 0.004 ms, plans/footprints=223/1
Minimap publish: request-to-image 41.896 ms
Minimap mask: 276x236, 1440000 rays, worker 1.863 ms, GPU 0.941 ms
Minimap publish: request-to-image 2.411 ms
Frame 680: wall 50.884 ms, GPU producer 49.032 ms, 1 producer submission(s), resident trace and presentation combined; t=43.149, BVH resident/budget 438.8/2048.0 MiB, builds/hits/evictions=175/809/0, scene builds=233
Frame phases 680: pre-render 0.004 ms, prepare 0.106 ms, primary repair 0.000 ms, shadow repair 0.000 ms, producer wait 50.715 ms; observer=2625980.06/1104230.93/2898.62, moved=0.00 m, roam=0, replaced=0, image=1600x900, LOD=1.500, shadows=1, minimap=1
Frame work 680: BVH built/hit/evicted=0/0/0, catalogue/instance/scene builds=0/0/0, cached/scene tiles=175/113, scene 0.0 MiB, selection/detail passes=0/1, fallback ray attempts=0, GPU build/selection/detail=0.000/0.000/0.000 ms, CPU grouping=0.000 ms; atlas installed/evicted=0/0, I/O=0.000 MiB, resident=27/27
Camera preparation: wall 0.001 ms, GPU LOD 0.000 ms, plans/footprints=223/1
LOD plan: sources=1591, changed finer/coarser=0/0, selected LOD-1=22
Frame 681: wall 52.822 ms, GPU producer 50.411 ms, 1 producer submission(s), resident trace and presentation combined; t=43.202, BVH resident/budget 438.8/2048.0 MiB, builds/hits/evictions=175/809/0, scene builds=234
Frame phases 681: pre-render 0.009 ms, prepare 2.030 ms, primary repair 0.000 ms, shadow repair 0.000 ms, producer wait 50.721 ms; observer=2625986.53/1104251.38/2898.22, moved=21.45 m, roam=1, replaced=0, image=1600x900, LOD=1.500, shadows=1, minimap=1
Frame work 681: BVH built/hit/evicted=0/0/0, catalogue/instance/scene builds=1/1/1, cached/scene tiles=175/113, scene 0.0 MiB, selection/detail passes=0/1, fallback ray attempts=0, GPU build/selection/detail=0.472/0.000/0.000 ms, CPU grouping=0.000 ms; atlas installed/evicted=0/0, I/O=0.000 MiB, resident=27/27
Camera preparation: wall 0.259 ms, GPU LOD 0.004 ms, plans/footprints=224/1
Minimap mask: 276x236, 1440000 rays, worker 24.562 ms, GPU 2.507 ms
LOD plan: sources=1591, changed finer/coarser=0/1, selected LOD-1=22
Minimap publish: request-to-image 25.638 ms
Health t=43.240: memory ok footprint/resident 1047.6/613.4 MiB, Metal allocated/recommended 837.3/18186.2 MiB, thermal=0
Health t=43.240: worker stage=render age=38.8 ms, calls=469 revision=681, submitted/completed/presented=0/0/0, stale=0 unavailable=0 refreshed=0
Health t=43.240: display stage=idle age=27.4 ms, calls=1272 revision=681, submitted/completed/presented=1272/1271/1271, stale=0 unavailable=0 refreshed=0
Health t=43.240: minimap stage=mask-gpu age=27.4 ms, calls=302 revision=0, submitted/completed/presented=302/301/299, stale=2 unavailable=0 refreshed=468
Health t=43.240: terrain stage=producer wait age=36.8 ms
Frame 683: wall 52.425 ms, GPU producer 50.081 ms, 1 producer submission(s), resident trace and presentation combined; t=43.254, BVH resident/budget 438.8/2048.0 MiB, builds/hits/evictions=175/809/0, scene builds=235
Frame phases 683: pre-render 0.007 ms, prepare 1.958 ms, primary repair 0.000 ms, shadow repair 0.000 ms, producer wait 50.406 ms; observer=2625993.10/1104272.16/2897.79, moved=21.79 m, roam=1, replaced=0, image=1600x900, LOD=1.500, shadows=1, minimap=1
Frame work 683: BVH built/hit/evicted=0/0/0, catalogue/instance/scene builds=1/1/1, cached/scene tiles=175/113, scene 0.0 MiB, selection/detail passes=0/1, fallback ray attempts=0, GPU build/selection/detail=0.420/0.000/0.000 ms, CPU grouping=0.000 ms; atlas installed/evicted=0/0, I/O=0.000 MiB, resident=27/27
Camera preparation: wall 0.214 ms, GPU LOD 0.004 ms, plans/footprints=225/1
Minimap mask: 276x236, 1440000 rays, worker 41.656 ms, GPU 8.767 ms
Minimap publish: request-to-image 41.744 ms
Minimap mask: 276x236, 1440000 rays, worker 2.767 ms, GPU 1.262 ms
Minimap publish: request-to-image 3.187 ms
Frame 684: wall 52.080 ms, GPU producer 48.948 ms, 1 producer submission(s), resident trace and presentation combined; t=43.350, BVH resident/budget 438.8/2048.0 MiB, builds/hits/evictions=175/809/0, scene builds=235
Frame phases 684: pre-render 0.024 ms, prepare 0.144 ms, primary repair 0.000 ms, shadow repair 0.000 ms, producer wait 51.849 ms; observer=2625993.10/1104272.16/2897.79, moved=0.00 m, roam=0, replaced=0, image=1600x900, LOD=1.500, shadows=1, minimap=1
Frame work 684: BVH built/hit/evicted=0/0/0, catalogue/instance/scene builds=0/0/0, cached/scene tiles=175/113, scene 0.0 MiB, selection/detail passes=0/1, fallback ray attempts=0, GPU build/selection/detail=0.000/0.000/0.000 ms, CPU grouping=0.000 ms; atlas installed/evicted=0/0, I/O=0.000 MiB, resident=27/27
Camera preparation: wall 0.001 ms, GPU LOD 0.000 ms, plans/footprints=225/1
LOD plan: sources=1591, changed finer/coarser=0/0, selected LOD-1=22
Frame 685: wall 53.064 ms, GPU producer 50.654 ms, 1 producer submission(s), resident trace and presentation combined; t=43.403, BVH resident/budget 438.8/2048.0 MiB, builds/hits/evictions=175/809/0, scene builds=236
Frame phases 685: pre-render 0.023 ms, prepare 2.043 ms, primary repair 0.000 ms, shadow repair 0.000 ms, producer wait 50.917 ms; observer=2625999.56/1104292.59/2897.33, moved=21.43 m, roam=1, replaced=0, image=1600x900, LOD=1.500, shadows=1, minimap=1
Frame work 685: BVH built/hit/evicted=0/0/0, catalogue/instance/scene builds=1/1/1, cached/scene tiles=175/113, scene 0.0 MiB, selection/detail passes=0/1, fallback ray attempts=0, GPU build/selection/detail=0.472/0.000/0.000 ms, CPU grouping=0.000 ms; atlas installed/evicted=0/0, I/O=0.000 MiB, resident=27/27
Camera preparation: wall 0.251 ms, GPU LOD 0.004 ms, plans/footprints=226/1
Minimap mask: 276x236, 1440000 rays, worker 25.718 ms, GPU 4.314 ms
Minimap publish: request-to-image 25.953 ms
LOD plan: sources=1591, changed finer/coarser=0/2, selected LOD-1=22
Frame 687: wall 52.638 ms, GPU producer 50.143 ms, 1 producer submission(s), resident trace and presentation combined; t=43.456, BVH resident/budget 438.8/2048.0 MiB, builds/hits/evictions=175/809/0, scene builds=237
Frame phases 687: pre-render 0.010 ms, prepare 2.105 ms, primary repair 0.000 ms, shadow repair 0.000 ms, producer wait 50.465 ms; observer=2626006.13/1104313.38/2896.83, moved=21.81 m, roam=1, replaced=0, image=1600x900, LOD=1.500, shadows=1, minimap=1
Frame work 687: BVH built/hit/evicted=0/0/0, catalogue/instance/scene builds=1/1/1, cached/scene tiles=175/113, scene 0.0 MiB, selection/detail passes=0/1, fallback ray attempts=0, GPU build/selection/detail=0.448/0.000/0.000 ms, CPU grouping=0.000 ms; atlas installed/evicted=0/0, I/O=0.000 MiB, resident=27/27
Minimap mask: 276x236, 1440000 rays, worker 42.904 ms, GPU 5.600 ms
Minimap publish: request-to-image 42.997 ms
Camera preparation: wall 0.229 ms, GPU LOD 0.004 ms, plans/footprints=227/1
Minimap mask: 276x236, 1440000 rays, worker 2.283 ms, GPU 1.135 ms
Minimap publish: request-to-image 3.269 ms
Frame 688: wall 52.229 ms, GPU producer 49.068 ms, 1 producer submission(s), resident trace and presentation combined; t=43.550, BVH resident/budget 438.8/2048.0 MiB, builds/hits/evictions=175/809/0, scene builds=237
Frame phases 688: pre-render 0.004 ms, prepare 0.141 ms, primary repair 0.000 ms, shadow repair 0.000 ms, producer wait 52.019 ms; observer=2626006.13/1104313.38/2896.83, moved=0.00 m, roam=0, replaced=0, image=1600x900, LOD=1.500, shadows=1, minimap=1
Frame work 688: BVH built/hit/evicted=0/0/0, catalogue/instance/scene builds=0/0/0, cached/scene tiles=175/113, scene 0.0 MiB, selection/detail passes=0/1, fallback ray attempts=0, GPU build/selection/detail=0.000/0.000/0.000 ms, CPU grouping=0.000 ms; atlas installed/evicted=0/0, I/O=0.000 MiB, resident=27/27
Camera preparation: wall 0.001 ms, GPU LOD 0.000 ms, plans/footprints=227/1
LOD plan: sources=1591, changed finer/coarser=1/1, selected LOD-1=22
Frame 689: wall 52.573 ms, GPU producer 50.053 ms, 1 producer submission(s), resident trace and presentation combined; t=43.603, BVH resident/budget 438.8/2048.0 MiB, builds/hits/evictions=175/809/0, scene builds=238
Frame phases 689: pre-render 0.007 ms, prepare 2.111 ms, primary repair 0.000 ms, shadow repair 0.000 ms, producer wait 50.381 ms; observer=2626012.59/1104333.83/2896.31, moved=21.45 m, roam=1, replaced=0, image=1600x900, LOD=1.500, shadows=1, minimap=1
Frame work 689: BVH built/hit/evicted=0/0/0, catalogue/instance/scene builds=1/1/1, cached/scene tiles=175/113, scene 0.0 MiB, selection/detail passes=0/1, fallback ray attempts=0, GPU build/selection/detail=0.469/0.000/0.000 ms, CPU grouping=0.000 ms; atlas installed/evicted=0/0, I/O=0.000 MiB, resident=27/27
Camera preparation: wall 0.241 ms, GPU LOD 0.004 ms, plans/footprints=228/1
Minimap mask: 276x236, 1440000 rays, worker 26.039 ms, GPU 2.846 ms
LOD plan: sources=1591, changed finer/coarser=0/0, selected LOD-1=22
Minimap publish: request-to-image 27.162 ms
Minimap mask: 276x236, 1440000 rays, worker 41.649 ms, GPU 9.996 ms
Frame 691: wall 51.674 ms, GPU producer 49.135 ms, 1 producer submission(s), resident trace and presentation combined; t=43.654, BVH resident/budget 438.8/2048.0 MiB, builds/hits/evictions=175/809/0, scene builds=239
Frame phases 691: pre-render 0.006 ms, prepare 2.043 ms, primary repair 0.000 ms, shadow repair 0.000 ms, producer wait 49.564 ms; observer=2626019.24/1104354.86/2895.74, moved=22.06 m, roam=1, replaced=0, image=1600x900, LOD=1.500, shadows=1, minimap=1
Frame work 691: BVH built/hit/evicted=0/0/0, catalogue/instance/scene builds=1/1/1, cached/scene tiles=175/113, scene 0.0 MiB, selection/detail passes=0/1, fallback ray attempts=0, GPU build/selection/detail=0.436/0.000/0.000 ms, CPU grouping=0.000 ms; atlas installed/evicted=0/0, I/O=0.000 MiB, resident=27/27
Camera preparation: wall 0.236 ms, GPU LOD 0.004 ms, plans/footprints=229/1
Minimap publish: request-to-image 41.703 ms
Minimap mask: 276x236, 1440000 rays, worker 4.583 ms, GPU 0.922 ms
Minimap publish: request-to-image 7.654 ms
Frame 692: wall 53.284 ms, GPU producer 52.464 ms, 1 producer submission(s), resident trace and presentation combined; t=43.751, BVH resident/budget 438.8/2048.0 MiB, builds/hits/evictions=175/809/0, scene builds=239
Frame phases 692: pre-render 0.006 ms, prepare 0.160 ms, primary repair 0.000 ms, shadow repair 0.000 ms, producer wait 53.044 ms; observer=2626019.24/1104354.86/2895.74, moved=0.00 m, roam=0, replaced=0, image=1600x900, LOD=1.500, shadows=1, minimap=1
Frame work 692: BVH built/hit/evicted=0/0/0, catalogue/instance/scene builds=0/0/0, cached/scene tiles=175/113, scene 0.0 MiB, selection/detail passes=0/1, fallback ray attempts=0, GPU build/selection/detail=0.000/0.000/0.000 ms, CPU grouping=0.000 ms; atlas installed/evicted=0/0, I/O=0.000 MiB, resident=27/27
Camera preparation: wall 0.000 ms, GPU LOD 0.000 ms, plans/footprints=229/1
LOD plan: sources=1591, changed finer/coarser=0/1, selected LOD-1=22
Frame 693: wall 51.871 ms, GPU producer 49.458 ms, 1 producer submission(s), resident trace and presentation combined; t=43.803, BVH resident/budget 438.8/2048.0 MiB, builds/hits/evictions=175/809/0, scene builds=240
Frame phases 693: pre-render 0.008 ms, prepare 2.017 ms, primary repair 0.000 ms, shadow repair 0.000 ms, producer wait 49.787 ms; observer=2626025.62/1104375.03/2895.16, moved=21.15 m, roam=1, replaced=0, image=1600x900, LOD=1.500, shadows=1, minimap=1
Frame work 693: BVH built/hit/evicted=0/0/0, catalogue/instance/scene builds=1/1/1, cached/scene tiles=175/113, scene 0.0 MiB, selection/detail passes=0/1, fallback ray attempts=0, GPU build/selection/detail=0.465/0.000/0.000 ms, CPU grouping=0.000 ms; atlas installed/evicted=0/0, I/O=0.000 MiB, resident=27/27
Camera preparation: wall 0.219 ms, GPU LOD 0.004 ms, plans/footprints=230/1
Minimap mask: 276x236, 1440000 rays, worker 27.361 ms, GPU 4.085 ms
LOD plan: sources=1591, changed finer/coarser=1/1, selected LOD-1=22
Minimap publish: request-to-image 27.921 ms
Frame 695: wall 52.739 ms, GPU producer 49.875 ms, 1 producer submission(s), resident trace and presentation combined; t=43.856, BVH resident/budget 438.8/2048.0 MiB, builds/hits/evictions=175/809/0, scene builds=241
Frame phases 695: pre-render 0.012 ms, prepare 2.462 ms, primary repair 0.000 ms, shadow repair 0.000 ms, producer wait 50.155 ms; observer=2626032.19/1104395.82/2894.53, moved=21.80 m, roam=1, replaced=0, image=1600x900, LOD=1.500, shadows=1, minimap=1
Frame work 695: BVH built/hit/evicted=0/0/0, catalogue/instance/scene builds=1/1/1, cached/scene tiles=175/113, scene 0.0 MiB, selection/detail passes=0/1, fallback ray attempts=0, GPU build/selection/detail=0.456/0.000/0.000 ms, CPU grouping=0.000 ms; atlas installed/evicted=0/0, I/O=0.000 MiB, resident=27/27
Camera preparation: wall 0.255 ms, GPU LOD 0.004 ms, plans/footprints=231/1
Minimap mask: 276x236, 1440000 rays, worker 44.717 ms, GPU 11.425 ms
Minimap publish: request-to-image 44.989 ms
Minimap mask: 276x236, 1440000 rays, worker 3.348 ms, GPU 0.979 ms
Minimap publish: request-to-image 3.614 ms
Frame 696: wall 50.352 ms, GPU producer 47.947 ms, 1 producer submission(s), resident trace and presentation combined; t=43.949, BVH resident/budget 438.8/2048.0 MiB, builds/hits/evictions=175/809/0, scene builds=241
Frame phases 696: pre-render 0.004 ms, prepare 0.100 ms, primary repair 0.000 ms, shadow repair 0.000 ms, producer wait 50.188 ms; observer=2626032.19/1104395.82/2894.53, moved=0.00 m, roam=0, replaced=0, image=1600x900, LOD=1.500, shadows=1, minimap=1
Frame work 696: BVH built/hit/evicted=0/0/0, catalogue/instance/scene builds=0/0/0, cached/scene tiles=175/113, scene 0.0 MiB, selection/detail passes=0/1, fallback ray attempts=0, GPU build/selection/detail=0.000/0.000/0.000 ms, CPU grouping=0.000 ms; atlas installed/evicted=0/0, I/O=0.000 MiB, resident=27/27
Camera preparation: wall 0.000 ms, GPU LOD 0.000 ms, plans/footprints=231/1
LOD plan: sources=1591, changed finer/coarser=0/1, selected LOD-1=22
Frame 697: wall 51.797 ms, GPU producer 49.507 ms, 1 producer submission(s), resident trace and presentation combined; t=44.000, BVH resident/budget 438.8/2048.0 MiB, builds/hits/evictions=175/809/0, scene builds=242
Frame phases 697: pre-render 0.017 ms, prepare 1.980 ms, primary repair 0.000 ms, shadow repair 0.000 ms, producer wait 49.749 ms; observer=2626038.68/1104416.34/2893.88, moved=21.53 m, roam=1, replaced=0, image=1600x900, LOD=1.500, shadows=1, minimap=1
Frame work 697: BVH built/hit/evicted=0/0/0, catalogue/instance/scene builds=1/1/1, cached/scene tiles=175/113, scene 0.0 MiB, selection/detail passes=0/1, fallback ray attempts=0, GPU build/selection/detail=0.459/0.000/0.000 ms, CPU grouping=0.000 ms; atlas installed/evicted=0/0, I/O=0.000 MiB, resident=27/27
Camera preparation: wall 0.278 ms, GPU LOD 0.004 ms, plans/footprints=232/1
Minimap mask: 276x236, 1440000 rays, worker 22.877 ms, GPU 2.588 ms
LOD plan: sources=1591, changed finer/coarser=1/0, selected LOD-1=23
Minimap publish: request-to-image 24.946 ms
Minimap mask: 276x236, 1440000 rays, worker 40.949 ms, GPU 8.226 ms
Minimap publish: request-to-image 42.495 ms
Slow stage: terrain frame wall 179.975 ms (inclusive)
Frame 699: wall 179.983 ms, GPU producer 49.561 ms, 2 producer submission(s), streaming work excluded from GPU producer timing; t=44.180, BVH resident/budget 449.1/2048.0 MiB, builds/hits/evictions=176/812/0, scene builds=243
Frame phases 699: pre-render 0.009 ms, prepare 1.579 ms, primary repair 77.695 ms, shadow repair 50.228 ms, producer wait 50.369 ms; observer=2626045.22/1104437.02/2893.20, moved=21.69 m, roam=1, replaced=0, image=1600x900, LOD=1.500, shadows=1, minimap=1
Frame work 699: BVH built/hit/evicted=1/3/0, catalogue/instance/scene builds=1/5/1, cached/scene tiles=176/0, scene 0.0 MiB, selection/detail passes=5/6, fallback ray attempts=1662, GPU build/selection/detail=4.304/1.920/25.649 ms, CPU grouping=10.679 ms; atlas installed/evicted=65/65, I/O=35.883 MiB, resident=27/27
Camera preparation: wall 0.200 ms, GPU LOD 0.004 ms, plans/footprints=233/1
Slow stage: worker iteration wall 180.026 ms (inclusive)
LOD plan: sources=1591, changed finer/coarser=1/1, selected LOD-1=23
Minimap mask: 276x236, 1440000 rays, worker 21.297 ms, GPU 7.794 ms
Minimap publish: request-to-image 21.326 ms
Health t=44.245: memory ok footprint/resident 1063.3/621.3 MiB, Metal allocated/recommended 849.6/18186.2 MiB, thermal=0
Health t=44.245: worker stage=render age=64.2 ms, calls=485 revision=699, submitted/completed/presented=0/0/0, stale=0 unavailable=0 refreshed=0
Health t=44.245: display stage=idle age=2.6 ms, calls=1303 revision=699, submitted/completed/presented=1303/1302/1301, stale=0 unavailable=0 refreshed=0
Health t=44.245: minimap stage=idle age=13.6 ms, calls=315 revision=0, submitted/completed/presented=315/315/313, stale=2 unavailable=0 refreshed=482
Health t=44.245: terrain stage=BVH detail encode/traverse age=13.6 ms
Slow stage: terrain frame wall 178.150 ms (inclusive)
Frame 701: wall 178.157 ms, GPU producer 49.623 ms, 2 producer submission(s), streaming work excluded from GPU producer timing; t=44.359, BVH resident/budget 449.7/2048.0 MiB, builds/hits/evictions=177/817/0, scene builds=244
Frame phases 701: pre-render 0.009 ms, prepare 1.262 ms, primary repair 58.549 ms, shadow repair 67.739 ms, producer wait 50.539 ms; observer=2626051.68/1104457.46/2892.51, moved=21.44 m, roam=1, replaced=0, image=1600x900, LOD=1.500, shadows=1, minimap=1
Frame work 701: BVH built/hit/evicted=1/5/0, catalogue/instance/scene builds=1/7/1, cached/scene tiles=177/0, scene 0.0 MiB, selection/detail passes=7/8, fallback ray attempts=2, GPU build/selection/detail=1.218/2.760/25.965 ms, CPU grouping=16.687 ms; atlas installed/evicted=67/67, I/O=34.069 MiB, resident=27/27
Camera preparation: wall 0.151 ms, GPU LOD 0.004 ms, plans/footprints=234/1
Slow stage: worker iteration wall 178.214 ms (inclusive)
LOD plan: sources=1591, changed finer/coarser=1/0, selected LOD-1=23
Frame 705: wall 48.473 ms, GPU producer 46.677 ms, 1 producer submission(s), resident trace and presentation combined; t=44.407, BVH resident/budget 449.7/2048.0 MiB, builds/hits/evictions=177/817/0, scene builds=245
Frame phases 705: pre-render 0.005 ms, prepare 1.570 ms, primary repair 0.000 ms, shadow repair 0.000 ms, producer wait 46.867 ms; observer=2626064.76/1104498.84/2891.08, moved=43.39 m, roam=1, replaced=0, image=1600x900, LOD=1.500, shadows=1, minimap=1
Frame work 705: BVH built/hit/evicted=0/0/0, catalogue/instance/scene builds=1/1/1, cached/scene tiles=177/114, scene 0.1 MiB, selection/detail passes=0/1, fallback ray attempts=0, GPU build/selection/detail=0.472/0.000/0.000 ms, CPU grouping=0.000 ms; atlas installed/evicted=0/0, I/O=0.000 MiB, resident=27/27
Camera preparation: wall 0.183 ms, GPU LOD 0.004 ms, plans/footprints=235/1
Minimap mask: 276x236, 1440000 rays, worker 30.724 ms, GPU 5.365 ms
Minimap publish: request-to-image 32.009 ms
LOD plan: sources=1591, changed finer/coarser=0/1, selected LOD-1=23
Frame 707: wall 51.886 ms, GPU producer 49.779 ms, 1 producer submission(s), resident trace and presentation combined; t=44.460, BVH resident/budget 449.7/2048.0 MiB, builds/hits/evictions=177/817/0, scene builds=246
Frame phases 707: pre-render 0.034 ms, prepare 1.764 ms, primary repair 0.000 ms, shadow repair 0.000 ms, producer wait 50.045 ms; observer=2626071.21/1104519.25/2890.36, moved=21.41 m, roam=1, replaced=0, image=1600x900, LOD=1.500, shadows=1, minimap=1
Frame work 707: BVH built/hit/evicted=0/0/0, catalogue/instance/scene builds=1/1/1, cached/scene tiles=177/114, scene 0.1 MiB, selection/detail passes=0/1, fallback ray attempts=0, GPU build/selection/detail=0.407/0.000/0.000 ms, CPU grouping=0.000 ms; atlas installed/evicted=0/0, I/O=0.000 MiB, resident=27/27
Camera preparation: wall 0.166 ms, GPU LOD 0.004 ms, plans/footprints=236/1
Minimap mask: 276x236, 1440000 rays, worker 47.296 ms, GPU 10.088 ms
Minimap publish: request-to-image 47.414 ms
Minimap mask: 276x236, 1440000 rays, worker 4.465 ms, GPU 0.943 ms
Minimap publish: request-to-image 6.911 ms
Frame 708: wall 48.731 ms, GPU producer 47.893 ms, 1 producer submission(s), resident trace and presentation combined; t=44.547, BVH resident/budget 449.7/2048.0 MiB, builds/hits/evictions=177/817/0, scene builds=246
Frame phases 708: pre-render 0.003 ms, prepare 0.160 ms, primary repair 0.000 ms, shadow repair 0.000 ms, producer wait 48.499 ms; observer=2626071.21/1104519.25/2890.36, moved=0.00 m, roam=0, replaced=0, image=1600x900, LOD=1.500, shadows=1, minimap=1
Frame work 708: BVH built/hit/evicted=0/0/0, catalogue/instance/scene builds=0/0/0, cached/scene tiles=177/114, scene 0.1 MiB, selection/detail passes=0/1, fallback ray attempts=0, GPU build/selection/detail=0.000/0.000/0.000 ms, CPU grouping=0.000 ms; atlas installed/evicted=0/0, I/O=0.000 MiB, resident=27/27
Camera preparation: wall 0.001 ms, GPU LOD 0.000 ms, plans/footprints=236/1
LOD plan: sources=1591, changed finer/coarser=1/1, selected LOD-1=23
Frame 709: wall 51.007 ms, GPU producer 48.775 ms, 1 producer submission(s), resident trace and presentation combined; t=44.598, BVH resident/budget 449.7/2048.0 MiB, builds/hits/evictions=177/817/0, scene builds=247
Frame phases 709: pre-render 0.007 ms, prepare 1.857 ms, primary repair 0.000 ms, shadow repair 0.000 ms, producer wait 49.093 ms; observer=2626077.75/1104539.94/2889.62, moved=21.69 m, roam=1, replaced=0, image=1600x900, LOD=1.500, shadows=1, minimap=1
Frame work 709: BVH built/hit/evicted=0/0/0, catalogue/instance/scene builds=1/1/1, cached/scene tiles=177/114, scene 0.1 MiB, selection/detail passes=0/1, fallback ray attempts=0, GPU build/selection/detail=0.471/0.000/0.000 ms, CPU grouping=0.000 ms; atlas installed/evicted=0/0, I/O=0.000 MiB, resident=27/27
Camera preparation: wall 0.232 ms, GPU LOD 0.004 ms, plans/footprints=237/1
Minimap mask: 276x236, 1440000 rays, worker 20.900 ms, GPU 2.710 ms
Minimap publish: request-to-image 26.388 ms
Frame 710: wall 50.534 ms, GPU producer 49.654 ms, 1 producer submission(s), resident trace and presentation combined; t=44.654, BVH resident/budget 449.7/2048.0 MiB, builds/hits/evictions=177/817/0, scene builds=247
Frame phases 710: pre-render 0.004 ms, prepare 0.196 ms, primary repair 0.000 ms, shadow repair 0.000 ms, producer wait 50.221 ms; observer=2626077.75/1104539.94/2889.62, moved=0.00 m, roam=0, replaced=0, image=1600x900, LOD=1.500, shadows=1, minimap=1
Frame work 710: BVH built/hit/evicted=0/0/0, catalogue/instance/scene builds=0/0/0, cached/scene tiles=177/114, scene 0.1 MiB, selection/detail passes=0/1, fallback ray attempts=0, GPU build/selection/detail=0.000/0.000/0.000 ms, CPU grouping=0.000 ms; atlas installed/evicted=0/0, I/O=0.000 MiB, resident=27/27
Camera preparation: wall 0.001 ms, GPU LOD 0.000 ms, plans/footprints=237/1
Minimap mask: 276x236, 1440000 rays, worker 39.403 ms, GPU 8.991 ms
Minimap publish: request-to-image 39.532 ms
LOD plan: sources=1591, changed finer/coarser=0/0, selected LOD-1=23
Frame 711: wall 51.868 ms, GPU producer 49.648 ms, 1 producer submission(s), resident trace and presentation combined; t=44.706, BVH resident/budget 449.7/2048.0 MiB, builds/hits/evictions=177/817/0, scene builds=248
Frame phases 711: pre-render 0.007 ms, prepare 1.851 ms, primary repair 0.000 ms, shadow repair 0.000 ms, producer wait 49.942 ms; observer=2626084.59/1104561.59/2888.84, moved=22.71 m, roam=1, replaced=0, image=1600x900, LOD=1.500, shadows=1, minimap=1
Frame work 711: BVH built/hit/evicted=0/0/0, catalogue/instance/scene builds=1/1/1, cached/scene tiles=177/114, scene 0.1 MiB, selection/detail passes=0/1, fallback ray attempts=0, GPU build/selection/detail=0.466/0.000/0.000 ms, CPU grouping=0.000 ms; atlas installed/evicted=0/0, I/O=0.000 MiB, resident=27/27
Minimap mask: 276x236, 1440000 rays, worker 28.573 ms, GPU 6.930 ms
Camera preparation: wall 0.218 ms, GPU LOD 0.004 ms, plans/footprints=238/1
LOD plan: sources=1591, changed finer/coarser=1/1, selected LOD-1=23
Minimap publish: request-to-image 29.305 ms
Minimap mask: 276x236, 1440000 rays, worker 45.244 ms, GPU 8.839 ms
Minimap publish: request-to-image 46.714 ms
Slow stage: terrain frame wall 214.889 ms (inclusive)
Frame 713: wall 214.895 ms, GPU producer 50.232 ms, 2 producer submission(s), streaming work excluded from GPU producer timing; t=44.921, BVH resident/budget 450.4/2048.0 MiB, builds/hits/evictions=178/830/0, scene builds=249
Frame phases 713: pre-render 0.009 ms, prepare 1.868 ms, primary repair 99.703 ms, shadow repair 62.025 ms, producer wait 51.192 ms; observer=2626090.80/1104581.27/2888.13, moved=20.64 m, roam=1, replaced=0, image=1600x900, LOD=1.500, shadows=1, minimap=1
Frame work 713: BVH built/hit/evicted=1/13/0, catalogue/instance/scene builds=1/14/1, cached/scene tiles=178/0, scene 0.0 MiB, selection/detail passes=14/15, fallback ray attempts=148, GPU build/selection/detail=1.626/7.540/27.056 ms, CPU grouping=40.408 ms; atlas installed/evicted=66/66, I/O=34.037 MiB, resident=27/27
Camera preparation: wall 0.235 ms, GPU LOD 0.004 ms, plans/footprints=239/1
Slow stage: worker iteration wall 214.961 ms (inclusive)
LOD plan: sources=1591, changed finer/coarser=0/0, selected LOD-1=23
Minimap mask: 276x236, 1440000 rays, worker 26.823 ms, GPU 5.361 ms
Minimap publish: request-to-image 26.853 ms
Slow stage: terrain frame wall 169.992 ms (inclusive)
Frame 717: wall 170.002 ms, GPU producer 46.547 ms, 2 producer submission(s), streaming work excluded from GPU producer timing; t=45.091, BVH resident/budget 452.9/2048.0 MiB, builds/hits/evictions=179/834/0, scene builds=250
Frame phases 717: pre-render 0.017 ms, prepare 3.386 ms, primary repair 54.533 ms, shadow repair 64.483 ms, producer wait 47.510 ms; observer=2626103.80/1104622.48/2886.62, moved=43.21 m, roam=1, replaced=0, image=1600x900, LOD=1.500, shadows=1, minimap=1
Frame work 717: BVH built/hit/evicted=1/4/0, catalogue/instance/scene builds=1/6/1, cached/scene tiles=179/0, scene 0.0 MiB, selection/detail passes=6/7, fallback ray attempts=12, GPU build/selection/detail=1.826/2.179/25.762 ms, CPU grouping=14.679 ms; atlas installed/evicted=67/67, I/O=35.009 MiB, resident=27/27
Camera preparation: wall 2.061 ms, GPU LOD 0.004 ms, plans/footprints=240/1
Slow stage: worker iteration wall 170.060 ms (inclusive)
LOD plan: sources=1591, changed finer/coarser=0/0, selected LOD-1=23
Frame 719: wall 49.608 ms, GPU producer 47.782 ms, 1 producer submission(s), resident trace and presentation combined; t=45.140, BVH resident/budget 452.9/2048.0 MiB, builds/hits/evictions=179/834/0, scene builds=251
Frame phases 719: pre-render 0.017 ms, prepare 1.499 ms, primary repair 0.000 ms, shadow repair 0.000 ms, producer wait 48.060 ms; observer=2626110.24/1104642.94/2885.87, moved=21.46 m, roam=1, replaced=0, image=1600x900, LOD=1.500, shadows=1, minimap=1
Frame work 719: BVH built/hit/evicted=0/0/0, catalogue/instance/scene builds=1/1/1, cached/scene tiles=179/115, scene 0.1 MiB, selection/detail passes=0/1, fallback ray attempts=0, GPU build/selection/detail=0.448/0.000/0.000 ms, CPU grouping=0.000 ms; atlas installed/evicted=0/0, I/O=0.000 MiB, resident=27/27
Camera preparation: wall 0.213 ms, GPU LOD 0.004 ms, plans/footprints=241/1
Minimap mask: 276x236, 1440000 rays, worker 30.260 ms, GPU 2.977 ms
Minimap publish: request-to-image 30.346 ms
LOD plan: sources=1591, changed finer/coarser=1/0, selected LOD-1=23
Frame 721: wall 50.696 ms, GPU producer 48.733 ms, 1 producer submission(s), resident trace and presentation combined; t=45.191, BVH resident/budget 452.9/2048.0 MiB, builds/hits/evictions=179/834/0, scene builds=252
Frame phases 721: pre-render 0.006 ms, prepare 1.672 ms, primary repair 0.000 ms, shadow repair 0.000 ms, producer wait 48.975 ms; observer=2626116.77/1104663.71/2885.10, moved=21.76 m, roam=1, replaced=0, image=1600x900, LOD=1.500, shadows=1, minimap=1
Frame work 721: BVH built/hit/evicted=0/0/0, catalogue/instance/scene builds=1/1/1, cached/scene tiles=179/115, scene 0.1 MiB, selection/detail passes=0/1, fallback ray attempts=0, GPU build/selection/detail=0.442/0.000/0.000 ms, CPU grouping=0.000 ms; atlas installed/evicted=0/0, I/O=0.000 MiB, resident=27/27
Minimap mask: 276x236, 1440000 rays, worker 47.502 ms, GPU 10.527 ms
Camera preparation: wall 0.222 ms, GPU LOD 0.004 ms, plans/footprints=242/1
Minimap publish: request-to-image 47.594 ms
Frame 722: wall 50.152 ms, GPU producer 49.362 ms, 1 producer submission(s), resident trace and presentation combined; t=45.248, BVH resident/budget 452.9/2048.0 MiB, builds/hits/evictions=179/834/0, scene builds=252
Frame phases 722: pre-render 0.004 ms, prepare 0.105 ms, primary repair 0.000 ms, shadow repair 0.000 ms, producer wait 49.974 ms; observer=2626116.77/1104663.71/2885.10, moved=0.00 m, roam=0, replaced=0, image=1600x900, LOD=1.500, shadows=1, minimap=1
Frame work 722: BVH built/hit/evicted=0/0/0, catalogue/instance/scene builds=0/0/0, cached/scene tiles=179/115, scene 0.1 MiB, selection/detail passes=0/1, fallback ray attempts=0, GPU build/selection/detail=0.000/0.000/0.000 ms, CPU grouping=0.000 ms; atlas installed/evicted=0/0, I/O=0.000 MiB, resident=27/27
Camera preparation: wall 0.000 ms, GPU LOD 0.000 ms, plans/footprints=242/1
Minimap mask: 276x236, 1440000 rays, worker 35.017 ms, GPU 8.468 ms
Minimap publish: request-to-image 35.155 ms
LOD plan: sources=1591, changed finer/coarser=0/0, selected LOD-1=23
Health t=45.250: memory ok footprint/resident 1060.3/619.7 MiB, Metal allocated/recommended 851.7/18186.2 MiB, thermal=0
Health t=45.250: worker stage=render age=1.6 ms, calls=500 revision=722, submitted/completed/presented=0/0/0, stale=0 unavailable=0 refreshed=0
Health t=45.250: display stage=idle age=7.6 ms, calls=1333 revision=721, submitted/completed/presented=1333/1333/1331, stale=0 unavailable=0 refreshed=0
Health t=45.250: minimap stage=idle age=1.6 ms, calls=326 revision=0, submitted/completed/presented=326/326/324, stale=2 unavailable=0 refreshed=496
Health t=45.250: terrain stage=BVH build/compaction age=0.5 ms
Frame 723: wall 52.077 ms, GPU producer 50.022 ms, 1 producer submission(s), resident trace and presentation combined; t=45.300, BVH resident/budget 452.9/2048.0 MiB, builds/hits/evictions=179/834/0, scene builds=253
Frame phases 723: pre-render 0.006 ms, prepare 1.721 ms, primary repair 0.000 ms, shadow repair 0.000 ms, producer wait 50.303 ms; observer=2626123.19/1104684.20/2884.34, moved=21.47 m, roam=1, replaced=0, image=1600x900, LOD=1.500, shadows=1, minimap=1
Frame work 723: BVH built/hit/evicted=0/0/0, catalogue/instance/scene builds=1/1/1, cached/scene tiles=179/115, scene 0.1 MiB, selection/detail passes=0/1, fallback ray attempts=0, GPU build/selection/detail=0.460/0.000/0.000 ms, CPU grouping=0.000 ms; atlas installed/evicted=0/0, I/O=0.000 MiB, resident=27/27
Camera preparation: wall 0.216 ms, GPU LOD 0.004 ms, plans/footprints=243/1
Minimap mask: 276x236, 1440000 rays, worker 22.610 ms, GPU 1.124 ms
LOD plan: sources=1591, changed finer/coarser=0/0, selected LOD-1=23
Minimap publish: request-to-image 25.452 ms
Frame 725: wall 51.097 ms, GPU producer 48.975 ms, 1 producer submission(s), resident trace and presentation combined; t=45.351, BVH resident/budget 452.9/2048.0 MiB, builds/hits/evictions=179/834/0, scene builds=254
Frame phases 725: pre-render 0.015 ms, prepare 1.764 ms, primary repair 0.000 ms, shadow repair 0.000 ms, producer wait 49.264 ms; observer=2626129.68/1104704.95/2883.57, moved=21.75 m, roam=1, replaced=0, image=1600x900, LOD=1.500, shadows=1, minimap=1
Frame work 725: BVH built/hit/evicted=0/0/0, catalogue/instance/scene builds=1/1/1, cached/scene tiles=179/115, scene 0.1 MiB, selection/detail passes=0/1, fallback ray attempts=0, GPU build/selection/detail=0.409/0.000/0.000 ms, CPU grouping=0.000 ms; atlas installed/evicted=0/0, I/O=0.000 MiB, resident=27/27
Camera preparation: wall 0.216 ms, GPU LOD 0.004 ms, plans/footprints=244/1
Minimap mask: 276x236, 1440000 rays, worker 39.715 ms, GPU 10.856 ms
Minimap publish: request-to-image 41.230 ms
Minimap mask: 276x236, 1440000 rays, worker 1.677 ms, GPU 0.979 ms
Minimap publish: request-to-image 1.714 ms
Frame 726: wall 48.649 ms, GPU producer 47.866 ms, 1 producer submission(s), resident trace and presentation combined; t=45.447, BVH resident/budget 452.9/2048.0 MiB, builds/hits/evictions=179/834/0, scene builds=254
Frame phases 726: pre-render 0.003 ms, prepare 0.144 ms, primary repair 0.000 ms, shadow repair 0.000 ms, producer wait 48.441 ms; observer=2626129.68/1104704.95/2883.57, moved=0.00 m, roam=0, replaced=0, image=1600x900, LOD=1.500, shadows=1, minimap=1
Frame work 726: BVH built/hit/evicted=0/0/0, catalogue/instance/scene builds=0/0/0, cached/scene tiles=179/115, scene 0.1 MiB, selection/detail passes=0/1, fallback ray attempts=0, GPU build/selection/detail=0.000/0.000/0.000 ms, CPU grouping=0.000 ms; atlas installed/evicted=0/0, I/O=0.000 MiB, resident=27/27
Camera preparation: wall 0.001 ms, GPU LOD 0.000 ms, plans/footprints=244/1
LOD plan: sources=1591, changed finer/coarser=1/1, selected LOD-1=23
Frame 727: wall 50.453 ms, GPU producer 48.236 ms, 1 producer submission(s), resident trace and presentation combined; t=45.497, BVH resident/budget 452.9/2048.0 MiB, builds/hits/evictions=179/834/0, scene builds=255
Frame phases 727: pre-render 0.006 ms, prepare 1.869 ms, primary repair 0.000 ms, shadow repair 0.000 ms, producer wait 48.525 ms; observer=2626136.08/1104725.46/2882.81, moved=21.48 m, roam=1, replaced=0, image=1600x900, LOD=1.500, shadows=1, minimap=1
Frame work 727: BVH built/hit/evicted=0/0/0, catalogue/instance/scene builds=1/1/1, cached/scene tiles=179/115, scene 0.1 MiB, selection/detail passes=0/1, fallback ray attempts=0, GPU build/selection/detail=0.475/0.000/0.000 ms, CPU grouping=0.000 ms; atlas installed/evicted=0/0, I/O=0.000 MiB, resident=27/27
Camera preparation: wall 0.222 ms, GPU LOD 0.004 ms, plans/footprints=245/1
Minimap mask: 276x236, 1440000 rays, worker 20.645 ms, GPU 5.484 ms
Minimap publish: request-to-image 20.718 ms
Frame 728: wall 49.152 ms, GPU producer 48.426 ms, 1 producer submission(s), resident trace and presentation combined; t=45.548, BVH resident/budget 452.9/2048.0 MiB, builds/hits/evictions=179/834/0, scene builds=255
Frame phases 728: pre-render 0.003 ms, prepare 0.184 ms, primary repair 0.000 ms, shadow repair 0.000 ms, producer wait 48.843 ms; observer=2626136.08/1104725.46/2882.81, moved=0.00 m, roam=0, replaced=0, image=1600x900, LOD=1.500, shadows=1, minimap=1
Frame work 728: BVH built/hit/evicted=0/0/0, catalogue/instance/scene builds=0/0/0, cached/scene tiles=179/115, scene 0.1 MiB, selection/detail passes=0/1, fallback ray attempts=0, GPU build/selection/detail=0.000/0.000/0.000 ms, CPU grouping=0.000 ms; atlas installed/evicted=0/0, I/O=0.000 MiB, resident=27/27
Camera preparation: wall 0.001 ms, GPU LOD 0.000 ms, plans/footprints=245/1
Minimap mask: 276x236, 1440000 rays, worker 34.202 ms, GPU 8.373 ms
Minimap publish: request-to-image 34.270 ms
LOD plan: sources=1591, changed finer/coarser=1/1, selected LOD-1=23
Frame 729: wall 50.452 ms, GPU producer 48.271 ms, 1 producer submission(s), resident trace and presentation combined; t=45.598, BVH resident/budget 452.9/2048.0 MiB, builds/hits/evictions=179/834/0, scene builds=256
Frame phases 729: pre-render 0.008 ms, prepare 1.848 ms, primary repair 0.000 ms, shadow repair 0.000 ms, producer wait 48.534 ms; observer=2626142.53/1104746.22/2882.03, moved=21.74 m, roam=1, replaced=0, image=1600x900, LOD=1.500, shadows=1, minimap=1
Frame work 729: BVH built/hit/evicted=0/0/0, catalogue/instance/scene builds=1/1/1, cached/scene tiles=179/115, scene 0.1 MiB, selection/detail passes=0/1, fallback ray attempts=0, GPU build/selection/detail=0.455/0.000/0.000 ms, CPU grouping=0.000 ms; atlas installed/evicted=0/0, I/O=0.000 MiB, resident=27/27
Camera preparation: wall 0.227 ms, GPU LOD 0.004 ms, plans/footprints=246/1
Minimap mask: 276x236, 1440000 rays, worker 20.928 ms, GPU 5.788 ms
LOD plan: sources=1591, changed finer/coarser=0/0, selected LOD-1=23
Minimap publish: request-to-image 22.365 ms
Frame 731: wall 52.308 ms, GPU producer 49.824 ms, 1 producer submission(s), resident trace and presentation combined; t=45.651, BVH resident/budget 452.9/2048.0 MiB, builds/hits/evictions=179/834/0, scene builds=257
Frame phases 731: pre-render 0.007 ms, prepare 2.141 ms, primary repair 0.000 ms, shadow repair 0.000 ms, producer wait 50.107 ms; observer=2626148.88/1104766.75/2881.26, moved=21.50 m, roam=1, replaced=0, image=1600x900, LOD=1.500, shadows=1, minimap=1
Frame work 731: BVH built/hit/evicted=0/0/0, catalogue/instance/scene builds=1/1/1, cached/scene tiles=179/115, scene 0.1 MiB, selection/detail passes=0/1, fallback ray attempts=0, GPU build/selection/detail=0.413/0.000/0.000 ms, CPU grouping=0.000 ms; atlas installed/evicted=0/0, I/O=0.000 MiB, resident=27/27
Minimap mask: 276x236, 1440000 rays, worker 38.828 ms, GPU 8.344 ms
Camera preparation: wall 0.246 ms, GPU LOD 0.004 ms, plans/footprints=247/1
Minimap publish: request-to-image 41.172 ms
Minimap mask: 276x236, 1440000 rays, worker 2.256 ms, GPU 1.176 ms
Minimap publish: request-to-image 3.124 ms
Frame 732: wall 48.508 ms, GPU producer 48.068 ms, 1 producer submission(s), resident trace and presentation combined; t=45.746, BVH resident/budget 452.9/2048.0 MiB, builds/hits/evictions=179/834/0, scene builds=257
Frame phases 732: pre-render 0.005 ms, prepare 0.082 ms, primary repair 0.000 ms, shadow repair 0.000 ms, producer wait 48.363 ms; observer=2626148.88/1104766.75/2881.26, moved=0.00 m, roam=0, replaced=0, image=1600x900, LOD=1.500, shadows=1, minimap=1
Frame work 732: BVH built/hit/evicted=0/0/0, catalogue/instance/scene builds=0/0/0, cached/scene tiles=179/115, scene 0.1 MiB, selection/detail passes=0/1, fallback ray attempts=0, GPU build/selection/detail=0.000/0.000/0.000 ms, CPU grouping=0.000 ms; atlas installed/evicted=0/0, I/O=0.000 MiB, resident=27/27
Camera preparation: wall 0.000 ms, GPU LOD 0.000 ms, plans/footprints=247/1
LOD plan: sources=1591, changed finer/coarser=0/0, selected LOD-1=23
Frame 733: wall 50.792 ms, GPU producer 48.297 ms, 1 producer submission(s), resident trace and presentation combined; t=45.797, BVH resident/budget 452.9/2048.0 MiB, builds/hits/evictions=179/834/0, scene builds=258
Frame phases 733: pre-render 0.009 ms, prepare 2.082 ms, primary repair 0.000 ms, shadow repair 0.000 ms, producer wait 48.631 ms; observer=2626155.23/1104787.31/2880.49, moved=21.52 m, roam=1, replaced=0, image=1600x900, LOD=1.500, shadows=1, minimap=1
Frame work 733: BVH built/hit/evicted=0/0/0, catalogue/instance/scene builds=1/1/1, cached/scene tiles=179/115, scene 0.1 MiB, selection/detail passes=0/1, fallback ray attempts=0, GPU build/selection/detail=0.468/0.000/0.000 ms, CPU grouping=0.000 ms; atlas installed/evicted=0/0, I/O=0.000 MiB, resident=27/27
Camera preparation: wall 0.211 ms, GPU LOD 0.004 ms, plans/footprints=248/1
Minimap mask: 276x236, 1440000 rays, worker 19.077 ms, GPU 7.564 ms
Minimap publish: request-to-image 19.169 ms
Frame 734: wall 49.726 ms, GPU producer 49.304 ms, 1 producer submission(s), resident trace and presentation combined; t=45.848, BVH resident/budget 452.9/2048.0 MiB, builds/hits/evictions=179/834/0, scene builds=258
Frame phases 734: pre-render 0.003 ms, prepare 0.083 ms, primary repair 0.000 ms, shadow repair 0.000 ms, producer wait 49.576 ms; observer=2626155.23/1104787.31/2880.49, moved=0.00 m, roam=0, replaced=0, image=1600x900, LOD=1.500, shadows=1, minimap=1
Frame work 734: BVH built/hit/evicted=0/0/0, catalogue/instance/scene builds=0/0/0, cached/scene tiles=179/115, scene 0.1 MiB, selection/detail passes=0/1, fallback ray attempts=0, GPU build/selection/detail=0.000/0.000/0.000 ms, CPU grouping=0.000 ms; atlas installed/evicted=0/0, I/O=0.000 MiB, resident=27/27
Camera preparation: wall 0.001 ms, GPU LOD 0.000 ms, plans/footprints=248/1
Minimap mask: 276x236, 1440000 rays, worker 35.558 ms, GPU 8.904 ms
Minimap publish: request-to-image 35.608 ms
LOD plan: sources=1591, changed finer/coarser=0/0, selected LOD-1=23
Frame 735: wall 51.172 ms, GPU producer 48.878 ms, 1 producer submission(s), resident trace and presentation combined; t=45.899, BVH resident/budget 452.9/2048.0 MiB, builds/hits/evictions=179/834/0, scene builds=259
Frame phases 735: pre-render 0.009 ms, prepare 1.913 ms, primary repair 0.000 ms, shadow repair 0.000 ms, producer wait 49.185 ms; observer=2626161.60/1104808.07/2879.71, moved=21.71 m, roam=1, replaced=0, image=1600x900, LOD=1.500, shadows=1, minimap=1
Frame work 735: BVH built/hit/evicted=0/0/0, catalogue/instance/scene builds=1/1/1, cached/scene tiles=179/115, scene 0.1 MiB, selection/detail passes=0/1, fallback ray attempts=0, GPU build/selection/detail=0.458/0.000/0.000 ms, CPU grouping=0.000 ms; atlas installed/evicted=0/0, I/O=0.000 MiB, resident=27/27
Camera preparation: wall 0.238 ms, GPU LOD 0.004 ms, plans/footprints=249/1
Minimap mask: 276x236, 1440000 rays, worker 21.392 ms, GPU 5.559 ms
Minimap publish: request-to-image 21.503 ms
LOD plan: sources=1591, changed finer/coarser=0/0, selected LOD-1=23
Frame 737: wall 50.565 ms, GPU producer 48.458 ms, 1 producer submission(s), resident trace and presentation combined; t=45.950, BVH resident/budget 452.9/2048.0 MiB, builds/hits/evictions=179/834/0, scene builds=260
Frame phases 737: pre-render 0.006 ms, prepare 1.774 ms, primary repair 0.000 ms, shadow repair 0.000 ms, producer wait 48.735 ms; observer=2626167.90/1104828.65/2878.93, moved=21.52 m, roam=1, replaced=0, image=1600x900, LOD=1.500, shadows=1, minimap=1
Frame work 737: BVH built/hit/evicted=0/0/0, catalogue/instance/scene builds=1/1/1, cached/scene tiles=179/115, scene 0.1 MiB, selection/detail passes=0/1, fallback ray attempts=0, GPU build/selection/detail=0.411/0.000/0.000 ms, CPU grouping=0.000 ms; atlas installed/evicted=0/0, I/O=0.000 MiB, resident=27/27
Camera preparation: wall 0.218 ms, GPU LOD 0.004 ms, plans/footprints=250/1
Minimap mask: 276x236, 1440000 rays, worker 37.979 ms, GPU 8.559 ms
Minimap publish: request-to-image 38.105 ms
Minimap mask: 276x236, 1440000 rays, worker 1.890 ms, GPU 0.973 ms
Minimap publish: request-to-image 1.932 ms
Frame 738: wall 48.665 ms, GPU producer 47.774 ms, 1 producer submission(s), resident trace and presentation combined; t=46.046, BVH resident/budget 452.9/2048.0 MiB, builds/hits/evictions=179/834/0, scene builds=260
Frame phases 738: pre-render 0.007 ms, prepare 0.139 ms, primary repair 0.000 ms, shadow repair 0.000 ms, producer wait 48.403 ms; observer=2626167.90/1104828.65/2878.93, moved=0.00 m, roam=0, replaced=0, image=1600x900, LOD=1.500, shadows=1, minimap=1
Frame work 738: BVH built/hit/evicted=0/0/0, catalogue/instance/scene builds=0/0/0, cached/scene tiles=179/115, scene 0.1 MiB, selection/detail passes=0/1, fallback ray attempts=0, GPU build/selection/detail=0.000/0.000/0.000 ms, CPU grouping=0.000 ms; atlas installed/evicted=0/0, I/O=0.000 MiB, resident=27/27
Camera preparation: wall 0.001 ms, GPU LOD 0.000 ms, plans/footprints=250/1
LOD plan: sources=1591, changed finer/coarser=0/0, selected LOD-1=23
Frame 739: wall 51.487 ms, GPU producer 48.984 ms, 1 producer submission(s), resident trace and presentation combined; t=46.098, BVH resident/budget 452.9/2048.0 MiB, builds/hits/evictions=179/834/0, scene builds=261
Frame phases 739: pre-render 0.009 ms, prepare 2.117 ms, primary repair 0.000 ms, shadow repair 0.000 ms, producer wait 49.258 ms; observer=2626174.21/1104849.34/2878.15, moved=21.63 m, roam=1, replaced=0, image=1600x900, LOD=1.500, shadows=1, minimap=1
Frame work 739: BVH built/hit/evicted=0/0/0, catalogue/instance/scene builds=1/1/1, cached/scene tiles=179/115, scene 0.1 MiB, selection/detail passes=0/1, fallback ray attempts=0, GPU build/selection/detail=0.480/0.000/0.000 ms, CPU grouping=0.000 ms; atlas installed/evicted=0/0, I/O=0.000 MiB, resident=27/27
Camera preparation: wall 0.256 ms, GPU LOD 0.003 ms, plans/footprints=251/1
Minimap mask: 276x236, 1440000 rays, worker 19.881 ms, GPU 5.946 ms
Minimap publish: request-to-image 20.030 ms
LOD plan: sources=1591, changed finer/coarser=2/1, selected LOD-1=23
Frame 741: wall 50.799 ms, GPU producer 48.447 ms, 1 producer submission(s), resident trace and presentation combined; t=46.149, BVH resident/budget 452.9/2048.0 MiB, builds/hits/evictions=179/834/0, scene builds=262
Frame phases 741: pre-render 0.006 ms, prepare 1.987 ms, primary repair 0.000 ms, shadow repair 0.000 ms, producer wait 48.750 ms; observer=2626180.48/1104870.01/2877.36, moved=21.60 m, roam=1, replaced=0, image=1600x900, LOD=1.500, shadows=1, minimap=1
Frame work 741: BVH built/hit/evicted=0/0/0, catalogue/instance/scene builds=1/1/1, cached/scene tiles=179/115, scene 0.1 MiB, selection/detail passes=0/1, fallback ray attempts=0, GPU build/selection/detail=0.420/0.000/0.000 ms, CPU grouping=0.000 ms; atlas installed/evicted=0/0, I/O=0.000 MiB, resident=27/27
Camera preparation: wall 0.225 ms, GPU LOD 0.008 ms, plans/footprints=252/1
Minimap mask: 276x236, 1440000 rays, worker 36.854 ms, GPU 9.783 ms
Minimap publish: request-to-image 36.971 ms
Minimap mask: 276x236, 1440000 rays, worker 1.787 ms, GPU 0.956 ms
Minimap publish: request-to-image 1.825 ms
Frame 742: wall 48.435 ms, GPU producer 47.582 ms, 1 producer submission(s), resident trace and presentation combined; t=46.247, BVH resident/budget 452.9/2048.0 MiB, builds/hits/evictions=179/834/0, scene builds=262
Frame phases 742: pre-render 0.011 ms, prepare 0.162 ms, primary repair 0.000 ms, shadow repair 0.000 ms, producer wait 48.187 ms; observer=2626180.48/1104870.01/2877.36, moved=0.00 m, roam=0, replaced=0, image=1600x900, LOD=1.500, shadows=1, minimap=1
Frame work 742: BVH built/hit/evicted=0/0/0, catalogue/instance/scene builds=0/0/0, cached/scene tiles=179/115, scene 0.1 MiB, selection/detail passes=0/1, fallback ray attempts=0, GPU build/selection/detail=0.000/0.000/0.000 ms, CPU grouping=0.000 ms; atlas installed/evicted=0/0, I/O=0.000 MiB, resident=27/27
Camera preparation: wall 0.001 ms, GPU LOD 0.000 ms, plans/footprints=252/1
LOD plan: sources=1591, changed finer/coarser=0/1, selected LOD-1=23
Health t=46.253: memory ok footprint/resident 1063.5/619.6 MiB, Metal allocated/recommended 862.5/18186.2 MiB, thermal=0
Health t=46.253: worker stage=render age=6.3 ms, calls=517 revision=742, submitted/completed/presented=0/0/0, stale=0 unavailable=0 refreshed=0
Health t=46.253: display stage=idle age=10.9 ms, calls=1363 revision=741, submitted/completed/presented=1363/1363/1361, stale=0 unavailable=0 refreshed=0
Health t=46.253: minimap stage=idle age=70.7 ms, calls=342 revision=0, submitted/completed/presented=342/342/340, stale=2 unavailable=0 refreshed=513
Health t=46.253: terrain stage=producer wait age=4.2 ms
Frame 743: wall 56.316 ms, GPU producer 53.933 ms, 1 producer submission(s), resident trace and presentation combined; t=46.303, BVH resident/budget 452.9/2048.0 MiB, builds/hits/evictions=179/834/0, scene builds=263
Frame phases 743: pre-render 0.007 ms, prepare 2.053 ms, primary repair 0.000 ms, shadow repair 0.000 ms, producer wait 54.195 ms; observer=2626186.77/1104890.79/2876.57, moved=21.72 m, roam=1, replaced=0, image=1600x900, LOD=1.500, shadows=1, minimap=1
Frame work 743: BVH built/hit/evicted=0/0/0, catalogue/instance/scene builds=1/1/1, cached/scene tiles=179/115, scene 0.1 MiB, selection/detail passes=0/1, fallback ray attempts=0, GPU build/selection/detail=0.472/0.000/0.000 ms, CPU grouping=0.000 ms; atlas installed/evicted=0/0, I/O=0.000 MiB, resident=27/27
Camera preparation: wall 0.249 ms, GPU LOD 0.004 ms, plans/footprints=253/1
Minimap mask: 276x236, 1440000 rays, worker 24.948 ms, GPU 3.680 ms
Minimap publish: request-to-image 25.076 ms
LOD plan: sources=1591, changed finer/coarser=1/0, selected LOD-1=23
Frame 745: wall 50.812 ms, GPU producer 48.342 ms, 1 producer submission(s), resident trace and presentation combined; t=46.354, BVH resident/budget 452.9/2048.0 MiB, builds/hits/evictions=179/834/0, scene builds=264
Frame phases 745: pre-render 0.016 ms, prepare 2.076 ms, primary repair 0.000 ms, shadow repair 0.000 ms, producer wait 48.658 ms; observer=2626192.98/1104911.39/2875.79, moved=21.52 m, roam=1, replaced=0, image=1600x900, LOD=1.500, shadows=1, minimap=1
Frame work 745: BVH built/hit/evicted=0/0/0, catalogue/instance/scene builds=1/1/1, cached/scene tiles=179/115, scene 0.1 MiB, selection/detail passes=0/1, fallback ray attempts=0, GPU build/selection/detail=0.427/0.000/0.000 ms, CPU grouping=0.000 ms; atlas installed/evicted=0/0, I/O=0.000 MiB, resident=27/27
Camera preparation: wall 0.300 ms, GPU LOD 0.004 ms, plans/footprints=254/1
Minimap mask: 276x236, 1440000 rays, worker 42.003 ms, GPU 9.580 ms
Minimap publish: request-to-image 42.086 ms
Minimap mask: 276x236, 1440000 rays, worker 1.757 ms, GPU 0.938 ms
Minimap publish: request-to-image 1.800 ms
Frame 746: wall 48.401 ms, GPU producer 47.561 ms, 1 producer submission(s), resident trace and presentation combined; t=46.447, BVH resident/budget 452.9/2048.0 MiB, builds/hits/evictions=179/834/0, scene builds=264
Frame phases 746: pre-render 0.004 ms, prepare 0.138 ms, primary repair 0.000 ms, shadow repair 0.000 ms, producer wait 48.197 ms; observer=2626192.98/1104911.39/2875.79, moved=0.00 m, roam=0, replaced=0, image=1600x900, LOD=1.500, shadows=1, minimap=1
Frame work 746: BVH built/hit/evicted=0/0/0, catalogue/instance/scene builds=0/0/0, cached/scene tiles=179/115, scene 0.1 MiB, selection/detail passes=0/1, fallback ray attempts=0, GPU build/selection/detail=0.000/0.000/0.000 ms, CPU grouping=0.000 ms; atlas installed/evicted=0/0, I/O=0.000 MiB, resident=27/27
Camera preparation: wall 0.002 ms, GPU LOD 0.000 ms, plans/footprints=254/1
LOD plan: sources=1591, changed finer/coarser=0/1, selected LOD-1=23
Frame 747: wall 50.858 ms, GPU producer 48.452 ms, 1 producer submission(s), resident trace and presentation combined; t=46.498, BVH resident/budget 452.9/2048.0 MiB, builds/hits/evictions=179/834/0, scene builds=265
Frame phases 747: pre-render 0.010 ms, prepare 2.031 ms, primary repair 0.000 ms, shadow repair 0.000 ms, producer wait 48.712 ms; observer=2626199.22/1104932.19/2874.99, moved=21.71 m, roam=1, replaced=0, image=1600x900, LOD=1.500, shadows=1, minimap=1
Frame work 747: BVH built/hit/evicted=0/0/0, catalogue/instance/scene builds=1/1/1, cached/scene tiles=179/115, scene 0.1 MiB, selection/detail passes=0/1, fallback ray attempts=0, GPU build/selection/detail=0.474/0.000/0.000 ms, CPU grouping=0.000 ms; atlas installed/evicted=0/0, I/O=0.000 MiB, resident=27/27
Camera preparation: wall 0.253 ms, GPU LOD 0.004 ms, plans/footprints=255/1
Minimap mask: 276x236, 1440000 rays, worker 19.479 ms, GPU 4.922 ms
Minimap publish: request-to-image 19.611 ms
Frame 748: wall 48.892 ms, GPU producer 48.375 ms, 1 producer submission(s), resident trace and presentation combined; t=46.547, BVH resident/budget 452.9/2048.0 MiB, builds/hits/evictions=179/834/0, scene builds=265
Frame phases 748: pre-render 0.003 ms, prepare 0.084 ms, primary repair 0.000 ms, shadow repair 0.000 ms, producer wait 48.737 ms; observer=2626199.22/1104932.19/2874.99, moved=0.00 m, roam=0, replaced=0, image=1600x900, LOD=1.500, shadows=1, minimap=1
Frame work 748: BVH built/hit/evicted=0/0/0, catalogue/instance/scene builds=0/0/0, cached/scene tiles=179/115, scene 0.1 MiB, selection/detail passes=0/1, fallback ray attempts=0, GPU build/selection/detail=0.000/0.000/0.000 ms, CPU grouping=0.000 ms; atlas installed/evicted=0/0, I/O=0.000 MiB, resident=27/27
Minimap mask: 276x236, 1440000 rays, worker 34.545 ms, GPU 8.151 ms
Minimap publish: request-to-image 34.656 ms
Camera preparation: wall 0.000 ms, GPU LOD 0.000 ms, plans/footprints=255/1
LOD plan: sources=1591, changed finer/coarser=0/1, selected LOD-1=23
Minimap mask: 276x236, 1440000 rays, worker 20.467 ms, GPU 6.260 ms
Frame 749: wall 50.957 ms, GPU producer 48.461 ms, 1 producer submission(s), resident trace and presentation combined; t=46.598, BVH resident/budget 452.9/2048.0 MiB, builds/hits/evictions=179/834/0, scene builds=266
Frame phases 749: pre-render 0.022 ms, prepare 2.082 ms, primary repair 0.000 ms, shadow repair 0.000 ms, producer wait 48.765 ms; observer=2626205.38/1104952.80/2874.20, moved=21.51 m, roam=1, replaced=0, image=1600x900, LOD=1.500, shadows=1, minimap=1
Frame work 749: BVH built/hit/evicted=0/0/0, catalogue/instance/scene builds=1/1/1, cached/scene tiles=179/115, scene 0.1 MiB, selection/detail passes=0/1, fallback ray attempts=0, GPU build/selection/detail=0.446/0.000/0.000 ms, CPU grouping=0.000 ms; atlas installed/evicted=0/0, I/O=0.000 MiB, resident=27/27
Camera preparation: wall 0.342 ms, GPU LOD 0.025 ms, plans/footprints=256/1
Minimap publish: request-to-image 20.520 ms
Frame 750: wall 49.770 ms, GPU producer 49.334 ms, 1 producer submission(s), resident trace and presentation combined; t=46.648, BVH resident/budget 452.9/2048.0 MiB, builds/hits/evictions=179/834/0, scene builds=266
Frame phases 750: pre-render 0.003 ms, prepare 0.085 ms, primary repair 0.000 ms, shadow repair 0.000 ms, producer wait 49.627 ms; observer=2626205.38/1104952.80/2874.20, moved=0.00 m, roam=0, replaced=0, image=1600x900, LOD=1.500, shadows=1, minimap=1
Frame work 750: BVH built/hit/evicted=0/0/0, catalogue/instance/scene builds=0/0/0, cached/scene tiles=179/115, scene 0.1 MiB, selection/detail passes=0/1, fallback ray attempts=0, GPU build/selection/detail=0.000/0.000/0.000 ms, CPU grouping=0.000 ms; atlas installed/evicted=0/0, I/O=0.000 MiB, resident=27/27
Camera preparation: wall 0.000 ms, GPU LOD 0.000 ms, plans/footprints=256/1
Minimap mask: 276x236, 1440000 rays, worker 36.174 ms, GPU 9.427 ms
Minimap publish: request-to-image 36.246 ms
LOD plan: sources=1591, changed finer/coarser=0/0, selected LOD-1=23
Frame 751: wall 51.569 ms, GPU producer 49.364 ms, 1 producer submission(s), resident trace and presentation combined; t=46.700, BVH resident/budget 452.9/2048.0 MiB, builds/hits/evictions=179/834/0, scene builds=267
Frame phases 751: pre-render 0.008 ms, prepare 1.850 ms, primary repair 0.000 ms, shadow repair 0.000 ms, producer wait 49.661 ms; observer=2626211.58/1104973.61/2873.40, moved=21.72 m, roam=1, replaced=0, image=1600x900, LOD=1.500, shadows=1, minimap=1
Frame work 751: BVH built/hit/evicted=0/0/0, catalogue/instance/scene builds=1/1/1, cached/scene tiles=179/115, scene 0.1 MiB, selection/detail passes=0/1, fallback ray attempts=0, GPU build/selection/detail=0.438/0.000/0.000 ms, CPU grouping=0.000 ms; atlas installed/evicted=0/0, I/O=0.000 MiB, resident=27/27
Camera preparation: wall 0.261 ms, GPU LOD 0.004 ms, plans/footprints=257/1
Minimap mask: 276x236, 1440000 rays, worker 22.190 ms, GPU 5.763 ms
LOD plan: sources=1591, changed finer/coarser=0/0, selected LOD-1=23
Minimap publish: request-to-image 25.374 ms
Frame 753: wall 51.853 ms, GPU producer 49.802 ms, 1 producer submission(s), resident trace and presentation combined; t=46.752, BVH resident/budget 452.9/2048.0 MiB, builds/hits/evictions=179/834/0, scene builds=268
Frame phases 753: pre-render 0.016 ms, prepare 1.692 ms, primary repair 0.000 ms, shadow repair 0.000 ms, producer wait 50.093 ms; observer=2626217.70/1104994.24/2872.61, moved=21.52 m, roam=1, replaced=0, image=1600x900, LOD=1.500, shadows=1, minimap=1
Frame work 753: BVH built/hit/evicted=0/0/0, catalogue/instance/scene builds=1/1/1, cached/scene tiles=179/115, scene 0.1 MiB, selection/detail passes=0/1, fallback ray attempts=0, GPU build/selection/detail=0.407/0.000/0.000 ms, CPU grouping=0.000 ms; atlas installed/evicted=0/0, I/O=0.000 MiB, resident=27/27
Camera preparation: wall 0.197 ms, GPU LOD 0.004 ms, plans/footprints=258/1
Minimap mask: 276x236, 1440000 rays, worker 39.465 ms, GPU 11.453 ms
Minimap publish: request-to-image 40.752 ms
Minimap mask: 276x236, 1440000 rays, worker 2.086 ms, GPU 0.908 ms
Minimap publish: request-to-image 2.119 ms
Frame 754: wall 48.384 ms, GPU producer 47.452 ms, 1 producer submission(s), resident trace and presentation combined; t=46.847, BVH resident/budget 452.9/2048.0 MiB, builds/hits/evictions=179/834/0, scene builds=268
Frame phases 754: pre-render 0.005 ms, prepare 0.159 ms, primary repair 0.000 ms, shadow repair 0.000 ms, producer wait 48.151 ms; observer=2626217.70/1104994.24/2872.61, moved=0.00 m, roam=0, replaced=0, image=1600x900, LOD=1.500, shadows=1, minimap=1
Frame work 754: BVH built/hit/evicted=0/0/0, catalogue/instance/scene builds=0/0/0, cached/scene tiles=179/115, scene 0.1 MiB, selection/detail passes=0/1, fallback ray attempts=0, GPU build/selection/detail=0.000/0.000/0.000 ms, CPU grouping=0.000 ms; atlas installed/evicted=0/0, I/O=0.000 MiB, resident=27/27
Camera preparation: wall 0.001 ms, GPU LOD 0.000 ms, plans/footprints=258/1
LOD plan: sources=1591, changed finer/coarser=0/0, selected LOD-1=23
Frame 755: wall 50.569 ms, GPU producer 48.383 ms, 1 producer submission(s), resident trace and presentation combined; t=46.898, BVH resident/budget 452.9/2048.0 MiB, builds/hits/evictions=179/834/0, scene builds=269
Frame phases 755: pre-render 0.006 ms, prepare 1.868 ms, primary repair 0.000 ms, shadow repair 0.000 ms, producer wait 48.641 ms; observer=2626223.85/1105015.08/2871.80, moved=21.73 m, roam=1, replaced=0, image=1600x900, LOD=1.500, shadows=1, minimap=1
Frame work 755: BVH built/hit/evicted=0/0/0, catalogue/instance/scene builds=1/1/1, cached/scene tiles=179/115, scene 0.1 MiB, selection/detail passes=0/1, fallback ray attempts=0, GPU build/selection/detail=0.471/0.000/0.000 ms, CPU grouping=0.000 ms; atlas installed/evicted=0/0, I/O=0.000 MiB, resident=27/27
Camera preparation: wall 0.241 ms, GPU LOD 0.004 ms, plans/footprints=259/1
Minimap mask: 276x236, 1440000 rays, worker 20.050 ms, GPU 4.637 ms
Minimap publish: request-to-image 20.168 ms
Minimap mask: 276x236, 1440000 rays, worker 35.090 ms, GPU 9.785 ms
Frame 756: wall 48.822 ms, GPU producer 48.309 ms, 1 producer submission(s), resident trace and presentation combined; t=46.947, BVH resident/budget 452.9/2048.0 MiB, builds/hits/evictions=179/834/0, scene builds=269
Frame phases 756: pre-render 0.004 ms, prepare 0.086 ms, primary repair 0.000 ms, shadow repair 0.000 ms, producer wait 48.661 ms; observer=2626223.85/1105015.08/2871.80, moved=0.00 m, roam=0, replaced=0, image=1600x900, LOD=1.500, shadows=1, minimap=1
Frame work 756: BVH built/hit/evicted=0/0/0, catalogue/instance/scene builds=0/0/0, cached/scene tiles=179/115, scene 0.1 MiB, selection/detail passes=0/1, fallback ray attempts=0, GPU build/selection/detail=0.000/0.000/0.000 ms, CPU grouping=0.000 ms; atlas installed/evicted=0/0, I/O=0.000 MiB, resident=27/27
Camera preparation: wall 0.001 ms, GPU LOD 0.000 ms, plans/footprints=259/1
Minimap publish: request-to-image 35.297 ms
LOD plan: sources=1591, changed finer/coarser=0/1, selected LOD-1=23
Frame 757: wall 51.260 ms, GPU producer 48.444 ms, 1 producer submission(s), resident trace and presentation combined; t=46.998, BVH resident/budget 452.9/2048.0 MiB, builds/hits/evictions=179/834/0, scene builds=270
Minimap mask: 276x236, 1440000 rays, worker 20.772 ms, GPU 6.785 ms
Frame phases 757: pre-render 0.007 ms, prepare 2.393 ms, primary repair 0.000 ms, shadow repair 0.000 ms, producer wait 48.770 ms; observer=2626229.92/1105035.70/2871.00, moved=21.50 m, roam=1, replaced=0, image=1600x900, LOD=1.500, shadows=1, minimap=1
Frame work 757: BVH built/hit/evicted=0/0/0, catalogue/instance/scene builds=1/1/1, cached/scene tiles=179/115, scene 0.1 MiB, selection/detail passes=0/1, fallback ray attempts=0, GPU build/selection/detail=0.449/0.000/0.000 ms, CPU grouping=0.000 ms; atlas installed/evicted=0/0, I/O=0.000 MiB, resident=27/27
Camera preparation: wall 0.748 ms, GPU LOD 0.007 ms, plans/footprints=260/1
Minimap publish: request-to-image 20.827 ms
LOD plan: sources=1591, changed finer/coarser=0/0, selected LOD-1=23
Minimap mask: 276x236, 1440000 rays, worker 38.878 ms, GPU 10.251 ms
Minimap publish: request-to-image 41.518 ms
Slow stage: terrain frame wall 172.785 ms (inclusive)
Frame 759: wall 172.797 ms, GPU producer 50.173 ms, 2 producer submission(s), streaming work excluded from GPU producer timing; t=47.171, BVH resident/budget 455.5/2048.0 MiB, builds/hits/evictions=180/836/0, scene builds=271
Frame phases 759: pre-render 0.018 ms, prepare 2.129 ms, primary repair 54.906 ms, shadow repair 64.458 ms, producer wait 51.188 ms; observer=2626236.00/1105056.45/2870.19, moved=21.62 m, roam=1, replaced=0, image=1600x900, LOD=1.500, shadows=1, minimap=1
Frame work 759: BVH built/hit/evicted=1/2/0, catalogue/instance/scene builds=1/4/1, cached/scene tiles=180/0, scene 0.0 MiB, selection/detail passes=4/5, fallback ray attempts=6, GPU build/selection/detail=1.683/1.753/26.367 ms, CPU grouping=12.423 ms; atlas installed/evicted=69/69, I/O=33.571 MiB, resident=27/27
Camera preparation: wall 0.219 ms, GPU LOD 0.003 ms, plans/footprints=261/1
Slow stage: worker iteration wall 172.855 ms (inclusive)
LOD plan: sources=1591, changed finer/coarser=3/0, selected LOD-1=23
Frame 761: wall 49.026 ms, GPU producer 46.919 ms, 1 producer submission(s), resident trace and presentation combined; t=47.220, BVH resident/budget 455.5/2048.0 MiB, builds/hits/evictions=180/836/0, scene builds=272
Frame phases 761: pre-render 0.005 ms, prepare 1.536 ms, primary repair 0.000 ms, shadow repair 0.000 ms, producer wait 47.450 ms; observer=2626242.04/1105077.14/2869.39, moved=21.55 m, roam=1, replaced=0, image=1600x900, LOD=1.500, shadows=1, minimap=1
Frame work 761: BVH built/hit/evicted=0/0/0, catalogue/instance/scene builds=1/1/1, cached/scene tiles=180/116, scene 0.1 MiB, selection/detail passes=0/1, fallback ray attempts=0, GPU build/selection/detail=0.467/0.000/0.000 ms, CPU grouping=0.000 ms; atlas installed/evicted=0/0, I/O=0.000 MiB, resident=27/27
Camera preparation: wall 0.206 ms, GPU LOD 0.004 ms, plans/footprints=262/1
Minimap mask: 276x236, 1440000 rays, worker 41.302 ms, GPU 7.384 ms
Minimap publish: request-to-image 41.373 ms
LOD plan: sources=1591, changed finer/coarser=0/1, selected LOD-1=23
Health t=47.258: memory ok footprint/resident 1066.3/620.7 MiB, Metal allocated/recommended 854.1/18186.2 MiB, thermal=0
Health t=47.258: worker stage=render age=37.9 ms, calls=532 revision=761, submitted/completed/presented=0/0/0, stale=0 unavailable=0 refreshed=0
Health t=47.258: display stage=idle age=11.8 ms, calls=1393 revision=761, submitted/completed/presented=1393/1392/1391, stale=0 unavailable=0 refreshed=0
Health t=47.258: minimap stage=mask-gpu age=11.9 ms, calls=358 revision=0, submitted/completed/presented=358/357/355, stale=2 unavailable=0 refreshed=529
Health t=47.258: terrain stage=producer wait age=36.2 ms
Frame 763: wall 51.314 ms, GPU producer 49.260 ms, 1 producer submission(s), resident trace and presentation combined; t=47.272, BVH resident/budget 455.5/2048.0 MiB, builds/hits/evictions=180/836/0, scene builds=273
Frame phases 763: pre-render 0.006 ms, prepare 1.706 ms, primary repair 0.000 ms, shadow repair 0.000 ms, producer wait 49.562 ms; observer=2626248.09/1105097.96/2868.58, moved=21.68 m, roam=1, replaced=0, image=1600x900, LOD=1.500, shadows=1, minimap=1
Frame work 763: BVH built/hit/evicted=0/0/0, catalogue/instance/scene builds=1/1/1, cached/scene tiles=180/116, scene 0.1 MiB, selection/detail passes=0/1, fallback ray attempts=0, GPU build/selection/detail=0.459/0.000/0.000 ms, CPU grouping=0.000 ms; atlas installed/evicted=0/0, I/O=0.000 MiB, resident=27/27
Camera preparation: wall 0.197 ms, GPU LOD 0.004 ms, plans/footprints=263/1
Minimap mask: 276x236, 1440000 rays, worker 25.687 ms, GPU 3.376 ms
Minimap publish: request-to-image 25.784 ms
Minimap mask: 276x236, 1440000 rays, worker 1.905 ms, GPU 1.007 ms
Minimap publish: request-to-image 2.429 ms
Frame 764: wall 48.195 ms, GPU producer 47.756 ms, 1 producer submission(s), resident trace and presentation combined; t=47.346, BVH resident/budget 455.5/2048.0 MiB, builds/hits/evictions=180/836/0, scene builds=273
Frame phases 764: pre-render 0.004 ms, prepare 0.087 ms, primary repair 0.000 ms, shadow repair 0.000 ms, producer wait 48.058 ms; observer=2626248.09/1105097.96/2868.58, moved=0.00 m, roam=0, replaced=0, image=1600x900, LOD=1.500, shadows=1, minimap=1
Frame work 764: BVH built/hit/evicted=0/0/0, catalogue/instance/scene builds=0/0/0, cached/scene tiles=180/116, scene 0.1 MiB, selection/detail passes=0/1, fallback ray attempts=0, GPU build/selection/detail=0.000/0.000/0.000 ms, CPU grouping=0.000 ms; atlas installed/evicted=0/0, I/O=0.000 MiB, resident=27/27
Camera preparation: wall 0.000 ms, GPU LOD 0.000 ms, plans/footprints=263/1
LOD plan: sources=1591, changed finer/coarser=0/0, selected LOD-1=23
Minimap mask: 276x236, 1440000 rays, worker 19.366 ms, GPU 7.642 ms
Minimap publish: request-to-image 19.417 ms
Slow stage: terrain frame wall 185.460 ms (inclusive)
Frame 765: wall 185.474 ms, GPU producer 48.949 ms, 2 producer submission(s), streaming work excluded from GPU producer timing; t=47.532, BVH resident/budget 456.1/2048.0 MiB, builds/hits/evictions=181/841/0, scene builds=274
Frame phases 765: pre-render 0.018 ms, prepare 1.785 ms, primary repair 70.899 ms, shadow repair 62.756 ms, producer wait 49.928 ms; observer=2626254.09/1105118.66/2867.76, moved=21.55 m, roam=1, replaced=0, image=1600x900, LOD=1.500, shadows=1, minimap=1
Frame work 765: BVH built/hit/evicted=1/5/0, catalogue/instance/scene builds=1/7/1, cached/scene tiles=181/0, scene 0.0 MiB, selection/detail passes=7/8, fallback ray attempts=6, GPU build/selection/detail=1.291/3.640/26.902 ms, CPU grouping=19.970 ms; atlas installed/evicted=70/70, I/O=33.227 MiB, resident=27/27
Camera preparation: wall 0.218 ms, GPU LOD 0.004 ms, plans/footprints=264/1
Slow stage: worker iteration wall 185.535 ms (inclusive)
LOD plan: sources=1591, changed finer/coarser=1/2, selected LOD-1=23
Minimap mask: 276x236, 1440000 rays, worker 35.662 ms, GPU 6.564 ms
Minimap publish: request-to-image 35.700 ms
Frame 769: wall 48.469 ms, GPU producer 46.437 ms, 1 producer submission(s), resident trace and presentation combined; t=47.580, BVH resident/budget 456.1/2048.0 MiB, builds/hits/evictions=181/841/0, scene builds=275
Frame phases 769: pre-render 0.053 ms, prepare 1.617 ms, primary repair 0.000 ms, shadow repair 0.000 ms, producer wait 46.761 ms; observer=2626266.06/1105160.25/2866.13, moved=43.28 m, roam=1, replaced=0, image=1600x900, LOD=1.500, shadows=1, minimap=1
Frame work 769: BVH built/hit/evicted=0/0/0, catalogue/instance/scene builds=1/1/1, cached/scene tiles=181/117, scene 0.1 MiB, selection/detail passes=0/1, fallback ray attempts=0, GPU build/selection/detail=0.473/0.000/0.000 ms, CPU grouping=0.000 ms; atlas installed/evicted=0/0, I/O=0.000 MiB, resident=27/27
Camera preparation: wall 0.206 ms, GPU LOD 0.004 ms, plans/footprints=265/1
Frame 770: wall 50.067 ms, GPU producer 49.458 ms, 1 producer submission(s), resident trace and presentation combined; t=47.648, BVH resident/budget 456.1/2048.0 MiB, builds/hits/evictions=181/841/0, scene builds=275
Frame phases 770: pre-render 0.003 ms, prepare 0.083 ms, primary repair 0.000 ms, shadow repair 0.000 ms, producer wait 49.925 ms; observer=2626266.06/1105160.25/2866.13, moved=0.00 m, roam=0, replaced=0, image=1600x900, LOD=1.500, shadows=1, minimap=1
Frame work 770: BVH built/hit/evicted=0/0/0, catalogue/instance/scene builds=0/0/0, cached/scene tiles=181/117, scene 0.1 MiB, selection/detail passes=0/1, fallback ray attempts=0, GPU build/selection/detail=0.000/0.000/0.000 ms, CPU grouping=0.000 ms; atlas installed/evicted=0/0, I/O=0.000 MiB, resident=27/27
Camera preparation: wall 0.001 ms, GPU LOD 0.000 ms, plans/footprints=265/1
Minimap mask: 276x236, 1440000 rays, worker 35.846 ms, GPU 9.395 ms
Minimap publish: request-to-image 35.927 ms
LOD plan: sources=1591, changed finer/coarser=1/0, selected LOD-1=23
Minimap mask: 276x236, 1440000 rays, worker 23.730 ms, GPU 1.382 ms
Minimap publish: request-to-image 25.787 ms
Slow stage: terrain frame wall 200.996 ms (inclusive)
Frame 771: wall 201.009 ms, GPU producer 50.964 ms, 2 producer submission(s), streaming work excluded from GPU producer timing; t=47.849, BVH resident/budget 456.8/2048.0 MiB, builds/hits/evictions=182/856/0, scene builds=276
Frame phases 771: pre-render 0.019 ms, prepare 1.805 ms, primary repair 86.837 ms, shadow repair 60.329 ms, producer wait 51.931 ms; observer=2626272.01/1105181.04/2865.31, moved=21.62 m, roam=1, replaced=0, image=1600x900, LOD=1.500, shadows=1, minimap=1
Frame work 771: BVH built/hit/evicted=1/15/0, catalogue/instance/scene builds=1/13/1, cached/scene tiles=182/0, scene 0.0 MiB, selection/detail passes=13/14, fallback ray attempts=482, GPU build/selection/detail=1.688/7.504/27.067 ms, CPU grouping=32.397 ms; atlas installed/evicted=70/70, I/O=33.321 MiB, resident=27/27
Camera preparation: wall 0.263 ms, GPU LOD 0.007 ms, plans/footprints=266/1
Slow stage: worker iteration wall 201.072 ms (inclusive)
LOD plan: sources=1591, changed finer/coarser=3/2, selected LOD-1=23
Minimap mask: 276x236, 1440000 rays, worker 19.919 ms, GPU 5.783 ms
Minimap publish: request-to-image 19.953 ms
Slow stage: terrain frame wall 189.282 ms (inclusive)
Frame 775: wall 189.292 ms, GPU producer 47.258 ms, 2 producer submission(s), streaming work excluded from GPU producer timing; t=48.039, BVH resident/budget 469.6/2048.0 MiB, builds/hits/evictions=184/866/0, scene builds=277
Frame phases 775: pre-render 0.016 ms, prepare 1.494 ms, primary repair 79.596 ms, shadow repair 59.864 ms, producer wait 48.242 ms; observer=2626283.83/1105222.61/2863.66, moved=43.22 m, roam=1, replaced=0, image=1600x900, LOD=1.500, shadows=1, minimap=1
Frame work 775: BVH built/hit/evicted=2/10/0, catalogue/instance/scene builds=1/9/1, cached/scene tiles=184/0, scene 0.0 MiB, selection/detail passes=9/10, fallback ray attempts=131792, GPU build/selection/detail=5.730/4.060/26.917 ms, CPU grouping=20.704 ms; atlas installed/evicted=70/70, I/O=35.199 MiB, resident=27/27
Camera preparation: wall 0.198 ms, GPU LOD 0.004 ms, plans/footprints=267/1
Slow stage: worker iteration wall 189.631 ms (inclusive)
LOD plan: sources=1591, changed finer/coarser=1/1, selected LOD-1=23
Frame 779: wall 48.633 ms, GPU producer 46.832 ms, 1 producer submission(s), resident trace and presentation combined; t=48.088, BVH resident/budget 469.6/2048.0 MiB, builds/hits/evictions=184/866/0, scene builds=278
Frame phases 779: pre-render 0.006 ms, prepare 1.505 ms, primary repair 0.000 ms, shadow repair 0.000 ms, producer wait 47.090 ms; observer=2626295.55/1105264.18/2862.01, moved=43.19 m, roam=1, replaced=0, image=1600x900, LOD=1.500, shadows=1, minimap=1
Minimap mask: 276x236, 1440000 rays, worker 42.205 ms, GPU 7.139 ms
Frame work 779: BVH built/hit/evicted=0/0/0, catalogue/instance/scene builds=1/1/1, cached/scene tiles=184/116, scene 0.1 MiB, selection/detail passes=0/1, fallback ray attempts=0, GPU build/selection/detail=0.473/0.000/0.000 ms, CPU grouping=0.000 ms; atlas installed/evicted=0/0, I/O=0.000 MiB, resident=27/27
Camera preparation: wall 0.195 ms, GPU LOD 0.004 ms, plans/footprints=268/1
Minimap publish: request-to-image 42.261 ms
Minimap mask: 276x236, 1440000 rays, worker 34.982 ms, GPU 9.182 ms
Frame 780: wall 48.709 ms, GPU producer 48.308 ms, 1 producer submission(s), resident trace and presentation combined; t=48.147, BVH resident/budget 469.6/2048.0 MiB, builds/hits/evictions=184/866/0, scene builds=278
Frame phases 780: pre-render 0.004 ms, prepare 0.084 ms, primary repair 0.000 ms, shadow repair 0.000 ms, producer wait 48.531 ms; observer=2626295.55/1105264.18/2862.01, moved=0.00 m, roam=0, replaced=0, image=1600x900, LOD=1.500, shadows=1, minimap=1
Frame work 780: BVH built/hit/evicted=0/0/0, catalogue/instance/scene builds=0/0/0, cached/scene tiles=184/116, scene 0.1 MiB, selection/detail passes=0/1, fallback ray attempts=0, GPU build/selection/detail=0.000/0.000/0.000 ms, CPU grouping=0.000 ms; atlas installed/evicted=0/0, I/O=0.000 MiB, resident=27/27
Camera preparation: wall 0.001 ms, GPU LOD 0.000 ms, plans/footprints=268/1
Minimap publish: request-to-image 35.030 ms
LOD plan: sources=1591, changed finer/coarser=1/0, selected LOD-1=23
Frame 781: wall 51.092 ms, GPU producer 48.757 ms, 1 producer submission(s), resident trace and presentation combined; t=48.198, BVH resident/budget 469.6/2048.0 MiB, builds/hits/evictions=184/866/0, scene builds=279
Frame phases 781: pre-render 0.023 ms, prepare 1.988 ms, primary repair 0.000 ms, shadow repair 0.000 ms, producer wait 49.033 ms; observer=2626301.40/1105285.04/2861.17, moved=21.67 m, roam=1, replaced=0, image=1600x900, LOD=1.500, shadows=1, minimap=1
Frame work 781: BVH built/hit/evicted=0/0/0, catalogue/instance/scene builds=1/1/1, cached/scene tiles=184/116, scene 0.1 MiB, selection/detail passes=0/1, fallback ray attempts=0, GPU build/selection/detail=0.456/0.000/0.000 ms, CPU grouping=0.000 ms; atlas installed/evicted=0/0, I/O=0.000 MiB, resident=27/27
Minimap mask: 276x236, 1440000 rays, worker 21.251 ms, GPU 6.970 ms
Camera preparation: wall 0.437 ms, GPU LOD 0.027 ms, plans/footprints=269/1
Minimap publish: request-to-image 21.429 ms
Frame 782: wall 50.719 ms, GPU producer 50.250 ms, 1 producer submission(s), resident trace and presentation combined; t=48.249, BVH resident/budget 469.6/2048.0 MiB, builds/hits/evictions=184/866/0, scene builds=279
Frame phases 782: pre-render 0.004 ms, prepare 0.073 ms, primary repair 0.000 ms, shadow repair 0.000 ms, producer wait 50.561 ms; observer=2626301.40/1105285.04/2861.17, moved=0.00 m, roam=0, replaced=0, image=1600x900, LOD=1.500, shadows=1, minimap=1
Frame work 782: BVH built/hit/evicted=0/0/0, catalogue/instance/scene builds=0/0/0, cached/scene tiles=184/116, scene 0.1 MiB, selection/detail passes=0/1, fallback ray attempts=0, GPU build/selection/detail=0.000/0.000/0.000 ms, CPU grouping=0.000 ms; atlas installed/evicted=0/0, I/O=0.000 MiB, resident=27/27
Camera preparation: wall 0.000 ms, GPU LOD 0.000 ms, plans/footprints=269/1
Minimap mask: 276x236, 1440000 rays, worker 37.759 ms, GPU 9.107 ms
Minimap publish: request-to-image 37.861 ms
LOD plan: sources=1591, changed finer/coarser=1/0, selected LOD-1=23
Health t=48.259: memory ok footprint/resident 1091.6/625.4 MiB, Metal allocated/recommended 879.3/18186.2 MiB, thermal=0
Health t=48.259: worker stage=render age=9.4 ms, calls=543 revision=782, submitted/completed/presented=0/0/0, stale=0 unavailable=0 refreshed=0
Health t=48.259: display stage=idle age=16.6 ms, calls=1423 revision=781, submitted/completed/presented=1423/1423/1421, stale=0 unavailable=0 refreshed=0
Health t=48.259: minimap stage=idle age=9.4 ms, calls=368 revision=0, submitted/completed/presented=368/368/366, stale=2 unavailable=0 refreshed=543
Health t=48.259: terrain stage=producer wait age=7.7 ms
Frame 783: wall 51.739 ms, GPU producer 49.718 ms, 1 producer submission(s), resident trace and presentation combined; t=48.301, BVH resident/budget 469.6/2048.0 MiB, builds/hits/evictions=184/866/0, scene builds=280
Frame phases 783: pre-render 0.023 ms, prepare 1.709 ms, primary repair 0.000 ms, shadow repair 0.000 ms, producer wait 49.957 ms; observer=2626307.21/1105305.85/2860.34, moved=21.61 m, roam=1, replaced=0, image=1600x900, LOD=1.500, shadows=1, minimap=1
Frame work 783: BVH built/hit/evicted=0/0/0, catalogue/instance/scene builds=1/1/1, cached/scene tiles=184/116, scene 0.1 MiB, selection/detail passes=0/1, fallback ray attempts=0, GPU build/selection/detail=0.442/0.000/0.000 ms, CPU grouping=0.000 ms; atlas installed/evicted=0/0, I/O=0.000 MiB, resident=27/27
Camera preparation: wall 0.248 ms, GPU LOD 0.007 ms, plans/footprints=270/1
Minimap mask: 276x236, 1440000 rays, worker 23.875 ms, GPU 2.179 ms
LOD plan: sources=1591, changed finer/coarser=0/1, selected LOD-1=23
Minimap publish: request-to-image 25.864 ms
Frame 785: wall 50.962 ms, GPU producer 48.973 ms, 1 producer submission(s), resident trace and presentation combined; t=48.352, BVH resident/budget 469.6/2048.0 MiB, builds/hits/evictions=184/866/0, scene builds=281
Frame phases 785: pre-render 0.006 ms, prepare 1.666 ms, primary repair 0.000 ms, shadow repair 0.000 ms, producer wait 49.247 ms; observer=2626312.98/1105326.61/2859.51, moved=21.55 m, roam=1, replaced=0, image=1600x900, LOD=1.500, shadows=1, minimap=1
Frame work 785: BVH built/hit/evicted=0/0/0, catalogue/instance/scene builds=1/1/1, cached/scene tiles=184/116, scene 0.1 MiB, selection/detail passes=0/1, fallback ray attempts=0, GPU build/selection/detail=0.419/0.000/0.000 ms, CPU grouping=0.000 ms; atlas installed/evicted=0/0, I/O=0.000 MiB, resident=27/27
Camera preparation: wall 0.199 ms, GPU LOD 0.004 ms, plans/footprints=271/1
Minimap mask: 276x236, 1440000 rays, worker 40.910 ms, GPU 10.318 ms
Minimap publish: request-to-image 41.734 ms
Minimap mask: 276x236, 1440000 rays, worker 2.377 ms, GPU 0.932 ms
Minimap publish: request-to-image 2.407 ms
Frame 786: wall 49.745 ms, GPU producer 48.809 ms, 1 producer submission(s), resident trace and presentation combined; t=48.448, BVH resident/budget 469.6/2048.0 MiB, builds/hits/evictions=184/866/0, scene builds=281
Frame phases 786: pre-render 0.007 ms, prepare 0.135 ms, primary repair 0.000 ms, shadow repair 0.000 ms, producer wait 49.488 ms; observer=2626312.98/1105326.61/2859.51, moved=0.00 m, roam=0, replaced=0, image=1600x900, LOD=1.500, shadows=1, minimap=1
Frame work 786: BVH built/hit/evicted=0/0/0, catalogue/instance/scene builds=0/0/0, cached/scene tiles=184/116, scene 0.1 MiB, selection/detail passes=0/1, fallback ray attempts=0, GPU build/selection/detail=0.000/0.000/0.000 ms, CPU grouping=0.000 ms; atlas installed/evicted=0/0, I/O=0.000 MiB, resident=27/27
Camera preparation: wall 0.001 ms, GPU LOD 0.000 ms, plans/footprints=271/1
LOD plan: sources=1591, changed finer/coarser=0/1, selected LOD-1=23
Frame 787: wall 52.329 ms, GPU producer 50.103 ms, 1 producer submission(s), resident trace and presentation combined; t=48.501, BVH resident/budget 469.6/2048.0 MiB, builds/hits/evictions=184/866/0, scene builds=282
Frame phases 787: pre-render 0.022 ms, prepare 1.885 ms, primary repair 0.000 ms, shadow repair 0.000 ms, producer wait 50.367 ms; observer=2626318.76/1105347.50/2858.66, moved=21.68 m, roam=1, replaced=0, image=1600x900, LOD=1.500, shadows=1, minimap=1
Frame work 787: BVH built/hit/evicted=0/0/0, catalogue/instance/scene builds=1/1/1, cached/scene tiles=184/116, scene 0.1 MiB, selection/detail passes=0/1, fallback ray attempts=0, GPU build/selection/detail=0.467/0.000/0.000 ms, CPU grouping=0.000 ms; atlas installed/evicted=0/0, I/O=0.000 MiB, resident=27/27
Camera preparation: wall 0.280 ms, GPU LOD 0.004 ms, plans/footprints=272/1
Minimap mask: 276x236, 1440000 rays, worker 23.261 ms, GPU 1.459 ms
LOD plan: sources=1591, changed finer/coarser=1/0, selected LOD-1=23
Minimap publish: request-to-image 25.107 ms
Frame 789: wall 51.275 ms, GPU producer 48.997 ms, 1 producer submission(s), resident trace and presentation combined; t=48.552, BVH resident/budget 469.6/2048.0 MiB, builds/hits/evictions=184/866/0, scene builds=283
Frame phases 789: pre-render 0.007 ms, prepare 1.926 ms, primary repair 0.000 ms, shadow repair 0.000 ms, producer wait 49.289 ms; observer=2626324.50/1105368.33/2857.82, moved=21.60 m, roam=1, replaced=0, image=1600x900, LOD=1.500, shadows=1, minimap=1
Frame work 789: BVH built/hit/evicted=0/0/0, catalogue/instance/scene builds=1/1/1, cached/scene tiles=184/116, scene 0.1 MiB, selection/detail passes=0/1, fallback ray attempts=0, GPU build/selection/detail=0.410/0.000/0.000 ms, CPU grouping=0.000 ms; atlas installed/evicted=0/0, I/O=0.000 MiB, resident=27/27
Minimap mask: 276x236, 1440000 rays, worker 40.106 ms, GPU 10.613 ms
Camera preparation: wall 0.234 ms, GPU LOD 0.004 ms, plans/footprints=273/1
Minimap publish: request-to-image 40.940 ms
Minimap mask: 276x236, 1440000 rays, worker 1.903 ms, GPU 0.926 ms
Minimap publish: request-to-image 1.946 ms
Frame 790: wall 49.194 ms, GPU producer 48.350 ms, 1 producer submission(s), resident trace and presentation combined; t=48.648, BVH resident/budget 469.6/2048.0 MiB, builds/hits/evictions=184/866/0, scene builds=283
Frame phases 790: pre-render 0.003 ms, prepare 0.132 ms, primary repair 0.000 ms, shadow repair 0.000 ms, producer wait 48.999 ms; observer=2626324.50/1105368.33/2857.82, moved=0.00 m, roam=0, replaced=0, image=1600x900, LOD=1.500, shadows=1, minimap=1
Frame work 790: BVH built/hit/evicted=0/0/0, catalogue/instance/scene builds=0/0/0, cached/scene tiles=184/116, scene 0.1 MiB, selection/detail passes=0/1, fallback ray attempts=0, GPU build/selection/detail=0.000/0.000/0.000 ms, CPU grouping=0.000 ms; atlas installed/evicted=0/0, I/O=0.000 MiB, resident=27/27
Camera preparation: wall 0.001 ms, GPU LOD 0.000 ms, plans/footprints=273/1
LOD plan: sources=1591, changed finer/coarser=1/0, selected LOD-1=23
Minimap mask: 276x236, 1440000 rays, worker 21.337 ms, GPU 5.084 ms
Minimap publish: request-to-image 21.410 ms
Slow stage: primary repair wall 106.230 ms (inclusive)
Slow stage: terrain frame wall 224.198 ms (inclusive)
Frame 791: wall 224.210 ms, GPU producer 49.709 ms, 2 producer submission(s), streaming work excluded from GPU producer timing; t=48.872, BVH resident/budget 472.2/2048.0 MiB, builds/hits/evictions=185/889/0, scene builds=284
Frame phases 791: pre-render 0.018 ms, prepare 2.169 ms, primary repair 106.230 ms, shadow repair 64.959 ms, producer wait 50.720 ms; observer=2626330.21/1105389.16/2856.98, moved=21.60 m, roam=1, replaced=0, image=1600x900, LOD=1.500, shadows=1, minimap=1
Frame work 791: BVH built/hit/evicted=1/23/0, catalogue/instance/scene builds=1/15/1, cached/scene tiles=185/0, scene 0.0 MiB, selection/detail passes=15/16, fallback ray attempts=19552, GPU build/selection/detail=2.558/9.322/27.165 ms, CPU grouping=41.994 ms; atlas installed/evicted=68/68, I/O=32.599 MiB, resident=27/27
Camera preparation: wall 0.243 ms, GPU LOD 0.004 ms, plans/footprints=274/1
Slow stage: worker iteration wall 224.270 ms (inclusive)
LOD plan: sources=1591, changed finer/coarser=3/0, selected LOD-1=23
Minimap mask: 276x236, 1440000 rays, worker 43.349 ms, GPU 6.657 ms
Minimap publish: request-to-image 43.620 ms
Slow stage: terrain frame wall 182.039 ms (inclusive)
Frame 795: wall 182.049 ms, GPU producer 47.924 ms, 2 producer submission(s), streaming work excluded from GPU producer timing; t=49.054, BVH resident/budget 477.3/2048.0 MiB, builds/hits/evictions=187/900/0, scene builds=285
Frame phases 795: pre-render 0.015 ms, prepare 1.578 ms, primary repair 74.077 ms, shadow repair 57.402 ms, producer wait 48.890 ms; observer=2626341.59/1105430.86/2855.29, moved=43.22 m, roam=1, replaced=0, image=1600x900, LOD=1.500, shadows=1, minimap=1
Frame work 795: BVH built/hit/evicted=2/11/0, catalogue/instance/scene builds=1/8/1, cached/scene tiles=187/0, scene 0.0 MiB, selection/detail passes=8/9, fallback ray attempts=2150, GPU build/selection/detail=3.302/4.527/26.002 ms, CPU grouping=20.853 ms; atlas installed/evicted=68/68, I/O=33.445 MiB, resident=27/27
Camera preparation: wall 0.170 ms, GPU LOD 0.004 ms, plans/footprints=275/1
Slow stage: worker iteration wall 182.115 ms (inclusive)
LOD plan: sources=1591, changed finer/coarser=1/0, selected LOD-1=23
Frame 799: wall 49.896 ms, GPU producer 48.221 ms, 1 producer submission(s), resident trace and presentation combined; t=49.104, BVH resident/budget 477.3/2048.0 MiB, builds/hits/evictions=187/900/0, scene builds=286
Frame phases 799: pre-render 0.004 ms, prepare 1.385 ms, primary repair 0.000 ms, shadow repair 0.000 ms, producer wait 48.475 ms; observer=2626352.84/1105472.49/2853.59, moved=43.12 m, roam=1, replaced=0, image=1600x900, LOD=1.500, shadows=1, minimap=1
Frame work 799: BVH built/hit/evicted=0/0/0, catalogue/instance/scene builds=1/1/1, cached/scene tiles=187/116, scene 0.1 MiB, selection/detail passes=0/1, fallback ray attempts=0, GPU build/selection/detail=0.439/0.000/0.000 ms, CPU grouping=0.000 ms; atlas installed/evicted=0/0, I/O=0.000 MiB, resident=27/27
Camera preparation: wall 0.161 ms, GPU LOD 0.003 ms, plans/footprints=276/1
Minimap mask: 276x236, 1440000 rays, worker 25.027 ms, GPU 3.131 ms
Minimap publish: request-to-image 25.093 ms
LOD plan: sources=1591, changed finer/coarser=1/0, selected LOD-1=23
Minimap mask: 276x236, 1440000 rays, worker 42.055 ms, GPU 9.113 ms
Minimap publish: request-to-image 42.098 ms
Health t=49.261: memory ok footprint/resident 1089.1/627.2 MiB, Metal allocated/recommended 876.6/18186.2 MiB, thermal=0
Health t=49.261: worker stage=render age=157.4 ms, calls=552 revision=799, submitted/completed/presented=0/0/0, stale=0 unavailable=0 refreshed=0
Health t=49.261: display stage=idle age=19.4 ms, calls=1453 revision=799, submitted/completed/presented=1453/1453/1452, stale=0 unavailable=0 refreshed=0
Health t=49.261: minimap stage=idle age=107.1 ms, calls=378 revision=0, submitted/completed/presented=378/378/376, stale=2 unavailable=0 refreshed=554
Health t=49.261: terrain stage=shadow repair age=17.6 ms
Slow stage: terrain frame wall 202.491 ms (inclusive)
Frame 801: wall 202.500 ms, GPU producer 48.875 ms, 2 producer submission(s), streaming work excluded from GPU producer timing; t=49.307, BVH resident/budget 479.8/2048.0 MiB, builds/hits/evictions=188/916/0, scene builds=287
Frame phases 801: pre-render 0.015 ms, prepare 1.611 ms, primary repair 89.544 ms, shadow repair 61.409 ms, producer wait 49.850 ms; observer=2626358.47/1105493.43/2852.73, moved=21.69 m, roam=1, replaced=0, image=1600x900, LOD=1.500, shadows=1, minimap=1
Frame work 801: BVH built/hit/evicted=1/16/0, catalogue/instance/scene builds=1/12/1, cached/scene tiles=188/0, scene 0.0 MiB, selection/detail passes=12/13, fallback ray attempts=17424, GPU build/selection/detail=2.256/6.600/26.799 ms, CPU grouping=31.588 ms; atlas installed/evicted=67/67, I/O=33.319 MiB, resident=27/27
Camera preparation: wall 0.215 ms, GPU LOD 0.004 ms, plans/footprints=277/1
Slow stage: worker iteration wall 202.553 ms (inclusive)
LOD plan: sources=1591, changed finer/coarser=0/1, selected LOD-1=23
Frame 805: wall 49.679 ms, GPU producer 47.933 ms, 1 producer submission(s), resident trace and presentation combined; t=49.356, BVH resident/budget 479.8/2048.0 MiB, builds/hits/evictions=188/916/0, scene builds=288
Frame phases 805: pre-render 0.005 ms, prepare 1.406 ms, primary repair 0.000 ms, shadow repair 0.000 ms, producer wait 48.236 ms; observer=2626369.61/1105535.18/2851.01, moved=43.20 m, roam=1, replaced=0, image=1600x900, LOD=1.500, shadows=1, minimap=1
Frame work 805: BVH built/hit/evicted=0/0/0, catalogue/instance/scene builds=1/1/1, cached/scene tiles=188/116, scene 0.1 MiB, selection/detail passes=0/1, fallback ray attempts=0, GPU build/selection/detail=0.455/0.000/0.000 ms, CPU grouping=0.000 ms; atlas installed/evicted=0/0, I/O=0.000 MiB, resident=27/27
Camera preparation: wall 0.183 ms, GPU LOD 0.004 ms, plans/footprints=278/1
Minimap mask: 276x236, 1440000 rays, worker 44.255 ms, GPU 9.271 ms
Minimap publish: request-to-image 44.361 ms
Minimap mask: 276x236, 1440000 rays, worker 2.250 ms, GPU 0.937 ms
Minimap publish: request-to-image 2.284 ms
Frame 806: wall 48.529 ms, GPU producer 47.850 ms, 1 producer submission(s), resident trace and presentation combined; t=49.446, BVH resident/budget 479.8/2048.0 MiB, builds/hits/evictions=188/916/0, scene builds=288
Frame phases 806: pre-render 0.003 ms, prepare 0.099 ms, primary repair 0.000 ms, shadow repair 0.000 ms, producer wait 48.372 ms; observer=2626369.61/1105535.18/2851.01, moved=0.00 m, roam=0, replaced=0, image=1600x900, LOD=1.500, shadows=1, minimap=1
Frame work 806: BVH built/hit/evicted=0/0/0, catalogue/instance/scene builds=0/0/0, cached/scene tiles=188/116, scene 0.1 MiB, selection/detail passes=0/1, fallback ray attempts=0, GPU build/selection/detail=0.000/0.000/0.000 ms, CPU grouping=0.000 ms; atlas installed/evicted=0/0, I/O=0.000 MiB, resident=27/27
Camera preparation: wall 0.001 ms, GPU LOD 0.000 ms, plans/footprints=278/1
LOD plan: sources=1591, changed finer/coarser=1/0, selected LOD-1=23
Frame 807: wall 50.582 ms, GPU producer 48.376 ms, 1 producer submission(s), resident trace and presentation combined; t=49.497, BVH resident/budget 479.8/2048.0 MiB, builds/hits/evictions=188/916/0, scene builds=289
Frame phases 807: pre-render 0.007 ms, prepare 1.841 ms, primary repair 0.000 ms, shadow repair 0.000 ms, producer wait 48.677 ms; observer=2626375.11/1105555.92/2850.16, moved=21.46 m, roam=1, replaced=0, image=1600x900, LOD=1.500, shadows=1, minimap=1
Frame work 807: BVH built/hit/evicted=0/0/0, catalogue/instance/scene builds=1/1/1, cached/scene tiles=188/115, scene 0.1 MiB, selection/detail passes=0/1, fallback ray attempts=0, GPU build/selection/detail=0.480/0.000/0.000 ms, CPU grouping=0.000 ms; atlas installed/evicted=0/0, I/O=0.000 MiB, resident=27/27
Camera preparation: wall 0.223 ms, GPU LOD 0.004 ms, plans/footprints=279/1
Minimap mask: 276x236, 1440000 rays, worker 19.486 ms, GPU 4.917 ms
Minimap publish: request-to-image 19.603 ms
Frame 808: wall 49.884 ms, GPU producer 49.460 ms, 1 producer submission(s), resident trace and presentation combined; t=49.548, BVH resident/budget 479.8/2048.0 MiB, builds/hits/evictions=188/916/0, scene builds=289
Frame phases 808: pre-render 0.019 ms, prepare 0.086 ms, primary repair 0.000 ms, shadow repair 0.000 ms, producer wait 49.699 ms; observer=2626375.11/1105555.92/2850.16, moved=0.00 m, roam=0, replaced=0, image=1600x900, LOD=1.500, shadows=1, minimap=1
Frame work 808: BVH built/hit/evicted=0/0/0, catalogue/instance/scene builds=0/0/0, cached/scene tiles=188/115, scene 0.1 MiB, selection/detail passes=0/1, fallback ray attempts=0, GPU build/selection/detail=0.000/0.000/0.000 ms, CPU grouping=0.000 ms; atlas installed/evicted=0/0, I/O=0.000 MiB, resident=27/27
Camera preparation: wall 0.001 ms, GPU LOD 0.000 ms, plans/footprints=279/1
Minimap mask: 276x236, 1440000 rays, worker 36.128 ms, GPU 4.531 ms
Minimap publish: request-to-image 36.200 ms
LOD plan: sources=1591, changed finer/coarser=1/0, selected LOD-1=23
Frame 809: wall 51.452 ms, GPU producer 49.359 ms, 1 producer submission(s), resident trace and presentation combined; t=49.600, BVH resident/budget 479.8/2048.0 MiB, builds/hits/evictions=188/916/0, scene builds=290
Frame phases 809: pre-render 0.005 ms, prepare 1.778 ms, primary repair 0.000 ms, shadow repair 0.000 ms, producer wait 49.603 ms; observer=2626380.67/1105576.95/2849.29, moved=21.75 m, roam=1, replaced=0, image=1600x900, LOD=1.500, shadows=1, minimap=1
Frame work 809: BVH built/hit/evicted=0/0/0, catalogue/instance/scene builds=1/1/1, cached/scene tiles=188/115, scene 0.1 MiB, selection/detail passes=0/1, fallback ray attempts=0, GPU build/selection/detail=0.448/0.000/0.000 ms, CPU grouping=0.000 ms; atlas installed/evicted=0/0, I/O=0.000 MiB, resident=27/27
Camera preparation: wall 0.198 ms, GPU LOD 0.004 ms, plans/footprints=280/1
Minimap mask: 276x236, 1440000 rays, worker 22.497 ms, GPU 1.344 ms
LOD plan: sources=1591, changed finer/coarser=0/0, selected LOD-1=23
Minimap publish: request-to-image 26.106 ms
Frame 811: wall 52.443 ms, GPU producer 50.155 ms, 1 producer submission(s), resident trace and presentation combined; t=49.652, BVH resident/budget 479.8/2048.0 MiB, builds/hits/evictions=188/916/0, scene builds=291
Frame phases 811: pre-render 0.006 ms, prepare 1.950 ms, primary repair 0.000 ms, shadow repair 0.000 ms, producer wait 50.433 ms; observer=2626386.16/1105597.85/2848.42, moved=21.61 m, roam=1, replaced=0, image=1600x900, LOD=1.500, shadows=1, minimap=1
Frame work 811: BVH built/hit/evicted=0/0/0, catalogue/instance/scene builds=1/1/1, cached/scene tiles=188/115, scene 0.1 MiB, selection/detail passes=0/1, fallback ray attempts=0, GPU build/selection/detail=0.466/0.000/0.000 ms, CPU grouping=0.000 ms; atlas installed/evicted=0/0, I/O=0.000 MiB, resident=27/27
Camera preparation: wall 0.210 ms, GPU LOD 0.004 ms, plans/footprints=281/1
Minimap mask: 276x236, 1440000 rays, worker 40.831 ms, GPU 8.168 ms
Minimap publish: request-to-image 41.225 ms
Minimap mask: 276x236, 1440000 rays, worker 2.400 ms, GPU 1.166 ms
Minimap publish: request-to-image 3.552 ms
Frame 812: wall 51.133 ms, GPU producer 50.327 ms, 1 producer submission(s), resident trace and presentation combined; t=49.749, BVH resident/budget 479.8/2048.0 MiB, builds/hits/evictions=188/916/0, scene builds=291
Frame phases 812: pre-render 0.007 ms, prepare 0.110 ms, primary repair 0.000 ms, shadow repair 0.000 ms, producer wait 50.956 ms; observer=2626386.16/1105597.85/2848.42, moved=0.00 m, roam=0, replaced=0, image=1600x900, LOD=1.500, shadows=1, minimap=1
Frame work 812: BVH built/hit/evicted=0/0/0, catalogue/instance/scene builds=0/0/0, cached/scene tiles=188/115, scene 0.1 MiB, selection/detail passes=0/1, fallback ray attempts=0, GPU build/selection/detail=0.000/0.000/0.000 ms, CPU grouping=0.000 ms; atlas installed/evicted=0/0, I/O=0.000 MiB, resident=27/27
Camera preparation: wall 0.000 ms, GPU LOD 0.000 ms, plans/footprints=281/1
LOD plan: sources=1591, changed finer/coarser=0/0, selected LOD-1=23
Frame 813: wall 51.476 ms, GPU producer 48.838 ms, 1 producer submission(s), resident trace and presentation combined; t=49.800, BVH resident/budget 479.8/2048.0 MiB, builds/hits/evictions=188/916/0, scene builds=292
Frame phases 813: pre-render 0.008 ms, prepare 2.263 ms, primary repair 0.000 ms, shadow repair 0.000 ms, producer wait 49.126 ms; observer=2626391.58/1105618.54/2847.56, moved=21.39 m, roam=1, replaced=0, image=1600x900, LOD=1.500, shadows=1, minimap=1
Frame work 813: BVH built/hit/evicted=0/0/0, catalogue/instance/scene builds=1/1/1, cached/scene tiles=188/115, scene 0.1 MiB, selection/detail passes=0/1, fallback ray attempts=0, GPU build/selection/detail=0.473/0.000/0.000 ms, CPU grouping=0.000 ms; atlas installed/evicted=0/0, I/O=0.000 MiB, resident=27/27
Camera preparation: wall 0.251 ms, GPU LOD 0.003 ms, plans/footprints=282/1
Minimap mask: 276x236, 1440000 rays, worker 22.037 ms, GPU 3.744 ms
LOD plan: sources=1591, changed finer/coarser=0/0, selected LOD-1=23
Minimap publish: request-to-image 24.316 ms
Frame 815: wall 50.928 ms, GPU producer 48.649 ms, 1 producer submission(s), resident trace and presentation combined; t=49.851, BVH resident/budget 479.8/2048.0 MiB, builds/hits/evictions=188/916/0, scene builds=293
Frame phases 815: pre-render 0.024 ms, prepare 1.889 ms, primary repair 0.000 ms, shadow repair 0.000 ms, producer wait 48.956 ms; observer=2626397.08/1105639.65/2846.68, moved=21.82 m, roam=1, replaced=0, image=1600x900, LOD=1.500, shadows=1, minimap=1
Minimap mask: 276x236, 1440000 rays, worker 38.878 ms, GPU 9.138 ms
Frame work 815: BVH built/hit/evicted=0/0/0, catalogue/instance/scene builds=1/1/1, cached/scene tiles=188/115, scene 0.1 MiB, selection/detail passes=0/1, fallback ray attempts=0, GPU build/selection/detail=0.420/0.000/0.000 ms, CPU grouping=0.000 ms; atlas installed/evicted=0/0, I/O=0.000 MiB, resident=27/27
Camera preparation: wall 0.199 ms, GPU LOD 0.004 ms, plans/footprints=283/1
Minimap publish: request-to-image 40.571 ms
Minimap mask: 276x236, 1440000 rays, worker 2.356 ms, GPU 1.142 ms
Minimap publish: request-to-image 3.496 ms
Frame 816: wall 48.581 ms, GPU producer 47.789 ms, 1 producer submission(s), resident trace and presentation combined; t=49.946, BVH resident/budget 479.8/2048.0 MiB, builds/hits/evictions=188/916/0, scene builds=293
Frame phases 816: pre-render 0.005 ms, prepare 0.143 ms, primary repair 0.000 ms, shadow repair 0.000 ms, producer wait 48.364 ms; observer=2626397.08/1105639.65/2846.68, moved=0.00 m, roam=0, replaced=0, image=1600x900, LOD=1.500, shadows=1, minimap=1
Frame work 816: BVH built/hit/evicted=0/0/0, catalogue/instance/scene builds=0/0/0, cached/scene tiles=188/115, scene 0.1 MiB, selection/detail passes=0/1, fallback ray attempts=0, GPU build/selection/detail=0.000/0.000/0.000 ms, CPU grouping=0.000 ms; atlas installed/evicted=0/0, I/O=0.000 MiB, resident=27/27
Camera preparation: wall 0.001 ms, GPU LOD 0.000 ms, plans/footprints=283/1
LOD plan: sources=1591, changed finer/coarser=1/0, selected LOD-1=24
Minimap mask: 276x236, 1440000 rays, worker 17.731 ms, GPU 7.039 ms
Minimap publish: request-to-image 17.810 ms
Slow stage: primary repair wall 105.184 ms (inclusive)
Slow stage: terrain frame wall 220.449 ms (inclusive)
Frame 817: wall 220.462 ms, GPU producer 47.671 ms, 2 producer submission(s), streaming work excluded from GPU producer timing; t=50.167, BVH resident/budget 490.1/2048.0 MiB, builds/hits/evictions=189/933/0, scene builds=294
Frame phases 817: pre-render 0.020 ms, prepare 2.207 ms, primary repair 105.184 ms, shadow repair 64.235 ms, producer wait 48.711 ms; observer=2626402.45/1105660.35/2845.82, moved=21.39 m, roam=1, replaced=0, image=1600x900, LOD=1.500, shadows=1, minimap=1
Frame work 817: BVH built/hit/evicted=1/17/0, catalogue/instance/scene builds=1/13/1, cached/scene tiles=189/0, scene 0.0 MiB, selection/detail passes=13/14, fallback ray attempts=84344, GPU build/selection/detail=5.126/7.396/29.155 ms, CPU grouping=39.144 ms; atlas installed/evicted=69/69, I/O=34.884 MiB, resident=27/27
Camera preparation: wall 0.237 ms, GPU LOD 0.004 ms, plans/footprints=284/1
Slow stage: worker iteration wall 220.516 ms (inclusive)
LOD plan: sources=1591, changed finer/coarser=1/0, selected LOD-1=24
Minimap mask: 276x236, 1440000 rays, worker 37.420 ms, GPU 6.097 ms
Minimap publish: request-to-image 37.464 ms
Health t=50.264: memory ok footprint/resident 1099.7/630.3 MiB, Metal allocated/recommended 886.9/18186.2 MiB, thermal=0
Health t=50.264: worker stage=render age=97.1 ms, calls=564 revision=817, submitted/completed/presented=0/0/0, stale=0 unavailable=0 refreshed=0
Health t=50.264: display stage=idle age=21.7 ms, calls=1483 revision=817, submitted/completed/presented=1483/1483/1481, stale=0 unavailable=0 refreshed=0
Health t=50.264: minimap stage=idle age=48.3 ms, calls=390 revision=0, submitted/completed/presented=390/390/388, stale=2 unavailable=0 refreshed=568
Health t=50.264: terrain stage=primary repair age=48.3 ms
Slow stage: primary repair wall 110.448 ms (inclusive)
Slow stage: terrain frame wall 222.789 ms (inclusive)
Frame 821: wall 222.799 ms, GPU producer 47.467 ms, 2 producer submission(s), streaming work excluded from GPU producer timing; t=50.390, BVH resident/budget 490.7/2048.0 MiB, builds/hits/evictions=190/958/0, scene builds=295
Frame phases 821: pre-render 0.015 ms, prepare 1.619 ms, primary repair 110.448 ms, shadow repair 62.268 ms, producer wait 48.380 ms; observer=2626413.29/1105702.41/2844.05, moved=43.43 m, roam=1, replaced=0, image=1600x900, LOD=1.500, shadows=1, minimap=1
Frame work 821: BVH built/hit/evicted=1/25/0, catalogue/instance/scene builds=1/18/1, cached/scene tiles=190/0, scene 0.0 MiB, selection/detail passes=18/19, fallback ray attempts=2672, GPU build/selection/detail=2.041/10.912/27.312 ms, CPU grouping=42.098 ms; atlas installed/evicted=69/69, I/O=35.073 MiB, resident=27/27
Camera preparation: wall 0.174 ms, GPU LOD 0.004 ms, plans/footprints=285/1
Slow stage: worker iteration wall 222.868 ms (inclusive)
LOD plan: sources=1591, changed finer/coarser=0/0, selected LOD-1=24
Frame 825: wall 50.316 ms, GPU producer 48.700 ms, 1 producer submission(s), resident trace and presentation combined; t=50.440, BVH resident/budget 490.7/2048.0 MiB, builds/hits/evictions=190/958/0, scene builds=296
Frame phases 825: pre-render 0.005 ms, prepare 1.345 ms, primary repair 0.000 ms, shadow repair 0.000 ms, producer wait 48.938 ms; observer=2626423.98/1105744.26/2842.29, moved=43.20 m, roam=1, replaced=0, image=1600x900, LOD=1.500, shadows=1, minimap=1
Frame work 825: BVH built/hit/evicted=0/0/0, catalogue/instance/scene builds=1/1/1, cached/scene tiles=190/115, scene 0.1 MiB, selection/detail passes=0/1, fallback ray attempts=0, GPU build/selection/detail=0.455/0.000/0.000 ms, CPU grouping=0.000 ms; atlas installed/evicted=0/0, I/O=0.000 MiB, resident=27/27
Camera preparation: wall 0.161 ms, GPU LOD 0.004 ms, plans/footprints=286/1
Minimap mask: 276x236, 1440000 rays, worker 28.029 ms, GPU 5.361 ms
LOD plan: sources=1591, changed finer/coarser=1/1, selected LOD-1=25
Minimap publish: request-to-image 29.373 ms
Minimap mask: 276x236, 1440000 rays, worker 45.056 ms, GPU 7.950 ms
Minimap publish: request-to-image 45.096 ms
Slow stage: terrain frame wall 184.158 ms (inclusive)
Frame 827: wall 184.169 ms, GPU producer 49.392 ms, 2 producer submission(s), streaming work excluded from GPU producer timing; t=50.624, BVH resident/budget 501.0/2048.0 MiB, builds/hits/evictions=191/969/0, scene builds=297
Frame phases 827: pre-render 0.018 ms, prepare 1.731 ms, primary repair 71.562 ms, shadow repair 60.359 ms, producer wait 50.420 ms; observer=2626429.29/1105765.21/2841.40, moved=21.60 m, roam=1, replaced=0, image=1600x900, LOD=1.500, shadows=1, minimap=1
Frame work 827: BVH built/hit/evicted=1/11/0, catalogue/instance/scene builds=1/8/1, cached/scene tiles=191/0, scene 0.0 MiB, selection/detail passes=8/9, fallback ray attempts=56226, GPU build/selection/detail=4.796/4.285/27.904 ms, CPU grouping=20.103 ms; atlas installed/evicted=68/68, I/O=36.449 MiB, resident=27/27
Camera preparation: wall 0.199 ms, GPU LOD 0.004 ms, plans/footprints=287/1
Slow stage: worker iteration wall 184.227 ms (inclusive)
LOD plan: sources=1591, changed finer/coarser=1/0, selected LOD-1=26
Minimap mask: 276x236, 1440000 rays, worker 26.331 ms, GPU 4.689 ms
Minimap publish: request-to-image 26.368 ms
Slow stage: primary repair wall 138.868 ms (inclusive)
Slow stage: terrain frame wall 244.250 ms (inclusive)
Frame 831: wall 244.262 ms, GPU producer 46.480 ms, 2 producer submission(s), streaming work excluded from GPU producer timing; t=50.868, BVH resident/budget 511.3/2048.0 MiB, builds/hits/evictions=192/1020/0, scene builds=298
Frame phases 831: pre-render 0.018 ms, prepare 1.570 ms, primary repair 138.868 ms, shadow repair 56.271 ms, producer wait 47.462 ms; observer=2626439.82/1105806.98/2839.63, moved=43.08 m, roam=1, replaced=0, image=1600x900, LOD=1.500, shadows=1, minimap=1
Frame work 831: BVH built/hit/evicted=1/51/0, catalogue/instance/scene builds=1/22/1, cached/scene tiles=192/0, scene 0.0 MiB, selection/detail passes=22/23, fallback ray attempts=75720, GPU build/selection/detail=5.994/13.176/28.675 ms, CPU grouping=51.050 ms; atlas installed/evicted=68/68, I/O=37.951 MiB, resident=27/27
Camera preparation: wall 0.198 ms, GPU LOD 0.004 ms, plans/footprints=288/1
Slow stage: worker iteration wall 244.348 ms (inclusive)
LOD plan: sources=1591, changed finer/coarser=1/0, selected LOD-1=26
Minimap mask: 276x236, 1440000 rays, worker 40.398 ms, GPU 7.441 ms
Minimap publish: request-to-image 41.566 ms
Slow stage: terrain frame wall 187.656 ms (inclusive)
Frame 835: wall 187.661 ms, GPU producer 48.729 ms, 2 producer submission(s), streaming work excluded from GPU producer timing; t=51.056, BVH resident/budget 511.9/2048.0 MiB, builds/hits/evictions=193/1031/0, scene builds=299
Frame phases 835: pre-render 0.007 ms, prepare 1.497 ms, primary repair 80.378 ms, shadow repair 56.118 ms, producer wait 49.604 ms; observer=2626450.32/1105849.03/2837.84, moved=43.34 m, roam=1, replaced=0, image=1600x900, LOD=1.500, shadows=1, minimap=1
Frame work 835: BVH built/hit/evicted=1/11/0, catalogue/instance/scene builds=1/13/1, cached/scene tiles=193/0, scene 0.0 MiB, selection/detail passes=13/14, fallback ray attempts=2, GPU build/selection/detail=1.568/6.612/27.028 ms, CPU grouping=26.810 ms; atlas installed/evicted=72/72, I/O=38.642 MiB, resident=27/27
Camera preparation: wall 0.198 ms, GPU LOD 0.004 ms, plans/footprints=289/1
Slow stage: worker iteration wall 187.714 ms (inclusive)
LOD plan: sources=1591, changed finer/coarser=0/1, selected LOD-1=26
Minimap mask: 276x236, 1440000 rays, worker 27.808 ms, GPU 5.467 ms
Minimap publish: request-to-image 27.838 ms
Slow stage: terrain frame wall 169.319 ms (inclusive)
Frame 839: wall 169.325 ms, GPU producer 49.208 ms, 2 producer submission(s), streaming work excluded from GPU producer timing; t=51.226, BVH resident/budget 514.5/2048.0 MiB, builds/hits/evictions=194/1035/0, scene builds=300
Frame phases 839: pre-render 0.007 ms, prepare 1.354 ms, primary repair 59.366 ms, shadow repair 58.391 ms, producer wait 50.144 ms; observer=2626460.67/1105890.88/2836.05, moved=43.11 m, roam=1, replaced=0, image=1600x900, LOD=1.500, shadows=1, minimap=1
Frame work 839: BVH built/hit/evicted=1/4/0, catalogue/instance/scene builds=1/6/1, cached/scene tiles=194/0, scene 0.0 MiB, selection/detail passes=6/7, fallback ray attempts=2, GPU build/selection/detail=1.796/2.639/26.428 ms, CPU grouping=13.210 ms; atlas installed/evicted=71/71, I/O=38.986 MiB, resident=27/27
Camera preparation: wall 0.156 ms, GPU LOD 0.004 ms, plans/footprints=290/1
Slow stage: worker iteration wall 169.380 ms (inclusive)
LOD plan: sources=1591, changed finer/coarser=1/1, selected LOD-1=26
Health t=51.269: memory ok footprint/resident 1123.3/640.8 MiB, Metal allocated/recommended 913.5/18186.2 MiB, thermal=0
Health t=51.269: worker stage=render age=42.7 ms, calls=570 revision=839, submitted/completed/presented=0/0/0, stale=0 unavailable=0 refreshed=0
Health t=51.269: display stage=idle age=22.8 ms, calls=1513 revision=839, submitted/completed/presented=1513/1512/1512, stale=0 unavailable=0 refreshed=0
Health t=51.269: minimap stage=mask-gpu age=22.9 ms, calls=396 revision=0, submitted/completed/presented=396/395/393, stale=2 unavailable=0 refreshed=579
Health t=51.269: terrain stage=producer wait age=41.2 ms
Minimap mask: 276x236, 1440000 rays, worker 28.547 ms, GPU 5.819 ms
Minimap publish: request-to-image 28.584 ms
Slow stage: terrain frame wall 206.122 ms (inclusive)
Frame 843: wall 206.587 ms, GPU producer 46.792 ms, 2 producer submission(s), streaming work excluded from GPU producer timing; t=51.432, BVH resident/budget 517.7/2048.0 MiB, builds/hits/evictions=196/1052/0, scene builds=301
Frame phases 843: pre-render 0.471 ms, prepare 1.480 ms, primary repair 97.402 ms, shadow repair 59.417 ms, producer wait 47.744 ms; observer=2626470.97/1105932.87/2834.24, moved=43.23 m, roam=1, replaced=0, image=1600x900, LOD=1.500, shadows=1, minimap=1
Frame work 843: BVH built/hit/evicted=2/17/0, catalogue/instance/scene builds=1/15/1, cached/scene tiles=196/0, scene 0.0 MiB, selection/detail passes=15/16, fallback ray attempts=20, GPU build/selection/detail=2.943/8.811/25.819 ms, CPU grouping=33.530 ms; atlas installed/evicted=72/72, I/O=41.116 MiB, resident=27/27
Camera preparation: wall 0.163 ms, GPU LOD 0.004 ms, plans/footprints=291/1
Slow stage: worker iteration wall 206.650 ms (inclusive)
LOD plan: sources=1591, changed finer/coarser=0/2, selected LOD-1=26
Minimap mask: 276x236, 1440000 rays, worker 35.220 ms, GPU 6.898 ms
Minimap publish: request-to-image 36.282 ms
Slow stage: terrain frame wall 169.154 ms (inclusive)
Frame 847: wall 169.160 ms, GPU producer 47.124 ms, 2 producer submission(s), streaming work excluded from GPU producer timing; t=51.601, BVH resident/budget 518.3/2048.0 MiB, builds/hits/evictions=197/1058/0, scene builds=302
Frame phases 847: pre-render 0.008 ms, prepare 1.536 ms, primary repair 62.512 ms, shadow repair 57.001 ms, producer wait 47.995 ms; observer=2626481.14/1105974.77/2832.43, moved=43.12 m, roam=1, replaced=0, image=1600x900, LOD=1.500, shadows=1, minimap=1
Frame work 847: BVH built/hit/evicted=1/6/0, catalogue/instance/scene builds=1/8/1, cached/scene tiles=197/0, scene 0.0 MiB, selection/detail passes=8/9, fallback ray attempts=2, GPU build/selection/detail=1.317/3.654/26.176 ms, CPU grouping=18.138 ms; atlas installed/evicted=71/71, I/O=38.610 MiB, resident=27/27
Camera preparation: wall 0.206 ms, GPU LOD 0.004 ms, plans/footprints=292/1
Slow stage: worker iteration wall 169.221 ms (inclusive)
LOD plan: sources=1591, changed finer/coarser=2/0, selected LOD-1=26
Minimap mask: 276x236, 1440000 rays, worker 38.895 ms, GPU 5.793 ms
Minimap publish: request-to-image 41.142 ms
Slow stage: primary repair wall 112.534 ms (inclusive)
Slow stage: terrain frame wall 216.755 ms (inclusive)
Frame 851: wall 216.761 ms, GPU producer 48.049 ms, 2 producer submission(s), streaming work excluded from GPU producer timing; t=51.818, BVH resident/budget 520.9/2048.0 MiB, builds/hits/evictions=198/1097/0, scene builds=303
Frame phases 851: pre-render 0.007 ms, prepare 1.484 ms, primary repair 112.534 ms, shadow repair 53.756 ms, producer wait 48.907 ms; observer=2626491.28/1106016.92/2830.60, moved=43.35 m, roam=1, replaced=0, image=1600x900, LOD=1.500, shadows=1, minimap=1
Frame work 851: BVH built/hit/evicted=1/39/0, catalogue/instance/scene builds=1/21/1, cached/scene tiles=198/0, scene 0.0 MiB, selection/detail passes=21/22, fallback ray attempts=11752, GPU build/selection/detail=2.814/12.358/27.614 ms, CPU grouping=43.951 ms; atlas installed/evicted=67/67, I/O=36.699 MiB, resident=27/27
Camera preparation: wall 0.184 ms, GPU LOD 0.003 ms, plans/footprints=293/1
Slow stage: worker iteration wall 216.812 ms (inclusive)
LOD plan: sources=1591, changed finer/coarser=0/2, selected LOD-1=25
Frame 855: wall 49.573 ms, GPU producer 46.315 ms, 1 producer submission(s), resident trace and presentation combined; t=51.868, BVH resident/budget 520.9/2048.0 MiB, builds/hits/evictions=198/1097/0, scene builds=304
Frame phases 855: pre-render 0.005 ms, prepare 2.983 ms, primary repair 0.000 ms, shadow repair 0.000 ms, producer wait 46.558 ms; observer=2626501.29/1106058.92/2828.77, moved=43.18 m, roam=1, replaced=0, image=1600x900, LOD=1.500, shadows=1, minimap=1
Frame work 855: BVH built/hit/evicted=0/0/0, catalogue/instance/scene builds=1/1/1, cached/scene tiles=198/118, scene 0.1 MiB, selection/detail passes=0/1, fallback ray attempts=0, GPU build/selection/detail=0.522/0.000/0.000 ms, CPU grouping=0.000 ms; atlas installed/evicted=0/0, I/O=0.000 MiB, resident=27/27
Minimap mask: 276x236, 1440000 rays, worker 23.196 ms, GPU 2.092 ms
Camera preparation: wall 0.168 ms, GPU LOD 0.004 ms, plans/footprints=294/1
Minimap publish: request-to-image 24.962 ms
Minimap mask: 276x236, 1440000 rays, worker 1.675 ms, GPU 0.882 ms
Minimap publish: request-to-image 1.707 ms
Frame 856: wall 48.901 ms, GPU producer 48.333 ms, 1 producer submission(s), resident trace and presentation combined; t=51.947, BVH resident/budget 520.9/2048.0 MiB, builds/hits/evictions=198/1097/0, scene builds=304
Frame phases 856: pre-render 0.009 ms, prepare 0.083 ms, primary repair 0.000 ms, shadow repair 0.000 ms, producer wait 48.761 ms; observer=2626501.29/1106058.92/2828.77, moved=0.00 m, roam=0, replaced=0, image=1600x900, LOD=1.500, shadows=1, minimap=1
Frame work 856: BVH built/hit/evicted=0/0/0, catalogue/instance/scene builds=0/0/0, cached/scene tiles=198/118, scene 0.1 MiB, selection/detail passes=0/1, fallback ray attempts=0, GPU build/selection/detail=0.000/0.000/0.000 ms, CPU grouping=0.000 ms; atlas installed/evicted=0/0, I/O=0.000 MiB, resident=27/27
Camera preparation: wall 0.000 ms, GPU LOD 0.000 ms, plans/footprints=294/1
LOD plan: sources=1591, changed finer/coarser=0/1, selected LOD-1=24
Frame 857: wall 50.798 ms, GPU producer 48.386 ms, 1 producer submission(s), resident trace and presentation combined; t=51.998, BVH resident/budget 520.9/2048.0 MiB, builds/hits/evictions=198/1097/0, scene builds=305
Frame phases 857: pre-render 0.007 ms, prepare 2.040 ms, primary repair 0.000 ms, shadow repair 0.000 ms, producer wait 48.692 ms; observer=2626506.23/1106079.83/2827.85, moved=21.49 m, roam=1, replaced=0, image=1600x900, LOD=1.500, shadows=1, minimap=1
Frame work 857: BVH built/hit/evicted=0/0/0, catalogue/instance/scene builds=1/1/1, cached/scene tiles=198/117, scene 0.1 MiB, selection/detail passes=0/1, fallback ray attempts=0, GPU build/selection/detail=0.482/0.000/0.000 ms, CPU grouping=0.000 ms; atlas installed/evicted=0/0, I/O=0.000 MiB, resident=27/27
Camera preparation: wall 0.220 ms, GPU LOD 0.004 ms, plans/footprints=295/1
Minimap mask: 276x236, 1440000 rays, worker 20.064 ms, GPU 10.174 ms
Minimap publish: request-to-image 20.130 ms
Minimap mask: 276x236, 1440000 rays, worker 39.114 ms, GPU 6.718 ms
Frame 858: wall 52.285 ms, GPU producer 51.805 ms, 1 producer submission(s), resident trace and presentation combined; t=52.051, BVH resident/budget 520.9/2048.0 MiB, builds/hits/evictions=198/1097/0, scene builds=305
Frame phases 858: pre-render 0.004 ms, prepare 0.085 ms, primary repair 0.000 ms, shadow repair 0.000 ms, producer wait 52.119 ms; observer=2626506.23/1106079.83/2827.85, moved=0.00 m, roam=0, replaced=0, image=1600x900, LOD=1.500, shadows=1, minimap=1
Frame work 858: BVH built/hit/evicted=0/0/0, catalogue/instance/scene builds=0/0/0, cached/scene tiles=198/117, scene 0.1 MiB, selection/detail passes=0/1, fallback ray attempts=0, GPU build/selection/detail=0.000/0.000/0.000 ms, CPU grouping=0.000 ms; atlas installed/evicted=0/0, I/O=0.000 MiB, resident=27/27
Camera preparation: wall 0.000 ms, GPU LOD 0.000 ms, plans/footprints=295/1
LOD plan: sources=1591, changed finer/coarser=0/1, selected LOD-1=24
Minimap publish: request-to-image 41.245 ms
Frame 859: wall 51.965 ms, GPU producer 49.620 ms, 1 producer submission(s), resident trace and presentation combined; t=52.103, BVH resident/budget 520.9/2048.0 MiB, builds/hits/evictions=198/1097/0, scene builds=306
Frame phases 859: pre-render 0.027 ms, prepare 2.001 ms, primary repair 0.000 ms, shadow repair 0.000 ms, producer wait 49.874 ms; observer=2626511.22/1106101.00/2826.92, moved=21.75 m, roam=1, replaced=0, image=1600x900, LOD=1.500, shadows=1, minimap=1
Frame work 859: BVH built/hit/evicted=0/0/0, catalogue/instance/scene builds=1/1/1, cached/scene tiles=198/117, scene 0.1 MiB, selection/detail passes=0/1, fallback ray attempts=0, GPU build/selection/detail=0.480/0.000/0.000 ms, CPU grouping=0.000 ms; atlas installed/evicted=0/0, I/O=0.000 MiB, resident=27/27
Camera preparation: wall 0.252 ms, GPU LOD 0.004 ms, plans/footprints=296/1
Minimap mask: 276x236, 1440000 rays, worker 25.293 ms, GPU 2.749 ms
Minimap publish: request-to-image 25.386 ms
LOD plan: sources=1591, changed finer/coarser=0/0, selected LOD-1=24
Frame 861: wall 51.430 ms, GPU producer 49.233 ms, 1 producer submission(s), resident trace and presentation combined; t=52.154, BVH resident/budget 520.9/2048.0 MiB, builds/hits/evictions=198/1097/0, scene builds=307
Frame phases 861: pre-render 0.008 ms, prepare 1.857 ms, primary repair 0.000 ms, shadow repair 0.000 ms, producer wait 49.512 ms; observer=2626516.12/1106121.93/2826.00, moved=21.49 m, roam=1, replaced=0, image=1600x900, LOD=1.500, shadows=1, minimap=1
Frame work 861: BVH built/hit/evicted=0/0/0, catalogue/instance/scene builds=1/1/1, cached/scene tiles=198/117, scene 0.1 MiB, selection/detail passes=0/1, fallback ray attempts=0, GPU build/selection/detail=0.448/0.000/0.000 ms, CPU grouping=0.000 ms; atlas installed/evicted=0/0, I/O=0.000 MiB, resident=27/27
Camera preparation: wall 0.249 ms, GPU LOD 0.004 ms, plans/footprints=297/1
Minimap mask: 276x236, 1440000 rays, worker 42.718 ms, GPU 11.193 ms
Minimap publish: request-to-image 42.809 ms
Minimap mask: 276x236, 1440000 rays, worker 2.168 ms, GPU 0.877 ms
Minimap publish: request-to-image 2.205 ms
Frame 862: wall 48.401 ms, GPU producer 47.963 ms, 1 producer submission(s), resident trace and presentation combined; t=52.247, BVH resident/budget 520.9/2048.0 MiB, builds/hits/evictions=198/1097/0, scene builds=307
Frame phases 862: pre-render 0.004 ms, prepare 0.088 ms, primary repair 0.000 ms, shadow repair 0.000 ms, producer wait 48.258 ms; observer=2626516.12/1106121.93/2826.00, moved=0.00 m, roam=0, replaced=0, image=1600x900, LOD=1.500, shadows=1, minimap=1
Frame work 862: BVH built/hit/evicted=0/0/0, catalogue/instance/scene builds=0/0/0, cached/scene tiles=198/117, scene 0.1 MiB, selection/detail passes=0/1, fallback ray attempts=0, GPU build/selection/detail=0.000/0.000/0.000 ms, CPU grouping=0.000 ms; atlas installed/evicted=0/0, I/O=0.000 MiB, resident=27/27
Camera preparation: wall 0.000 ms, GPU LOD 0.000 ms, plans/footprints=297/1
LOD plan: sources=1591, changed finer/coarser=2/0, selected LOD-1=24
Health t=52.274: memory ok footprint/resident 1144.5/643.0 MiB, Metal allocated/recommended 931.0/18186.2 MiB, thermal=0
Health t=52.274: worker stage=render age=26.8 ms, calls=580 revision=862, submitted/completed/presented=0/0/0, stale=0 unavailable=0 refreshed=0
Health t=52.274: display stage=idle age=31.7 ms, calls=1543 revision=861, submitted/completed/presented=1543/1543/1541, stale=0 unavailable=0 refreshed=0
Health t=52.274: minimap stage=idle age=90.9 ms, calls=405 revision=0, submitted/completed/presented=405/405/403, stale=2 unavailable=0 refreshed=592
Health t=52.274: terrain stage=producer wait age=24.8 ms
Frame 863: wall 51.639 ms, GPU producer 49.327 ms, 1 producer submission(s), resident trace and presentation combined; t=52.299, BVH resident/budget 520.9/2048.0 MiB, builds/hits/evictions=198/1097/0, scene builds=308
Frame phases 863: pre-render 0.010 ms, prepare 1.976 ms, primary repair 0.000 ms, shadow repair 0.000 ms, producer wait 49.591 ms; observer=2626521.05/1106143.07/2825.07, moved=21.71 m, roam=1, replaced=0, image=1600x900, LOD=1.500, shadows=1, minimap=1
Frame work 863: BVH built/hit/evicted=0/0/0, catalogue/instance/scene builds=1/1/1, cached/scene tiles=198/117, scene 0.1 MiB, selection/detail passes=0/1, fallback ray attempts=0, GPU build/selection/detail=0.469/0.000/0.000 ms, CPU grouping=0.000 ms; atlas installed/evicted=0/0, I/O=0.000 MiB, resident=27/27
Camera preparation: wall 0.232 ms, GPU LOD 0.004 ms, plans/footprints=298/1
Minimap mask: 276x236, 1440000 rays, worker 20.480 ms, GPU 4.960 ms
Minimap publish: request-to-image 20.605 ms
LOD plan: sources=1591, changed finer/coarser=0/0, selected LOD-1=24
Frame 865: wall 51.411 ms, GPU producer 49.180 ms, 1 producer submission(s), resident trace and presentation combined; t=52.350, BVH resident/budget 520.9/2048.0 MiB, builds/hits/evictions=198/1097/0, scene builds=309
Frame phases 865: pre-render 0.006 ms, prepare 1.907 ms, primary repair 0.000 ms, shadow repair 0.000 ms, producer wait 49.442 ms; observer=2626525.93/1106164.11/2824.14, moved=21.60 m, roam=1, replaced=0, image=1600x900, LOD=1.500, shadows=1, minimap=1
Frame work 865: BVH built/hit/evicted=0/0/0, catalogue/instance/scene builds=1/1/1, cached/scene tiles=198/117, scene 0.1 MiB, selection/detail passes=0/1, fallback ray attempts=0, GPU build/selection/detail=0.439/0.000/0.000 ms, CPU grouping=0.000 ms; atlas installed/evicted=0/0, I/O=0.000 MiB, resident=27/27
Camera preparation: wall 0.221 ms, GPU LOD 0.004 ms, plans/footprints=299/1
Minimap mask: 276x236, 1440000 rays, worker 37.207 ms, GPU 8.719 ms
Minimap publish: request-to-image 40.069 ms
Minimap mask: 276x236, 1440000 rays, worker 1.888 ms, GPU 0.863 ms
Minimap publish: request-to-image 6.164 ms
Frame 866: wall 48.762 ms, GPU producer 48.324 ms, 1 producer submission(s), resident trace and presentation combined; t=52.446, BVH resident/budget 520.9/2048.0 MiB, builds/hits/evictions=198/1097/0, scene builds=309
Frame phases 866: pre-render 0.003 ms, prepare 0.094 ms, primary repair 0.000 ms, shadow repair 0.000 ms, producer wait 48.603 ms; observer=2626525.93/1106164.11/2824.14, moved=0.00 m, roam=0, replaced=0, image=1600x900, LOD=1.500, shadows=1, minimap=1
Frame work 866: BVH built/hit/evicted=0/0/0, catalogue/instance/scene builds=0/0/0, cached/scene tiles=198/117, scene 0.1 MiB, selection/detail passes=0/1, fallback ray attempts=0, GPU build/selection/detail=0.000/0.000/0.000 ms, CPU grouping=0.000 ms; atlas installed/evicted=0/0, I/O=0.000 MiB, resident=27/27
Camera preparation: wall 0.000 ms, GPU LOD 0.000 ms, plans/footprints=299/1
LOD plan: sources=1591, changed finer/coarser=0/1, selected LOD-1=24
Frame 867: wall 51.785 ms, GPU producer 49.339 ms, 1 producer submission(s), resident trace and presentation combined; t=52.498, BVH resident/budget 520.9/2048.0 MiB, builds/hits/evictions=198/1097/0, scene builds=310
Frame phases 867: pre-render 0.006 ms, prepare 2.129 ms, primary repair 0.000 ms, shadow repair 0.000 ms, producer wait 49.589 ms; observer=2626530.75/1106184.95/2823.22, moved=21.39 m, roam=1, replaced=0, image=1600x900, LOD=1.500, shadows=1, minimap=1
Frame work 867: BVH built/hit/evicted=0/0/0, catalogue/instance/scene builds=1/1/1, cached/scene tiles=198/117, scene 0.1 MiB, selection/detail passes=0/1, fallback ray attempts=0, GPU build/selection/detail=0.459/0.000/0.000 ms, CPU grouping=0.000 ms; atlas installed/evicted=0/0, I/O=0.000 MiB, resident=27/27
Camera preparation: wall 0.257 ms, GPU LOD 0.004 ms, plans/footprints=300/1
Minimap mask: 276x236, 1440000 rays, worker 20.247 ms, GPU 4.902 ms
Minimap publish: request-to-image 20.313 ms
Minimap mask: 276x236, 1440000 rays, worker 35.088 ms, GPU 3.350 ms
Frame 868: wall 49.612 ms, GPU producer 49.088 ms, 1 producer submission(s), resident trace and presentation combined; t=52.548, BVH resident/budget 520.9/2048.0 MiB, builds/hits/evictions=198/1097/0, scene builds=310
Frame phases 868: pre-render 0.040 ms, prepare 0.080 ms, primary repair 0.000 ms, shadow repair 0.000 ms, producer wait 49.403 ms; observer=2626530.75/1106184.95/2823.22, moved=0.00 m, roam=0, replaced=0, image=1600x900, LOD=1.500, shadows=1, minimap=1
Frame work 868: BVH built/hit/evicted=0/0/0, catalogue/instance/scene builds=0/0/0, cached/scene tiles=198/117, scene 0.1 MiB, selection/detail passes=0/1, fallback ray attempts=0, GPU build/selection/detail=0.000/0.000/0.000 ms, CPU grouping=0.000 ms; atlas installed/evicted=0/0, I/O=0.000 MiB, resident=27/27
Camera preparation: wall 0.000 ms, GPU LOD 0.000 ms, plans/footprints=300/1
LOD plan: sources=1591, changed finer/coarser=0/1, selected LOD-1=23
Minimap publish: request-to-image 35.952 ms
Frame 869: wall 52.022 ms, GPU producer 49.402 ms, 1 producer submission(s), resident trace and presentation combined; t=52.600, BVH resident/budget 520.9/2048.0 MiB, builds/hits/evictions=198/1097/0, scene builds=311
Frame phases 869: pre-render 0.009 ms, prepare 2.303 ms, primary repair 0.000 ms, shadow repair 0.000 ms, producer wait 49.627 ms; observer=2626535.63/1106206.21/2822.28, moved=21.81 m, roam=1, replaced=0, image=1600x900, LOD=1.500, shadows=1, minimap=1
Frame work 869: BVH built/hit/evicted=0/0/0, catalogue/instance/scene builds=1/1/1, cached/scene tiles=198/116, scene 0.1 MiB, selection/detail passes=0/1, fallback ray attempts=0, GPU build/selection/detail=0.552/0.000/0.000 ms, CPU grouping=0.000 ms; atlas installed/evicted=0/0, I/O=0.000 MiB, resident=27/27
Camera preparation: wall 0.254 ms, GPU LOD 0.004 ms, plans/footprints=301/1
Minimap mask: 276x236, 1440000 rays, worker 22.581 ms, GPU 9.637 ms
LOD plan: sources=1591, changed finer/coarser=0/2, selected LOD-1=23
Minimap publish: request-to-image 25.307 ms
Frame 871: wall 52.717 ms, GPU producer 50.472 ms, 1 producer submission(s), resident trace and presentation combined; t=52.653, BVH resident/budget 520.9/2048.0 MiB, builds/hits/evictions=198/1097/0, scene builds=312
Frame phases 871: pre-render 0.007 ms, prepare 1.917 ms, primary repair 0.000 ms, shadow repair 0.000 ms, producer wait 50.741 ms; observer=2626540.40/1106227.09/2821.35, moved=21.42 m, roam=1, replaced=0, image=1600x900, LOD=1.500, shadows=1, minimap=1
Frame work 871: BVH built/hit/evicted=0/0/0, catalogue/instance/scene builds=1/1/1, cached/scene tiles=198/116, scene 0.1 MiB, selection/detail passes=0/1, fallback ray attempts=0, GPU build/selection/detail=0.412/0.000/0.000 ms, CPU grouping=0.000 ms; atlas installed/evicted=0/0, I/O=0.000 MiB, resident=27/27
Camera preparation: wall 0.243 ms, GPU LOD 0.004 ms, plans/footprints=302/1
Minimap mask: 276x236, 1440000 rays, worker 41.909 ms, GPU 6.362 ms
Minimap publish: request-to-image 42.011 ms
Minimap mask: 276x236, 1440000 rays, worker 2.010 ms, GPU 0.980 ms
Minimap publish: request-to-image 3.061 ms
Frame 872: wall 49.705 ms, GPU producer 48.074 ms, 1 producer submission(s), resident trace and presentation combined; t=52.748, BVH resident/budget 520.9/2048.0 MiB, builds/hits/evictions=198/1097/0, scene builds=312
Frame phases 872: pre-render 0.005 ms, prepare 0.148 ms, primary repair 0.000 ms, shadow repair 0.000 ms, producer wait 49.459 ms; observer=2626540.40/1106227.09/2821.35, moved=0.00 m, roam=0, replaced=0, image=1600x900, LOD=1.500, shadows=1, minimap=1
Frame work 872: BVH built/hit/evicted=0/0/0, catalogue/instance/scene builds=0/0/0, cached/scene tiles=198/116, scene 0.1 MiB, selection/detail passes=0/1, fallback ray attempts=0, GPU build/selection/detail=0.000/0.000/0.000 ms, CPU grouping=0.000 ms; atlas installed/evicted=0/0, I/O=0.000 MiB, resident=27/27
Camera preparation: wall 0.001 ms, GPU LOD 0.000 ms, plans/footprints=302/1
LOD plan: sources=1591, changed finer/coarser=0/0, selected LOD-1=23
Frame 873: wall 51.834 ms, GPU producer 49.480 ms, 1 producer submission(s), resident trace and presentation combined; t=52.800, BVH resident/budget 520.9/2048.0 MiB, builds/hits/evictions=198/1097/0, scene builds=313
Frame phases 873: pre-render 0.008 ms, prepare 1.990 ms, primary repair 0.000 ms, shadow repair 0.000 ms, producer wait 49.773 ms; observer=2626545.24/1106248.33/2820.40, moved=21.79 m, roam=1, replaced=0, image=1600x900, LOD=1.500, shadows=1, minimap=1
Frame work 873: BVH built/hit/evicted=0/0/0, catalogue/instance/scene builds=1/1/1, cached/scene tiles=198/116, scene 0.1 MiB, selection/detail passes=0/1, fallback ray attempts=0, GPU build/selection/detail=0.463/0.000/0.000 ms, CPU grouping=0.000 ms; atlas installed/evicted=0/0, I/O=0.000 MiB, resident=27/27
Camera preparation: wall 0.240 ms, GPU LOD 0.004 ms, plans/footprints=303/1
Minimap mask: 276x236, 1440000 rays, worker 22.277 ms, GPU 7.874 ms
LOD plan: sources=1591, changed finer/coarser=0/0, selected LOD-1=23
Minimap publish: request-to-image 24.582 ms
Frame 875: wall 52.454 ms, GPU producer 50.083 ms, 1 producer submission(s), resident trace and presentation combined; t=52.853, BVH resident/budget 520.9/2048.0 MiB, builds/hits/evictions=198/1097/0, scene builds=314
Frame phases 875: pre-render 0.023 ms, prepare 1.973 ms, primary repair 0.000 ms, shadow repair 0.000 ms, producer wait 50.400 ms; observer=2626549.97/1106269.23/2819.47, moved=21.43 m, roam=1, replaced=0, image=1600x900, LOD=1.500, shadows=1, minimap=1
Frame work 875: BVH built/hit/evicted=0/0/0, catalogue/instance/scene builds=1/1/1, cached/scene tiles=198/116, scene 0.1 MiB, selection/detail passes=0/1, fallback ray attempts=0, GPU build/selection/detail=0.414/0.000/0.000 ms, CPU grouping=0.000 ms; atlas installed/evicted=0/0, I/O=0.000 MiB, resident=27/27
Camera preparation: wall 0.232 ms, GPU LOD 0.004 ms, plans/footprints=304/1
Minimap mask: 276x236, 1440000 rays, worker 41.514 ms, GPU 7.699 ms
Minimap publish: request-to-image 41.612 ms
Minimap mask: 276x236, 1440000 rays, worker 2.168 ms, GPU 1.057 ms
Minimap publish: request-to-image 3.067 ms
Frame 876: wall 48.869 ms, GPU producer 48.058 ms, 1 producer submission(s), resident trace and presentation combined; t=52.947, BVH resident/budget 520.9/2048.0 MiB, builds/hits/evictions=198/1097/0, scene builds=314
Frame phases 876: pre-render 0.005 ms, prepare 0.088 ms, primary repair 0.000 ms, shadow repair 0.000 ms, producer wait 48.729 ms; observer=2626549.97/1106269.23/2819.47, moved=0.00 m, roam=0, replaced=0, image=1600x900, LOD=1.500, shadows=1, minimap=1
Frame work 876: BVH built/hit/evicted=0/0/0, catalogue/instance/scene builds=0/0/0, cached/scene tiles=198/116, scene 0.1 MiB, selection/detail passes=0/1, fallback ray attempts=0, GPU build/selection/detail=0.000/0.000/0.000 ms, CPU grouping=0.000 ms; atlas installed/evicted=0/0, I/O=0.000 MiB, resident=27/27
Camera preparation: wall 0.000 ms, GPU LOD 0.000 ms, plans/footprints=304/1
LOD plan: sources=1591, changed finer/coarser=0/0, selected LOD-1=23
Frame 877: wall 51.863 ms, GPU producer 49.665 ms, 1 producer submission(s), resident trace and presentation combined; t=52.999, BVH resident/budget 520.9/2048.0 MiB, builds/hits/evictions=198/1097/0, scene builds=315
Frame phases 877: pre-render 0.007 ms, prepare 1.844 ms, primary repair 0.000 ms, shadow repair 0.000 ms, producer wait 49.956 ms; observer=2626554.72/1106290.32/2818.52, moved=21.62 m, roam=1, replaced=0, image=1600x900, LOD=1.500, shadows=1, minimap=1
Frame work 877: BVH built/hit/evicted=0/0/0, catalogue/instance/scene builds=1/1/1, cached/scene tiles=198/116, scene 0.1 MiB, selection/detail passes=0/1, fallback ray attempts=0, GPU build/selection/detail=0.433/0.000/0.000 ms, CPU grouping=0.000 ms; atlas installed/evicted=0/0, I/O=0.000 MiB, resident=27/27
Camera preparation: wall 0.216 ms, GPU LOD 0.004 ms, plans/footprints=305/1
Minimap mask: 276x236, 1440000 rays, worker 22.029 ms, GPU 5.748 ms
Minimap publish: request-to-image 22.134 ms
LOD plan: sources=1591, changed finer/coarser=0/0, selected LOD-1=23
Frame 879: wall 52.642 ms, GPU producer 50.277 ms, 1 producer submission(s), resident trace and presentation combined; t=53.051, BVH resident/budget 520.9/2048.0 MiB, builds/hits/evictions=198/1097/0, scene builds=316
Frame phases 879: pre-render 0.007 ms, prepare 1.910 ms, primary repair 0.000 ms, shadow repair 0.000 ms, producer wait 50.669 ms; observer=2626559.49/1106311.56/2817.57, moved=21.77 m, roam=1, replaced=0, image=1600x900, LOD=1.500, shadows=1, minimap=1
Frame work 879: BVH built/hit/evicted=0/0/0, catalogue/instance/scene builds=1/1/1, cached/scene tiles=198/116, scene 0.1 MiB, selection/detail passes=0/1, fallback ray attempts=0, GPU build/selection/detail=0.428/0.000/0.000 ms, CPU grouping=0.000 ms; atlas installed/evicted=0/0, I/O=0.000 MiB, resident=27/27
Camera preparation: wall 0.226 ms, GPU LOD 0.004 ms, plans/footprints=306/1
Minimap mask: 276x236, 1440000 rays, worker 40.651 ms, GPU 7.845 ms
Minimap publish: request-to-image 42.329 ms
Minimap mask: 276x236, 1440000 rays, worker 2.417 ms, GPU 1.111 ms
Minimap publish: request-to-image 9.745 ms
Frame 880: wall 49.184 ms, GPU producer 48.417 ms, 1 producer submission(s), resident trace and presentation combined; t=53.147, BVH resident/budget 520.9/2048.0 MiB, builds/hits/evictions=198/1097/0, scene builds=316
Frame phases 880: pre-render 0.006 ms, prepare 0.100 ms, primary repair 0.000 ms, shadow repair 0.000 ms, producer wait 49.010 ms; observer=2626559.49/1106311.56/2817.57, moved=0.00 m, roam=0, replaced=0, image=1600x900, LOD=1.500, shadows=1, minimap=1
Frame work 880: BVH built/hit/evicted=0/0/0, catalogue/instance/scene builds=0/0/0, cached/scene tiles=198/116, scene 0.1 MiB, selection/detail passes=0/1, fallback ray attempts=0, GPU build/selection/detail=0.000/0.000/0.000 ms, CPU grouping=0.000 ms; atlas installed/evicted=0/0, I/O=0.000 MiB, resident=27/27
Camera preparation: wall 0.001 ms, GPU LOD 0.000 ms, plans/footprints=306/1
LOD plan: sources=1591, changed finer/coarser=0/0, selected LOD-1=23
Frame 881: wall 52.681 ms, GPU producer 49.724 ms, 1 producer submission(s), resident trace and presentation combined; t=53.200, BVH resident/budget 520.9/2048.0 MiB, builds/hits/evictions=198/1097/0, scene builds=317
Frame phases 881: pre-render 0.009 ms, prepare 2.440 ms, primary repair 0.000 ms, shadow repair 0.000 ms, producer wait 50.139 ms; observer=2626564.19/1106332.58/2816.63, moved=21.54 m, roam=1, replaced=0, image=1600x900, LOD=1.500, shadows=1, minimap=1
Frame work 881: BVH built/hit/evicted=0/0/0, catalogue/instance/scene builds=1/1/1, cached/scene tiles=198/116, scene 0.1 MiB, selection/detail passes=0/1, fallback ray attempts=0, GPU build/selection/detail=0.471/0.000/0.000 ms, CPU grouping=0.000 ms; atlas installed/evicted=0/0, I/O=0.000 MiB, resident=27/27
Minimap mask: 276x236, 1440000 rays, worker 23.796 ms, GPU 5.631 ms
Camera preparation: wall 0.263 ms, GPU LOD 0.004 ms, plans/footprints=307/1
LOD plan: sources=1591, changed finer/coarser=0/0, selected LOD-1=23
Minimap publish: request-to-image 31.370 ms
Frame 883: wall 53.586 ms, GPU producer 50.337 ms, 1 producer submission(s), resident trace and presentation combined; t=53.254, BVH resident/budget 520.9/2048.0 MiB, builds/hits/evictions=198/1097/0, scene builds=318
Frame phases 883: pre-render 0.007 ms, prepare 2.837 ms, primary repair 0.000 ms, shadow repair 0.000 ms, producer wait 50.653 ms; observer=2626568.89/1106353.61/2815.68, moved=21.55 m, roam=1, replaced=0, image=1600x900, LOD=1.500, shadows=1, minimap=1
Frame work 883: BVH built/hit/evicted=0/0/0, catalogue/instance/scene builds=1/1/1, cached/scene tiles=198/116, scene 0.1 MiB, selection/detail passes=0/1, fallback ray attempts=0, GPU build/selection/detail=0.421/0.000/0.000 ms, CPU grouping=0.000 ms; atlas installed/evicted=0/0, I/O=0.000 MiB, resident=27/27
Camera preparation: wall 0.260 ms, GPU LOD 0.004 ms, plans/footprints=308/1
Minimap mask: 276x236, 1440000 rays, worker 38.645 ms, GPU 6.734 ms
Minimap publish: request-to-image 38.697 ms
Health t=53.278: memory ok footprint/resident 1135.6/645.0 MiB, Metal allocated/recommended 909.0/18186.2 MiB, thermal=0
Health t=53.278: worker stage=idle age=23.7 ms, calls=600 revision=883, submitted/completed/presented=0/0/0, stale=0 unavailable=0 refreshed=0
Health t=53.278: display stage=ui-update age=2.2 ms, calls=1574 revision=883, submitted/completed/presented=1574/1574/1572, stale=0 unavailable=0 refreshed=0
Health t=53.278: minimap stage=idle age=23.7 ms, calls=421 revision=0, submitted/completed/presented=421/421/419, stale=2 unavailable=0 refreshed=607
Health t=53.278: terrain stage=idle age=53277.6 ms
Minimap mask: 276x236, 1440000 rays, worker 2.138 ms, GPU 0.997 ms
Minimap publish: request-to-image 3.138 ms
Frame 884: wall 48.823 ms, GPU producer 48.014 ms, 1 producer submission(s), resident trace and presentation combined; t=53.347, BVH resident/budget 520.9/2048.0 MiB, builds/hits/evictions=198/1097/0, scene builds=318
Frame phases 884: pre-render 0.005 ms, prepare 0.096 ms, primary repair 0.000 ms, shadow repair 0.000 ms, producer wait 48.672 ms; observer=2626568.89/1106353.61/2815.68, moved=0.00 m, roam=0, replaced=0, image=1600x900, LOD=1.500, shadows=1, minimap=1
Frame work 884: BVH built/hit/evicted=0/0/0, catalogue/instance/scene builds=0/0/0, cached/scene tiles=198/116, scene 0.1 MiB, selection/detail passes=0/1, fallback ray attempts=0, GPU build/selection/detail=0.000/0.000/0.000 ms, CPU grouping=0.000 ms; atlas installed/evicted=0/0, I/O=0.000 MiB, resident=27/27
Camera preparation: wall 0.000 ms, GPU LOD 0.000 ms, plans/footprints=308/1
LOD plan: sources=1591, changed finer/coarser=0/0, selected LOD-1=23
Frame 885: wall 51.915 ms, GPU producer 49.558 ms, 1 producer submission(s), resident trace and presentation combined; t=53.399, BVH resident/budget 520.9/2048.0 MiB, builds/hits/evictions=198/1097/0, scene builds=319
Frame phases 885: pre-render 0.007 ms, prepare 1.867 ms, primary repair 0.000 ms, shadow repair 0.000 ms, producer wait 49.985 ms; observer=2626573.58/1106374.64/2814.73, moved=21.55 m, roam=1, replaced=0, image=1600x900, LOD=1.500, shadows=1, minimap=1
Frame work 885: BVH built/hit/evicted=0/0/0, catalogue/instance/scene builds=1/1/1, cached/scene tiles=198/116, scene 0.1 MiB, selection/detail passes=0/1, fallback ray attempts=0, GPU build/selection/detail=0.434/0.000/0.000 ms, CPU grouping=0.000 ms; atlas installed/evicted=0/0, I/O=0.000 MiB, resident=27/27
Camera preparation: wall 0.229 ms, GPU LOD 0.004 ms, plans/footprints=309/1
Minimap mask: 276x236, 1440000 rays, worker 20.814 ms, GPU 5.999 ms
Minimap publish: request-to-image 21.014 ms
LOD plan: sources=1591, changed finer/coarser=1/4, selected LOD-1=23
Minimap mask: 276x236, 1440000 rays, worker 39.575 ms, GPU 8.177 ms
Minimap publish: request-to-image 41.288 ms
Slow stage: primary repair wall 117.629 ms (inclusive)
Slow stage: terrain frame wall 233.489 ms (inclusive)
Frame 887: wall 233.500 ms, GPU producer 50.745 ms, 2 producer submission(s), streaming work excluded from GPU producer timing; t=53.632, BVH resident/budget 521.5/2048.0 MiB, builds/hits/evictions=199/1116/0, scene builds=320
Frame phases 887: pre-render 0.018 ms, prepare 1.976 ms, primary repair 117.629 ms, shadow repair 62.041 ms, producer wait 51.724 ms; observer=2626578.32/1106395.89/2813.76, moved=21.77 m, roam=1, replaced=0, image=1600x900, LOD=1.500, shadows=1, minimap=1
Frame work 887: BVH built/hit/evicted=1/19/0, catalogue/instance/scene builds=1/17/1, cached/scene tiles=199/0, scene 0.0 MiB, selection/detail passes=17/18, fallback ray attempts=836, GPU build/selection/detail=1.842/10.017/26.569 ms, CPU grouping=44.001 ms; atlas installed/evicted=69/69, I/O=34.979 MiB, resident=27/27
Camera preparation: wall 0.220 ms, GPU LOD 0.004 ms, plans/footprints=310/1
Slow stage: worker iteration wall 233.555 ms (inclusive)
LOD plan: sources=1591, changed finer/coarser=2/1, selected LOD-1=23
Minimap mask: 276x236, 1440000 rays, worker 35.722 ms, GPU 4.965 ms
Frame 891: wall 48.859 ms, GPU producer 47.081 ms, 1 producer submission(s), resident trace and presentation combined; t=53.681, BVH resident/budget 521.5/2048.0 MiB, builds/hits/evictions=199/1116/0, scene builds=321
Frame phases 891: pre-render 0.021 ms, prepare 1.477 ms, primary repair 0.000 ms, shadow repair 0.000 ms, producer wait 47.330 ms; observer=2626587.64/1106437.86/2811.86, moved=42.99 m, roam=1, replaced=0, image=1600x900, LOD=1.500, shadows=1, minimap=1
Frame work 891: BVH built/hit/evicted=0/0/0, catalogue/instance/scene builds=1/1/1, cached/scene tiles=199/116, scene 0.1 MiB, selection/detail passes=0/1, fallback ray attempts=0, GPU build/selection/detail=0.470/0.000/0.000 ms, CPU grouping=0.000 ms; atlas installed/evicted=0/0, I/O=0.000 MiB, resident=27/27
Camera preparation: wall 0.203 ms, GPU LOD 0.004 ms, plans/footprints=311/1
Minimap publish: request-to-image 36.926 ms
Frame 892: wall 51.466 ms, GPU producer 50.840 ms, 1 producer submission(s), resident trace and presentation combined; t=53.750, BVH resident/budget 521.5/2048.0 MiB, builds/hits/evictions=199/1116/0, scene builds=321
Frame phases 892: pre-render 0.005 ms, prepare 0.072 ms, primary repair 0.000 ms, shadow repair 0.000 ms, producer wait 51.345 ms; observer=2626587.64/1106437.86/2811.86, moved=0.00 m, roam=0, replaced=0, image=1600x900, LOD=1.500, shadows=1, minimap=1
Frame work 892: BVH built/hit/evicted=0/0/0, catalogue/instance/scene builds=0/0/0, cached/scene tiles=199/116, scene 0.1 MiB, selection/detail passes=0/1, fallback ray attempts=0, GPU build/selection/detail=0.000/0.000/0.000 ms, CPU grouping=0.000 ms; atlas installed/evicted=0/0, I/O=0.000 MiB, resident=27/27
Minimap mask: 276x236, 1440000 rays, worker 37.786 ms, GPU 8.927 ms
Camera preparation: wall 0.000 ms, GPU LOD 0.000 ms, plans/footprints=311/1
LOD plan: sources=1591, changed finer/coarser=0/1, selected LOD-1=23
Minimap publish: request-to-image 40.995 ms
Frame 893: wall 51.901 ms, GPU producer 49.873 ms, 1 producer submission(s), resident trace and presentation combined; t=53.802, BVH resident/budget 521.5/2048.0 MiB, builds/hits/evictions=199/1116/0, scene builds=322
Frame phases 893: pre-render 0.009 ms, prepare 1.756 ms, primary repair 0.000 ms, shadow repair 0.000 ms, producer wait 50.078 ms; observer=2626592.35/1106459.10/2810.89, moved=21.75 m, roam=1, replaced=0, image=1600x900, LOD=1.500, shadows=1, minimap=1
Frame work 893: BVH built/hit/evicted=0/0/0, catalogue/instance/scene builds=1/1/1, cached/scene tiles=199/116, scene 0.1 MiB, selection/detail passes=0/1, fallback ray attempts=0, GPU build/selection/detail=0.615/0.000/0.000 ms, CPU grouping=0.000 ms; atlas installed/evicted=0/0, I/O=0.000 MiB, resident=27/27
Camera preparation: wall 0.186 ms, GPU LOD 0.004 ms, plans/footprints=312/1
Minimap mask: 276x236, 1440000 rays, worker 24.584 ms, GPU 0.960 ms
LOD plan: sources=1591, changed finer/coarser=0/1, selected LOD-1=23
Minimap publish: request-to-image 27.103 ms
Frame 895: wall 51.407 ms, GPU producer 49.267 ms, 1 producer submission(s), resident trace and presentation combined; t=53.853, BVH resident/budget 521.5/2048.0 MiB, builds/hits/evictions=199/1116/0, scene builds=323
Frame phases 895: pre-render 0.006 ms, prepare 1.817 ms, primary repair 0.000 ms, shadow repair 0.000 ms, producer wait 49.529 ms; observer=2626597.02/1106480.24/2809.92, moved=21.66 m, roam=1, replaced=0, image=1600x900, LOD=1.500, shadows=1, minimap=1
Frame work 895: BVH built/hit/evicted=0/0/0, catalogue/instance/scene builds=1/1/1, cached/scene tiles=199/116, scene 0.1 MiB, selection/detail passes=0/1, fallback ray attempts=0, GPU build/selection/detail=0.413/0.000/0.000 ms, CPU grouping=0.000 ms; atlas installed/evicted=0/0, I/O=0.000 MiB, resident=27/27
Minimap mask: 276x236, 1440000 rays, worker 41.906 ms, GPU 7.110 ms
Camera preparation: wall 0.191 ms, GPU LOD 0.004 ms, plans/footprints=313/1
Minimap publish: request-to-image 41.986 ms
Minimap mask: 276x236, 1440000 rays, worker 2.163 ms, GPU 1.113 ms
Minimap publish: request-to-image 2.865 ms
Frame 896: wall 48.709 ms, GPU producer 48.240 ms, 1 producer submission(s), resident trace and presentation combined; t=53.947, BVH resident/budget 521.5/2048.0 MiB, builds/hits/evictions=199/1116/0, scene builds=323
Frame phases 896: pre-render 0.003 ms, prepare 0.093 ms, primary repair 0.000 ms, shadow repair 0.000 ms, producer wait 48.566 ms; observer=2626597.02/1106480.24/2809.92, moved=0.00 m, roam=0, replaced=0, image=1600x900, LOD=1.500, shadows=1, minimap=1
Frame work 896: BVH built/hit/evicted=0/0/0, catalogue/instance/scene builds=0/0/0, cached/scene tiles=199/116, scene 0.1 MiB, selection/detail passes=0/1, fallback ray attempts=0, GPU build/selection/detail=0.000/0.000/0.000 ms, CPU grouping=0.000 ms; atlas installed/evicted=0/0, I/O=0.000 MiB, resident=27/27
Camera preparation: wall 0.000 ms, GPU LOD 0.000 ms, plans/footprints=313/1
LOD plan: sources=1591, changed finer/coarser=0/0, selected LOD-1=23
Frame 897: wall 51.802 ms, GPU producer 49.745 ms, 1 producer submission(s), resident trace and presentation combined; t=53.998, BVH resident/budget 521.5/2048.0 MiB, builds/hits/evictions=199/1116/0, scene builds=324
Frame phases 897: pre-render 0.006 ms, prepare 1.697 ms, primary repair 0.000 ms, shadow repair 0.000 ms, producer wait 50.050 ms; observer=2626601.64/1106501.18/2808.96, moved=21.44 m, roam=1, replaced=0, image=1600x900, LOD=1.500, shadows=1, minimap=1
Frame work 897: BVH built/hit/evicted=0/0/0, catalogue/instance/scene builds=1/1/1, cached/scene tiles=199/116, scene 0.1 MiB, selection/detail passes=0/1, fallback ray attempts=0, GPU build/selection/detail=0.448/0.000/0.000 ms, CPU grouping=0.000 ms; atlas installed/evicted=0/0, I/O=0.000 MiB, resident=27/27
Camera preparation: wall 0.208 ms, GPU LOD 0.004 ms, plans/footprints=314/1
Minimap mask: 276x236, 1440000 rays, worker 21.340 ms, GPU 5.394 ms
Minimap publish: request-to-image 21.429 ms
Minimap mask: 276x236, 1440000 rays, worker 2.191 ms, GPU 1.132 ms
Minimap publish: request-to-image 3.605 ms
Health t=54.283: memory ok footprint/resident 1120.6/640.6 MiB, Metal allocated/recommended 907.6/18186.2 MiB, thermal=0
Health t=54.283: worker stage=idle age=284.2 ms, calls=609 revision=897, submitted/completed/presented=0/0/0, stale=0 unavailable=0 refreshed=0
Health t=54.283: display stage=idle age=7.5 ms, calls=1604 revision=897, submitted/completed/presented=1604/1604/1603, stale=0 unavailable=0 refreshed=0
Health t=54.283: minimap stage=idle age=267.5 ms, calls=431 revision=0, submitted/completed/presented=431/431/429, stale=2 unavailable=0 refreshed=617
Health t=54.283: terrain stage=idle age=54282.7 ms
Frame 898: wall 69.407 ms, GPU producer 68.073 ms, 1 producer submission(s), resident trace and presentation combined; t=54.627, BVH resident/budget 521.5/2048.0 MiB, builds/hits/evictions=199/1116/0, scene builds=324
Frame phases 898: pre-render 0.023 ms, prepare 0.389 ms, primary repair 0.000 ms, shadow repair 0.000 ms, producer wait 68.745 ms; observer=2626601.64/1106501.18/2808.96, moved=0.00 m, roam=0, replaced=0, image=1600x900, LOD=1.500, shadows=1, minimap=1
Frame work 898: BVH built/hit/evicted=0/0/0, catalogue/instance/scene builds=0/0/0, cached/scene tiles=199/116, scene 0.1 MiB, selection/detail passes=0/1, fallback ray attempts=0, GPU build/selection/detail=0.000/0.000/0.000 ms, CPU grouping=0.000 ms; atlas installed/evicted=0/0, I/O=0.000 MiB, resident=27/27
Camera preparation: wall 0.002 ms, GPU LOD 0.000 ms, plans/footprints=314/1
Minimap mask: 276x236, 1440000 rays, worker 31.637 ms, GPU 8.243 ms
Minimap publish: request-to-image 31.701 ms
Slow stage: terrain frame wall 208.141 ms (inclusive)
Frame 902: wall 208.143 ms, GPU producer 48.958 ms, 2 producer submission(s), streaming work excluded from GPU producer timing; t=54.836, BVH resident/budget 522.2/2048.0 MiB, builds/hits/evictions=200/1127/0, scene builds=324
Frame phases 902: pre-render 0.004 ms, prepare 0.081 ms, primary repair 91.642 ms, shadow repair 66.358 ms, producer wait 49.958 ms; observer=2626601.64/1106501.18/2808.96, moved=0.00 m, roam=0, replaced=0, image=1600x900, LOD=1.500, shadows=1, minimap=1
Frame work 902: BVH built/hit/evicted=1/11/0, catalogue/instance/scene builds=0/12/0, cached/scene tiles=200/0, scene 0.0 MiB, selection/detail passes=13/14, fallback ray attempts=2, GPU build/selection/detail=1.113/6.587/25.722 ms, CPU grouping=36.186 ms; atlas installed/evicted=70/70, I/O=35.481 MiB, resident=27/27
Camera preparation: wall 0.000 ms, GPU LOD 0.000 ms, plans/footprints=314/1
Slow stage: worker iteration wall 208.184 ms (inclusive)
Frame 915: wall 44.548 ms, GPU producer 43.615 ms, 1 producer submission(s), resident trace and presentation combined; t=54.880, BVH resident/budget 522.2/2048.0 MiB, builds/hits/evictions=200/1127/0, scene builds=325
Frame phases 915: pre-render 0.005 ms, prepare 0.619 ms, primary repair 0.000 ms, shadow repair 0.000 ms, producer wait 43.890 ms; observer=2626601.64/1106501.18/2808.96, moved=0.00 m, roam=0, replaced=0, image=1600x900, LOD=1.500, shadows=1, minimap=1
Frame work 915: BVH built/hit/evicted=0/0/0, catalogue/instance/scene builds=0/1/1, cached/scene tiles=200/117, scene 0.1 MiB, selection/detail passes=0/1, fallback ray attempts=0, GPU build/selection/detail=0.150/0.000/0.000 ms, CPU grouping=0.000 ms; atlas installed/evicted=0/0, I/O=0.000 MiB, resident=27/27
Camera preparation: wall 0.000 ms, GPU LOD 0.000 ms, plans/footprints=314/1
Minimap mask: 276x236, 1440000 rays, worker 36.386 ms, GPU 16.835 ms
Minimap publish: request-to-image 36.473 ms
Minimap mask: 276x236, 1440000 rays, worker 1.539 ms, GPU 0.785 ms
Minimap publish: request-to-image 1.589 ms
Frame 916: wall 48.151 ms, GPU producer 47.211 ms, 1 producer submission(s), resident trace and presentation combined; t=55.140, BVH resident/budget 522.2/2048.0 MiB, builds/hits/evictions=200/1127/0, scene builds=325
Frame phases 916: pre-render 0.006 ms, prepare 0.355 ms, primary repair 0.000 ms, shadow repair 0.000 ms, producer wait 47.587 ms; observer=2626601.64/1106501.18/2808.96, moved=0.00 m, roam=0, replaced=0, image=1600x900, LOD=1.500, shadows=1, minimap=1
Frame work 916: BVH built/hit/evicted=0/0/0, catalogue/instance/scene builds=0/0/0, cached/scene tiles=200/117, scene 0.1 MiB, selection/detail passes=0/1, fallback ray attempts=0, GPU build/selection/detail=0.000/0.000/0.000 ms, CPU grouping=0.000 ms; atlas installed/evicted=0/0, I/O=0.000 MiB, resident=27/27
Camera preparation: wall 0.002 ms, GPU LOD 0.000 ms, plans/footprints=314/1
Frame 919: wall 45.632 ms, GPU producer 45.060 ms, 1 producer submission(s), resident trace and presentation combined; t=55.186, BVH resident/budget 522.2/2048.0 MiB, builds/hits/evictions=200/1127/0, scene builds=325
Frame phases 919: pre-render 0.005 ms, prepare 0.092 ms, primary repair 0.000 ms, shadow repair 0.000 ms, producer wait 45.451 ms; observer=2626601.64/1106501.18/2808.96, moved=0.00 m, roam=0, replaced=0, image=1600x900, LOD=1.500, shadows=1, minimap=1
Frame work 919: BVH built/hit/evicted=0/0/0, catalogue/instance/scene builds=0/0/0, cached/scene tiles=200/117, scene 0.1 MiB, selection/detail passes=0/1, fallback ray attempts=0, GPU build/selection/detail=0.000/0.000/0.000 ms, CPU grouping=0.000 ms; atlas installed/evicted=0/0, I/O=0.000 MiB, resident=27/27
Camera preparation: wall 0.001 ms, GPU LOD 0.000 ms, plans/footprints=314/1
Minimap mask: 276x236, 1440000 rays, worker 40.836 ms, GPU 6.907 ms
Minimap publish: request-to-image 41.387 ms
Frame 922: wall 45.851 ms, GPU producer 45.198 ms, 1 producer submission(s), resident trace and presentation combined; t=55.232, BVH resident/budget 522.2/2048.0 MiB, builds/hits/evictions=200/1127/0, scene builds=325
Frame phases 922: pre-render 0.004 ms, prepare 0.166 ms, primary repair 0.000 ms, shadow repair 0.000 ms, producer wait 45.591 ms; observer=2626601.64/1106501.18/2808.96, moved=0.00 m, roam=0, replaced=0, image=1600x900, LOD=1.500, shadows=1, minimap=1
Minimap mask: 276x236, 1440000 rays, worker 20.488 ms, GPU 2.424 ms
Frame work 922: BVH built/hit/evicted=0/0/0, catalogue/instance/scene builds=0/0/0, cached/scene tiles=200/117, scene 0.1 MiB, selection/detail passes=0/1, fallback ray attempts=0, GPU build/selection/detail=0.000/0.000/0.000 ms, CPU grouping=0.000 ms; atlas installed/evicted=0/0, I/O=0.000 MiB, resident=27/27
Camera preparation: wall 0.001 ms, GPU LOD 0.000 ms, plans/footprints=314/1
Minimap publish: request-to-image 20.592 ms
Frame 924: wall 44.035 ms, GPU producer 43.428 ms, 1 producer submission(s), resident trace and presentation combined; t=55.276, BVH resident/budget 522.2/2048.0 MiB, builds/hits/evictions=200/1127/0, scene builds=325
Frame phases 924: pre-render 0.004 ms, prepare 0.173 ms, primary repair 0.000 ms, shadow repair 0.000 ms, producer wait 43.754 ms; observer=2626601.64/1106501.18/2808.96, moved=0.00 m, roam=0, replaced=0, image=1600x900, LOD=1.500, shadows=1, minimap=1
Frame work 924: BVH built/hit/evicted=0/0/0, catalogue/instance/scene builds=0/0/0, cached/scene tiles=200/117, scene 0.1 MiB, selection/detail passes=0/1, fallback ray attempts=0, GPU build/selection/detail=0.000/0.000/0.000 ms, CPU grouping=0.000 ms; atlas installed/evicted=0/0, I/O=0.000 MiB, resident=27/27
Camera preparation: wall 0.001 ms, GPU LOD 0.000 ms, plans/footprints=314/1
Minimap mask: 276x236, 1440000 rays, worker 29.345 ms, GPU 8.462 ms
Minimap publish: request-to-image 29.417 ms
Health t=55.283: memory ok footprint/resident 1142.4/643.2 MiB, Metal allocated/recommended 932.3/18186.2 MiB, thermal=0
Health t=55.283: worker stage=render age=7.2 ms, calls=626 revision=924, submitted/completed/presented=0/0/0, stale=0 unavailable=0 refreshed=0
Health t=55.283: display stage=idle age=7.7 ms, calls=1634 revision=922, submitted/completed/presented=1634/1634/1632, stale=0 unavailable=0 refreshed=0
Health t=55.283: minimap stage=idle age=7.1 ms, calls=437 revision=0, submitted/completed/presented=437/437/435, stale=2 unavailable=0 refreshed=626
Health t=55.283: terrain stage=producer wait age=7.0 ms
Frame 927: wall 44.524 ms, GPU producer 44.037 ms, 1 producer submission(s), resident trace and presentation combined; t=55.321, BVH resident/budget 522.2/2048.0 MiB, builds/hits/evictions=200/1127/0, scene builds=325
Frame phases 927: pre-render 0.026 ms, prepare 0.148 ms, primary repair 0.000 ms, shadow repair 0.000 ms, producer wait 44.288 ms; observer=2626601.64/1106501.18/2808.96, moved=0.00 m, roam=0, replaced=0, image=1600x900, LOD=1.500, shadows=1, minimap=1
Frame work 927: BVH built/hit/evicted=0/0/0, catalogue/instance/scene builds=0/0/0, cached/scene tiles=200/117, scene 0.1 MiB, selection/detail passes=0/1, fallback ray attempts=0, GPU build/selection/detail=0.000/0.000/0.000 ms, CPU grouping=0.000 ms; atlas installed/evicted=0/0, I/O=0.000 MiB, resident=27/27
Camera preparation: wall 0.000 ms, GPU LOD 0.000 ms, plans/footprints=314/1
Minimap mask: 276x236, 1440000 rays, worker 7.819 ms, GPU 4.862 ms
Minimap publish: request-to-image 10.041 ms
Frame 930: wall 44.417 ms, GPU producer 43.922 ms, 1 producer submission(s), resident trace and presentation combined; t=55.365, BVH resident/budget 522.2/2048.0 MiB, builds/hits/evictions=200/1127/0, scene builds=325
Frame phases 930: pre-render 0.026 ms, prepare 0.106 ms, primary repair 0.000 ms, shadow repair 0.000 ms, producer wait 44.205 ms; observer=2626601.64/1106501.18/2808.96, moved=0.00 m, roam=0, replaced=0, image=1600x900, LOD=1.500, shadows=1, minimap=1
Frame work 930: BVH built/hit/evicted=0/0/0, catalogue/instance/scene builds=0/0/0, cached/scene tiles=200/117, scene 0.1 MiB, selection/detail passes=0/1, fallback ray attempts=0, GPU build/selection/detail=0.000/0.000/0.000 ms, CPU grouping=0.000 ms; atlas installed/evicted=0/0, I/O=0.000 MiB, resident=27/27
Minimap mask: 276x236, 1440000 rays, worker 22.815 ms, GPU 4.635 ms
Camera preparation: wall 0.000 ms, GPU LOD 0.000 ms, plans/footprints=314/1
Minimap publish: request-to-image 22.914 ms
Minimap mask: 276x236, 1440000 rays, worker 2.632 ms, GPU 0.742 ms
Minimap publish: request-to-image 2.685 ms
Frame 931: wall 68.353 ms, GPU producer 67.584 ms, 1 producer submission(s), resident trace and presentation combined; t=55.835, BVH resident/budget 522.2/2048.0 MiB, builds/hits/evictions=200/1127/0, scene builds=325
Frame phases 931: pre-render 0.021 ms, prepare 0.174 ms, primary repair 0.000 ms, shadow repair 0.000 ms, producer wait 68.073 ms; observer=2626601.64/1106501.18/2808.96, moved=0.00 m, roam=0, replaced=0, image=1600x900, LOD=1.500, shadows=1, minimap=1
Frame work 931: BVH built/hit/evicted=0/0/0, catalogue/instance/scene builds=0/0/0, cached/scene tiles=200/117, scene 0.1 MiB, selection/detail passes=0/1, fallback ray attempts=0, GPU build/selection/detail=0.000/0.000/0.000 ms, CPU grouping=0.000 ms; atlas installed/evicted=0/0, I/O=0.000 MiB, resident=27/27
Camera preparation: wall 0.001 ms, GPU LOD 0.000 ms, plans/footprints=314/1
Minimap mask: 276x236, 1440000 rays, worker 32.416 ms, GPU 5.457 ms
Minimap publish: request-to-image 32.505 ms
Slow stage: terrain frame wall 187.378 ms (inclusive)
Frame 935: wall 187.381 ms, GPU producer 42.885 ms, 2 producer submission(s), streaming work excluded from GPU producer timing; t=56.022, BVH resident/budget 526.6/2048.0 MiB, builds/hits/evictions=204/1133/0, scene builds=325
Frame phases 935: pre-render 0.006 ms, prepare 0.089 ms, primary repair 94.104 ms, shadow repair 49.122 ms, producer wait 43.942 ms; observer=2626601.64/1106501.18/2808.96, moved=0.00 m, roam=0, replaced=0, image=1600x900, LOD=1.500, shadows=1, minimap=1
Frame work 935: BVH built/hit/evicted=4/6/0, catalogue/instance/scene builds=0/9/0, cached/scene tiles=204/0, scene 0.0 MiB, selection/detail passes=10/11, fallback ray attempts=4038, GPU build/selection/detail=3.003/4.434/23.493 ms, CPU grouping=32.037 ms; atlas installed/evicted=21/21, I/O=24.433 MiB, resident=27/27
Camera preparation: wall 0.001 ms, GPU LOD 0.000 ms, plans/footprints=314/1
Slow stage: worker iteration wall 187.431 ms (inclusive)
Minimap mask: 276x236, 1440000 rays, worker 12.382 ms, GPU 6.103 ms
Minimap publish: request-to-image 12.431 ms
Health t=56.283: memory ok footprint/resident 1179.3/664.2 MiB, Metal allocated/recommended 962.0/18186.2 MiB, thermal=0
Health t=56.283: worker stage=render age=261.0 ms, calls=652 revision=935, submitted/completed/presented=0/0/0, stale=0 unavailable=0 refreshed=0
Health t=56.283: display stage=idle age=8.6 ms, calls=1664 revision=935, submitted/completed/presented=1664/1664/1663, stale=0 unavailable=0 refreshed=0
Health t=56.283: minimap stage=idle age=226.6 ms, calls=442 revision=0, submitted/completed/presented=442/442/440, stale=2 unavailable=0 refreshed=631
Health t=56.283: terrain stage=BVH tile admission/loading/building age=3.5 ms
Slow stage: primary repair wall 336.608 ms (inclusive)
Slow stage: terrain frame wall 452.620 ms (inclusive)
Frame 946: wall 452.625 ms, GPU producer 34.325 ms, 2 producer submission(s), streaming work excluded from GPU producer timing; t=56.475, BVH resident/budget 566.1/2048.0 MiB, builds/hits/evictions=258/1141/0, scene builds=326
Frame phases 946: pre-render 0.009 ms, prepare 0.690 ms, primary repair 336.608 ms, shadow repair 79.342 ms, producer wait 35.864 ms; observer=2626601.64/1106501.18/2808.96, moved=0.00 m, roam=0, replaced=0, image=1600x900, LOD=1.500, shadows=1, minimap=1
Frame work 946: BVH built/hit/evicted=54/8/0, catalogue/instance/scene builds=0/16/1, cached/scene tiles=258/0, scene 0.0 MiB, selection/detail passes=16/17, fallback ray attempts=344566, GPU build/selection/detail=28.766/7.250/24.383 ms, CPU grouping=46.726 ms; atlas installed/evicted=115/115, I/O=35.235 MiB, resident=27/27
Camera preparation: wall 0.000 ms, GPU LOD 0.000 ms, plans/footprints=314/1
Slow stage: worker iteration wall 452.705 ms (inclusive)
Frame 947: wall 64.605 ms, GPU producer 63.163 ms, 1 producer submission(s), resident trace and presentation combined; t=56.540, BVH resident/budget 566.1/2048.0 MiB, builds/hits/evictions=258/1141/0, scene builds=327
Frame phases 947: pre-render 0.003 ms, prepare 1.142 ms, primary repair 0.000 ms, shadow repair 0.000 ms, producer wait 63.402 ms; observer=2626601.64/1106501.18/2808.96, moved=0.00 m, roam=0, replaced=0, image=1600x900, LOD=1.500, shadows=1, minimap=1
Frame work 947: BVH built/hit/evicted=0/0/0, catalogue/instance/scene builds=0/1/1, cached/scene tiles=258/175, scene 0.1 MiB, selection/detail passes=0/1, fallback ray attempts=0, GPU build/selection/detail=0.400/0.000/0.000 ms, CPU grouping=0.000 ms; atlas installed/evicted=0/0, I/O=0.000 MiB, resident=27/27
Camera preparation: wall 0.001 ms, GPU LOD 0.000 ms, plans/footprints=314/1
Minimap mask: 276x236, 1440000 rays, worker 63.360 ms, GPU 2.947 ms
Minimap publish: request-to-image 63.543 ms
Minimap mask: 276x236, 1440000 rays, worker 1.421 ms, GPU 0.766 ms
Minimap publish: request-to-image 1.502 ms
Frame 948: wall 45.016 ms, GPU producer 44.429 ms, 1 producer submission(s), resident trace and presentation combined; t=56.596, BVH resident/budget 566.1/2048.0 MiB, builds/hits/evictions=258/1141/0, scene builds=327
Frame phases 948: pre-render 0.006 ms, prepare 0.224 ms, primary repair 0.000 ms, shadow repair 0.000 ms, producer wait 44.694 ms; observer=2626601.64/1106501.18/2808.96, moved=0.00 m, roam=0, replaced=0, image=1600x900, LOD=1.500, shadows=1, minimap=1
Frame work 948: BVH built/hit/evicted=0/0/0, catalogue/instance/scene builds=0/0/0, cached/scene tiles=258/175, scene 0.1 MiB, selection/detail passes=0/1, fallback ray attempts=0, GPU build/selection/detail=0.000/0.000/0.000 ms, CPU grouping=0.000 ms; atlas installed/evicted=0/0, I/O=0.000 MiB, resident=27/27
Camera preparation: wall 0.001 ms, GPU LOD 0.000 ms, plans/footprints=314/1
Minimap mask: 276x236, 1440000 rays, worker 28.715 ms, GPU 7.383 ms
Minimap publish: request-to-image 28.782 ms
Slow stage: primary repair wall 102.666 ms (inclusive)
Slow stage: terrain frame wall 199.603 ms (inclusive)
Frame 950: wall 199.607 ms, GPU producer 44.380 ms, 2 producer submission(s), streaming work excluded from GPU producer timing; t=56.796, BVH resident/budget 570.1/2048.0 MiB, builds/hits/evictions=262/1150/0, scene builds=327
Frame phases 950: pre-render 0.008 ms, prepare 0.110 ms, primary repair 102.666 ms, shadow repair 51.329 ms, producer wait 45.379 ms; observer=2626601.64/1106501.18/2808.96, moved=0.00 m, roam=0, replaced=0, image=1600x900, LOD=1.500, shadows=1, minimap=1
Frame work 950: BVH built/hit/evicted=4/9/0, catalogue/instance/scene builds=0/11/0, cached/scene tiles=262/0, scene 0.0 MiB, selection/detail passes=12/13, fallback ray attempts=8666, GPU build/selection/detail=3.032/5.510/25.018 ms, CPU grouping=32.929 ms; atlas installed/evicted=68/68, I/O=28.566 MiB, resident=27/27
Camera preparation: wall 0.000 ms, GPU LOD 0.000 ms, plans/footprints=314/1
Slow stage: worker iteration wall 199.658 ms (inclusive)
Minimap mask: 276x236, 1440000 rays, worker 27.027 ms, GPU 7.123 ms
Minimap publish: request-to-image 27.072 ms
Slow stage: primary repair wall 139.114 ms (inclusive)
Slow stage: terrain frame wall 223.980 ms (inclusive)
Frame 962: wall 223.982 ms, GPU producer 41.444 ms, 2 producer submission(s), streaming work excluded from GPU producer timing; t=57.020, BVH resident/budget 586.5/2048.0 MiB, builds/hits/evictions=274/1156/0, scene builds=328
Frame phases 962: pre-render 0.007 ms, prepare 0.687 ms, primary repair 139.114 ms, shadow repair 41.650 ms, producer wait 42.441 ms; observer=2626601.64/1106501.18/2808.96, moved=0.00 m, roam=0, replaced=0, image=1600x900, LOD=1.500, shadows=1, minimap=1
Frame work 962: BVH built/hit/evicted=12/6/0, catalogue/instance/scene builds=0/13/1, cached/scene tiles=274/0, scene 0.0 MiB, selection/detail passes=13/14, fallback ray attempts=134516, GPU build/selection/detail=9.543/6.006/24.243 ms, CPU grouping=30.169 ms; atlas installed/evicted=75/75, I/O=28.228 MiB, resident=27/27
Camera preparation: wall 0.000 ms, GPU LOD 0.000 ms, plans/footprints=314/1
Slow stage: worker iteration wall 224.037 ms (inclusive)
Minimap mask: 276x236, 1440000 rays, worker 23.289 ms, GPU 6.827 ms
Minimap publish: request-to-image 26.504 ms
Slow stage: terrain frame wall 163.826 ms (inclusive)
Frame 976: wall 163.829 ms, GPU producer 47.269 ms, 2 producer submission(s), streaming work excluded from GPU producer timing; t=57.183, BVH resident/budget 591.6/2048.0 MiB, builds/hits/evictions=276/1161/0, scene builds=329
Frame phases 976: pre-render 0.005 ms, prepare 0.627 ms, primary repair 70.555 ms, shadow repair 42.693 ms, producer wait 49.848 ms; observer=2626601.64/1106501.18/2808.96, moved=0.00 m, roam=0, replaced=0, image=1600x900, LOD=1.500, shadows=1, minimap=1
Frame work 976: BVH built/hit/evicted=2/5/0, catalogue/instance/scene builds=0/8/1, cached/scene tiles=276/0, scene 0.0 MiB, selection/detail passes=8/9, fallback ray attempts=37428, GPU build/selection/detail=2.703/4.123/23.459 ms, CPU grouping=20.402 ms; atlas installed/evicted=67/67, I/O=26.938 MiB, resident=27/27
Camera preparation: wall 0.000 ms, GPU LOD 0.000 ms, plans/footprints=314/1
Slow stage: worker iteration wall 163.895 ms (inclusive)
Minimap mask: 276x236, 1440000 rays, worker 18.890 ms, GPU 5.484 ms
Frame 986: wall 45.757 ms, GPU producer 44.703 ms, 1 producer submission(s), resident trace and presentation combined; t=57.229, BVH resident/budget 591.6/2048.0 MiB, builds/hits/evictions=276/1161/0, scene builds=330
Frame phases 986: pre-render 0.008 ms, prepare 0.704 ms, primary repair 0.000 ms, shadow repair 0.000 ms, producer wait 44.997 ms; observer=2626601.64/1106501.18/2808.96, moved=0.00 m, roam=0, replaced=0, image=1600x900, LOD=1.500, shadows=1, minimap=1
Frame work 986: BVH built/hit/evicted=0/0/0, catalogue/instance/scene builds=0/1/1, cached/scene tiles=276/193, scene 0.1 MiB, selection/detail passes=0/1, fallback ray attempts=0, GPU build/selection/detail=0.145/0.000/0.000 ms, CPU grouping=0.000 ms; atlas installed/evicted=0/0, I/O=0.000 MiB, resident=27/27
Camera preparation: wall 0.001 ms, GPU LOD 0.000 ms, plans/footprints=314/1
Minimap publish: request-to-image 19.886 ms
Frame 988: wall 47.824 ms, GPU producer 47.312 ms, 1 producer submission(s), resident trace and presentation combined; t=57.277, BVH resident/budget 591.6/2048.0 MiB, builds/hits/evictions=276/1161/0, scene builds=330
Frame phases 988: pre-render 0.022 ms, prepare 0.108 ms, primary repair 0.000 ms, shadow repair 0.000 ms, producer wait 47.619 ms; observer=2626601.64/1106501.18/2808.96, moved=0.00 m, roam=0, replaced=0, image=1600x900, LOD=1.500, shadows=1, minimap=1
Frame work 988: BVH built/hit/evicted=0/0/0, catalogue/instance/scene builds=0/0/0, cached/scene tiles=276/193, scene 0.1 MiB, selection/detail passes=0/1, fallback ray attempts=0, GPU build/selection/detail=0.000/0.000/0.000 ms, CPU grouping=0.000 ms; atlas installed/evicted=0/0, I/O=0.000 MiB, resident=27/27
Camera preparation: wall 0.000 ms, GPU LOD 0.000 ms, plans/footprints=314/1
Minimap mask: 276x236, 1440000 rays, worker 34.047 ms, GPU 6.344 ms
Minimap publish: request-to-image 34.164 ms
Health t=57.289: memory ok footprint/resident 1223.7/677.5 MiB, Metal allocated/recommended 1006.4/18186.2 MiB, thermal=0
Health t=57.289: worker stage=render age=11.3 ms, calls=661 revision=988, submitted/completed/presented=0/0/0, stale=0 unavailable=0 refreshed=0
Health t=57.289: display stage=idle age=13.1 ms, calls=1694 revision=986, submitted/completed/presented=1694/1694/1692, stale=0 unavailable=0 refreshed=0
Health t=57.289: minimap stage=idle age=11.3 ms, calls=449 revision=0, submitted/completed/presented=449/449/447, stale=2 unavailable=0 refreshed=643
Health t=57.289: terrain stage=producer wait age=11.1 ms
Minimap mask: 276x236, 1440000 rays, worker 16.075 ms, GPU 6.166 ms
Frame 991: wall 48.479 ms, GPU producer 48.055 ms, 1 producer submission(s), resident trace and presentation combined; t=57.326, BVH resident/budget 591.6/2048.0 MiB, builds/hits/evictions=276/1161/0, scene builds=330
Frame phases 991: pre-render 0.002 ms, prepare 0.088 ms, primary repair 0.000 ms, shadow repair 0.000 ms, producer wait 48.326 ms; observer=2626601.64/1106501.18/2808.96, moved=0.00 m, roam=0, replaced=0, image=1600x900, LOD=1.500, shadows=1, minimap=1
Frame work 991: BVH built/hit/evicted=0/0/0, catalogue/instance/scene builds=0/0/0, cached/scene tiles=276/193, scene 0.1 MiB, selection/detail passes=0/1, fallback ray attempts=0, GPU build/selection/detail=0.000/0.000/0.000 ms, CPU grouping=0.000 ms; atlas installed/evicted=0/0, I/O=0.000 MiB, resident=27/27
Camera preparation: wall 0.000 ms, GPU LOD 0.000 ms, plans/footprints=314/1
Minimap publish: request-to-image 16.133 ms
Frame 994: wall 48.454 ms, GPU producer 47.974 ms, 1 producer submission(s), resident trace and presentation combined; t=57.374, BVH resident/budget 591.6/2048.0 MiB, builds/hits/evictions=276/1161/0, scene builds=330
Frame phases 994: pre-render 0.002 ms, prepare 0.099 ms, primary repair 0.000 ms, shadow repair 0.000 ms, producer wait 48.289 ms; observer=2626601.64/1106501.18/2808.96, moved=0.00 m, roam=0, replaced=0, image=1600x900, LOD=1.500, shadows=1, minimap=1
Frame work 994: BVH built/hit/evicted=0/0/0, catalogue/instance/scene builds=0/0/0, cached/scene tiles=276/193, scene 0.1 MiB, selection/detail passes=0/1, fallback ray attempts=0, GPU build/selection/detail=0.000/0.000/0.000 ms, CPU grouping=0.000 ms; atlas installed/evicted=0/0, I/O=0.000 MiB, resident=27/27
Camera preparation: wall 0.001 ms, GPU LOD 0.000 ms, plans/footprints=314/1
Minimap mask: 276x236, 1440000 rays, worker 31.430 ms, GPU 5.271 ms
Minimap publish: request-to-image 31.489 ms
Minimap mask: 276x236, 1440000 rays, worker 0.877 ms, GPU 0.608 ms
Minimap publish: request-to-image 0.932 ms
Frame 995: wall 65.841 ms, GPU producer 64.789 ms, 1 producer submission(s), resident trace and presentation combined; t=57.803, BVH resident/budget 591.6/2048.0 MiB, builds/hits/evictions=276/1161/0, scene builds=330
Frame phases 995: pre-render 0.006 ms, prepare 0.476 ms, primary repair 0.000 ms, shadow repair 0.000 ms, producer wait 65.183 ms; observer=2626601.64/1106501.18/2808.96, moved=0.00 m, roam=0, replaced=0, image=1600x900, LOD=1.500, shadows=1, minimap=1
Frame work 995: BVH built/hit/evicted=0/0/0, catalogue/instance/scene builds=0/0/0, cached/scene tiles=276/193, scene 0.1 MiB, selection/detail passes=0/1, fallback ray attempts=0, GPU build/selection/detail=0.000/0.000/0.000 ms, CPU grouping=0.000 ms; atlas installed/evicted=0/0, I/O=0.000 MiB, resident=27/27
Camera preparation: wall 0.002 ms, GPU LOD 0.000 ms, plans/footprints=314/1
Frame 999: wall 47.975 ms, GPU producer 47.392 ms, 1 producer submission(s), resident trace and presentation combined; t=57.851, BVH resident/budget 591.6/2048.0 MiB, builds/hits/evictions=276/1161/0, scene builds=330
Frame phases 999: pre-render 0.003 ms, prepare 0.124 ms, primary repair 0.000 ms, shadow repair 0.000 ms, producer wait 47.760 ms; observer=2626601.64/1106501.18/2808.96, moved=0.00 m, roam=0, replaced=0, image=1600x900, LOD=1.500, shadows=1, minimap=1
Frame work 999: BVH built/hit/evicted=0/0/0, catalogue/instance/scene builds=0/0/0, cached/scene tiles=276/193, scene 0.1 MiB, selection/detail passes=0/1, fallback ray attempts=0, GPU build/selection/detail=0.000/0.000/0.000 ms, CPU grouping=0.000 ms; atlas installed/evicted=0/0, I/O=0.000 MiB, resident=27/27
Camera preparation: wall 0.000 ms, GPU LOD 0.000 ms, plans/footprints=314/1
Minimap mask: 276x236, 1440000 rays, worker 32.404 ms, GPU 6.891 ms
Minimap publish: request-to-image 32.543 ms
Minimap mask: 276x236, 1440000 rays, worker 1.446 ms, GPU 0.605 ms
Minimap publish: request-to-image 1.527 ms
Health t=58.294: memory ok footprint/resident 1202.7/675.5 MiB, Metal allocated/recommended 980.3/18186.2 MiB, thermal=0
Health t=58.294: worker stage=idle age=8.6 ms, calls=670 revision=999, submitted/completed/presented=0/0/0, stale=0 unavailable=0 refreshed=0
Health t=58.294: display stage=idle age=15.9 ms, calls=1724 revision=999, submitted/completed/presented=1724/1724/1723, stale=0 unavailable=0 refreshed=0
Health t=58.294: minimap stage=idle age=415.5 ms, calls=454 revision=0, submitted/completed/presented=454/454/452, stale=2 unavailable=0 refreshed=646
Health t=58.294: terrain stage=idle age=58293.7 ms
Frame 1000: wall 70.485 ms, GPU producer 69.692 ms, 1 producer submission(s), resident trace and presentation combined; t=59.072, BVH resident/budget 591.6/2048.0 MiB, builds/hits/evictions=276/1161/0, scene builds=330
Frame phases 1000: pre-render 0.007 ms, prepare 0.245 ms, primary repair 0.000 ms, shadow repair 0.000 ms, producer wait 70.099 ms; observer=2626601.64/1106501.18/2808.96, moved=0.00 m, roam=0, replaced=0, image=1600x900, LOD=1.500, shadows=1, minimap=1
Frame work 1000: BVH built/hit/evicted=0/0/0, catalogue/instance/scene builds=0/0/0, cached/scene tiles=276/193, scene 0.1 MiB, selection/detail passes=0/1, fallback ray attempts=0, GPU build/selection/detail=0.000/0.000/0.000 ms, CPU grouping=0.000 ms; atlas installed/evicted=0/0, I/O=0.000 MiB, resident=27/27
Camera preparation: wall 0.002 ms, GPU LOD 0.000 ms, plans/footprints=314/1
Frame 1004: wall 51.383 ms, GPU producer 50.642 ms, 1 producer submission(s), resident trace and presentation combined; t=59.124, BVH resident/budget 591.6/2048.0 MiB, builds/hits/evictions=276/1161/0, scene builds=330
Frame phases 1004: pre-render 0.003 ms, prepare 0.127 ms, primary repair 0.000 ms, shadow repair 0.000 ms, producer wait 51.091 ms; observer=2626601.64/1106501.18/2808.96, moved=0.00 m, roam=0, replaced=0, image=1600x900, LOD=1.500, shadows=1, minimap=1
Frame work 1004: BVH built/hit/evicted=0/0/0, catalogue/instance/scene builds=0/0/0, cached/scene tiles=276/193, scene 0.1 MiB, selection/detail passes=0/1, fallback ray attempts=0, GPU build/selection/detail=0.000/0.000/0.000 ms, CPU grouping=0.000 ms; atlas installed/evicted=0/0, I/O=0.000 MiB, resident=27/27
Camera preparation: wall 0.001 ms, GPU LOD 0.000 ms, plans/footprints=314/1
Minimap mask: 276x236, 1440000 rays, worker 37.266 ms, GPU 9.739 ms
Minimap publish: request-to-image 39.839 ms
Frame 1007: wall 53.613 ms, GPU producer 52.871 ms, 1 producer submission(s), resident trace and presentation combined; t=59.177, BVH resident/budget 591.6/2048.0 MiB, builds/hits/evictions=276/1161/0, scene builds=330
Frame phases 1007: pre-render 0.062 ms, prepare 0.230 ms, primary repair 0.000 ms, shadow repair 0.000 ms, producer wait 53.210 ms; observer=2626601.64/1106501.18/2808.96, moved=0.00 m, roam=0, replaced=0, image=1600x900, LOD=1.500, shadows=1, minimap=1
Frame work 1007: BVH built/hit/evicted=0/0/0, catalogue/instance/scene builds=0/0/0, cached/scene tiles=276/193, scene 0.1 MiB, selection/detail passes=0/1, fallback ray attempts=0, GPU build/selection/detail=0.000/0.000/0.000 ms, CPU grouping=0.000 ms; atlas installed/evicted=0/0, I/O=0.000 MiB, resident=27/27
Camera preparation: wall 0.001 ms, GPU LOD 0.000 ms, plans/footprints=314/1
Minimap mask: 276x236, 1440000 rays, worker 31.678 ms, GPU 2.300 ms
Minimap publish: request-to-image 32.681 ms
Minimap mask: 276x236, 1440000 rays, worker 18.848 ms, GPU 9.310 ms
Minimap publish: request-to-image 20.117 ms
Health t=59.299: memory ok footprint/resident 1211.8/674.5 MiB, Metal allocated/recommended 993.8/18186.2 MiB, thermal=0
Health t=59.299: worker stage=render age=121.2 ms, calls=703 revision=1007, submitted/completed/presented=0/0/0, stale=0 unavailable=0 refreshed=0
Health t=59.299: display stage=idle age=23.3 ms, calls=1754 revision=1007, submitted/completed/presented=1754/1754/1753, stale=0 unavailable=0 refreshed=0
Health t=59.299: minimap stage=idle age=69.3 ms, calls=457 revision=0, submitted/completed/presented=457/457/455, stale=2 unavailable=0 refreshed=650
Health t=59.299: terrain stage=shadow repair age=13.2 ms
Slow stage: terrain frame wall 154.880 ms (inclusive)
Frame 1010: wall 154.884 ms, GPU producer 51.897 ms, 2 producer submission(s), streaming work excluded from GPU producer timing; t=59.332, BVH resident/budget 594.2/2048.0 MiB, builds/hits/evictions=277/1165/0, scene builds=330
Frame phases 1010: pre-render 0.011 ms, prepare 0.142 ms, primary repair 56.197 ms, shadow repair 45.506 ms, producer wait 52.884 ms; observer=2626601.64/1106501.18/2808.96, moved=0.00 m, roam=0, replaced=0, image=1600x900, LOD=1.500, shadows=1, minimap=1
Frame work 1010: BVH built/hit/evicted=1/4/0, catalogue/instance/scene builds=0/4/0, cached/scene tiles=277/0, scene 0.0 MiB, selection/detail passes=5/6, fallback ray attempts=98, GPU build/selection/detail=1.362/2.211/22.823 ms, CPU grouping=14.411 ms; atlas installed/evicted=35/35, I/O=26.101 MiB, resident=27/27
Camera preparation: wall 0.000 ms, GPU LOD 0.000 ms, plans/footprints=314/1
Slow stage: worker iteration wall 154.934 ms (inclusive)
Frame 1019: wall 45.772 ms, GPU producer 44.728 ms, 1 producer submission(s), resident trace and presentation combined; t=59.378, BVH resident/budget 594.2/2048.0 MiB, builds/hits/evictions=277/1165/0, scene builds=331
Frame phases 1019: pre-render 0.004 ms, prepare 0.746 ms, primary repair 0.000 ms, shadow repair 0.000 ms, producer wait 44.974 ms; observer=2626601.64/1106501.18/2808.96, moved=0.00 m, roam=0, replaced=0, image=1600x900, LOD=1.500, shadows=1, minimap=1
Frame work 1019: BVH built/hit/evicted=0/0/0, catalogue/instance/scene builds=0/1/1, cached/scene tiles=277/194, scene 0.1 MiB, selection/detail passes=0/1, fallback ray attempts=0, GPU build/selection/detail=0.172/0.000/0.000 ms, CPU grouping=0.000 ms; atlas installed/evicted=0/0, I/O=0.000 MiB, resident=27/27
Camera preparation: wall 0.000 ms, GPU LOD 0.000 ms, plans/footprints=314/1
Minimap mask: 276x236, 1440000 rays, worker 34.275 ms, GPU 5.297 ms
Minimap publish: request-to-image 34.379 ms
Frame 1022: wall 47.290 ms, GPU producer 46.852 ms, 1 producer submission(s), resident trace and presentation combined; t=59.426, BVH resident/budget 594.2/2048.0 MiB, builds/hits/evictions=277/1165/0, scene builds=331
Frame phases 1022: pre-render 0.009 ms, prepare 0.152 ms, primary repair 0.000 ms, shadow repair 0.000 ms, producer wait 47.067 ms; observer=2626601.64/1106501.18/2808.96, moved=0.00 m, roam=0, replaced=0, image=1600x900, LOD=1.500, shadows=1, minimap=1
Frame work 1022: BVH built/hit/evicted=0/0/0, catalogue/instance/scene builds=0/0/0, cached/scene tiles=277/194, scene 0.1 MiB, selection/detail passes=0/1, fallback ray attempts=0, GPU build/selection/detail=0.000/0.000/0.000 ms, CPU grouping=0.000 ms; atlas installed/evicted=0/0, I/O=0.000 MiB, resident=27/27
Camera preparation: wall 0.000 ms, GPU LOD 0.000 ms, plans/footprints=314/1
Minimap mask: 276x236, 1440000 rays, worker 14.412 ms, GPU 1.104 ms
Minimap publish: request-to-image 14.495 ms
Frame 1024: wall 46.517 ms, GPU producer 46.034 ms, 1 producer submission(s), resident trace and presentation combined; t=59.472, BVH resident/budget 594.2/2048.0 MiB, builds/hits/evictions=277/1165/0, scene builds=331
Frame phases 1024: pre-render 0.004 ms, prepare 0.088 ms, primary repair 0.000 ms, shadow repair 0.000 ms, producer wait 46.358 ms; observer=2626601.64/1106501.18/2808.96, moved=0.00 m, roam=0, replaced=0, image=1600x900, LOD=1.500, shadows=1, minimap=1
Frame work 1024: BVH built/hit/evicted=0/0/0, catalogue/instance/scene builds=0/0/0, cached/scene tiles=277/194, scene 0.1 MiB, selection/detail passes=0/1, fallback ray attempts=0, GPU build/selection/detail=0.000/0.000/0.000 ms, CPU grouping=0.000 ms; atlas installed/evicted=0/0, I/O=0.000 MiB, resident=27/27
Camera preparation: wall 0.000 ms, GPU LOD 0.000 ms, plans/footprints=314/1
Minimap mask: 276x236, 1440000 rays, worker 27.843 ms, GPU 2.606 ms
Minimap publish: request-to-image 27.949 ms
Frame 1027: wall 46.391 ms, GPU producer 45.927 ms, 1 producer submission(s), resident trace and presentation combined; t=59.519, BVH resident/budget 594.2/2048.0 MiB, builds/hits/evictions=277/1165/0, scene builds=331
Frame phases 1027: pre-render 0.002 ms, prepare 0.096 ms, primary repair 0.000 ms, shadow repair 0.000 ms, producer wait 46.231 ms; observer=2626601.64/1106501.18/2808.96, moved=0.00 m, roam=0, replaced=0, image=1600x900, LOD=1.500, shadows=1, minimap=1
Frame work 1027: BVH built/hit/evicted=0/0/0, catalogue/instance/scene builds=0/0/0, cached/scene tiles=277/194, scene 0.1 MiB, selection/detail passes=0/1, fallback ray attempts=0, GPU build/selection/detail=0.000/0.000/0.000 ms, CPU grouping=0.000 ms; atlas installed/evicted=0/0, I/O=0.000 MiB, resident=27/27
Camera preparation: wall 0.000 ms, GPU LOD 0.000 ms, plans/footprints=314/1
Minimap mask: 276x236, 1440000 rays, worker 40.910 ms, GPU 6.462 ms
Minimap publish: request-to-image 41.828 ms
Frame 1030: wall 45.861 ms, GPU producer 45.464 ms, 1 producer submission(s), resident trace and presentation combined; t=59.565, BVH resident/budget 594.2/2048.0 MiB, builds/hits/evictions=277/1165/0, scene builds=331
Frame phases 1030: pre-render 0.003 ms, prepare 0.099 ms, primary repair 0.000 ms, shadow repair 0.000 ms, producer wait 45.689 ms; observer=2626601.64/1106501.18/2808.96, moved=0.00 m, roam=0, replaced=0, image=1600x900, LOD=1.500, shadows=1, minimap=1
Frame work 1030: BVH built/hit/evicted=0/0/0, catalogue/instance/scene builds=0/0/0, cached/scene tiles=277/194, scene 0.1 MiB, selection/detail passes=0/1, fallback ray attempts=0, GPU build/selection/detail=0.000/0.000/0.000 ms, CPU grouping=0.000 ms; atlas installed/evicted=0/0, I/O=0.000 MiB, resident=27/27
Camera preparation: wall 0.000 ms, GPU LOD 0.000 ms, plans/footprints=314/1
Minimap mask: 276x236, 1440000 rays, worker 20.224 ms, GPU 9.329 ms
Minimap publish: request-to-image 20.429 ms
Frame 1032: wall 44.550 ms, GPU producer 43.661 ms, 1 producer submission(s), resident trace and presentation combined; t=59.609, BVH resident/budget 594.2/2048.0 MiB, builds/hits/evictions=277/1165/0, scene builds=331
Frame phases 1032: pre-render 0.016 ms, prepare 0.133 ms, primary repair 0.000 ms, shadow repair 0.000 ms, producer wait 44.325 ms; observer=2626601.64/1106501.18/2808.96, moved=0.00 m, roam=0, replaced=0, image=1600x900, LOD=1.500, shadows=1, minimap=1
Frame work 1032: BVH built/hit/evicted=0/0/0, catalogue/instance/scene builds=0/0/0, cached/scene tiles=277/194, scene 0.1 MiB, selection/detail passes=0/1, fallback ray attempts=0, GPU build/selection/detail=0.000/0.000/0.000 ms, CPU grouping=0.000 ms; atlas installed/evicted=0/0, I/O=0.000 MiB, resident=27/27
Camera preparation: wall 0.001 ms, GPU LOD 0.000 ms, plans/footprints=314/1
Minimap mask: 276x236, 1440000 rays, worker 31.696 ms, GPU 4.167 ms
Minimap publish: request-to-image 31.799 ms
Frame 1034: wall 45.853 ms, GPU producer 45.381 ms, 1 producer submission(s), resident trace and presentation combined; t=59.655, BVH resident/budget 594.2/2048.0 MiB, builds/hits/evictions=277/1165/0, scene builds=331
Frame phases 1034: pre-render 0.004 ms, prepare 0.099 ms, primary repair 0.000 ms, shadow repair 0.000 ms, producer wait 45.665 ms; observer=2626601.64/1106501.18/2808.96, moved=0.00 m, roam=0, replaced=0, image=1600x900, LOD=1.500, shadows=1, minimap=1
Frame work 1034: BVH built/hit/evicted=0/0/0, catalogue/instance/scene builds=0/0/0, cached/scene tiles=277/194, scene 0.1 MiB, selection/detail passes=0/1, fallback ray attempts=0, GPU build/selection/detail=0.000/0.000/0.000 ms, CPU grouping=0.000 ms; atlas installed/evicted=0/0, I/O=0.000 MiB, resident=27/27
Camera preparation: wall 0.000 ms, GPU LOD 0.000 ms, plans/footprints=314/1
Minimap mask: 276x236, 1440000 rays, worker 10.373 ms, GPU 2.087 ms
Minimap publish: request-to-image 10.469 ms
Minimap mask: 276x236, 1440000 rays, worker 0.950 ms, GPU 0.605 ms
Minimap publish: request-to-image 1.005 ms
Frame 1035: wall 67.620 ms, GPU producer 66.648 ms, 1 producer submission(s), resident trace and presentation combined; t=60.172, BVH resident/budget 594.2/2048.0 MiB, builds/hits/evictions=277/1165/0, scene builds=331
Frame phases 1035: pre-render 0.009 ms, prepare 0.209 ms, primary repair 0.000 ms, shadow repair 0.000 ms, producer wait 67.224 ms; observer=2626601.64/1106501.18/2808.96, moved=0.00 m, roam=0, replaced=0, image=1600x900, LOD=1.500, shadows=1, minimap=1
Frame work 1035: BVH built/hit/evicted=0/0/0, catalogue/instance/scene builds=0/0/0, cached/scene tiles=277/194, scene 0.1 MiB, selection/detail passes=0/1, fallback ray attempts=0, GPU build/selection/detail=0.000/0.000/0.000 ms, CPU grouping=0.000 ms; atlas installed/evicted=0/0, I/O=0.000 MiB, resident=27/27
Camera preparation: wall 0.001 ms, GPU LOD 0.000 ms, plans/footprints=314/1
Frame 1039: wall 45.572 ms, GPU producer 45.042 ms, 1 producer submission(s), resident trace and presentation combined; t=60.217, BVH resident/budget 594.2/2048.0 MiB, builds/hits/evictions=277/1165/0, scene builds=331
Frame phases 1039: pre-render 0.004 ms, prepare 0.119 ms, primary repair 0.000 ms, shadow repair 0.000 ms, producer wait 45.356 ms; observer=2626601.64/1106501.18/2808.96, moved=0.00 m, roam=0, replaced=0, image=1600x900, LOD=1.500, shadows=1, minimap=1
Frame work 1039: BVH built/hit/evicted=0/0/0, catalogue/instance/scene builds=0/0/0, cached/scene tiles=277/194, scene 0.1 MiB, selection/detail passes=0/1, fallback ray attempts=0, GPU build/selection/detail=0.000/0.000/0.000 ms, CPU grouping=0.000 ms; atlas installed/evicted=0/0, I/O=0.000 MiB, resident=27/27
Minimap mask: 276x236, 1440000 rays, worker 37.841 ms, GPU 4.836 ms
Camera preparation: wall 0.001 ms, GPU LOD 0.000 ms, plans/footprints=314/1
Minimap publish: request-to-image 38.032 ms
Frame 1042: wall 43.703 ms, GPU producer 43.227 ms, 1 producer submission(s), resident trace and presentation combined; t=60.261, BVH resident/budget 594.2/2048.0 MiB, builds/hits/evictions=277/1165/0, scene builds=331
Frame phases 1042: pre-render 0.002 ms, prepare 0.145 ms, primary repair 0.000 ms, shadow repair 0.000 ms, producer wait 43.473 ms; observer=2626601.64/1106501.18/2808.96, moved=0.00 m, roam=0, replaced=0, image=1600x900, LOD=1.500, shadows=1, minimap=1
Frame work 1042: BVH built/hit/evicted=0/0/0, catalogue/instance/scene builds=0/0/0, cached/scene tiles=277/194, scene 0.1 MiB, selection/detail passes=0/1, fallback ray attempts=0, GPU build/selection/detail=0.000/0.000/0.000 ms, CPU grouping=0.000 ms; atlas installed/evicted=0/0, I/O=0.000 MiB, resident=27/27
Camera preparation: wall 0.001 ms, GPU LOD 0.000 ms, plans/footprints=314/1
Minimap mask: 276x236, 1440000 rays, worker 16.798 ms, GPU 6.254 ms
Minimap publish: request-to-image 16.881 ms
Frame 1044: wall 40.504 ms, GPU producer 40.019 ms, 1 producer submission(s), resident trace and presentation combined; t=60.302, BVH resident/budget 594.2/2048.0 MiB, builds/hits/evictions=277/1165/0, scene builds=331
Frame phases 1044: pre-render 0.002 ms, prepare 0.105 ms, primary repair 0.000 ms, shadow repair 0.000 ms, producer wait 40.325 ms; observer=2626601.64/1106501.18/2808.96, moved=0.00 m, roam=0, replaced=0, image=1600x900, LOD=1.500, shadows=1, minimap=1
Frame work 1044: BVH built/hit/evicted=0/0/0, catalogue/instance/scene builds=0/0/0, cached/scene tiles=277/194, scene 0.1 MiB, selection/detail passes=0/1, fallback ray attempts=0, GPU build/selection/detail=0.000/0.000/0.000 ms, CPU grouping=0.000 ms; atlas installed/evicted=0/0, I/O=0.000 MiB, resident=27/27
Camera preparation: wall 0.000 ms, GPU LOD 0.000 ms, plans/footprints=314/1
Minimap mask: 276x236, 1440000 rays, worker 24.018 ms, GPU 3.753 ms
Minimap publish: request-to-image 25.066 ms
Health t=60.304: memory ok footprint/resident 1227.9/676.0 MiB, Metal allocated/recommended 1006.9/18186.2 MiB, thermal=0
Health t=60.304: worker stage=render age=1.9 ms, calls=736 revision=1044, submitted/completed/presented=0/0/0, stale=0 unavailable=0 refreshed=0
Health t=60.304: display stage=idle age=25.4 ms, calls=1784 revision=1042, submitted/completed/presented=1784/1784/1783, stale=0 unavailable=0 refreshed=0
Health t=60.304: minimap stage=idle age=1.9 ms, calls=468 revision=0, submitted/completed/presented=468/468/466, stale=2 unavailable=0 refreshed=663
Health t=60.304: terrain stage=producer wait age=1.7 ms
Frame 1047: wall 39.279 ms, GPU producer 38.853 ms, 1 producer submission(s), resident trace and presentation combined; t=60.341, BVH resident/budget 594.2/2048.0 MiB, builds/hits/evictions=277/1165/0, scene builds=331
Frame phases 1047: pre-render 0.002 ms, prepare 0.099 ms, primary repair 0.000 ms, shadow repair 0.000 ms, producer wait 39.112 ms; observer=2626601.64/1106501.18/2808.96, moved=0.00 m, roam=0, replaced=0, image=1600x900, LOD=1.500, shadows=1, minimap=1
Frame work 1047: BVH built/hit/evicted=0/0/0, catalogue/instance/scene builds=0/0/0, cached/scene tiles=277/194, scene 0.1 MiB, selection/detail passes=0/1, fallback ray attempts=0, GPU build/selection/detail=0.000/0.000/0.000 ms, CPU grouping=0.000 ms; atlas installed/evicted=0/0, I/O=0.000 MiB, resident=27/27
Camera preparation: wall 0.000 ms, GPU LOD 0.000 ms, plans/footprints=314/1
Minimap mask: 276x236, 1440000 rays, worker 29.799 ms, GPU 6.819 ms
Minimap publish: request-to-image 29.889 ms
Frame 1049: wall 38.420 ms, GPU producer 37.969 ms, 1 producer submission(s), resident trace and presentation combined; t=60.380, BVH resident/budget 594.2/2048.0 MiB, builds/hits/evictions=277/1165/0, scene builds=331
Frame phases 1049: pre-render 0.003 ms, prepare 0.106 ms, primary repair 0.000 ms, shadow repair 0.000 ms, producer wait 38.239 ms; observer=2626601.64/1106501.18/2808.96, moved=0.00 m, roam=0, replaced=0, image=1600x900, LOD=1.500, shadows=1, minimap=1
Frame work 1049: BVH built/hit/evicted=0/0/0, catalogue/instance/scene builds=0/0/0, cached/scene tiles=277/194, scene 0.1 MiB, selection/detail passes=0/1, fallback ray attempts=0, GPU build/selection/detail=0.000/0.000/0.000 ms, CPU grouping=0.000 ms; atlas installed/evicted=0/0, I/O=0.000 MiB, resident=27/27
Minimap mask: 276x236, 1440000 rays, worker 35.286 ms, GPU 7.371 ms
Camera preparation: wall 0.000 ms, GPU LOD 0.000 ms, plans/footprints=314/1
Minimap publish: request-to-image 35.342 ms
Minimap mask: 276x236, 1440000 rays, worker 6.710 ms, GPU 5.515 ms
Frame 1051: wall 38.063 ms, GPU producer 37.546 ms, 1 producer submission(s), resident trace and presentation combined; t=60.418, BVH resident/budget 594.2/2048.0 MiB, builds/hits/evictions=277/1165/0, scene builds=331
Frame phases 1051: pre-render 0.038 ms, prepare 0.117 ms, primary repair 0.000 ms, shadow repair 0.000 ms, producer wait 37.834 ms; observer=2626601.64/1106501.18/2808.96, moved=0.00 m, roam=0, replaced=0, image=1600x900, LOD=1.500, shadows=1, minimap=1
Frame work 1051: BVH built/hit/evicted=0/0/0, catalogue/instance/scene builds=0/0/0, cached/scene tiles=277/194, scene 0.1 MiB, selection/detail passes=0/1, fallback ray attempts=0, GPU build/selection/detail=0.000/0.000/0.000 ms, CPU grouping=0.000 ms; atlas installed/evicted=0/0, I/O=0.000 MiB, resident=27/27
Camera preparation: wall 0.000 ms, GPU LOD 0.000 ms, plans/footprints=314/1
Minimap publish: request-to-image 10.835 ms
Frame 1054: wall 36.533 ms, GPU producer 36.084 ms, 1 producer submission(s), resident trace and presentation combined; t=60.454, BVH resident/budget 594.2/2048.0 MiB, builds/hits/evictions=277/1165/0, scene builds=331
Frame phases 1054: pre-render 0.002 ms, prepare 0.115 ms, primary repair 0.000 ms, shadow repair 0.000 ms, producer wait 36.345 ms; observer=2626601.64/1106501.18/2808.96, moved=0.00 m, roam=0, replaced=0, image=1600x900, LOD=1.500, shadows=1, minimap=1
Frame work 1054: BVH built/hit/evicted=0/0/0, catalogue/instance/scene builds=0/0/0, cached/scene tiles=277/194, scene 0.1 MiB, selection/detail passes=0/1, fallback ray attempts=0, GPU build/selection/detail=0.000/0.000/0.000 ms, CPU grouping=0.000 ms; atlas installed/evicted=0/0, I/O=0.000 MiB, resident=27/27
Camera preparation: wall 0.000 ms, GPU LOD 0.000 ms, plans/footprints=314/1
Minimap mask: 276x236, 1440000 rays, worker 10.146 ms, GPU 6.550 ms
Minimap publish: request-to-image 10.214 ms
Frame 1056: wall 36.466 ms, GPU producer 36.091 ms, 1 producer submission(s), resident trace and presentation combined; t=60.491, BVH resident/budget 594.2/2048.0 MiB, builds/hits/evictions=277/1165/0, scene builds=331
Frame phases 1056: pre-render 0.002 ms, prepare 0.085 ms, primary repair 0.000 ms, shadow repair 0.000 ms, producer wait 36.309 ms; observer=2626601.64/1106501.18/2808.96, moved=0.00 m, roam=0, replaced=0, image=1600x900, LOD=1.500, shadows=1, minimap=1
Frame work 1056: BVH built/hit/evicted=0/0/0, catalogue/instance/scene builds=0/0/0, cached/scene tiles=277/194, scene 0.1 MiB, selection/detail passes=0/1, fallback ray attempts=0, GPU build/selection/detail=0.000/0.000/0.000 ms, CPU grouping=0.000 ms; atlas installed/evicted=0/0, I/O=0.000 MiB, resident=27/27
Camera preparation: wall 0.000 ms, GPU LOD 0.000 ms, plans/footprints=314/1
Minimap mask: 276x236, 1440000 rays, worker 13.621 ms, GPU 5.573 ms
Minimap publish: request-to-image 13.712 ms
Frame 1058: wall 36.337 ms, GPU producer 35.916 ms, 1 producer submission(s), resident trace and presentation combined; t=60.527, BVH resident/budget 594.2/2048.0 MiB, builds/hits/evictions=277/1165/0, scene builds=331
Frame phases 1058: pre-render 0.005 ms, prepare 0.090 ms, primary repair 0.000 ms, shadow repair 0.000 ms, producer wait 36.176 ms; observer=2626601.64/1106501.18/2808.96, moved=0.00 m, roam=0, replaced=0, image=1600x900, LOD=1.500, shadows=1, minimap=1
Frame work 1058: BVH built/hit/evicted=0/0/0, catalogue/instance/scene builds=0/0/0, cached/scene tiles=277/194, scene 0.1 MiB, selection/detail passes=0/1, fallback ray attempts=0, GPU build/selection/detail=0.000/0.000/0.000 ms, CPU grouping=0.000 ms; atlas installed/evicted=0/0, I/O=0.000 MiB, resident=27/27
Camera preparation: wall 0.001 ms, GPU LOD 0.000 ms, plans/footprints=314/1
Minimap mask: 276x236, 1440000 rays, worker 16.706 ms, GPU 0.729 ms
Minimap publish: request-to-image 16.789 ms
Frame 1060: wall 35.247 ms, GPU producer 34.841 ms, 1 producer submission(s), resident trace and presentation combined; t=60.563, BVH resident/budget 594.2/2048.0 MiB, builds/hits/evictions=277/1165/0, scene builds=331
Frame phases 1060: pre-render 0.002 ms, prepare 0.097 ms, primary repair 0.000 ms, shadow repair 0.000 ms, producer wait 35.085 ms; observer=2626601.64/1106501.18/2808.96, moved=0.00 m, roam=0, replaced=0, image=1600x900, LOD=1.500, shadows=1, minimap=1
Frame work 1060: BVH built/hit/evicted=0/0/0, catalogue/instance/scene builds=0/0/0, cached/scene tiles=277/194, scene 0.1 MiB, selection/detail passes=0/1, fallback ray attempts=0, GPU build/selection/detail=0.000/0.000/0.000 ms, CPU grouping=0.000 ms; atlas installed/evicted=0/0, I/O=0.000 MiB, resident=27/27
Camera preparation: wall 0.000 ms, GPU LOD 0.000 ms, plans/footprints=314/1
Minimap mask: 276x236, 1440000 rays, worker 19.716 ms, GPU 4.324 ms
Minimap publish: request-to-image 19.803 ms
Frame 1062: wall 34.756 ms, GPU producer 34.354 ms, 1 producer submission(s), resident trace and presentation combined; t=60.598, BVH resident/budget 594.2/2048.0 MiB, builds/hits/evictions=277/1165/0, scene builds=331
Frame phases 1062: pre-render 0.003 ms, prepare 0.092 ms, primary repair 0.000 ms, shadow repair 0.000 ms, producer wait 34.584 ms; observer=2626601.64/1106501.18/2808.96, moved=0.00 m, roam=0, replaced=0, image=1600x900, LOD=1.500, shadows=1, minimap=1
Frame work 1062: BVH built/hit/evicted=0/0/0, catalogue/instance/scene builds=0/0/0, cached/scene tiles=277/194, scene 0.1 MiB, selection/detail passes=0/1, fallback ray attempts=0, GPU build/selection/detail=0.000/0.000/0.000 ms, CPU grouping=0.000 ms; atlas installed/evicted=0/0, I/O=0.000 MiB, resident=27/27
Camera preparation: wall 0.000 ms, GPU LOD 0.000 ms, plans/footprints=314/1
Minimap mask: 276x236, 1440000 rays, worker 21.497 ms, GPU 4.259 ms
Minimap publish: request-to-image 21.545 ms
Frame 1064: wall 33.575 ms, GPU producer 33.142 ms, 1 producer submission(s), resident trace and presentation combined; t=60.631, BVH resident/budget 594.2/2048.0 MiB, builds/hits/evictions=277/1165/0, scene builds=331
Frame phases 1064: pre-render 0.008 ms, prepare 0.093 ms, primary repair 0.000 ms, shadow repair 0.000 ms, producer wait 33.413 ms; observer=2626601.64/1106501.18/2808.96, moved=0.00 m, roam=0, replaced=0, image=1600x900, LOD=1.500, shadows=1, minimap=1
Minimap mask: 276x236, 1440000 rays, worker 21.706 ms, GPU 7.680 ms
Frame work 1064: BVH built/hit/evicted=0/0/0, catalogue/instance/scene builds=0/0/0, cached/scene tiles=277/194, scene 0.1 MiB, selection/detail passes=0/1, fallback ray attempts=0, GPU build/selection/detail=0.000/0.000/0.000 ms, CPU grouping=0.000 ms; atlas installed/evicted=0/0, I/O=0.000 MiB, resident=27/27
Camera preparation: wall 0.000 ms, GPU LOD 0.000 ms, plans/footprints=314/1
Minimap publish: request-to-image 22.020 ms
Frame 1066: wall 32.718 ms, GPU producer 32.191 ms, 1 producer submission(s), resident trace and presentation combined; t=60.664, BVH resident/budget 594.2/2048.0 MiB, builds/hits/evictions=277/1165/0, scene builds=331
Frame phases 1066: pre-render 0.003 ms, prepare 0.175 ms, primary repair 0.000 ms, shadow repair 0.000 ms, producer wait 32.444 ms; observer=2626601.64/1106501.18/2808.96, moved=0.00 m, roam=0, replaced=0, image=1600x900, LOD=1.500, shadows=1, minimap=1
Frame work 1066: BVH built/hit/evicted=0/0/0, catalogue/instance/scene builds=0/0/0, cached/scene tiles=277/194, scene 0.1 MiB, selection/detail passes=0/1, fallback ray attempts=0, GPU build/selection/detail=0.000/0.000/0.000 ms, CPU grouping=0.000 ms; atlas installed/evicted=0/0, I/O=0.000 MiB, resident=27/27
Camera preparation: wall 0.013 ms, GPU LOD 0.000 ms, plans/footprints=314/1
Minimap mask: 276x236, 1440000 rays, worker 21.152 ms, GPU 6.640 ms
Minimap publish: request-to-image 21.255 ms
Minimap mask: 276x236, 1440000 rays, worker 20.715 ms, GPU 3.989 ms
Frame 1068: wall 32.939 ms, GPU producer 32.395 ms, 1 producer submission(s), resident trace and presentation combined; t=60.697, BVH resident/budget 594.2/2048.0 MiB, builds/hits/evictions=277/1165/0, scene builds=331
Frame phases 1068: pre-render 0.028 ms, prepare 0.112 ms, primary repair 0.000 ms, shadow repair 0.000 ms, producer wait 32.715 ms; observer=2626601.64/1106501.18/2808.96, moved=0.00 m, roam=0, replaced=0, image=1600x900, LOD=1.500, shadows=1, minimap=1
Frame work 1068: BVH built/hit/evicted=0/0/0, catalogue/instance/scene builds=0/0/0, cached/scene tiles=277/194, scene 0.1 MiB, selection/detail passes=0/1, fallback ray attempts=0, GPU build/selection/detail=0.000/0.000/0.000 ms, CPU grouping=0.000 ms; atlas installed/evicted=0/0, I/O=0.000 MiB, resident=27/27
Camera preparation: wall 0.000 ms, GPU LOD 0.000 ms, plans/footprints=314/1
Minimap publish: request-to-image 22.258 ms
Frame 1069: wall 34.866 ms, GPU producer 34.357 ms, 1 producer submission(s), resident trace and presentation combined; t=60.732, BVH resident/budget 594.2/2048.0 MiB, builds/hits/evictions=277/1165/0, scene builds=331
Frame phases 1069: pre-render 0.003 ms, prepare 0.114 ms, primary repair 0.000 ms, shadow repair 0.000 ms, producer wait 34.659 ms; observer=2626601.64/1106501.18/2808.96, moved=0.00 m, roam=0, replaced=0, image=1600x900, LOD=1.500, shadows=1, minimap=1
Frame work 1069: BVH built/hit/evicted=0/0/0, catalogue/instance/scene builds=0/0/0, cached/scene tiles=277/194, scene 0.1 MiB, selection/detail passes=0/1, fallback ray attempts=0, GPU build/selection/detail=0.000/0.000/0.000 ms, CPU grouping=0.000 ms; atlas installed/evicted=0/0, I/O=0.000 MiB, resident=27/27
Camera preparation: wall 0.001 ms, GPU LOD 0.000 ms, plans/footprints=314/1
Minimap mask: 276x236, 1440000 rays, worker 22.310 ms, GPU 2.901 ms
Minimap publish: request-to-image 22.381 ms
Frame 1070: wall 32.727 ms, GPU producer 32.211 ms, 1 producer submission(s), resident trace and presentation combined; t=60.766, BVH resident/budget 594.2/2048.0 MiB, builds/hits/evictions=277/1165/0, scene builds=331
Frame phases 1070: pre-render 0.003 ms, prepare 0.134 ms, primary repair 0.000 ms, shadow repair 0.000 ms, producer wait 32.505 ms; observer=2626601.64/1106501.18/2808.96, moved=0.00 m, roam=0, replaced=0, image=1600x900, LOD=1.500, shadows=1, minimap=1
Frame work 1070: BVH built/hit/evicted=0/0/0, catalogue/instance/scene builds=0/0/0, cached/scene tiles=277/194, scene 0.1 MiB, selection/detail passes=0/1, fallback ray attempts=0, GPU build/selection/detail=0.000/0.000/0.000 ms, CPU grouping=0.000 ms; atlas installed/evicted=0/0, I/O=0.000 MiB, resident=27/27
Camera preparation: wall 0.001 ms, GPU LOD 0.000 ms, plans/footprints=314/1
Minimap mask: 276x236, 1440000 rays, worker 22.871 ms, GPU 7.428 ms
Minimap publish: request-to-image 23.011 ms
Minimap mask: 276x236, 1440000 rays, worker 0.824 ms, GPU 0.525 ms
Minimap publish: request-to-image 2.443 ms
Frame 1071: wall 32.667 ms, GPU producer 31.440 ms, 1 producer submission(s), resident trace and presentation combined; t=61.083, BVH resident/budget 594.2/2048.0 MiB, builds/hits/evictions=277/1165/0, scene builds=331
Frame phases 1071: pre-render 0.008 ms, prepare 0.586 ms, primary repair 0.000 ms, shadow repair 0.000 ms, producer wait 31.846 ms; observer=2626601.64/1106501.18/2808.96, moved=0.00 m, roam=0, replaced=0, image=1600x900, LOD=1.500, shadows=1, minimap=1
Frame work 1071: BVH built/hit/evicted=0/0/0, catalogue/instance/scene builds=0/0/0, cached/scene tiles=277/194, scene 0.1 MiB, selection/detail passes=0/1, fallback ray attempts=0, GPU build/selection/detail=0.000/0.000/0.000 ms, CPU grouping=0.000 ms; atlas installed/evicted=0/0, I/O=0.000 MiB, resident=27/27
Camera preparation: wall 0.001 ms, GPU LOD 0.000 ms, plans/footprints=314/1
Frame 1073: wall 34.436 ms, GPU producer 33.852 ms, 1 producer submission(s), resident trace and presentation combined; t=61.118, BVH resident/budget 594.2/2048.0 MiB, builds/hits/evictions=277/1165/0, scene builds=331
Frame phases 1073: pre-render 0.014 ms, prepare 0.166 ms, primary repair 0.000 ms, shadow repair 0.000 ms, producer wait 34.130 ms; observer=2626601.64/1106501.18/2808.96, moved=0.00 m, roam=0, replaced=0, image=1600x900, LOD=1.500, shadows=1, minimap=1
Frame work 1073: BVH built/hit/evicted=0/0/0, catalogue/instance/scene builds=0/0/0, cached/scene tiles=277/194, scene 0.1 MiB, selection/detail passes=0/1, fallback ray attempts=0, GPU build/selection/detail=0.000/0.000/0.000 ms, CPU grouping=0.000 ms; atlas installed/evicted=0/0, I/O=0.000 MiB, resident=27/27
Camera preparation: wall 0.000 ms, GPU LOD 0.000 ms, plans/footprints=314/1
Minimap mask: 276x236, 1440000 rays, worker 9.072 ms, GPU 6.219 ms
Minimap publish: request-to-image 9.891 ms
Minimap mask: 276x236, 1440000 rays, worker 11.826 ms, GPU 5.253 ms
Frame 1075: wall 37.050 ms, GPU producer 36.492 ms, 1 producer submission(s), resident trace and presentation combined; t=61.155, BVH resident/budget 594.2/2048.0 MiB, builds/hits/evictions=277/1165/0, scene builds=331
Frame phases 1075: pre-render 0.004 ms, prepare 0.113 ms, primary repair 0.000 ms, shadow repair 0.000 ms, producer wait 36.845 ms; observer=2626601.64/1106501.18/2808.96, moved=0.00 m, roam=0, replaced=0, image=1600x900, LOD=1.500, shadows=1, minimap=1
Frame work 1075: BVH built/hit/evicted=0/0/0, catalogue/instance/scene builds=0/0/0, cached/scene tiles=277/194, scene 0.1 MiB, selection/detail passes=0/1, fallback ray attempts=0, GPU build/selection/detail=0.000/0.000/0.000 ms, CPU grouping=0.000 ms; atlas installed/evicted=0/0, I/O=0.000 MiB, resident=27/27
Camera preparation: wall 0.000 ms, GPU LOD 0.000 ms, plans/footprints=314/1
Minimap publish: request-to-image 11.890 ms
Frame 1077: wall 38.942 ms, GPU producer 38.442 ms, 1 producer submission(s), resident trace and presentation combined; t=61.194, BVH resident/budget 594.2/2048.0 MiB, builds/hits/evictions=277/1165/0, scene builds=331
Frame phases 1077: pre-render 0.008 ms, prepare 0.113 ms, primary repair 0.000 ms, shadow repair 0.000 ms, producer wait 38.733 ms; observer=2626601.64/1106501.18/2808.96, moved=0.00 m, roam=0, replaced=0, image=1600x900, LOD=1.500, shadows=1, minimap=1
Frame work 1077: BVH built/hit/evicted=0/0/0, catalogue/instance/scene builds=0/0/0, cached/scene tiles=277/194, scene 0.1 MiB, selection/detail passes=0/1, fallback ray attempts=0, GPU build/selection/detail=0.000/0.000/0.000 ms, CPU grouping=0.000 ms; atlas installed/evicted=0/0, I/O=0.000 MiB, resident=27/27
Camera preparation: wall 0.000 ms, GPU LOD 0.000 ms, plans/footprints=314/1
Minimap mask: 276x236, 1440000 rays, worker 17.641 ms, GPU 0.683 ms
Minimap publish: request-to-image 17.775 ms
Frame 1079: wall 39.291 ms, GPU producer 38.828 ms, 1 producer submission(s), resident trace and presentation combined; t=61.233, BVH resident/budget 594.2/2048.0 MiB, builds/hits/evictions=277/1165/0, scene builds=331
Frame phases 1079: pre-render 0.017 ms, prepare 0.120 ms, primary repair 0.000 ms, shadow repair 0.000 ms, producer wait 39.077 ms; observer=2626601.64/1106501.18/2808.96, moved=0.00 m, roam=0, replaced=0, image=1600x900, LOD=1.500, shadows=1, minimap=1
Frame work 1079: BVH built/hit/evicted=0/0/0, catalogue/instance/scene builds=0/0/0, cached/scene tiles=277/194, scene 0.1 MiB, selection/detail passes=0/1, fallback ray attempts=0, GPU build/selection/detail=0.000/0.000/0.000 ms, CPU grouping=0.000 ms; atlas installed/evicted=0/0, I/O=0.000 MiB, resident=27/27
Minimap mask: 276x236, 1440000 rays, worker 22.307 ms, GPU 5.321 ms
Camera preparation: wall 0.000 ms, GPU LOD 0.000 ms, plans/footprints=314/1
Minimap publish: request-to-image 34.535 ms
Frame 1081: wall 40.308 ms, GPU producer 39.835 ms, 1 producer submission(s), resident trace and presentation combined; t=61.274, BVH resident/budget 594.2/2048.0 MiB, builds/hits/evictions=277/1165/0, scene builds=331
Frame phases 1081: pre-render 0.003 ms, prepare 0.121 ms, primary repair 0.000 ms, shadow repair 0.000 ms, producer wait 40.089 ms; observer=2626601.64/1106501.18/2808.96, moved=0.00 m, roam=0, replaced=0, image=1600x900, LOD=1.500, shadows=1, minimap=1
Frame work 1081: BVH built/hit/evicted=0/0/0, catalogue/instance/scene builds=0/0/0, cached/scene tiles=277/194, scene 0.1 MiB, selection/detail passes=0/1, fallback ray attempts=0, GPU build/selection/detail=0.000/0.000/0.000 ms, CPU grouping=0.000 ms; atlas installed/evicted=0/0, I/O=0.000 MiB, resident=27/27
Camera preparation: wall 0.000 ms, GPU LOD 0.000 ms, plans/footprints=314/1
Minimap mask: 276x236, 1440000 rays, worker 25.714 ms, GPU 5.496 ms
Minimap publish: request-to-image 25.815 ms
Health t=61.304: memory ok footprint/resident 1215.9/676.5 MiB, Metal allocated/recommended 995.9/18186.2 MiB, thermal=0
Health t=61.304: worker stage=render age=30.2 ms, calls=769 revision=1081, submitted/completed/presented=0/0/0, stale=0 unavailable=0 refreshed=0
Health t=61.304: display stage=idle age=25.8 ms, calls=1814 revision=1081, submitted/completed/presented=1814/1813/1812, stale=0 unavailable=0 refreshed=0
Health t=61.304: minimap stage=mask-gpu age=26.3 ms, calls=488 revision=0, submitted/completed/presented=488/487/485, stale=2 unavailable=0 refreshed=682
Health t=61.304: terrain stage=producer wait age=30.1 ms
Frame 1084: wall 40.951 ms, GPU producer 40.425 ms, 1 producer submission(s), resident trace and presentation combined; t=61.315, BVH resident/budget 594.2/2048.0 MiB, builds/hits/evictions=277/1165/0, scene builds=331
Frame phases 1084: pre-render 0.003 ms, prepare 0.103 ms, primary repair 0.000 ms, shadow repair 0.000 ms, producer wait 40.779 ms; observer=2626601.64/1106501.18/2808.96, moved=0.00 m, roam=0, replaced=0, image=1600x900, LOD=1.500, shadows=1, minimap=1
Frame work 1084: BVH built/hit/evicted=0/0/0, catalogue/instance/scene builds=0/0/0, cached/scene tiles=277/194, scene 0.1 MiB, selection/detail passes=0/1, fallback ray attempts=0, GPU build/selection/detail=0.000/0.000/0.000 ms, CPU grouping=0.000 ms; atlas installed/evicted=0/0, I/O=0.000 MiB, resident=27/27
Camera preparation: wall 0.000 ms, GPU LOD 0.000 ms, plans/footprints=314/1
Minimap mask: 276x236, 1440000 rays, worker 37.135 ms, GPU 7.850 ms
Minimap publish: request-to-image 37.190 ms
Frame 1086: wall 43.015 ms, GPU producer 42.616 ms, 1 producer submission(s), resident trace and presentation combined; t=61.358, BVH resident/budget 594.2/2048.0 MiB, builds/hits/evictions=277/1165/0, scene builds=331
Frame phases 1086: pre-render 0.002 ms, prepare 0.095 ms, primary repair 0.000 ms, shadow repair 0.000 ms, producer wait 42.842 ms; observer=2626601.64/1106501.18/2808.96, moved=0.00 m, roam=0, replaced=0, image=1600x900, LOD=1.500, shadows=1, minimap=1
Frame work 1086: BVH built/hit/evicted=0/0/0, catalogue/instance/scene builds=0/0/0, cached/scene tiles=277/194, scene 0.1 MiB, selection/detail passes=0/1, fallback ray attempts=0, GPU build/selection/detail=0.000/0.000/0.000 ms, CPU grouping=0.000 ms; atlas installed/evicted=0/0, I/O=0.000 MiB, resident=27/27
Camera preparation: wall 0.000 ms, GPU LOD 0.000 ms, plans/footprints=314/1
Minimap mask: 276x236, 1440000 rays, worker 12.925 ms, GPU 4.139 ms
Minimap publish: request-to-image 13.022 ms
Frame 1089: wall 44.258 ms, GPU producer 43.813 ms, 1 producer submission(s), resident trace and presentation combined; t=61.402, BVH resident/budget 594.2/2048.0 MiB, builds/hits/evictions=277/1165/0, scene builds=331
Frame phases 1089: pre-render 0.003 ms, prepare 0.098 ms, primary repair 0.000 ms, shadow repair 0.000 ms, producer wait 44.085 ms; observer=2626601.64/1106501.18/2808.96, moved=0.00 m, roam=0, replaced=0, image=1600x900, LOD=1.500, shadows=1, minimap=1
Frame work 1089: BVH built/hit/evicted=0/0/0, catalogue/instance/scene builds=0/0/0, cached/scene tiles=277/194, scene 0.1 MiB, selection/detail passes=0/1, fallback ray attempts=0, GPU build/selection/detail=0.000/0.000/0.000 ms, CPU grouping=0.000 ms; atlas installed/evicted=0/0, I/O=0.000 MiB, resident=27/27
Camera preparation: wall 0.000 ms, GPU LOD 0.000 ms, plans/footprints=314/1
Minimap mask: 276x236, 1440000 rays, worker 24.067 ms, GPU 4.076 ms
Minimap publish: request-to-image 24.638 ms
Frame 1090: wall 44.694 ms, GPU producer 44.160 ms, 1 producer submission(s), resident trace and presentation combined; t=61.447, BVH resident/budget 594.2/2048.0 MiB, builds/hits/evictions=277/1165/0, scene builds=331
Frame phases 1090: pre-render 0.004 ms, prepare 0.119 ms, primary repair 0.000 ms, shadow repair 0.000 ms, producer wait 44.493 ms; observer=2626601.64/1106501.18/2808.96, moved=0.00 m, roam=0, replaced=0, image=1600x900, LOD=1.500, shadows=1, minimap=1
Frame work 1090: BVH built/hit/evicted=0/0/0, catalogue/instance/scene builds=0/0/0, cached/scene tiles=277/194, scene 0.1 MiB, selection/detail passes=0/1, fallback ray attempts=0, GPU build/selection/detail=0.000/0.000/0.000 ms, CPU grouping=0.000 ms; atlas installed/evicted=0/0, I/O=0.000 MiB, resident=27/27
Camera preparation: wall 0.001 ms, GPU LOD 0.000 ms, plans/footprints=314/1
Minimap mask: 276x236, 1440000 rays, worker 35.983 ms, GPU 11.464 ms
Minimap publish: request-to-image 36.114 ms
Minimap mask: 276x236, 1440000 rays, worker 1.617 ms, GPU 0.711 ms
Minimap publish: request-to-image 1.687 ms
Health t=62.309: memory ok footprint/resident 1199.3/673.2 MiB, Metal allocated/recommended 982.9/18186.2 MiB, thermal=0
Health t=62.309: worker stage=idle age=175.9 ms, calls=796 revision=1090, submitted/completed/presented=0/0/0, stale=0 unavailable=0 refreshed=0
Health t=62.309: display stage=idle age=0.3 ms, calls=1845 revision=1090, submitted/completed/presented=1845/1844/1843, stale=0 unavailable=0 refreshed=0
Health t=62.309: minimap stage=idle age=829.2 ms, calls=492 revision=0, submitted/completed/presented=492/492/490, stale=2 unavailable=0 refreshed=685
Health t=62.309: terrain stage=idle age=62309.3 ms
LOD plan: sources=1591, changed finer/coarser=0/0, selected LOD-1=23
Frame 1091: wall 71.815 ms, GPU producer 65.335 ms, 1 producer submission(s), resident trace and presentation combined; t=62.471, BVH resident/budget 594.2/2048.0 MiB, builds/hits/evictions=277/1165/0, scene builds=332
Frame phases 1091: pre-render 0.032 ms, prepare 5.880 ms, primary repair 0.000 ms, shadow repair 0.000 ms, producer wait 65.754 ms; observer=2626602.65/1106516.11/2811.05, moved=14.97 m, roam=1, replaced=0, image=1600x900, LOD=1.500, shadows=1, minimap=1
Frame work 1091: BVH built/hit/evicted=0/0/0, catalogue/instance/scene builds=1/1/1, cached/scene tiles=277/194, scene 0.1 MiB, selection/detail passes=0/1, fallback ray attempts=0, GPU build/selection/detail=1.349/0.000/0.000 ms, CPU grouping=0.000 ms; atlas installed/evicted=0/0, I/O=0.000 MiB, resident=27/27
Camera preparation: wall 0.823 ms, GPU LOD 0.014 ms, plans/footprints=315/1
Minimap mask: 276x236, 1440000 rays, worker 1.777 ms, GPU 0.682 ms
Minimap publish: request-to-image 7.455 ms
LOD plan: sources=1591, changed finer/coarser=0/1, selected LOD-1=23
Frame 1092: wall 47.475 ms, GPU producer 42.759 ms, 1 producer submission(s), resident trace and presentation combined; t=62.546, BVH resident/budget 594.2/2048.0 MiB, builds/hits/evictions=277/1165/0, scene builds=333
Frame phases 1092: pre-render 0.008 ms, prepare 4.261 ms, primary repair 0.000 ms, shadow repair 0.000 ms, producer wait 43.125 ms; observer=2626604.08/1106537.43/2814.02, moved=21.37 m, roam=1, replaced=0, image=1600x900, LOD=1.500, shadows=1, minimap=1
Frame work 1092: BVH built/hit/evicted=0/0/0, catalogue/instance/scene builds=1/1/1, cached/scene tiles=277/194, scene 0.1 MiB, selection/detail passes=0/1, fallback ray attempts=0, GPU build/selection/detail=0.434/0.000/0.000 ms, CPU grouping=0.000 ms; atlas installed/evicted=0/0, I/O=0.000 MiB, resident=27/27
Camera preparation: wall 0.438 ms, GPU LOD 0.004 ms, plans/footprints=316/1
Minimap mask: 276x236, 1440000 rays, worker 1.974 ms, GPU 0.731 ms
Minimap publish: request-to-image 7.061 ms
Frame 1093: wall 44.621 ms, GPU producer 43.702 ms, 1 producer submission(s), resident trace and presentation combined; t=62.643, BVH resident/budget 594.2/2048.0 MiB, builds/hits/evictions=277/1165/0, scene builds=333
Frame phases 1093: pre-render 0.003 ms, prepare 0.164 ms, primary repair 0.000 ms, shadow repair 0.000 ms, producer wait 44.354 ms; observer=2626604.08/1106537.43/2814.02, moved=0.00 m, roam=0, replaced=0, image=1600x900, LOD=1.500, shadows=1, minimap=1
Frame work 1093: BVH built/hit/evicted=0/0/0, catalogue/instance/scene builds=0/0/0, cached/scene tiles=277/194, scene 0.1 MiB, selection/detail passes=0/1, fallback ray attempts=0, GPU build/selection/detail=0.000/0.000/0.000 ms, CPU grouping=0.000 ms; atlas installed/evicted=0/0, I/O=0.000 MiB, resident=27/27
Camera preparation: wall 0.001 ms, GPU LOD 0.000 ms, plans/footprints=316/1
LOD plan: sources=1591, changed finer/coarser=0/0, selected LOD-1=23
Frame 1094: wall 47.767 ms, GPU producer 45.221 ms, 1 producer submission(s), resident trace and presentation combined; t=62.691, BVH resident/budget 594.2/2048.0 MiB, builds/hits/evictions=277/1165/0, scene builds=334
Frame phases 1094: pre-render 0.007 ms, prepare 2.144 ms, primary repair 0.000 ms, shadow repair 0.000 ms, producer wait 45.540 ms; observer=2626605.61/1106558.90/2816.51, moved=21.52 m, roam=1, replaced=0, image=1600x900, LOD=1.500, shadows=1, minimap=1
Frame work 1094: BVH built/hit/evicted=0/0/0, catalogue/instance/scene builds=1/1/1, cached/scene tiles=277/194, scene 0.1 MiB, selection/detail passes=0/1, fallback ray attempts=0, GPU build/selection/detail=0.425/0.000/0.000 ms, CPU grouping=0.000 ms; atlas installed/evicted=0/0, I/O=0.000 MiB, resident=27/27
Camera preparation: wall 0.272 ms, GPU LOD 0.004 ms, plans/footprints=317/1
Minimap mask: 276x236, 1440000 rays, worker 14.273 ms, GPU 7.062 ms
Minimap publish: request-to-image 14.347 ms
Frame 1095: wall 48.965 ms, GPU producer 47.646 ms, 1 producer submission(s), resident trace and presentation combined; t=62.747, BVH resident/budget 594.2/2048.0 MiB, builds/hits/evictions=277/1165/0, scene builds=334
Frame phases 1095: pre-render 0.005 ms, prepare 0.407 ms, primary repair 0.000 ms, shadow repair 0.000 ms, producer wait 48.369 ms; observer=2626605.61/1106558.90/2816.51, moved=0.00 m, roam=0, replaced=0, image=1600x900, LOD=1.500, shadows=1, minimap=1
Frame work 1095: BVH built/hit/evicted=0/0/0, catalogue/instance/scene builds=0/0/0, cached/scene tiles=277/194, scene 0.1 MiB, selection/detail passes=0/1, fallback ray attempts=0, GPU build/selection/detail=0.000/0.000/0.000 ms, CPU grouping=0.000 ms; atlas installed/evicted=0/0, I/O=0.000 MiB, resident=27/27
Camera preparation: wall 0.001 ms, GPU LOD 0.000 ms, plans/footprints=317/1
Minimap mask: 276x236, 1440000 rays, worker 33.559 ms, GPU 10.467 ms
Minimap publish: request-to-image 33.642 ms
LOD plan: sources=1591, changed finer/coarser=0/0, selected LOD-1=23
Frame 1096: wall 48.386 ms, GPU producer 45.863 ms, 1 producer submission(s), resident trace and presentation combined; t=62.795, BVH resident/budget 594.2/2048.0 MiB, builds/hits/evictions=277/1165/0, scene builds=335
Frame phases 1096: pre-render 0.008 ms, prepare 2.202 ms, primary repair 0.000 ms, shadow repair 0.000 ms, producer wait 46.097 ms; observer=2626607.20/1106580.17/2818.49, moved=21.32 m, roam=1, replaced=0, image=1600x900, LOD=1.500, shadows=1, minimap=1
Frame work 1096: BVH built/hit/evicted=0/0/0, catalogue/instance/scene builds=1/1/1, cached/scene tiles=277/194, scene 0.1 MiB, selection/detail passes=0/1, fallback ray attempts=0, GPU build/selection/detail=0.492/0.000/0.000 ms, CPU grouping=0.000 ms; atlas installed/evicted=0/0, I/O=0.000 MiB, resident=27/27
Camera preparation: wall 0.238 ms, GPU LOD 0.005 ms, plans/footprints=318/1
Minimap mask: 276x236, 1440000 rays, worker 17.574 ms, GPU 6.388 ms
Minimap publish: request-to-image 17.629 ms
Minimap mask: 276x236, 1440000 rays, worker 34.957 ms, GPU 10.699 ms
Frame 1097: wall 47.010 ms, GPU producer 46.051 ms, 1 producer submission(s), resident trace and presentation combined; t=62.845, BVH resident/budget 594.2/2048.0 MiB, builds/hits/evictions=277/1165/0, scene builds=335
Frame phases 1097: pre-render 0.061 ms, prepare 0.152 ms, primary repair 0.000 ms, shadow repair 0.000 ms, producer wait 46.716 ms; observer=2626607.20/1106580.17/2818.49, moved=0.00 m, roam=0, replaced=0, image=1600x900, LOD=1.500, shadows=1, minimap=1
Frame work 1097: BVH built/hit/evicted=0/0/0, catalogue/instance/scene builds=0/0/0, cached/scene tiles=277/194, scene 0.1 MiB, selection/detail passes=0/1, fallback ray attempts=0, GPU build/selection/detail=0.000/0.000/0.000 ms, CPU grouping=0.000 ms; atlas installed/evicted=0/0, I/O=0.000 MiB, resident=27/27
Camera preparation: wall 0.001 ms, GPU LOD 0.000 ms, plans/footprints=318/1
LOD plan: sources=1591, changed finer/coarser=1/0, selected LOD-1=23
Minimap publish: request-to-image 35.861 ms
Frame 1098: wall 49.559 ms, GPU producer 46.879 ms, 1 producer submission(s), resident trace and presentation combined; t=62.895, BVH resident/budget 594.2/2048.0 MiB, builds/hits/evictions=277/1165/0, scene builds=336
Frame phases 1098: pre-render 0.011 ms, prepare 2.332 ms, primary repair 0.000 ms, shadow repair 0.000 ms, producer wait 47.152 ms; observer=2626608.91/1106601.80/2820.01, moved=21.70 m, roam=1, replaced=0, image=1600x900, LOD=1.500, shadows=1, minimap=1
Frame work 1098: BVH built/hit/evicted=0/0/0, catalogue/instance/scene builds=1/1/1, cached/scene tiles=277/194, scene 0.1 MiB, selection/detail passes=0/1, fallback ray attempts=0, GPU build/selection/detail=0.582/0.000/0.000 ms, CPU grouping=0.000 ms; atlas installed/evicted=0/0, I/O=0.000 MiB, resident=27/27
Camera preparation: wall 0.246 ms, GPU LOD 0.004 ms, plans/footprints=319/1
Minimap mask: 276x236, 1440000 rays, worker 18.536 ms, GPU 8.092 ms
Minimap publish: request-to-image 18.626 ms
Frame 1099: wall 49.142 ms, GPU producer 48.343 ms, 1 producer submission(s), resident trace and presentation combined; t=62.948, BVH resident/budget 594.2/2048.0 MiB, builds/hits/evictions=277/1165/0, scene builds=336
Frame phases 1099: pre-render 0.003 ms, prepare 0.269 ms, primary repair 0.000 ms, shadow repair 0.000 ms, producer wait 48.752 ms; observer=2626608.91/1106601.80/2820.01, moved=0.00 m, roam=0, replaced=0, image=1600x900, LOD=1.500, shadows=1, minimap=1
Frame work 1099: BVH built/hit/evicted=0/0/0, catalogue/instance/scene builds=0/0/0, cached/scene tiles=277/194, scene 0.1 MiB, selection/detail passes=0/1, fallback ray attempts=0, GPU build/selection/detail=0.000/0.000/0.000 ms, CPU grouping=0.000 ms; atlas installed/evicted=0/0, I/O=0.000 MiB, resident=27/27
Camera preparation: wall 0.001 ms, GPU LOD 0.000 ms, plans/footprints=319/1
Minimap mask: 276x236, 1440000 rays, worker 35.629 ms, GPU 8.630 ms
Minimap publish: request-to-image 35.704 ms
LOD plan: sources=1591, changed finer/coarser=1/0, selected LOD-1=23
Frame 1100: wall 50.505 ms, GPU producer 48.350 ms, 1 producer submission(s), resident trace and presentation combined; t=62.999, BVH resident/budget 594.2/2048.0 MiB, builds/hits/evictions=277/1165/0, scene builds=337
Frame phases 1100: pre-render 0.006 ms, prepare 1.846 ms, primary repair 0.000 ms, shadow repair 0.000 ms, producer wait 48.588 ms; observer=2626610.73/1106623.50/2821.04, moved=21.78 m, roam=1, replaced=0, image=1600x900, LOD=1.500, shadows=1, minimap=1
Frame work 1100: BVH built/hit/evicted=0/0/0, catalogue/instance/scene builds=1/1/1, cached/scene tiles=277/194, scene 0.1 MiB, selection/detail passes=0/1, fallback ray attempts=0, GPU build/selection/detail=0.454/0.000/0.000 ms, CPU grouping=0.000 ms; atlas installed/evicted=0/0, I/O=0.000 MiB, resident=27/27
Camera preparation: wall 0.222 ms, GPU LOD 0.004 ms, plans/footprints=320/1
Minimap mask: 276x236, 1440000 rays, worker 22.500 ms, GPU 0.857 ms
Minimap publish: request-to-image 22.557 ms
LOD plan: sources=1591, changed finer/coarser=1/0, selected LOD-1=23
Frame 1102: wall 51.033 ms, GPU producer 48.488 ms, 1 producer submission(s), resident trace and presentation combined; t=63.050, BVH resident/budget 594.2/2048.0 MiB, builds/hits/evictions=277/1165/0, scene builds=338
Frame phases 1102: pre-render 0.011 ms, prepare 2.116 ms, primary repair 0.000 ms, shadow repair 0.000 ms, producer wait 48.772 ms; observer=2626612.64/1106644.84/2821.58, moved=21.42 m, roam=1, replaced=0, image=1600x900, LOD=1.500, shadows=1, minimap=1
Minimap mask: 276x236, 1440000 rays, worker 40.087 ms, GPU 6.639 ms
Frame work 1102: BVH built/hit/evicted=0/0/0, catalogue/instance/scene builds=1/1/1, cached/scene tiles=277/194, scene 0.1 MiB, selection/detail passes=0/1, fallback ray attempts=0, GPU build/selection/detail=0.450/0.000/0.000 ms, CPU grouping=0.000 ms; atlas installed/evicted=0/0, I/O=0.000 MiB, resident=27/27
Camera preparation: wall 0.232 ms, GPU LOD 0.004 ms, plans/footprints=321/1
Minimap publish: request-to-image 43.101 ms
Minimap mask: 276x236, 1440000 rays, worker 1.690 ms, GPU 0.882 ms
Minimap publish: request-to-image 1.739 ms
Frame 1103: wall 48.380 ms, GPU producer 47.496 ms, 1 producer submission(s), resident trace and presentation combined; t=63.146, BVH resident/budget 594.2/2048.0 MiB, builds/hits/evictions=277/1165/0, scene builds=338
Frame phases 1103: pre-render 0.003 ms, prepare 0.176 ms, primary repair 0.000 ms, shadow repair 0.000 ms, producer wait 48.123 ms; observer=2626612.64/1106644.84/2821.58, moved=0.00 m, roam=0, replaced=0, image=1600x900, LOD=1.500, shadows=1, minimap=1
Frame work 1103: BVH built/hit/evicted=0/0/0, catalogue/instance/scene builds=0/0/0, cached/scene tiles=277/194, scene 0.1 MiB, selection/detail passes=0/1, fallback ray attempts=0, GPU build/selection/detail=0.000/0.000/0.000 ms, CPU grouping=0.000 ms; atlas installed/evicted=0/0, I/O=0.000 MiB, resident=27/27
Camera preparation: wall 0.001 ms, GPU LOD 0.000 ms, plans/footprints=321/1
LOD plan: sources=1591, changed finer/coarser=0/0, selected LOD-1=23
Frame 1104: wall 51.387 ms, GPU producer 48.751 ms, 1 producer submission(s), resident trace and presentation combined; t=63.198, BVH resident/budget 594.2/2048.0 MiB, builds/hits/evictions=277/1165/0, scene builds=339
Frame phases 1104: pre-render 0.008 ms, prepare 2.261 ms, primary repair 0.000 ms, shadow repair 0.000 ms, producer wait 49.042 ms; observer=2626614.67/1106666.27/2821.63, moved=21.53 m, roam=1, replaced=0, image=1600x900, LOD=1.500, shadows=1, minimap=1
Frame work 1104: BVH built/hit/evicted=0/0/0, catalogue/instance/scene builds=1/1/1, cached/scene tiles=277/194, scene 0.1 MiB, selection/detail passes=0/1, fallback ray attempts=0, GPU build/selection/detail=0.493/0.000/0.000 ms, CPU grouping=0.000 ms; atlas installed/evicted=0/0, I/O=0.000 MiB, resident=27/27
Camera preparation: wall 0.281 ms, GPU LOD 0.004 ms, plans/footprints=322/1
Minimap mask: 276x236, 1440000 rays, worker 19.574 ms, GPU 5.687 ms
Minimap publish: request-to-image 19.716 ms
Frame 1105: wall 50.215 ms, GPU producer 49.725 ms, 1 producer submission(s), resident trace and presentation combined; t=63.249, BVH resident/budget 594.2/2048.0 MiB, builds/hits/evictions=277/1165/0, scene builds=339
Frame phases 1105: pre-render 0.003 ms, prepare 0.113 ms, primary repair 0.000 ms, shadow repair 0.000 ms, producer wait 50.010 ms; observer=2626614.67/1106666.27/2821.63, moved=0.00 m, roam=0, replaced=0, image=1600x900, LOD=1.500, shadows=1, minimap=1
Frame work 1105: BVH built/hit/evicted=0/0/0, catalogue/instance/scene builds=0/0/0, cached/scene tiles=277/194, scene 0.1 MiB, selection/detail passes=0/1, fallback ray attempts=0, GPU build/selection/detail=0.000/0.000/0.000 ms, CPU grouping=0.000 ms; atlas installed/evicted=0/0, I/O=0.000 MiB, resident=27/27
Camera preparation: wall 0.001 ms, GPU LOD 0.000 ms, plans/footprints=322/1
Minimap mask: 276x236, 1440000 rays, worker 36.306 ms, GPU 8.675 ms
Minimap publish: request-to-image 36.353 ms
LOD plan: sources=1591, changed finer/coarser=0/1, selected LOD-1=23
Frame 1106: wall 51.556 ms, GPU producer 49.221 ms, 1 producer submission(s), resident trace and presentation combined; t=63.300, BVH resident/budget 594.2/2048.0 MiB, builds/hits/evictions=277/1165/0, scene builds=340
Frame phases 1106: pre-render 0.063 ms, prepare 1.886 ms, primary repair 0.000 ms, shadow repair 0.000 ms, producer wait 49.545 ms; observer=2626616.84/1106687.96/2821.18, moved=21.80 m, roam=1, replaced=0, image=1600x900, LOD=1.500, shadows=1, minimap=1
Frame work 1106: BVH built/hit/evicted=0/0/0, catalogue/instance/scene builds=1/1/1, cached/scene tiles=277/194, scene 0.1 MiB, selection/detail passes=0/1, fallback ray attempts=0, GPU build/selection/detail=0.465/0.000/0.000 ms, CPU grouping=0.000 ms; atlas installed/evicted=0/0, I/O=0.000 MiB, resident=27/27
Camera preparation: wall 0.219 ms, GPU LOD 0.004 ms, plans/footprints=323/1
Minimap mask: 276x236, 1440000 rays, worker 23.023 ms, GPU 5.122 ms
LOD plan: sources=1591, changed finer/coarser=0/1, selected LOD-1=23
Minimap publish: request-to-image 25.781 ms
Health t=63.312: memory ok footprint/resident 1227.5/676.4 MiB, Metal allocated/recommended 995.9/18186.2 MiB, thermal=0
Health t=63.312: worker stage=render age=11.6 ms, calls=818 revision=1106, submitted/completed/presented=0/0/0, stale=0 unavailable=0 refreshed=0
Health t=63.312: display stage=ui-update age=3.3 ms, calls=1875 revision=1106, submitted/completed/presented=1875/1874/1873, stale=0 unavailable=0 refreshed=0
Health t=63.312: minimap stage=mask-projection age=0.2 ms, calls=507 revision=0, submitted/completed/presented=506/506/504, stale=2 unavailable=0 refreshed=701
Health t=63.312: terrain stage=producer wait age=9.5 ms
Frame 1108: wall 52.488 ms, GPU producer 50.138 ms, 1 producer submission(s), resident trace and presentation combined; t=63.353, BVH resident/budget 594.2/2048.0 MiB, builds/hits/evictions=277/1165/0, scene builds=341
Frame phases 1108: pre-render 0.035 ms, prepare 1.987 ms, primary repair 0.000 ms, shadow repair 0.000 ms, producer wait 50.404 ms; observer=2626619.08/1106709.28/2820.26, moved=21.44 m, roam=1, replaced=0, image=1600x900, LOD=1.500, shadows=1, minimap=1
Frame work 1108: BVH built/hit/evicted=0/0/0, catalogue/instance/scene builds=1/1/1, cached/scene tiles=277/193, scene 0.1 MiB, selection/detail passes=0/1, fallback ray attempts=0, GPU build/selection/detail=0.426/0.000/0.000 ms, CPU grouping=0.000 ms; atlas installed/evicted=0/0, I/O=0.000 MiB, resident=27/27
Camera preparation: wall 0.222 ms, GPU LOD 0.004 ms, plans/footprints=324/1
Minimap mask: 276x236, 1440000 rays, worker 41.208 ms, GPU 8.628 ms
Minimap publish: request-to-image 41.283 ms
Minimap mask: 276x236, 1440000 rays, worker 4.083 ms, GPU 1.016 ms
Minimap publish: request-to-image 7.952 ms
Frame 1109: wall 53.197 ms, GPU producer 52.225 ms, 1 producer submission(s), resident trace and presentation combined; t=63.451, BVH resident/budget 594.2/2048.0 MiB, builds/hits/evictions=277/1165/0, scene builds=341
Frame phases 1109: pre-render 0.004 ms, prepare 0.168 ms, primary repair 0.000 ms, shadow repair 0.000 ms, producer wait 52.950 ms; observer=2626619.08/1106709.28/2820.26, moved=0.00 m, roam=0, replaced=0, image=1600x900, LOD=1.500, shadows=1, minimap=1
Frame work 1109: BVH built/hit/evicted=0/0/0, catalogue/instance/scene builds=0/0/0, cached/scene tiles=277/193, scene 0.1 MiB, selection/detail passes=0/1, fallback ray attempts=0, GPU build/selection/detail=0.000/0.000/0.000 ms, CPU grouping=0.000 ms; atlas installed/evicted=0/0, I/O=0.000 MiB, resident=27/27
Camera preparation: wall 0.001 ms, GPU LOD 0.000 ms, plans/footprints=324/1
LOD plan: sources=1591, changed finer/coarser=0/2, selected LOD-1=23
Frame 1110: wall 54.073 ms, GPU producer 51.560 ms, 1 producer submission(s), resident trace and presentation combined; t=63.505, BVH resident/budget 594.2/2048.0 MiB, builds/hits/evictions=277/1165/0, scene builds=342
Frame phases 1110: pre-render 0.009 ms, prepare 2.109 ms, primary repair 0.000 ms, shadow repair 0.000 ms, producer wait 51.880 ms; observer=2626621.45/1106730.68/2818.85, moved=21.53 m, roam=1, replaced=0, image=1600x900, LOD=1.500, shadows=1, minimap=1
Frame work 1110: BVH built/hit/evicted=0/0/0, catalogue/instance/scene builds=1/1/1, cached/scene tiles=277/191, scene 0.1 MiB, selection/detail passes=0/1, fallback ray attempts=0, GPU build/selection/detail=0.485/0.000/0.000 ms, CPU grouping=0.000 ms; atlas installed/evicted=0/0, I/O=0.000 MiB, resident=27/27
Camera preparation: wall 0.242 ms, GPU LOD 0.004 ms, plans/footprints=325/1
Minimap mask: 276x236, 1440000 rays, worker 26.728 ms, GPU 2.829 ms
Minimap publish: request-to-image 26.856 ms
LOD plan: sources=1591, changed finer/coarser=0/0, selected LOD-1=23
Frame 1112: wall 54.685 ms, GPU producer 52.107 ms, 1 producer submission(s), resident trace and presentation combined; t=63.560, BVH resident/budget 594.2/2048.0 MiB, builds/hits/evictions=277/1165/0, scene builds=343
Frame phases 1112: pre-render 0.022 ms, prepare 2.122 ms, primary repair 0.000 ms, shadow repair 0.000 ms, producer wait 52.469 ms; observer=2626623.94/1106752.13/2816.94, moved=21.60 m, roam=1, replaced=0, image=1600x900, LOD=1.500, shadows=1, minimap=1
Frame work 1112: BVH built/hit/evicted=0/0/0, catalogue/instance/scene builds=1/1/1, cached/scene tiles=277/191, scene 0.1 MiB, selection/detail passes=0/1, fallback ray attempts=0, GPU build/selection/detail=0.471/0.000/0.000 ms, CPU grouping=0.000 ms; atlas installed/evicted=0/0, I/O=0.000 MiB, resident=27/27
Camera preparation: wall 0.247 ms, GPU LOD 0.004 ms, plans/footprints=326/1
Minimap mask: 276x236, 1440000 rays, worker 47.141 ms, GPU 10.770 ms
Minimap publish: request-to-image 47.187 ms
Minimap mask: 276x236, 1440000 rays, worker 3.074 ms, GPU 1.030 ms
Minimap publish: request-to-image 6.170 ms
Frame 1113: wall 54.200 ms, GPU producer 51.576 ms, 1 producer submission(s), resident trace and presentation combined; t=63.652, BVH resident/budget 594.2/2048.0 MiB, builds/hits/evictions=277/1165/0, scene builds=343
Frame phases 1113: pre-render 0.007 ms, prepare 0.189 ms, primary repair 0.000 ms, shadow repair 0.000 ms, producer wait 53.941 ms; observer=2626623.94/1106752.13/2816.94, moved=0.00 m, roam=0, replaced=0, image=1600x900, LOD=1.500, shadows=1, minimap=1
Frame work 1113: BVH built/hit/evicted=0/0/0, catalogue/instance/scene builds=0/0/0, cached/scene tiles=277/191, scene 0.1 MiB, selection/detail passes=0/1, fallback ray attempts=0, GPU build/selection/detail=0.000/0.000/0.000 ms, CPU grouping=0.000 ms; atlas installed/evicted=0/0, I/O=0.000 MiB, resident=27/27
Camera preparation: wall 0.001 ms, GPU LOD 0.000 ms, plans/footprints=326/1
LOD plan: sources=1591, changed finer/coarser=0/0, selected LOD-1=23
Frame 1114: wall 55.802 ms, GPU producer 53.190 ms, 1 producer submission(s), resident trace and presentation combined; t=63.708, BVH resident/budget 594.2/2048.0 MiB, builds/hits/evictions=277/1165/0, scene builds=344
Frame phases 1114: pre-render 0.015 ms, prepare 2.181 ms, primary repair 0.000 ms, shadow repair 0.000 ms, producer wait 53.529 ms; observer=2626626.54/1106773.50/2814.55, moved=21.53 m, roam=1, replaced=0, image=1600x900, LOD=1.500, shadows=1, minimap=1
Frame work 1114: BVH built/hit/evicted=0/0/0, catalogue/instance/scene builds=1/1/1, cached/scene tiles=277/191, scene 0.1 MiB, selection/detail passes=0/1, fallback ray attempts=0, GPU build/selection/detail=0.498/0.000/0.000 ms, CPU grouping=0.000 ms; atlas installed/evicted=0/0, I/O=0.000 MiB, resident=27/27
Camera preparation: wall 0.245 ms, GPU LOD 0.004 ms, plans/footprints=327/1
Minimap mask: 276x236, 1440000 rays, worker 30.064 ms, GPU 4.361 ms
Minimap publish: request-to-image 30.194 ms
LOD plan: sources=1591, changed finer/coarser=1/1, selected LOD-1=23
Minimap mask: 276x236, 1440000 rays, worker 5.817 ms, GPU 1.265 ms
Minimap publish: request-to-image 7.731 ms
Frame 1116: wall 65.854 ms, GPU producer 53.101 ms, 1 producer submission(s), resident trace and presentation combined; t=63.774, BVH resident/budget 594.2/2048.0 MiB, builds/hits/evictions=277/1165/0, scene builds=345
Frame phases 1116: pre-render 0.010 ms, prepare 12.402 ms, primary repair 0.000 ms, shadow repair 0.000 ms, producer wait 53.382 ms; observer=2626629.23/1106794.74/2811.68, moved=21.41 m, roam=1, replaced=0, image=1600x900, LOD=1.500, shadows=1, minimap=1
Frame work 1116: BVH built/hit/evicted=0/0/0, catalogue/instance/scene builds=1/1/1, cached/scene tiles=277/190, scene 0.1 MiB, selection/detail passes=0/1, fallback ray attempts=0, GPU build/selection/detail=1.573/0.000/0.000 ms, CPU grouping=0.000 ms; atlas installed/evicted=0/0, I/O=0.000 MiB, resident=27/27
Camera preparation: wall 0.233 ms, GPU LOD 0.004 ms, plans/footprints=328/1
Minimap mask: 276x236, 1440000 rays, worker 2.098 ms, GPU 1.102 ms
Minimap publish: request-to-image 2.141 ms
Slow stage: terrain frame wall 205.072 ms (inclusive)
Frame 1117: wall 205.074 ms, GPU producer 53.922 ms, 2 producer submission(s), streaming work excluded from GPU producer timing; t=64.003, BVH resident/budget 594.3/2048.0 MiB, builds/hits/evictions=278/1172/0, scene builds=345
Frame phases 1117: pre-render 0.008 ms, prepare 0.111 ms, primary repair 81.361 ms, shadow repair 67.596 ms, producer wait 55.888 ms; observer=2626629.23/1106794.74/2811.68, moved=0.00 m, roam=0, replaced=0, image=1600x900, LOD=1.500, shadows=1, minimap=1
Frame work 1117: BVH built/hit/evicted=1/7/0, catalogue/instance/scene builds=0/8/0, cached/scene tiles=278/0, scene 0.0 MiB, selection/detail passes=9/10, fallback ray attempts=2, GPU build/selection/detail=0.682/4.492/27.362 ms, CPU grouping=27.043 ms; atlas installed/evicted=70/70, I/O=32.474 MiB, resident=27/27
Camera preparation: wall 0.000 ms, GPU LOD 0.000 ms, plans/footprints=328/1
Slow stage: worker iteration wall 205.113 ms (inclusive)
LOD plan: sources=1591, changed finer/coarser=4/0, selected LOD-1=24
Minimap mask: 276x236, 1440000 rays, worker 51.056 ms, GPU 11.448 ms
Minimap publish: request-to-image 51.099 ms
Slow stage: primary repair wall 118.261 ms (inclusive)
Slow stage: terrain frame wall 238.754 ms (inclusive)
Frame 1122: wall 238.764 ms, GPU producer 56.024 ms, 2 producer submission(s), streaming work excluded from GPU producer timing; t=64.242, BVH resident/budget 604.6/2048.0 MiB, builds/hits/evictions=279/1197/0, scene builds=346
Frame phases 1122: pre-render 0.017 ms, prepare 1.407 ms, primary repair 118.261 ms, shadow repair 61.983 ms, producer wait 57.021 ms; observer=2626637.91/1106857.90/2800.22, moved=63.75 m, roam=1, replaced=0, image=1600x900, LOD=1.500, shadows=1, minimap=1
Frame work 1122: BVH built/hit/evicted=1/25/0, catalogue/instance/scene builds=1/20/1, cached/scene tiles=279/0, scene 0.0 MiB, selection/detail passes=20/21, fallback ray attempts=35050, GPU build/selection/detail=5.419/10.064/28.093 ms, CPU grouping=47.221 ms; atlas installed/evicted=67/67, I/O=33.880 MiB, resident=27/27
Camera preparation: wall 0.160 ms, GPU LOD 0.004 ms, plans/footprints=329/1
Slow stage: worker iteration wall 238.872 ms (inclusive)
LOD plan: sources=1591, changed finer/coarser=2/3, selected LOD-1=23
Frame 1126: wall 57.430 ms, GPU producer 55.586 ms, 1 producer submission(s), resident trace and presentation combined; t=64.299, BVH resident/budget 604.6/2048.0 MiB, builds/hits/evictions=279/1197/0, scene builds=347
Frame phases 1126: pre-render 0.005 ms, prepare 1.557 ms, primary repair 0.000 ms, shadow repair 0.000 ms, producer wait 55.833 ms; observer=2626644.06/1106899.79/2791.30, moved=42.33 m, roam=1, replaced=0, image=1600x900, LOD=1.500, shadows=1, minimap=1
Frame work 1126: BVH built/hit/evicted=0/0/0, catalogue/instance/scene builds=1/1/1, cached/scene tiles=279/189, scene 0.1 MiB, selection/detail passes=0/1, fallback ray attempts=0, GPU build/selection/detail=0.469/0.000/0.000 ms, CPU grouping=0.000 ms; atlas installed/evicted=0/0, I/O=0.000 MiB, resident=27/27
Minimap mask: 276x236, 1440000 rays, worker 23.694 ms, GPU 5.494 ms
Camera preparation: wall 0.300 ms, GPU LOD 0.016 ms, plans/footprints=330/1
Minimap publish: request-to-image 23.912 ms
LOD plan: sources=1591, changed finer/coarser=1/1, selected LOD-1=23
Health t=64.317: memory ok footprint/resident 1230.3/682.7 MiB, Metal allocated/recommended 1008.4/18186.2 MiB, thermal=0
Health t=64.317: worker stage=render age=17.6 ms, calls=828 revision=1126, submitted/completed/presented=0/0/0, stale=0 unavailable=0 refreshed=0
Health t=64.317: display stage=idle age=7.1 ms, calls=1905 revision=1126, submitted/completed/presented=1905/1904/1903, stale=0 unavailable=0 refreshed=0
Health t=64.317: minimap stage=mask-gpu age=7.1 ms, calls=517 revision=0, submitted/completed/presented=517/516/514, stale=2 unavailable=0 refreshed=713
Health t=64.317: terrain stage=producer wait age=15.7 ms
Minimap mask: 276x236, 1440000 rays, worker 47.884 ms, GPU 7.274 ms
Frame 1128: wall 58.105 ms, GPU producer 55.824 ms, 1 producer submission(s), resident trace and presentation combined; t=64.358, BVH resident/budget 604.6/2048.0 MiB, builds/hits/evictions=279/1197/0, scene builds=348
Frame phases 1128: pre-render 0.023 ms, prepare 1.903 ms, primary repair 0.000 ms, shadow repair 0.000 ms, producer wait 56.131 ms; observer=2626647.18/1106920.81/2786.81, moved=21.26 m, roam=1, replaced=0, image=1600x900, LOD=1.500, shadows=1, minimap=1
Frame work 1128: BVH built/hit/evicted=0/0/0, catalogue/instance/scene builds=1/1/1, cached/scene tiles=279/188, scene 0.1 MiB, selection/detail passes=0/1, fallback ray attempts=0, GPU build/selection/detail=0.422/0.000/0.000 ms, CPU grouping=0.000 ms; atlas installed/evicted=0/0, I/O=0.000 MiB, resident=27/27
Camera preparation: wall 0.645 ms, GPU LOD 0.006 ms, plans/footprints=331/1
Minimap publish: request-to-image 47.921 ms
Minimap mask: 276x236, 1440000 rays, worker 2.595 ms, GPU 1.399 ms
Minimap publish: request-to-image 2.633 ms
Frame 1129: wall 57.640 ms, GPU producer 55.069 ms, 1 producer submission(s), resident trace and presentation combined; t=64.455, BVH resident/budget 604.6/2048.0 MiB, builds/hits/evictions=279/1197/0, scene builds=348
Frame phases 1129: pre-render 0.005 ms, prepare 0.127 ms, primary repair 0.000 ms, shadow repair 0.000 ms, producer wait 57.447 ms; observer=2626647.18/1106920.81/2786.81, moved=0.00 m, roam=0, replaced=0, image=1600x900, LOD=1.500, shadows=1, minimap=1
Frame work 1129: BVH built/hit/evicted=0/0/0, catalogue/instance/scene builds=0/0/0, cached/scene tiles=279/188, scene 0.1 MiB, selection/detail passes=0/1, fallback ray attempts=0, GPU build/selection/detail=0.000/0.000/0.000 ms, CPU grouping=0.000 ms; atlas installed/evicted=0/0, I/O=0.000 MiB, resident=27/27
Camera preparation: wall 0.001 ms, GPU LOD 0.000 ms, plans/footprints=331/1
LOD plan: sources=1591, changed finer/coarser=2/1, selected LOD-1=23
Frame 1130: wall 59.629 ms, GPU producer 57.210 ms, 1 producer submission(s), resident trace and presentation combined; t=64.515, BVH resident/budget 604.6/2048.0 MiB, builds/hits/evictions=279/1197/0, scene builds=349
Frame phases 1130: pre-render 0.009 ms, prepare 2.007 ms, primary repair 0.000 ms, shadow repair 0.000 ms, producer wait 57.485 ms; observer=2626650.30/1106941.65/2782.36, moved=21.07 m, roam=1, replaced=0, image=1600x900, LOD=1.500, shadows=1, minimap=1
Frame work 1130: BVH built/hit/evicted=0/0/0, catalogue/instance/scene builds=1/1/1, cached/scene tiles=279/189, scene 0.1 MiB, selection/detail passes=0/1, fallback ray attempts=0, GPU build/selection/detail=0.464/0.000/0.000 ms, CPU grouping=0.000 ms; atlas installed/evicted=0/0, I/O=0.000 MiB, resident=27/27
Camera preparation: wall 0.229 ms, GPU LOD 0.004 ms, plans/footprints=332/1
Minimap mask: 276x236, 1440000 rays, worker 37.049 ms, GPU 3.937 ms
Minimap publish: request-to-image 37.158 ms
LOD plan: sources=1591, changed finer/coarser=1/2, selected LOD-1=23
Frame 1132: wall 62.572 ms, GPU producer 57.520 ms, 1 producer submission(s), resident trace and presentation combined; t=64.578, BVH resident/budget 604.6/2048.0 MiB, builds/hits/evictions=279/1197/0, scene builds=350
Frame phases 1132: pre-render 0.007 ms, prepare 4.626 ms, primary repair 0.000 ms, shadow repair 0.000 ms, producer wait 57.855 ms; observer=2626653.46/1106962.67/2777.87, moved=21.26 m, roam=1, replaced=0, image=1600x900, LOD=1.500, shadows=1, minimap=1
Frame work 1132: BVH built/hit/evicted=0/0/0, catalogue/instance/scene builds=1/1/1, cached/scene tiles=279/186, scene 0.1 MiB, selection/detail passes=0/1, fallback ray attempts=0, GPU build/selection/detail=0.441/0.000/0.000 ms, CPU grouping=0.000 ms; atlas installed/evicted=0/0, I/O=0.000 MiB, resident=27/27
Camera preparation: wall 2.043 ms, GPU LOD 0.004 ms, plans/footprints=333/1
Minimap mask: 276x236, 1440000 rays, worker 32.059 ms, GPU 4.204 ms
Minimap publish: request-to-image 32.111 ms
Frame 1133: wall 58.562 ms, GPU producer 55.560 ms, 1 producer submission(s), resident trace and presentation combined; t=64.656, BVH resident/budget 604.6/2048.0 MiB, builds/hits/evictions=279/1197/0, scene builds=350
Minimap mask: 276x236, 1440000 rays, worker 42.428 ms, GPU 8.292 ms
Frame phases 1133: pre-render 0.004 ms, prepare 0.188 ms, primary repair 0.000 ms, shadow repair 0.000 ms, producer wait 58.281 ms; observer=2626653.46/1106962.67/2777.87, moved=0.00 m, roam=0, replaced=0, image=1600x900, LOD=1.500, shadows=1, minimap=1
Frame work 1133: BVH built/hit/evicted=0/0/0, catalogue/instance/scene builds=0/0/0, cached/scene tiles=279/186, scene 0.1 MiB, selection/detail passes=0/1, fallback ray attempts=0, GPU build/selection/detail=0.000/0.000/0.000 ms, CPU grouping=0.000 ms; atlas installed/evicted=0/0, I/O=0.000 MiB, resident=27/27
Camera preparation: wall 0.001 ms, GPU LOD 0.000 ms, plans/footprints=333/1
Minimap publish: request-to-image 42.514 ms
LOD plan: sources=1591, changed finer/coarser=1/0, selected LOD-1=23
Minimap mask: 276x236, 1440000 rays, worker 41.188 ms, GPU 5.094 ms
Minimap publish: request-to-image 43.235 ms
Slow stage: primary repair wall 133.186 ms (inclusive)
Slow stage: terrain frame wall 263.906 ms (inclusive)
Frame 1134: wall 263.918 ms, GPU producer 58.315 ms, 2 producer submission(s), streaming work excluded from GPU producer timing; t=64.920, BVH resident/budget 607.2/2048.0 MiB, builds/hits/evictions=280/1223/0, scene builds=351
Frame phases 1134: pre-render 0.018 ms, prepare 2.112 ms, primary repair 133.186 ms, shadow repair 68.353 ms, producer wait 60.129 ms; observer=2626656.62/1106983.50/2773.41, moved=21.07 m, roam=1, replaced=0, image=1600x900, LOD=1.500, shadows=1, minimap=1
Frame work 1134: BVH built/hit/evicted=1/26/0, catalogue/instance/scene builds=1/21/1, cached/scene tiles=280/0, scene 0.0 MiB, selection/detail passes=21/22, fallback ray attempts=9142, GPU build/selection/detail=2.770/12.143/29.851 ms, CPU grouping=54.540 ms; atlas installed/evicted=66/66, I/O=34.319 MiB, resident=27/27
Camera preparation: wall 0.218 ms, GPU LOD 0.004 ms, plans/footprints=334/1
Slow stage: worker iteration wall 263.978 ms (inclusive)
LOD plan: sources=1591, changed finer/coarser=2/1, selected LOD-1=24
Minimap mask: 276x236, 1440000 rays, worker 33.499 ms, GPU 5.295 ms
Minimap publish: request-to-image 33.534 ms
Slow stage: terrain frame wall 186.101 ms (inclusive)
Frame 1140: wall 186.109 ms, GPU producer 54.626 ms, 2 producer submission(s), streaming work excluded from GPU producer timing; t=65.107, BVH resident/budget 617.4/2048.0 MiB, builds/hits/evictions=281/1226/0, scene builds=352
Frame phases 1140: pre-render 0.015 ms, prepare 1.550 ms, primary repair 62.748 ms, shadow repair 66.051 ms, producer wait 55.661 ms; observer=2626666.25/1107046.34/2759.98, moved=63.58 m, roam=1, replaced=0, image=1600x900, LOD=1.500, shadows=1, minimap=1
Frame work 1140: BVH built/hit/evicted=1/3/0, catalogue/instance/scene builds=1/5/1, cached/scene tiles=281/0, scene 0.0 MiB, selection/detail passes=5/6, fallback ray attempts=22148, GPU build/selection/detail=4.674/2.132/29.036 ms, CPU grouping=12.912 ms; atlas installed/evicted=65/65, I/O=35.319 MiB, resident=27/27
Camera preparation: wall 0.207 ms, GPU LOD 0.004 ms, plans/footprints=335/1
Slow stage: worker iteration wall 186.165 ms (inclusive)
LOD plan: sources=1591, changed finer/coarser=1/2, selected LOD-1=23
Frame 1144: wall 58.100 ms, GPU producer 56.020 ms, 1 producer submission(s), resident trace and presentation combined; t=65.165, BVH resident/budget 617.4/2048.0 MiB, builds/hits/evictions=281/1226/0, scene builds=353
Frame phases 1144: pre-render 0.005 ms, prepare 1.755 ms, primary repair 0.000 ms, shadow repair 0.000 ms, producer wait 56.297 ms; observer=2626672.72/1107088.08/2751.06, moved=42.23 m, roam=1, replaced=0, image=1600x900, LOD=1.500, shadows=1, minimap=1
Frame work 1144: BVH built/hit/evicted=0/0/0, catalogue/instance/scene builds=1/1/1, cached/scene tiles=281/185, scene 0.1 MiB, selection/detail passes=0/1, fallback ray attempts=0, GPU build/selection/detail=0.501/0.000/0.000 ms, CPU grouping=0.000 ms; atlas installed/evicted=0/0, I/O=0.000 MiB, resident=27/27
Camera preparation: wall 0.214 ms, GPU LOD 0.004 ms, plans/footprints=336/1
Minimap mask: 276x236, 1440000 rays, worker 52.791 ms, GPU 10.791 ms
Minimap publish: request-to-image 52.853 ms
Minimap mask: 276x236, 1440000 rays, worker 1.936 ms, GPU 1.133 ms
Minimap publish: request-to-image 2.311 ms
Frame 1145: wall 58.142 ms, GPU producer 55.173 ms, 1 producer submission(s), resident trace and presentation combined; t=65.256, BVH resident/budget 617.4/2048.0 MiB, builds/hits/evictions=281/1226/0, scene builds=353
Frame phases 1145: pre-render 0.005 ms, prepare 0.108 ms, primary repair 0.000 ms, shadow repair 0.000 ms, producer wait 57.974 ms; observer=2626672.72/1107088.08/2751.06, moved=0.00 m, roam=0, replaced=0, image=1600x900, LOD=1.500, shadows=1, minimap=1
Frame work 1145: BVH built/hit/evicted=0/0/0, catalogue/instance/scene builds=0/0/0, cached/scene tiles=281/185, scene 0.1 MiB, selection/detail passes=0/1, fallback ray attempts=0, GPU build/selection/detail=0.000/0.000/0.000 ms, CPU grouping=0.000 ms; atlas installed/evicted=0/0, I/O=0.000 MiB, resident=27/27
Camera preparation: wall 0.001 ms, GPU LOD 0.000 ms, plans/footprints=336/1
LOD plan: sources=1591, changed finer/coarser=0/1, selected LOD-1=23
Frame 1146: wall 59.834 ms, GPU producer 57.356 ms, 1 producer submission(s), resident trace and presentation combined; t=65.316, BVH resident/budget 617.4/2048.0 MiB, builds/hits/evictions=281/1226/0, scene builds=354
Frame phases 1146: pre-render 0.007 ms, prepare 2.097 ms, primary repair 0.000 ms, shadow repair 0.000 ms, producer wait 57.659 ms; observer=2626675.99/1107108.99/2746.59, moved=21.17 m, roam=1, replaced=0, image=1600x900, LOD=1.500, shadows=1, minimap=1
Frame work 1146: BVH built/hit/evicted=0/0/0, catalogue/instance/scene builds=1/1/1, cached/scene tiles=281/185, scene 0.1 MiB, selection/detail passes=0/1, fallback ray attempts=0, GPU build/selection/detail=0.483/0.000/0.000 ms, CPU grouping=0.000 ms; atlas installed/evicted=0/0, I/O=0.000 MiB, resident=27/27
Camera preparation: wall 0.251 ms, GPU LOD 0.004 ms, plans/footprints=337/1
Minimap mask: 276x236, 1440000 rays, worker 38.226 ms, GPU 3.775 ms
Minimap publish: request-to-image 38.316 ms
LOD plan: sources=1591, changed finer/coarser=0/0, selected LOD-1=23
Health t=65.322: memory ok footprint/resident 1256.8/690.1 MiB, Metal allocated/recommended 1028.2/18186.2 MiB, thermal=0
Health t=65.322: worker stage=render age=6.0 ms, calls=839 revision=1146, submitted/completed/presented=0/0/0, stale=0 unavailable=0 refreshed=0
Health t=65.322: display stage=idle age=13.5 ms, calls=1935 revision=1145, submitted/completed/presented=1935/1935/1933, stale=0 unavailable=0 refreshed=0
Health t=65.322: minimap stage=idle age=6.0 ms, calls=526 revision=0, submitted/completed/presented=526/526/524, stale=2 unavailable=0 refreshed=725
Health t=65.322: terrain stage=producer wait age=2.1 ms
Frame 1148: wall 61.965 ms, GPU producer 57.666 ms, 1 producer submission(s), resident trace and presentation combined; t=65.378, BVH resident/budget 617.4/2048.0 MiB, builds/hits/evictions=281/1226/0, scene builds=355
Frame phases 1148: pre-render 0.008 ms, prepare 3.905 ms, primary repair 0.000 ms, shadow repair 0.000 ms, producer wait 57.980 ms; observer=2626679.29/1107129.99/2742.10, moved=21.26 m, roam=1, replaced=0, image=1600x900, LOD=1.500, shadows=1, minimap=1
Frame work 1148: BVH built/hit/evicted=0/0/0, catalogue/instance/scene builds=1/1/1, cached/scene tiles=281/185, scene 0.1 MiB, selection/detail passes=0/1, fallback ray attempts=0, GPU build/selection/detail=0.468/0.000/0.000 ms, CPU grouping=0.000 ms; atlas installed/evicted=0/0, I/O=0.000 MiB, resident=27/27
Camera preparation: wall 1.571 ms, GPU LOD 0.004 ms, plans/footprints=338/1
Minimap mask: 276x236, 1440000 rays, worker 32.778 ms, GPU 3.807 ms
Minimap publish: request-to-image 32.884 ms
Frame 1149: wall 59.077 ms, GPU producer 55.940 ms, 1 producer submission(s), resident trace and presentation combined; t=65.457, BVH resident/budget 617.4/2048.0 MiB, builds/hits/evictions=281/1226/0, scene builds=355
Minimap mask: 276x236, 1440000 rays, worker 44.222 ms, GPU 9.343 ms
Frame phases 1149: pre-render 0.006 ms, prepare 0.179 ms, primary repair 0.000 ms, shadow repair 0.000 ms, producer wait 58.812 ms; observer=2626679.29/1107129.99/2742.10, moved=0.00 m, roam=0, replaced=0, image=1600x900, LOD=1.500, shadows=1, minimap=1
Frame work 1149: BVH built/hit/evicted=0/0/0, catalogue/instance/scene builds=0/0/0, cached/scene tiles=281/185, scene 0.1 MiB, selection/detail passes=0/1, fallback ray attempts=0, GPU build/selection/detail=0.000/0.000/0.000 ms, CPU grouping=0.000 ms; atlas installed/evicted=0/0, I/O=0.000 MiB, resident=27/27
Camera preparation: wall 0.001 ms, GPU LOD 0.000 ms, plans/footprints=338/1
Minimap publish: request-to-image 44.262 ms
LOD plan: sources=1591, changed finer/coarser=1/0, selected LOD-1=23
Frame 1150: wall 60.533 ms, GPU producer 57.479 ms, 1 producer submission(s), resident trace and presentation combined; t=65.518, BVH resident/budget 617.4/2048.0 MiB, builds/hits/evictions=281/1226/0, scene builds=356
Frame phases 1150: pre-render 0.007 ms, prepare 2.049 ms, primary repair 0.000 ms, shadow repair 0.000 ms, producer wait 58.404 ms; observer=2626682.57/1107150.80/2737.65, moved=21.07 m, roam=1, replaced=0, image=1600x900, LOD=1.500, shadows=1, minimap=1
Frame work 1150: BVH built/hit/evicted=0/0/0, catalogue/instance/scene builds=1/1/1, cached/scene tiles=281/185, scene 0.1 MiB, selection/detail passes=0/1, fallback ray attempts=0, GPU build/selection/detail=0.433/0.000/0.000 ms, CPU grouping=0.000 ms; atlas installed/evicted=0/0, I/O=0.000 MiB, resident=27/27
Camera preparation: wall 0.217 ms, GPU LOD 0.004 ms, plans/footprints=339/1
Minimap mask: 276x236, 1440000 rays, worker 40.519 ms, GPU 7.828 ms
LOD plan: sources=1591, changed finer/coarser=1/0, selected LOD-1=23
Minimap publish: request-to-image 42.263 ms
Frame 1152: wall 61.095 ms, GPU producer 57.692 ms, 1 producer submission(s), resident trace and presentation combined; t=65.579, BVH resident/budget 617.4/2048.0 MiB, builds/hits/evictions=281/1226/0, scene builds=357
Frame phases 1152: pre-render 0.009 ms, prepare 3.039 ms, primary repair 0.000 ms, shadow repair 0.000 ms, producer wait 57.982 ms; observer=2626685.88/1107171.71/2733.18, moved=21.16 m, roam=1, replaced=0, image=1600x900, LOD=1.500, shadows=1, minimap=1
Frame work 1152: BVH built/hit/evicted=0/0/0, catalogue/instance/scene builds=1/1/1, cached/scene tiles=281/185, scene 0.1 MiB, selection/detail passes=0/1, fallback ray attempts=0, GPU build/selection/detail=0.492/0.000/0.000 ms, CPU grouping=0.000 ms; atlas installed/evicted=0/0, I/O=0.000 MiB, resident=27/27
Camera preparation: wall 1.243 ms, GPU LOD 0.022 ms, plans/footprints=340/1
Minimap mask: 276x236, 1440000 rays, worker 33.778 ms, GPU 3.995 ms
Minimap publish: request-to-image 35.223 ms
Frame 1153: wall 60.758 ms, GPU producer 59.830 ms, 1 producer submission(s), resident trace and presentation combined; t=65.659, BVH resident/budget 617.4/2048.0 MiB, builds/hits/evictions=281/1226/0, scene builds=357
Frame phases 1153: pre-render 0.005 ms, prepare 0.175 ms, primary repair 0.000 ms, shadow repair 0.000 ms, producer wait 60.487 ms; observer=2626685.88/1107171.71/2733.18, moved=0.00 m, roam=0, replaced=0, image=1600x900, LOD=1.500, shadows=1, minimap=1
Frame work 1153: BVH built/hit/evicted=0/0/0, catalogue/instance/scene builds=0/0/0, cached/scene tiles=281/185, scene 0.1 MiB, selection/detail passes=0/1, fallback ray attempts=0, GPU build/selection/detail=0.000/0.000/0.000 ms, CPU grouping=0.000 ms; atlas installed/evicted=0/0, I/O=0.000 MiB, resident=27/27
Camera preparation: wall 0.001 ms, GPU LOD 0.000 ms, plans/footprints=340/1
Minimap mask: 276x236, 1440000 rays, worker 44.733 ms, GPU 3.830 ms
Minimap publish: request-to-image 44.821 ms
LOD plan: sources=1591, changed finer/coarser=0/0, selected LOD-1=23
Frame 1154: wall 61.925 ms, GPU producer 59.498 ms, 1 producer submission(s), resident trace and presentation combined; t=65.721, BVH resident/budget 617.4/2048.0 MiB, builds/hits/evictions=281/1226/0, scene builds=358
Frame phases 1154: pre-render 0.008 ms, prepare 2.018 ms, primary repair 0.000 ms, shadow repair 0.000 ms, producer wait 59.823 ms; observer=2626689.20/1107192.55/2728.72, moved=21.11 m, roam=1, replaced=0, image=1600x900, LOD=1.500, shadows=1, minimap=1
Frame work 1154: BVH built/hit/evicted=0/0/0, catalogue/instance/scene builds=1/1/1, cached/scene tiles=281/185, scene 0.1 MiB, selection/detail passes=0/1, fallback ray attempts=0, GPU build/selection/detail=0.454/0.000/0.000 ms, CPU grouping=0.000 ms; atlas installed/evicted=0/0, I/O=0.000 MiB, resident=27/27
Minimap mask: 276x236, 1440000 rays, worker 44.384 ms, GPU 4.080 ms
Camera preparation: wall 0.259 ms, GPU LOD 0.004 ms, plans/footprints=341/1
Minimap publish: request-to-image 44.495 ms
LOD plan: sources=1591, changed finer/coarser=1/0, selected LOD-1=23
Frame 1156: wall 60.804 ms, GPU producer 57.885 ms, 1 producer submission(s), resident trace and presentation combined; t=65.782, BVH resident/budget 617.4/2048.0 MiB, builds/hits/evictions=281/1226/0, scene builds=359
Frame phases 1156: pre-render 0.007 ms, prepare 2.541 ms, primary repair 0.000 ms, shadow repair 0.000 ms, producer wait 58.178 ms; observer=2626692.54/1107213.51/2724.24, moved=21.22 m, roam=1, replaced=0, image=1600x900, LOD=1.500, shadows=1, minimap=1
Frame work 1156: BVH built/hit/evicted=0/0/0, catalogue/instance/scene builds=1/1/1, cached/scene tiles=281/185, scene 0.1 MiB, selection/detail passes=0/1, fallback ray attempts=0, GPU build/selection/detail=0.499/0.000/0.000 ms, CPU grouping=0.000 ms; atlas installed/evicted=0/0, I/O=0.000 MiB, resident=27/27
Camera preparation: wall 0.584 ms, GPU LOD 0.004 ms, plans/footprints=342/1
Minimap mask: 276x236, 1440000 rays, worker 38.367 ms, GPU 7.554 ms
Minimap publish: request-to-image 38.450 ms
Frame 1157: wall 59.821 ms, GPU producer 56.732 ms, 1 producer submission(s), resident trace and presentation combined; t=65.858, BVH resident/budget 617.4/2048.0 MiB, builds/hits/evictions=281/1226/0, scene builds=359
Frame phases 1157: pre-render 0.004 ms, prepare 0.179 ms, primary repair 0.000 ms, shadow repair 0.000 ms, producer wait 59.548 ms; observer=2626692.54/1107213.51/2724.24, moved=0.00 m, roam=0, replaced=0, image=1600x900, LOD=1.500, shadows=1, minimap=1
Frame work 1157: BVH built/hit/evicted=0/0/0, catalogue/instance/scene builds=0/0/0, cached/scene tiles=281/185, scene 0.1 MiB, selection/detail passes=0/1, fallback ray attempts=0, GPU build/selection/detail=0.000/0.000/0.000 ms, CPU grouping=0.000 ms; atlas installed/evicted=0/0, I/O=0.000 MiB, resident=27/27
Camera preparation: wall 0.001 ms, GPU LOD 0.000 ms, plans/footprints=342/1
Minimap mask: 276x236, 1440000 rays, worker 47.332 ms, GPU 9.916 ms
Minimap publish: request-to-image 47.384 ms
LOD plan: sources=1591, changed finer/coarser=0/0, selected LOD-1=23
Frame 1158: wall 61.370 ms, GPU producer 58.242 ms, 1 producer submission(s), resident trace and presentation combined; t=65.919, BVH resident/budget 617.4/2048.0 MiB, builds/hits/evictions=281/1226/0, scene builds=360
Frame phases 1158: pre-render 0.009 ms, prepare 2.088 ms, primary repair 0.000 ms, shadow repair 0.000 ms, producer wait 59.200 ms; observer=2626695.90/1107234.40/2719.77, moved=21.16 m, roam=1, replaced=0, image=1600x900, LOD=1.500, shadows=1, minimap=1
Frame work 1158: BVH built/hit/evicted=0/0/0, catalogue/instance/scene builds=1/1/1, cached/scene tiles=281/185, scene 0.1 MiB, selection/detail passes=0/1, fallback ray attempts=0, GPU build/selection/detail=0.428/0.000/0.000 ms, CPU grouping=0.000 ms; atlas installed/evicted=0/0, I/O=0.000 MiB, resident=27/27
Camera preparation: wall 0.232 ms, GPU LOD 0.004 ms, plans/footprints=343/1
Minimap mask: 276x236, 1440000 rays, worker 43.235 ms, GPU 8.788 ms
Minimap publish: request-to-image 43.352 ms
LOD plan: sources=1591, changed finer/coarser=1/0, selected LOD-1=23
Minimap mask: 276x236, 1440000 rays, worker 37.877 ms, GPU 7.432 ms
Frame 1160: wall 62.157 ms, GPU producer 58.233 ms, 1 producer submission(s), resident trace and presentation combined; t=65.982, BVH resident/budget 617.4/2048.0 MiB, builds/hits/evictions=281/1226/0, scene builds=361
Frame phases 1160: pre-render 0.009 ms, prepare 3.355 ms, primary repair 0.000 ms, shadow repair 0.000 ms, producer wait 58.711 ms; observer=2626699.25/1107255.30/2715.29, moved=21.17 m, roam=1, replaced=0, image=1600x900, LOD=1.500, shadows=1, minimap=1
Frame work 1160: BVH built/hit/evicted=0/0/0, catalogue/instance/scene builds=1/1/1, cached/scene tiles=281/185, scene 0.1 MiB, selection/detail passes=0/1, fallback ray attempts=0, GPU build/selection/detail=0.485/0.000/0.000 ms, CPU grouping=0.000 ms; atlas installed/evicted=0/0, I/O=0.000 MiB, resident=27/27
Camera preparation: wall 1.048 ms, GPU LOD 0.015 ms, plans/footprints=344/1
Minimap publish: request-to-image 38.622 ms
Frame 1161: wall 60.772 ms, GPU producer 59.725 ms, 1 producer submission(s), resident trace and presentation combined; t=66.059, BVH resident/budget 617.4/2048.0 MiB, builds/hits/evictions=281/1226/0, scene builds=361
Frame phases 1161: pre-render 0.014 ms, prepare 0.332 ms, primary repair 0.000 ms, shadow repair 0.000 ms, producer wait 60.307 ms; observer=2626699.25/1107255.30/2715.29, moved=0.00 m, roam=0, replaced=0, image=1600x900, LOD=1.500, shadows=1, minimap=1
Frame work 1161: BVH built/hit/evicted=0/0/0, catalogue/instance/scene builds=0/0/0, cached/scene tiles=281/185, scene 0.1 MiB, selection/detail passes=0/1, fallback ray attempts=0, GPU build/selection/detail=0.000/0.000/0.000 ms, CPU grouping=0.000 ms; atlas installed/evicted=0/0, I/O=0.000 MiB, resident=27/27
Camera preparation: wall 0.001 ms, GPU LOD 0.000 ms, plans/footprints=344/1
Minimap mask: 276x236, 1440000 rays, worker 44.201 ms, GPU 8.953 ms
Minimap publish: request-to-image 44.261 ms
LOD plan: sources=1591, changed finer/coarser=0/0, selected LOD-1=23
Frame 1162: wall 61.410 ms, GPU producer 58.689 ms, 1 producer submission(s), resident trace and presentation combined; t=66.121, BVH resident/budget 617.4/2048.0 MiB, builds/hits/evictions=281/1226/0, scene builds=362
Frame phases 1162: pre-render 0.026 ms, prepare 1.979 ms, primary repair 0.000 ms, shadow repair 0.000 ms, producer wait 59.306 ms; observer=2626702.60/1107276.18/2710.83, moved=21.15 m, roam=1, replaced=0, image=1600x900, LOD=1.500, shadows=1, minimap=1
Frame work 1162: BVH built/hit/evicted=0/0/0, catalogue/instance/scene builds=1/1/1, cached/scene tiles=281/185, scene 0.1 MiB, selection/detail passes=0/1, fallback ray attempts=0, GPU build/selection/detail=0.463/0.000/0.000 ms, CPU grouping=0.000 ms; atlas installed/evicted=0/0, I/O=0.000 MiB, resident=27/27
Camera preparation: wall 0.243 ms, GPU LOD 0.004 ms, plans/footprints=345/1
Minimap mask: 276x236, 1440000 rays, worker 44.451 ms, GPU 9.817 ms
Minimap publish: request-to-image 44.504 ms
LOD plan: sources=1591, changed finer/coarser=0/0, selected LOD-1=23
Minimap mask: 276x236, 1440000 rays, worker 38.453 ms, GPU 7.379 ms
Minimap publish: request-to-image 38.488 ms
Slow stage: terrain frame wall 194.997 ms (inclusive)
Frame 1164: wall 195.005 ms, GPU producer 58.886 ms, 2 producer submission(s), streaming work excluded from GPU producer timing; t=66.316, BVH resident/budget 618.1/2048.0 MiB, builds/hits/evictions=282/1231/0, scene builds=363
Frame phases 1164: pre-render 0.015 ms, prepare 2.168 ms, primary repair 67.326 ms, shadow repair 65.126 ms, producer wait 60.240 ms; observer=2626705.96/1107297.09/2706.35, moved=21.17 m, roam=1, replaced=0, image=1600x900, LOD=1.500, shadows=1, minimap=1
Frame work 1164: BVH built/hit/evicted=1/5/0, catalogue/instance/scene builds=1/7/1, cached/scene tiles=282/0, scene 0.0 MiB, selection/detail passes=7/8, fallback ray attempts=2, GPU build/selection/detail=1.286/3.579/28.485 ms, CPU grouping=20.707 ms; atlas installed/evicted=66/66, I/O=35.445 MiB, resident=27/27
Camera preparation: wall 0.225 ms, GPU LOD 0.004 ms, plans/footprints=346/1
Slow stage: worker iteration wall 195.051 ms (inclusive)
LOD plan: sources=1591, changed finer/coarser=1/0, selected LOD-1=23
Health t=66.327: memory ok footprint/resident 1264.3/697.6 MiB, Metal allocated/recommended 1028.9/18186.2 MiB, thermal=0
Health t=66.327: worker stage=render age=11.6 ms, calls=855 revision=1164, submitted/completed/presented=0/0/0, stale=0 unavailable=0 refreshed=0
Health t=66.327: display stage=idle age=18.5 ms, calls=1965 revision=1162, submitted/completed/presented=1965/1965/1965, stale=0 unavailable=0 refreshed=0
Health t=66.327: minimap stage=idle age=145.7 ms, calls=539 revision=0, submitted/completed/presented=539/539/537, stale=2 unavailable=0 refreshed=739
Health t=66.327: terrain stage=producer wait age=10.1 ms
Frame 1168: wall 58.404 ms, GPU producer 56.644 ms, 1 producer submission(s), resident trace and presentation combined; t=66.374, BVH resident/budget 618.1/2048.0 MiB, builds/hits/evictions=282/1231/0, scene builds=364
Frame phases 1168: pre-render 0.004 ms, prepare 1.457 ms, primary repair 0.000 ms, shadow repair 0.000 ms, producer wait 56.904 ms; observer=2626712.66/1107338.79/2697.46, moved=42.24 m, roam=1, replaced=0, image=1600x900, LOD=1.500, shadows=1, minimap=1
Frame work 1168: BVH built/hit/evicted=0/0/0, catalogue/instance/scene builds=1/1/1, cached/scene tiles=282/186, scene 0.1 MiB, selection/detail passes=0/1, fallback ray attempts=0, GPU build/selection/detail=0.468/0.000/0.000 ms, CPU grouping=0.000 ms; atlas installed/evicted=0/0, I/O=0.000 MiB, resident=27/27
Camera preparation: wall 0.175 ms, GPU LOD 0.004 ms, plans/footprints=347/1
Minimap mask: 276x236, 1440000 rays, worker 30.594 ms, GPU 3.213 ms
Minimap publish: request-to-image 30.652 ms
Minimap mask: 276x236, 1440000 rays, worker 2.001 ms, GPU 1.133 ms
Minimap publish: request-to-image 2.863 ms
Frame 1169: wall 56.854 ms, GPU producer 56.374 ms, 1 producer submission(s), resident trace and presentation combined; t=66.455, BVH resident/budget 618.1/2048.0 MiB, builds/hits/evictions=282/1231/0, scene builds=364
Frame phases 1169: pre-render 0.003 ms, prepare 0.098 ms, primary repair 0.000 ms, shadow repair 0.000 ms, producer wait 56.702 ms; observer=2626712.66/1107338.79/2697.46, moved=0.00 m, roam=0, replaced=0, image=1600x900, LOD=1.500, shadows=1, minimap=1
Frame work 1169: BVH built/hit/evicted=0/0/0, catalogue/instance/scene builds=0/0/0, cached/scene tiles=282/186, scene 0.1 MiB, selection/detail passes=0/1, fallback ray attempts=0, GPU build/selection/detail=0.000/0.000/0.000 ms, CPU grouping=0.000 ms; atlas installed/evicted=0/0, I/O=0.000 MiB, resident=27/27
Camera preparation: wall 0.000 ms, GPU LOD 0.000 ms, plans/footprints=347/1
LOD plan: sources=1591, changed finer/coarser=1/0, selected LOD-1=23
Frame 1170: wall 59.935 ms, GPU producer 57.600 ms, 1 producer submission(s), resident trace and presentation combined; t=66.515, BVH resident/budget 618.1/2048.0 MiB, builds/hits/evictions=282/1231/0, scene builds=365
Frame phases 1170: pre-render 0.007 ms, prepare 1.847 ms, primary repair 0.000 ms, shadow repair 0.000 ms, producer wait 57.984 ms; observer=2626716.01/1107359.66/2693.04, moved=21.13 m, roam=1, replaced=0, image=1600x900, LOD=1.500, shadows=1, minimap=1
Frame work 1170: BVH built/hit/evicted=0/0/0, catalogue/instance/scene builds=1/1/1, cached/scene tiles=282/186, scene 0.1 MiB, selection/detail passes=0/1, fallback ray attempts=0, GPU build/selection/detail=0.430/0.000/0.000 ms, CPU grouping=0.000 ms; atlas installed/evicted=0/0, I/O=0.000 MiB, resident=27/27
Camera preparation: wall 0.250 ms, GPU LOD 0.004 ms, plans/footprints=348/1
Minimap mask: 276x236, 1440000 rays, worker 39.270 ms, GPU 7.698 ms
Minimap publish: request-to-image 39.359 ms
LOD plan: sources=1591, changed finer/coarser=1/0, selected LOD-1=23
Minimap mask: 276x236, 1440000 rays, worker 33.945 ms, GPU 5.244 ms
Frame 1172: wall 62.472 ms, GPU producer 57.941 ms, 1 producer submission(s), resident trace and presentation combined; t=66.577, BVH resident/budget 618.1/2048.0 MiB, builds/hits/evictions=282/1231/0, scene builds=366
Frame phases 1172: pre-render 0.006 ms, prepare 4.118 ms, primary repair 0.000 ms, shadow repair 0.000 ms, producer wait 58.289 ms; observer=2626719.39/1107380.70/2688.63, moved=21.31 m, roam=1, replaced=0, image=1600x900, LOD=1.500, shadows=1, minimap=1
Minimap publish: request-to-image 33.994 ms
Frame work 1172: BVH built/hit/evicted=0/0/0, catalogue/instance/scene builds=1/1/1, cached/scene tiles=282/186, scene 0.1 MiB, selection/detail passes=0/1, fallback ray attempts=0, GPU build/selection/detail=0.477/0.000/0.000 ms, CPU grouping=0.000 ms; atlas installed/evicted=0/0, I/O=0.000 MiB, resident=27/27
Camera preparation: wall 0.211 ms, GPU LOD 0.004 ms, plans/footprints=349/1
Frame 1173: wall 58.398 ms, GPU producer 57.382 ms, 1 producer submission(s), resident trace and presentation combined; t=66.657, BVH resident/budget 618.1/2048.0 MiB, builds/hits/evictions=282/1231/0, scene builds=366
Frame phases 1173: pre-render 0.004 ms, prepare 0.151 ms, primary repair 0.000 ms, shadow repair 0.000 ms, producer wait 58.138 ms; observer=2626719.39/1107380.70/2688.63, moved=0.00 m, roam=0, replaced=0, image=1600x900, LOD=1.500, shadows=1, minimap=1
Frame work 1173: BVH built/hit/evicted=0/0/0, catalogue/instance/scene builds=0/0/0, cached/scene tiles=282/186, scene 0.1 MiB, selection/detail passes=0/1, fallback ray attempts=0, GPU build/selection/detail=0.000/0.000/0.000 ms, CPU grouping=0.000 ms; atlas installed/evicted=0/0, I/O=0.000 MiB, resident=27/27
Camera preparation: wall 0.001 ms, GPU LOD 0.000 ms, plans/footprints=349/1
Minimap mask: 276x236, 1440000 rays, worker 46.357 ms, GPU 9.299 ms
Minimap publish: request-to-image 46.462 ms
LOD plan: sources=1591, changed finer/coarser=1/0, selected LOD-1=23
Minimap mask: 276x236, 1440000 rays, worker 44.246 ms, GPU 6.672 ms
Minimap publish: request-to-image 44.309 ms
Slow stage: primary repair wall 139.574 ms (inclusive)
Slow stage: terrain frame wall 267.764 ms (inclusive)
Frame 1174: wall 267.771 ms, GPU producer 60.290 ms, 2 producer submission(s), streaming work excluded from GPU producer timing; t=66.925, BVH resident/budget 618.7/2048.0 MiB, builds/hits/evictions=283/1254/0, scene builds=367
Frame phases 1174: pre-render 0.009 ms, prepare 2.339 ms, primary repair 139.574 ms, shadow repair 64.296 ms, producer wait 61.429 ms; observer=2626722.75/1107401.62/2684.33, moved=21.19 m, roam=1, replaced=0, image=1600x900, LOD=1.500, shadows=1, minimap=1
Frame work 1174: BVH built/hit/evicted=1/23/0, catalogue/instance/scene builds=1/21/1, cached/scene tiles=283/0, scene 0.0 MiB, selection/detail passes=21/22, fallback ray attempts=2112, GPU build/selection/detail=2.011/11.557/30.141 ms, CPU grouping=57.259 ms; atlas installed/evicted=65/65, I/O=33.535 MiB, resident=27/27
Camera preparation: wall 0.246 ms, GPU LOD 0.004 ms, plans/footprints=350/1
Slow stage: worker iteration wall 267.830 ms (inclusive)
LOD plan: sources=1591, changed finer/coarser=1/1, selected LOD-1=23
Minimap mask: 276x236, 1440000 rays, worker 38.528 ms, GPU 6.647 ms
Minimap publish: request-to-image 38.563 ms
Slow stage: terrain frame wall 204.432 ms (inclusive)
Frame 1180: wall 204.442 ms, GPU producer 55.421 ms, 2 producer submission(s), streaming work excluded from GPU producer timing; t=67.129, BVH resident/budget 621.3/2048.0 MiB, builds/hits/evictions=284/1267/0, scene builds=368
Frame phases 1180: pre-render 0.016 ms, prepare 1.581 ms, primary repair 82.073 ms, shadow repair 64.253 ms, producer wait 56.450 ms; observer=2626732.85/1107464.55/2672.21, moved=63.73 m, roam=1, replaced=0, image=1600x900, LOD=1.500, shadows=1, minimap=1
Frame work 1180: BVH built/hit/evicted=1/13/0, catalogue/instance/scene builds=1/11/1, cached/scene tiles=284/0, scene 0.0 MiB, selection/detail passes=11/12, fallback ray attempts=13228, GPU build/selection/detail=2.370/5.924/28.528 ms, CPU grouping=26.381 ms; atlas installed/evicted=63/63, I/O=33.754 MiB, resident=27/27
Camera preparation: wall 0.199 ms, GPU LOD 0.004 ms, plans/footprints=351/1
Slow stage: worker iteration wall 204.527 ms (inclusive)
LOD plan: sources=1591, changed finer/coarser=1/0, selected LOD-1=23
Minimap mask: 276x236, 1440000 rays, worker 41.984 ms, GPU 7.337 ms
Minimap publish: request-to-image 43.153 ms
Slow stage: primary repair wall 105.971 ms (inclusive)
Health t=67.332: memory ok footprint/resident 1259.2/700.5 MiB, Metal allocated/recommended 1023.7/18186.2 MiB, thermal=0
Health t=67.332: worker stage=render age=202.9 ms, calls=866 revision=1180, submitted/completed/presented=0/0/0, stale=0 unavailable=0 refreshed=0
Health t=67.332: display stage=idle age=23.6 ms, calls=1995 revision=1180, submitted/completed/presented=1995/1995/1995, stale=0 unavailable=0 refreshed=0
Health t=67.332: minimap stage=idle age=147.3 ms, calls=547 revision=0, submitted/completed/presented=547/547/545, stale=2 unavailable=0 refreshed=748
Health t=67.332: terrain stage=shadow repair age=41.4 ms
Slow stage: terrain frame wall 229.070 ms (inclusive)
Frame 1184: wall 229.077 ms, GPU producer 54.361 ms, 2 producer submission(s), streaming work excluded from GPU producer timing; t=67.358, BVH resident/budget 623.8/2048.0 MiB, builds/hits/evictions=285/1290/0, scene builds=369
Frame phases 1184: pre-render 0.014 ms, prepare 1.560 ms, primary repair 105.971 ms, shadow repair 64.115 ms, producer wait 57.331 ms; observer=2626739.61/1107506.65/2665.07, moved=42.65 m, roam=1, replaced=0, image=1600x900, LOD=1.500, shadows=1, minimap=1
Frame work 1184: BVH built/hit/evicted=1/23/0, catalogue/instance/scene builds=1/16/1, cached/scene tiles=285/0, scene 0.0 MiB, selection/detail passes=16/17, fallback ray attempts=21594, GPU build/selection/detail=2.510/9.099/30.286 ms, CPU grouping=39.411 ms; atlas installed/evicted=64/64, I/O=34.631 MiB, resident=27/27
Camera preparation: wall 0.207 ms, GPU LOD 0.004 ms, plans/footprints=352/1
Slow stage: worker iteration wall 229.129 ms (inclusive)
LOD plan: sources=1591, changed finer/coarser=2/0, selected LOD-1=23
Minimap mask: 276x236, 1440000 rays, worker 38.070 ms, GPU 5.477 ms
Minimap publish: request-to-image 38.102 ms
Slow stage: terrain frame wall 189.251 ms (inclusive)
Frame 1188: wall 189.260 ms, GPU producer 55.158 ms, 2 producer submission(s), streaming work excluded from GPU producer timing; t=67.548, BVH resident/budget 626.4/2048.0 MiB, builds/hits/evictions=286/1297/0, scene builds=370
Frame phases 1188: pre-render 0.016 ms, prepare 1.577 ms, primary repair 65.727 ms, shadow repair 65.725 ms, producer wait 56.136 ms; observer=2626746.38/1107548.79/2658.78, moved=42.68 m, roam=1, replaced=0, image=1600x900, LOD=1.500, shadows=1, minimap=1
Frame work 1188: BVH built/hit/evicted=1/7/0, catalogue/instance/scene builds=1/7/1, cached/scene tiles=286/0, scene 0.0 MiB, selection/detail passes=7/8, fallback ray attempts=1170, GPU build/selection/detail=1.974/3.793/28.956 ms, CPU grouping=19.703 ms; atlas installed/evicted=64/64, I/O=35.007 MiB, resident=27/27
Camera preparation: wall 0.188 ms, GPU LOD 0.004 ms, plans/footprints=353/1
Slow stage: worker iteration wall 189.313 ms (inclusive)
LOD plan: sources=1591, changed finer/coarser=0/2, selected LOD-1=23
Frame 1192: wall 56.262 ms, GPU producer 54.344 ms, 1 producer submission(s), resident trace and presentation combined; t=67.604, BVH resident/budget 626.4/2048.0 MiB, builds/hits/evictions=286/1297/0, scene builds=371
Frame phases 1192: pre-render 0.005 ms, prepare 1.594 ms, primary repair 0.000 ms, shadow repair 0.000 ms, producer wait 54.613 ms; observer=2626753.19/1107591.18/2653.30, moved=42.93 m, roam=1, replaced=0, image=1600x900, LOD=1.500, shadows=1, minimap=1
Frame work 1192: BVH built/hit/evicted=0/0/0, catalogue/instance/scene builds=1/1/1, cached/scene tiles=286/184, scene 0.1 MiB, selection/detail passes=0/1, fallback ray attempts=0, GPU build/selection/detail=0.491/0.000/0.000 ms, CPU grouping=0.000 ms; atlas installed/evicted=0/0, I/O=0.000 MiB, resident=27/27
Camera preparation: wall 0.203 ms, GPU LOD 0.004 ms, plans/footprints=354/1
Minimap mask: 276x236, 1440000 rays, worker 26.669 ms, GPU 6.455 ms
Minimap publish: request-to-image 26.746 ms
LOD plan: sources=1591, changed finer/coarser=2/0, selected LOD-1=23
Minimap mask: 276x236, 1440000 rays, worker 51.160 ms, GPU 9.552 ms
Minimap publish: request-to-image 51.200 ms
Slow stage: primary repair wall 103.457 ms (inclusive)
Slow stage: terrain frame wall 222.999 ms (inclusive)
Frame 1194: wall 223.005 ms, GPU producer 56.169 ms, 2 producer submission(s), streaming work excluded from GPU producer timing; t=67.827, BVH resident/budget 627.0/2048.0 MiB, builds/hits/evictions=287/1312/0, scene builds=372
Frame phases 1194: pre-render 0.008 ms, prepare 1.725 ms, primary repair 103.457 ms, shadow repair 58.797 ms, producer wait 58.928 ms; observer=2626756.60/1107612.47/2650.87, moved=21.56 m, roam=1, replaced=0, image=1600x900, LOD=1.500, shadows=1, minimap=1
Frame work 1194: BVH built/hit/evicted=1/15/0, catalogue/instance/scene builds=1/16/1, cached/scene tiles=287/0, scene 0.0 MiB, selection/detail passes=16/17, fallback ray attempts=534, GPU build/selection/detail=1.821/9.574/27.490 ms, CPU grouping=39.405 ms; atlas installed/evicted=63/63, I/O=35.070 MiB, resident=27/27
Camera preparation: wall 0.219 ms, GPU LOD 0.004 ms, plans/footprints=355/1
Slow stage: worker iteration wall 223.055 ms (inclusive)
LOD plan: sources=1591, changed finer/coarser=0/0, selected LOD-1=23
Frame 1198: wall 54.598 ms, GPU producer 52.818 ms, 1 producer submission(s), resident trace and presentation combined; t=67.882, BVH resident/budget 627.0/2048.0 MiB, builds/hits/evictions=287/1312/0, scene builds=373
Frame phases 1198: pre-render 0.005 ms, prepare 1.521 ms, primary repair 0.000 ms, shadow repair 0.000 ms, producer wait 53.037 ms; observer=2626763.43/1107654.95/2646.65, moved=43.03 m, roam=1, replaced=0, image=1600x900, LOD=1.500, shadows=1, minimap=1
Frame work 1198: BVH built/hit/evicted=0/0/0, catalogue/instance/scene builds=1/1/1, cached/scene tiles=287/184, scene 0.1 MiB, selection/detail passes=0/1, fallback ray attempts=0, GPU build/selection/detail=0.481/0.000/0.000 ms, CPU grouping=0.000 ms; atlas installed/evicted=0/0, I/O=0.000 MiB, resident=27/27
Camera preparation: wall 0.171 ms, GPU LOD 0.004 ms, plans/footprints=356/1
Minimap mask: 276x236, 1440000 rays, worker 38.506 ms, GPU 5.273 ms
Minimap publish: request-to-image 38.539 ms
Frame 1199: wall 55.817 ms, GPU producer 55.056 ms, 1 producer submission(s), resident trace and presentation combined; t=67.954, BVH resident/budget 627.0/2048.0 MiB, builds/hits/evictions=287/1312/0, scene builds=373
Frame phases 1199: pre-render 0.005 ms, prepare 0.101 ms, primary repair 0.000 ms, shadow repair 0.000 ms, producer wait 55.643 ms; observer=2626763.43/1107654.95/2646.65, moved=0.00 m, roam=0, replaced=0, image=1600x900, LOD=1.500, shadows=1, minimap=1
Frame work 1199: BVH built/hit/evicted=0/0/0, catalogue/instance/scene builds=0/0/0, cached/scene tiles=287/184, scene 0.1 MiB, selection/detail passes=0/1, fallback ray attempts=0, GPU build/selection/detail=0.000/0.000/0.000 ms, CPU grouping=0.000 ms; atlas installed/evicted=0/0, I/O=0.000 MiB, resident=27/27
Camera preparation: wall 0.001 ms, GPU LOD 0.000 ms, plans/footprints=356/1
Minimap mask: 276x236, 1440000 rays, worker 44.192 ms, GPU 6.541 ms
Minimap publish: request-to-image 44.373 ms
LOD plan: sources=1591, changed finer/coarser=0/2, selected LOD-1=23
Frame 1200: wall 57.231 ms, GPU producer 54.283 ms, 1 producer submission(s), resident trace and presentation combined; t=68.012, BVH resident/budget 627.0/2048.0 MiB, builds/hits/evictions=287/1312/0, scene builds=374
Frame phases 1200: pre-render 0.009 ms, prepare 2.076 ms, primary repair 0.000 ms, shadow repair 0.000 ms, producer wait 55.067 ms; observer=2626766.84/1107676.24/2644.84, moved=21.56 m, roam=1, replaced=0, image=1600x900, LOD=1.500, shadows=1, minimap=1
Frame work 1200: BVH built/hit/evicted=0/0/0, catalogue/instance/scene builds=1/1/1, cached/scene tiles=287/184, scene 0.1 MiB, selection/detail passes=0/1, fallback ray attempts=0, GPU build/selection/detail=0.437/0.000/0.000 ms, CPU grouping=0.000 ms; atlas installed/evicted=0/0, I/O=0.000 MiB, resident=27/27
Camera preparation: wall 0.232 ms, GPU LOD 0.004 ms, plans/footprints=357/1
Minimap mask: 276x236, 1440000 rays, worker 35.863 ms, GPU 6.928 ms
Minimap publish: request-to-image 35.936 ms
LOD plan: sources=1591, changed finer/coarser=0/1, selected LOD-1=23
Frame 1202: wall 58.637 ms, GPU producer 54.839 ms, 1 producer submission(s), resident trace and presentation combined; t=68.071, BVH resident/budget 627.0/2048.0 MiB, builds/hits/evictions=287/1312/0, scene builds=375
Frame phases 1202: pre-render 0.008 ms, prepare 3.433 ms, primary repair 0.000 ms, shadow repair 0.000 ms, producer wait 55.124 ms; observer=2626770.27/1107697.52/2643.13, moved=21.55 m, roam=1, replaced=0, image=1600x900, LOD=1.500, shadows=1, minimap=1
Frame work 1202: BVH built/hit/evicted=0/0/0, catalogue/instance/scene builds=1/1/1, cached/scene tiles=287/184, scene 0.1 MiB, selection/detail passes=0/1, fallback ray attempts=0, GPU build/selection/detail=0.489/0.000/0.000 ms, CPU grouping=0.000 ms; atlas installed/evicted=0/0, I/O=0.000 MiB, resident=27/27
Camera preparation: wall 1.452 ms, GPU LOD 0.021 ms, plans/footprints=358/1
Minimap mask: 276x236, 1440000 rays, worker 26.913 ms, GPU 5.172 ms
Minimap publish: request-to-image 26.989 ms
Minimap mask: 276x236, 1440000 rays, worker 3.451 ms, GPU 1.176 ms
Minimap publish: request-to-image 3.495 ms
Frame 1203: wall 54.161 ms, GPU producer 53.363 ms, 1 producer submission(s), resident trace and presentation combined; t=68.153, BVH resident/budget 627.0/2048.0 MiB, builds/hits/evictions=287/1312/0, scene builds=375
Frame phases 1203: pre-render 0.005 ms, prepare 0.113 ms, primary repair 0.000 ms, shadow repair 0.000 ms, producer wait 53.976 ms; observer=2626770.27/1107697.52/2643.13, moved=0.00 m, roam=0, replaced=0, image=1600x900, LOD=1.500, shadows=1, minimap=1
Frame work 1203: BVH built/hit/evicted=0/0/0, catalogue/instance/scene builds=0/0/0, cached/scene tiles=287/184, scene 0.1 MiB, selection/detail passes=0/1, fallback ray attempts=0, GPU build/selection/detail=0.000/0.000/0.000 ms, CPU grouping=0.000 ms; atlas installed/evicted=0/0, I/O=0.000 MiB, resident=27/27
Camera preparation: wall 0.000 ms, GPU LOD 0.000 ms, plans/footprints=358/1
LOD plan: sources=1591, changed finer/coarser=1/0, selected LOD-1=24
Minimap mask: 276x236, 1440000 rays, worker 29.880 ms, GPU 5.460 ms
Minimap publish: request-to-image 31.669 ms
Slow stage: primary repair wall 102.277 ms (inclusive)
Health t=68.337: memory ok footprint/resident 1272.0/705.0 MiB, Metal allocated/recommended 1037.3/18186.2 MiB, thermal=0
Health t=68.337: worker stage=render age=184.7 ms, calls=879 revision=1203, submitted/completed/presented=0/0/0, stale=0 unavailable=0 refreshed=0
Health t=68.337: display stage=idle age=28.7 ms, calls=2025 revision=1203, submitted/completed/presented=2025/2025/2025, stale=0 unavailable=0 refreshed=0
Health t=68.337: minimap stage=idle age=131.1 ms, calls=556 revision=0, submitted/completed/presented=556/556/554, stale=2 unavailable=0 refreshed=760
Health t=68.337: terrain stage=shadow repair age=28.8 ms
Slow stage: terrain frame wall 215.033 ms (inclusive)
Frame 1204: wall 215.045 ms, GPU producer 51.702 ms, 2 producer submission(s), streaming work excluded from GPU producer timing; t=68.368, BVH resident/budget 637.3/2048.0 MiB, builds/hits/evictions=288/1334/0, scene builds=376
Frame phases 1204: pre-render 0.018 ms, prepare 2.055 ms, primary repair 102.277 ms, shadow repair 57.840 ms, producer wait 52.740 ms; observer=2626773.70/1107718.80/2641.49, moved=21.56 m, roam=1, replaced=0, image=1600x900, LOD=1.500, shadows=1, minimap=1
Frame work 1204: BVH built/hit/evicted=1/22/0, catalogue/instance/scene builds=1/13/1, cached/scene tiles=288/0, scene 0.0 MiB, selection/detail passes=13/14, fallback ray attempts=117226, GPU build/selection/detail=5.107/7.404/29.605 ms, CPU grouping=35.132 ms; atlas installed/evicted=62/62, I/O=36.446 MiB, resident=27/27
Camera preparation: wall 0.210 ms, GPU LOD 0.004 ms, plans/footprints=359/1
Slow stage: worker iteration wall 215.107 ms (inclusive)
LOD plan: sources=1591, changed finer/coarser=1/0, selected LOD-1=24
Frame 1208: wall 53.815 ms, GPU producer 51.954 ms, 1 producer submission(s), resident trace and presentation combined; t=68.422, BVH resident/budget 637.3/2048.0 MiB, builds/hits/evictions=288/1334/0, scene builds=377
Frame phases 1208: pre-render 0.004 ms, prepare 1.573 ms, primary repair 0.000 ms, shadow repair 0.000 ms, producer wait 52.201 ms; observer=2626780.61/1107761.32/2638.37, moved=43.08 m, roam=1, replaced=0, image=1600x900, LOD=1.500, shadows=1, minimap=1
Frame work 1208: BVH built/hit/evicted=0/0/0, catalogue/instance/scene builds=1/1/1, cached/scene tiles=288/184, scene 0.1 MiB, selection/detail passes=0/1, fallback ray attempts=0, GPU build/selection/detail=0.486/0.000/0.000 ms, CPU grouping=0.000 ms; atlas installed/evicted=0/0, I/O=0.000 MiB, resident=27/27
Camera preparation: wall 0.198 ms, GPU LOD 0.004 ms, plans/footprints=360/1
Minimap mask: 276x236, 1440000 rays, worker 45.351 ms, GPU 6.559 ms
Minimap publish: request-to-image 45.389 ms
LOD plan: sources=1591, changed finer/coarser=1/0, selected LOD-1=25
Minimap mask: 276x236, 1440000 rays, worker 31.832 ms, GPU 5.963 ms
Minimap publish: request-to-image 31.869 ms
Slow stage: primary repair wall 132.096 ms (inclusive)
Slow stage: terrain frame wall 244.642 ms (inclusive)
Frame 1210: wall 244.654 ms, GPU producer 52.614 ms, 2 producer submission(s), streaming work excluded from GPU producer timing; t=68.666, BVH resident/budget 647.6/2048.0 MiB, builds/hits/evictions=289/1371/0, scene builds=378
Frame phases 1210: pre-render 0.019 ms, prepare 1.736 ms, primary repair 132.096 ms, shadow repair 57.174 ms, producer wait 53.545 ms; observer=2626784.08/1107782.52/2636.86, moved=21.48 m, roam=1, replaced=0, image=1600x900, LOD=1.500, shadows=1, minimap=1
Frame work 1210: BVH built/hit/evicted=1/37/0, catalogue/instance/scene builds=1/20/1, cached/scene tiles=289/0, scene 0.0 MiB, selection/detail passes=20/21, fallback ray attempts=68928, GPU build/selection/detail=5.869/11.536/29.621 ms, CPU grouping=49.072 ms; atlas installed/evicted=63/63, I/O=37.980 MiB, resident=27/27
Camera preparation: wall 0.219 ms, GPU LOD 0.004 ms, plans/footprints=361/1
Slow stage: worker iteration wall 244.738 ms (inclusive)
LOD plan: sources=1591, changed finer/coarser=0/0, selected LOD-1=25
Minimap mask: 276x236, 1440000 rays, worker 44.109 ms, GPU 6.713 ms
Minimap publish: request-to-image 44.143 ms
Slow stage: terrain frame wall 192.618 ms (inclusive)
Frame 1214: wall 192.624 ms, GPU producer 53.243 ms, 2 producer submission(s), streaming work excluded from GPU producer timing; t=68.859, BVH resident/budget 648.2/2048.0 MiB, builds/hits/evictions=290/1379/0, scene builds=379
Frame phases 1214: pre-render 0.008 ms, prepare 1.422 ms, primary repair 75.681 ms, shadow repair 61.305 ms, producer wait 54.136 ms; observer=2626791.12/1107825.23/2633.93, moved=43.28 m, roam=1, replaced=0, image=1600x900, LOD=1.500, shadows=1, minimap=1
Frame work 1214: BVH built/hit/evicted=1/8/0, catalogue/instance/scene builds=1/10/1, cached/scene tiles=290/0, scene 0.0 MiB, selection/detail passes=10/11, fallback ray attempts=10, GPU build/selection/detail=1.474/4.866/27.893 ms, CPU grouping=24.410 ms; atlas installed/evicted=61/61, I/O=36.038 MiB, resident=27/27
Camera preparation: wall 0.193 ms, GPU LOD 0.004 ms, plans/footprints=362/1
Slow stage: worker iteration wall 192.679 ms (inclusive)
LOD plan: sources=1591, changed finer/coarser=0/1, selected LOD-1=25
Frame 1218: wall 53.007 ms, GPU producer 51.138 ms, 1 producer submission(s), resident trace and presentation combined; t=68.912, BVH resident/budget 648.2/2048.0 MiB, builds/hits/evictions=290/1379/0, scene builds=380
Frame phases 1218: pre-render 0.004 ms, prepare 1.566 ms, primary repair 0.000 ms, shadow repair 0.000 ms, producer wait 51.393 ms; observer=2626798.19/1107867.65/2631.13, moved=43.01 m, roam=1, replaced=0, image=1600x900, LOD=1.500, shadows=1, minimap=1
Frame work 1218: BVH built/hit/evicted=0/0/0, catalogue/instance/scene builds=1/1/1, cached/scene tiles=290/184, scene 0.1 MiB, selection/detail passes=0/1, fallback ray attempts=0, GPU build/selection/detail=0.486/0.000/0.000 ms, CPU grouping=0.000 ms; atlas installed/evicted=0/0, I/O=0.000 MiB, resident=27/27
Camera preparation: wall 0.201 ms, GPU LOD 0.004 ms, plans/footprints=363/1
Minimap mask: 276x236, 1440000 rays, worker 35.113 ms, GPU 5.574 ms
Minimap publish: request-to-image 35.155 ms
LOD plan: sources=1591, changed finer/coarser=1/0, selected LOD-1=26
Minimap mask: 276x236, 1440000 rays, worker 23.177 ms, GPU 5.520 ms
Minimap publish: request-to-image 27.037 ms
Slow stage: primary repair wall 100.890 ms (inclusive)
Slow stage: terrain frame wall 217.568 ms (inclusive)
Frame 1220: wall 217.580 ms, GPU producer 53.697 ms, 2 producer submission(s), streaming work excluded from GPU producer timing; t=69.130, BVH resident/budget 658.9/2048.0 MiB, builds/hits/evictions=294/1388/0, scene builds=381
Frame phases 1220: pre-render 0.019 ms, prepare 1.695 ms, primary repair 100.890 ms, shadow repair 60.196 ms, producer wait 54.676 ms; observer=2626801.78/1107889.08/2629.76, moved=21.72 m, roam=1, replaced=0, image=1600x900, LOD=1.500, shadows=1, minimap=1
Frame work 1220: BVH built/hit/evicted=4/9/0, catalogue/instance/scene builds=1/10/1, cached/scene tiles=294/0, scene 0.0 MiB, selection/detail passes=10/11, fallback ray attempts=84744, GPU build/selection/detail=5.607/5.541/28.243 ms, CPU grouping=28.753 ms; atlas installed/evicted=65/65, I/O=38.043 MiB, resident=27/27
Camera preparation: wall 0.207 ms, GPU LOD 0.004 ms, plans/footprints=364/1
Slow stage: worker iteration wall 217.638 ms (inclusive)
LOD plan: sources=1591, changed finer/coarser=1/0, selected LOD-1=26
Minimap mask: 276x236, 1440000 rays, worker 39.332 ms, GPU 5.969 ms
Minimap publish: request-to-image 42.347 ms
Slow stage: primary repair wall 100.786 ms (inclusive)
Health t=69.342: memory ok footprint/resident 1296.1/713.1 MiB, Metal allocated/recommended 1061.7/18186.2 MiB, thermal=0
Health t=69.342: worker stage=render age=212.6 ms, calls=885 revision=1220, submitted/completed/presented=0/0/0, stale=0 unavailable=0 refreshed=0
Health t=69.342: display stage=idle age=0.5 ms, calls=2056 revision=1220, submitted/completed/presented=2056/2056/2055, stale=0 unavailable=0 refreshed=0
Health t=69.342: minimap stage=idle age=159.3 ms, calls=562 revision=0, submitted/completed/presented=562/562/560, stale=2 unavailable=0 refreshed=770
Health t=69.342: terrain stage=shadow repair age=58.6 ms
Slow stage: terrain frame wall 215.741 ms (inclusive)
Frame 1224: wall 215.748 ms, GPU producer 52.000 ms, 2 producer submission(s), streaming work excluded from GPU producer timing; t=69.346, BVH resident/budget 661.5/2048.0 MiB, builds/hits/evictions=295/1409/0, scene builds=382
Frame phases 1224: pre-render 0.014 ms, prepare 1.591 ms, primary repair 100.786 ms, shadow repair 60.322 ms, producer wait 52.951 ms; observer=2626808.93/1107931.44/2627.16, moved=42.96 m, roam=1, replaced=0, image=1600x900, LOD=1.500, shadows=1, minimap=1
Frame work 1224: BVH built/hit/evicted=1/21/0, catalogue/instance/scene builds=1/16/1, cached/scene tiles=295/0, scene 0.0 MiB, selection/detail passes=16/17, fallback ray attempts=9918, GPU build/selection/detail=2.629/9.473/28.263 ms, CPU grouping=38.020 ms; atlas installed/evicted=62/62, I/O=37.948 MiB, resident=27/27
Camera preparation: wall 0.199 ms, GPU LOD 0.004 ms, plans/footprints=365/1
Slow stage: worker iteration wall 215.803 ms (inclusive)
LOD plan: sources=1591, changed finer/coarser=0/0, selected LOD-1=26
Minimap mask: 276x236, 1440000 rays, worker 22.468 ms, GPU 5.122 ms
Frame 1228: wall 53.716 ms, GPU producer 51.184 ms, 1 producer submission(s), resident trace and presentation combined; t=69.399, BVH resident/budget 661.5/2048.0 MiB, builds/hits/evictions=295/1409/0, scene builds=383
Frame phases 1228: pre-render 0.438 ms, prepare 1.735 ms, primary repair 0.000 ms, shadow repair 0.000 ms, producer wait 51.503 ms; observer=2626816.22/1107974.19/2624.65, moved=43.36 m, roam=1, replaced=0, image=1600x900, LOD=1.500, shadows=1, minimap=1
Frame work 1228: BVH built/hit/evicted=0/0/0, catalogue/instance/scene builds=1/1/1, cached/scene tiles=295/187, scene 0.1 MiB, selection/detail passes=0/1, fallback ray attempts=0, GPU build/selection/detail=0.492/0.000/0.000 ms, CPU grouping=0.000 ms; atlas installed/evicted=0/0, I/O=2.004 MiB, resident=27/27
Camera preparation: wall 0.181 ms, GPU LOD 0.004 ms, plans/footprints=366/1
Minimap publish: request-to-image 22.500 ms
LOD plan: sources=1591, changed finer/coarser=0/0, selected LOD-1=26
Frame 1230: wall 54.897 ms, GPU producer 52.932 ms, 1 producer submission(s), resident trace and presentation combined; t=69.454, BVH resident/budget 661.5/2048.0 MiB, builds/hits/evictions=295/1409/0, scene builds=384
Frame phases 1230: pre-render 0.005 ms, prepare 1.650 ms, primary repair 0.000 ms, shadow repair 0.000 ms, producer wait 53.191 ms; observer=2626819.87/1107995.36/2623.44, moved=21.48 m, roam=1, replaced=0, image=1600x900, LOD=1.500, shadows=1, minimap=1
Frame work 1230: BVH built/hit/evicted=0/0/0, catalogue/instance/scene builds=1/1/1, cached/scene tiles=295/187, scene 0.1 MiB, selection/detail passes=0/1, fallback ray attempts=0, GPU build/selection/detail=0.422/0.000/0.000 ms, CPU grouping=0.000 ms; atlas installed/evicted=0/0, I/O=0.000 MiB, resident=27/27
Minimap mask: 276x236, 1440000 rays, worker 44.199 ms, GPU 6.804 ms
Camera preparation: wall 0.173 ms, GPU LOD 0.004 ms, plans/footprints=367/1
Minimap publish: request-to-image 44.280 ms
Minimap mask: 276x236, 1440000 rays, worker 2.853 ms, GPU 1.334 ms
Minimap publish: request-to-image 2.889 ms
Frame 1231: wall 51.964 ms, GPU producer 51.212 ms, 1 producer submission(s), resident trace and presentation combined; t=69.550, BVH resident/budget 661.5/2048.0 MiB, builds/hits/evictions=295/1409/0, scene builds=384
Frame phases 1231: pre-render 0.003 ms, prepare 0.126 ms, primary repair 0.000 ms, shadow repair 0.000 ms, producer wait 51.764 ms; observer=2626819.87/1107995.36/2623.44, moved=0.00 m, roam=0, replaced=0, image=1600x900, LOD=1.500, shadows=1, minimap=1
Frame work 1231: BVH built/hit/evicted=0/0/0, catalogue/instance/scene builds=0/0/0, cached/scene tiles=295/187, scene 0.1 MiB, selection/detail passes=0/1, fallback ray attempts=0, GPU build/selection/detail=0.000/0.000/0.000 ms, CPU grouping=0.000 ms; atlas installed/evicted=0/0, I/O=0.000 MiB, resident=27/27
Camera preparation: wall 0.000 ms, GPU LOD 0.000 ms, plans/footprints=367/1
LOD plan: sources=1591, changed finer/coarser=0/0, selected LOD-1=26
Minimap mask: 276x236, 1440000 rays, worker 28.044 ms, GPU 3.002 ms
Minimap publish: request-to-image 28.122 ms
Slow stage: terrain frame wall 202.099 ms (inclusive)
Frame 1232: wall 202.113 ms, GPU producer 53.104 ms, 2 producer submission(s), streaming work excluded from GPU producer timing; t=69.752, BVH resident/budget 661.7/2048.0 MiB, builds/hits/evictions=296/1417/0, scene builds=385
Frame phases 1232: pre-render 0.021 ms, prepare 2.053 ms, primary repair 82.087 ms, shadow repair 63.661 ms, producer wait 54.185 ms; observer=2626823.56/1108016.60/2622.25, moved=21.55 m, roam=1, replaced=0, image=1600x900, LOD=1.500, shadows=1, minimap=1
Frame work 1232: BVH built/hit/evicted=1/8/0, catalogue/instance/scene builds=1/10/1, cached/scene tiles=296/0, scene 0.0 MiB, selection/detail passes=10/11, fallback ray attempts=4, GPU build/selection/detail=1.170/5.471/25.871 ms, CPU grouping=30.032 ms; atlas installed/evicted=63/63, I/O=36.478 MiB, resident=27/27
Camera preparation: wall 0.235 ms, GPU LOD 0.004 ms, plans/footprints=368/1
Slow stage: worker iteration wall 202.175 ms (inclusive)
LOD plan: sources=1591, changed finer/coarser=0/2, selected LOD-1=25
Minimap mask: 276x236, 1440000 rays, worker 28.230 ms, GPU 3.197 ms
Minimap publish: request-to-image 28.276 ms
Slow stage: terrain frame wall 205.570 ms (inclusive)
Frame 1236: wall 205.580 ms, GPU producer 51.314 ms, 2 producer submission(s), streaming work excluded from GPU producer timing; t=69.958, BVH resident/budget 661.8/2048.0 MiB, builds/hits/evictions=297/1429/0, scene builds=386
Frame phases 1236: pre-render 0.015 ms, prepare 1.555 ms, primary repair 95.357 ms, shadow repair 56.297 ms, producer wait 52.277 ms; observer=2626831.05/1108059.13/2619.93, moved=43.19 m, roam=1, replaced=0, image=1600x900, LOD=1.500, shadows=1, minimap=1
Frame work 1236: BVH built/hit/evicted=1/12/0, catalogue/instance/scene builds=1/14/1, cached/scene tiles=297/0, scene 0.0 MiB, selection/detail passes=14/15, fallback ray attempts=2, GPU build/selection/detail=1.409/8.454/26.088 ms, CPU grouping=34.881 ms; atlas installed/evicted=62/62, I/O=34.474 MiB, resident=27/27
Camera preparation: wall 0.212 ms, GPU LOD 0.004 ms, plans/footprints=369/1
Slow stage: worker iteration wall 205.636 ms (inclusive)
LOD plan: sources=1591, changed finer/coarser=2/0, selected LOD-1=25
Frame 1240: wall 52.121 ms, GPU producer 48.438 ms, 1 producer submission(s), resident trace and presentation combined; t=70.010, BVH resident/budget 661.8/2048.0 MiB, builds/hits/evictions=297/1429/0, scene builds=387
Frame phases 1240: pre-render 0.006 ms, prepare 1.757 ms, primary repair 0.000 ms, shadow repair 0.000 ms, producer wait 50.319 ms; observer=2626838.69/1108101.72/2617.69, moved=43.27 m, roam=1, replaced=0, image=1600x900, LOD=1.500, shadows=1, minimap=1
Frame work 1240: BVH built/hit/evicted=0/0/0, catalogue/instance/scene builds=1/1/1, cached/scene tiles=297/187, scene 0.1 MiB, selection/detail passes=0/1, fallback ray attempts=0, GPU build/selection/detail=0.467/0.000/0.000 ms, CPU grouping=0.000 ms; atlas installed/evicted=0/0, I/O=0.000 MiB, resident=27/27
Camera preparation: wall 0.163 ms, GPU LOD 0.003 ms, plans/footprints=370/1
Minimap mask: 276x236, 1440000 rays, worker 33.130 ms, GPU 6.163 ms
Minimap publish: request-to-image 33.272 ms
LOD plan: sources=1591, changed finer/coarser=1/0, selected LOD-1=25
Frame 1242: wall 55.461 ms, GPU producer 53.674 ms, 1 producer submission(s), resident trace and presentation combined; t=70.065, BVH resident/budget 661.8/2048.0 MiB, builds/hits/evictions=297/1429/0, scene builds=388
Frame phases 1242: pre-render 0.005 ms, prepare 1.481 ms, primary repair 0.000 ms, shadow repair 0.000 ms, producer wait 53.930 ms; observer=2626842.52/1108122.86/2616.60, moved=21.48 m, roam=1, replaced=0, image=1600x900, LOD=1.500, shadows=1, minimap=1
Frame work 1242: BVH built/hit/evicted=0/0/0, catalogue/instance/scene builds=1/1/1, cached/scene tiles=297/186, scene 0.1 MiB, selection/detail passes=0/1, fallback ray attempts=0, GPU build/selection/detail=0.455/0.000/0.000 ms, CPU grouping=0.000 ms; atlas installed/evicted=0/0, I/O=0.000 MiB, resident=27/27
Camera preparation: wall 0.184 ms, GPU LOD 0.004 ms, plans/footprints=371/1
Minimap mask: 276x236, 1440000 rays, worker 21.539 ms, GPU 6.351 ms
Minimap publish: request-to-image 21.605 ms
Minimap mask: 276x236, 1440000 rays, worker 2.011 ms, GPU 1.076 ms
Minimap publish: request-to-image 2.051 ms
Frame 1243: wall 50.760 ms, GPU producer 50.195 ms, 1 producer submission(s), resident trace and presentation combined; t=70.149, BVH resident/budget 661.8/2048.0 MiB, builds/hits/evictions=297/1429/0, scene builds=388
Frame phases 1243: pre-render 0.003 ms, prepare 0.103 ms, primary repair 0.000 ms, shadow repair 0.000 ms, producer wait 50.586 ms; observer=2626842.52/1108122.86/2616.60, moved=0.00 m, roam=0, replaced=0, image=1600x900, LOD=1.500, shadows=1, minimap=1
Frame work 1243: BVH built/hit/evicted=0/0/0, catalogue/instance/scene builds=0/0/0, cached/scene tiles=297/186, scene 0.1 MiB, selection/detail passes=0/1, fallback ray attempts=0, GPU build/selection/detail=0.000/0.000/0.000 ms, CPU grouping=0.000 ms; atlas installed/evicted=0/0, I/O=0.000 MiB, resident=27/27
Camera preparation: wall 0.001 ms, GPU LOD 0.000 ms, plans/footprints=371/1
LOD plan: sources=1591, changed finer/coarser=0/0, selected LOD-1=25
Frame 1244: wall 54.832 ms, GPU producer 52.001 ms, 1 producer submission(s), resident trace and presentation combined; t=70.204, BVH resident/budget 661.8/2048.0 MiB, builds/hits/evictions=297/1429/0, scene builds=389
Frame phases 1244: pre-render 0.008 ms, prepare 2.468 ms, primary repair 0.000 ms, shadow repair 0.000 ms, producer wait 52.280 ms; observer=2626846.45/1108144.27/2615.52, moved=21.77 m, roam=1, replaced=0, image=1600x900, LOD=1.500, shadows=1, minimap=1
Frame work 1244: BVH built/hit/evicted=0/0/0, catalogue/instance/scene builds=1/1/1, cached/scene tiles=297/186, scene 0.1 MiB, selection/detail passes=0/1, fallback ray attempts=0, GPU build/selection/detail=0.471/0.000/0.000 ms, CPU grouping=0.000 ms; atlas installed/evicted=0/0, I/O=0.000 MiB, resident=27/27
Camera preparation: wall 0.276 ms, GPU LOD 0.007 ms, plans/footprints=372/1
Minimap mask: 276x236, 1440000 rays, worker 27.334 ms, GPU 2.908 ms
Minimap publish: request-to-image 27.431 ms
LOD plan: sources=1591, changed finer/coarser=0/0, selected LOD-1=25
Frame 1246: wall 54.579 ms, GPU producer 51.272 ms, 1 producer submission(s), resident trace and presentation combined; t=70.259, BVH resident/budget 661.8/2048.0 MiB, builds/hits/evictions=297/1429/0, scene builds=390
Frame phases 1246: pre-render 0.009 ms, prepare 2.905 ms, primary repair 0.000 ms, shadow repair 0.000 ms, producer wait 51.561 ms; observer=2626850.37/1108165.50/2614.47, moved=21.59 m, roam=1, replaced=0, image=1600x900, LOD=1.500, shadows=1, minimap=1
Frame work 1246: BVH built/hit/evicted=0/0/0, catalogue/instance/scene builds=1/1/1, cached/scene tiles=297/186, scene 0.1 MiB, selection/detail passes=0/1, fallback ray attempts=0, GPU build/selection/detail=0.460/0.000/0.000 ms, CPU grouping=0.000 ms; atlas installed/evicted=0/0, I/O=0.000 MiB, resident=27/27
Camera preparation: wall 0.281 ms, GPU LOD 0.007 ms, plans/footprints=373/1
Minimap mask: 276x236, 1440000 rays, worker 47.777 ms, GPU 9.149 ms
Minimap publish: request-to-image 47.829 ms
Minimap mask: 276x236, 1440000 rays, worker 4.450 ms, GPU 0.961 ms
Minimap publish: request-to-image 7.040 ms
Health t=70.348: memory ok footprint/resident 1298.8/715.3 MiB, Metal allocated/recommended 1064.2/18186.2 MiB, thermal=0
Health t=70.348: worker stage=render age=49.0 ms, calls=897 revision=1246, submitted/completed/presented=0/0/0, stale=0 unavailable=0 refreshed=0
Health t=70.348: display stage=idle age=5.5 ms, calls=2086 revision=1246, submitted/completed/presented=2086/2084/2084, stale=0 unavailable=0 refreshed=0
Health t=70.348: minimap stage=idle age=63.8 ms, calls=573 revision=0, submitted/completed/presented=573/573/571, stale=2 unavailable=0 refreshed=784
Health t=70.348: terrain stage=producer wait age=48.8 ms
Frame 1247: wall 50.619 ms, GPU producer 49.778 ms, 1 producer submission(s), resident trace and presentation combined; t=70.349, BVH resident/budget 661.8/2048.0 MiB, builds/hits/evictions=297/1429/0, scene builds=390
Frame phases 1247: pre-render 0.004 ms, prepare 0.116 ms, primary repair 0.000 ms, shadow repair 0.000 ms, producer wait 50.432 ms; observer=2626850.37/1108165.50/2614.47, moved=0.00 m, roam=0, replaced=0, image=1600x900, LOD=1.500, shadows=1, minimap=1
Frame work 1247: BVH built/hit/evicted=0/0/0, catalogue/instance/scene builds=0/0/0, cached/scene tiles=297/186, scene 0.1 MiB, selection/detail passes=0/1, fallback ray attempts=0, GPU build/selection/detail=0.000/0.000/0.000 ms, CPU grouping=0.000 ms; atlas installed/evicted=0/0, I/O=0.000 MiB, resident=27/27
Camera preparation: wall 0.001 ms, GPU LOD 0.000 ms, plans/footprints=373/1
LOD plan: sources=1591, changed finer/coarser=0/2, selected LOD-1=24
Frame 1248: wall 54.010 ms, GPU producer 51.162 ms, 1 producer submission(s), resident trace and presentation combined; t=70.403, BVH resident/budget 661.8/2048.0 MiB, builds/hits/evictions=297/1429/0, scene builds=391
Frame phases 1248: pre-render 0.009 ms, prepare 2.398 ms, primary repair 0.000 ms, shadow repair 0.000 ms, producer wait 51.507 ms; observer=2626854.33/1108186.74/2613.44, moved=21.61 m, roam=1, replaced=0, image=1600x900, LOD=1.500, shadows=1, minimap=1
Frame work 1248: BVH built/hit/evicted=0/0/0, catalogue/instance/scene builds=1/1/1, cached/scene tiles=297/184, scene 0.1 MiB, selection/detail passes=0/1, fallback ray attempts=0, GPU build/selection/detail=0.506/0.000/0.000 ms, CPU grouping=0.000 ms; atlas installed/evicted=0/0, I/O=0.000 MiB, resident=27/27
Camera preparation: wall 0.258 ms, GPU LOD 0.004 ms, plans/footprints=374/1
Minimap mask: 276x236, 1440000 rays, worker 26.196 ms, GPU 2.447 ms
Minimap publish: request-to-image 26.498 ms
LOD plan: sources=1591, changed finer/coarser=0/0, selected LOD-1=24
Frame 1250: wall 53.747 ms, GPU producer 50.539 ms, 1 producer submission(s), resident trace and presentation combined; t=70.457, BVH resident/budget 661.8/2048.0 MiB, builds/hits/evictions=297/1429/0, scene builds=392
Frame phases 1250: pre-render 0.007 ms, prepare 2.716 ms, primary repair 0.000 ms, shadow repair 0.000 ms, producer wait 50.936 ms; observer=2626858.32/1108207.96/2612.43, moved=21.59 m, roam=1, replaced=0, image=1600x900, LOD=1.500, shadows=1, minimap=1
Frame work 1250: BVH built/hit/evicted=0/0/0, catalogue/instance/scene builds=1/1/1, cached/scene tiles=297/184, scene 0.1 MiB, selection/detail passes=0/1, fallback ray attempts=0, GPU build/selection/detail=0.467/0.000/0.000 ms, CPU grouping=0.000 ms; atlas installed/evicted=0/0, I/O=0.000 MiB, resident=27/27
Camera preparation: wall 0.256 ms, GPU LOD 0.004 ms, plans/footprints=375/1
Minimap mask: 276x236, 1440000 rays, worker 45.322 ms, GPU 11.467 ms
Minimap publish: request-to-image 45.399 ms
Minimap mask: 276x236, 1440000 rays, worker 1.992 ms, GPU 0.950 ms
Minimap publish: request-to-image 4.873 ms
Slow stage: terrain frame wall 190.176 ms (inclusive)
Frame 1251: wall 190.181 ms, GPU producer 50.830 ms, 2 producer submission(s), streaming work excluded from GPU producer timing; t=70.689, BVH resident/budget 662.5/2048.0 MiB, builds/hits/evictions=298/1434/0, scene builds=392
Frame phases 1251: pre-render 0.009 ms, prepare 0.267 ms, primary repair 65.533 ms, shadow repair 72.157 ms, producer wait 52.043 ms; observer=2626858.32/1108207.96/2612.43, moved=0.00 m, roam=0, replaced=0, image=1600x900, LOD=1.500, shadows=1, minimap=1
Frame work 1251: BVH built/hit/evicted=1/5/0, catalogue/instance/scene builds=0/6/0, cached/scene tiles=298/0, scene 0.0 MiB, selection/detail passes=7/8, fallback ray attempts=2, GPU build/selection/detail=0.790/2.714/25.590 ms, CPU grouping=20.774 ms; atlas installed/evicted=61/61, I/O=34.536 MiB, resident=27/27
Camera preparation: wall 0.001 ms, GPU LOD 0.000 ms, plans/footprints=375/1
Slow stage: worker iteration wall 190.237 ms (inclusive)
LOD plan: sources=1591, changed finer/coarser=0/1, selected LOD-1=23
Frame 1254: wall 53.637 ms, GPU producer 51.742 ms, 1 producer submission(s), resident trace and presentation combined; t=70.742, BVH resident/budget 662.5/2048.0 MiB, builds/hits/evictions=298/1434/0, scene builds=393
Frame phases 1254: pre-render 0.016 ms, prepare 1.572 ms, primary repair 0.000 ms, shadow repair 0.000 ms, producer wait 51.997 ms; observer=2626866.38/1108250.33/2610.47, moved=43.13 m, roam=1, replaced=0, image=1600x900, LOD=1.500, shadows=1, minimap=1
Frame work 1254: BVH built/hit/evicted=0/0/0, catalogue/instance/scene builds=1/1/1, cached/scene tiles=298/184, scene 0.1 MiB, selection/detail passes=0/1, fallback ray attempts=0, GPU build/selection/detail=0.450/0.000/0.000 ms, CPU grouping=0.000 ms; atlas installed/evicted=0/0, I/O=0.000 MiB, resident=27/27
Camera preparation: wall 0.171 ms, GPU LOD 0.004 ms, plans/footprints=376/1
Minimap mask: 276x236, 1440000 rays, worker 32.876 ms, GPU 5.316 ms
Minimap publish: request-to-image 32.939 ms
LOD plan: sources=1591, changed finer/coarser=0/1, selected LOD-1=23
Frame 1256: wall 53.438 ms, GPU producer 50.669 ms, 1 producer submission(s), resident trace and presentation combined; t=70.796, BVH resident/budget 662.5/2048.0 MiB, builds/hits/evictions=298/1434/0, scene builds=394
Frame phases 1256: pre-render 0.026 ms, prepare 2.358 ms, primary repair 0.000 ms, shadow repair 0.000 ms, producer wait 50.983 ms; observer=2626870.49/1108271.61/2609.51, moved=21.67 m, roam=1, replaced=0, image=1600x900, LOD=1.500, shadows=1, minimap=1
Frame work 1256: BVH built/hit/evicted=0/0/0, catalogue/instance/scene builds=1/1/1, cached/scene tiles=298/183, scene 0.1 MiB, selection/detail passes=0/1, fallback ray attempts=0, GPU build/selection/detail=0.469/0.000/0.000 ms, CPU grouping=0.000 ms; atlas installed/evicted=0/0, I/O=0.000 MiB, resident=27/27
Camera preparation: wall 0.528 ms, GPU LOD 0.009 ms, plans/footprints=377/1
Minimap mask: 276x236, 1440000 rays, worker 18.344 ms, GPU 7.585 ms
Minimap publish: request-to-image 33.123 ms
Minimap mask: 276x236, 1440000 rays, worker 46.521 ms, GPU 5.224 ms
Minimap publish: request-to-image 46.775 ms
Slow stage: terrain frame wall 194.116 ms (inclusive)
Frame 1257: wall 194.119 ms, GPU producer 51.677 ms, 2 producer submission(s), streaming work excluded from GPU producer timing; t=71.005, BVH resident/budget 662.6/2048.0 MiB, builds/hits/evictions=299/1443/0, scene builds=394
Frame phases 1257: pre-render 0.006 ms, prepare 0.161 ms, primary repair 81.990 ms, shadow repair 59.156 ms, producer wait 52.686 ms; observer=2626870.49/1108271.61/2609.51, moved=0.00 m, roam=0, replaced=0, image=1600x900, LOD=1.500, shadows=1, minimap=1
Frame work 1257: BVH built/hit/evicted=1/9/0, catalogue/instance/scene builds=0/10/0, cached/scene tiles=299/0, scene 0.0 MiB, selection/detail passes=11/12, fallback ray attempts=2, GPU build/selection/detail=0.765/6.045/25.253 ms, CPU grouping=31.229 ms; atlas installed/evicted=61/61, I/O=34.442 MiB, resident=27/27
Camera preparation: wall 0.000 ms, GPU LOD 0.000 ms, plans/footprints=377/1
Slow stage: worker iteration wall 194.166 ms (inclusive)
LOD plan: sources=1591, changed finer/coarser=1/0, selected LOD-1=23
Minimap mask: 276x236, 1440000 rays, worker 46.970 ms, GPU 7.894 ms
Minimap publish: request-to-image 47.019 ms
Slow stage: terrain frame wall 205.762 ms (inclusive)
Frame 1262: wall 205.771 ms, GPU producer 50.155 ms, 2 producer submission(s), streaming work excluded from GPU producer timing; t=71.210, BVH resident/budget 663.3/2048.0 MiB, builds/hits/evictions=300/1466/0, scene builds=395
Frame phases 1262: pre-render 0.014 ms, prepare 1.602 ms, primary repair 97.976 ms, shadow repair 55.010 ms, producer wait 51.093 ms; observer=2626882.95/1108335.20/2606.77, moved=64.80 m, roam=1, replaced=0, image=1600x900, LOD=1.500, shadows=1, minimap=1
Frame work 1262: BVH built/hit/evicted=1/23/0, catalogue/instance/scene builds=1/17/1, cached/scene tiles=300/0, scene 0.0 MiB, selection/detail passes=17/18, fallback ray attempts=2228, GPU build/selection/detail=2.172/10.386/27.109 ms, CPU grouping=36.369 ms; atlas installed/evicted=61/61, I/O=34.630 MiB, resident=27/27
Camera preparation: wall 0.204 ms, GPU LOD 0.004 ms, plans/footprints=378/1
Slow stage: worker iteration wall 205.839 ms (inclusive)
LOD plan: sources=1591, changed finer/coarser=0/3, selected LOD-1=23
Frame 1266: wall 50.882 ms, GPU producer 49.209 ms, 1 producer submission(s), resident trace and presentation combined; t=71.261, BVH resident/budget 663.3/2048.0 MiB, builds/hits/evictions=300/1466/0, scene builds=396
Frame phases 1266: pre-render 0.004 ms, prepare 1.404 ms, primary repair 0.000 ms, shadow repair 0.000 ms, producer wait 49.438 ms; observer=2626891.44/1108377.57/2605.04, moved=43.22 m, roam=1, replaced=0, image=1600x900, LOD=1.500, shadows=1, minimap=1
Frame work 1266: BVH built/hit/evicted=0/0/0, catalogue/instance/scene builds=1/1/1, cached/scene tiles=300/182, scene 0.1 MiB, selection/detail passes=0/1, fallback ray attempts=0, GPU build/selection/detail=0.452/0.000/0.000 ms, CPU grouping=0.000 ms; atlas installed/evicted=0/0, I/O=0.000 MiB, resident=27/27
Camera preparation: wall 0.177 ms, GPU LOD 0.004 ms, plans/footprints=379/1
Minimap mask: 276x236, 1440000 rays, worker 19.054 ms, GPU 5.657 ms
Minimap publish: request-to-image 19.139 ms
Minimap mask: 276x236, 1440000 rays, worker 2.888 ms, GPU 0.902 ms
Minimap publish: request-to-image 2.926 ms
Frame 1267: wall 49.345 ms, GPU producer 48.598 ms, 1 producer submission(s), resident trace and presentation combined; t=71.348, BVH resident/budget 663.3/2048.0 MiB, builds/hits/evictions=300/1466/0, scene builds=396
Frame phases 1267: pre-render 0.004 ms, prepare 0.118 ms, primary repair 0.000 ms, shadow repair 0.000 ms, producer wait 49.166 ms; observer=2626891.44/1108377.57/2605.04, moved=0.00 m, roam=0, replaced=0, image=1600x900, LOD=1.500, shadows=1, minimap=1
Frame work 1267: BVH built/hit/evicted=0/0/0, catalogue/instance/scene builds=0/0/0, cached/scene tiles=300/182, scene 0.1 MiB, selection/detail passes=0/1, fallback ray attempts=0, GPU build/selection/detail=0.000/0.000/0.000 ms, CPU grouping=0.000 ms; atlas installed/evicted=0/0, I/O=0.000 MiB, resident=27/27
Camera preparation: wall 0.001 ms, GPU LOD 0.000 ms, plans/footprints=379/1
LOD plan: sources=1591, changed finer/coarser=0/1, selected LOD-1=23
Health t=71.351: memory ok footprint/resident 1311.7/716.4 MiB, Metal allocated/recommended 1076.8/18186.2 MiB, thermal=0
Health t=71.351: worker stage=render age=3.1 ms, calls=907 revision=1267, submitted/completed/presented=0/0/0, stale=0 unavailable=0 refreshed=0
Health t=71.351: display stage=idle age=9.0 ms, calls=2116 revision=1266, submitted/completed/presented=2116/2116/2114, stale=0 unavailable=0 refreshed=0
Health t=71.351: minimap stage=idle age=71.2 ms, calls=582 revision=0, submitted/completed/presented=582/582/580, stale=2 unavailable=0 refreshed=797
Health t=71.351: terrain stage=producer wait age=0.9 ms
Frame 1268: wall 52.944 ms, GPU producer 50.376 ms, 1 producer submission(s), resident trace and presentation combined; t=71.401, BVH resident/budget 663.3/2048.0 MiB, builds/hits/evictions=300/1466/0, scene builds=397
Frame phases 1268: pre-render 0.008 ms, prepare 2.152 ms, primary repair 0.000 ms, shadow repair 0.000 ms, producer wait 50.710 ms; observer=2626895.73/1108398.75/2604.21, moved=21.61 m, roam=1, replaced=0, image=1600x900, LOD=1.500, shadows=1, minimap=1
Frame work 1268: BVH built/hit/evicted=0/0/0, catalogue/instance/scene builds=1/1/1, cached/scene tiles=300/181, scene 0.1 MiB, selection/detail passes=0/1, fallback ray attempts=0, GPU build/selection/detail=0.500/0.000/0.000 ms, CPU grouping=0.000 ms; atlas installed/evicted=0/0, I/O=0.000 MiB, resident=27/27
Camera preparation: wall 0.225 ms, GPU LOD 0.004 ms, plans/footprints=380/1
Minimap mask: 276x236, 1440000 rays, worker 24.134 ms, GPU 2.575 ms
LOD plan: sources=1591, changed finer/coarser=1/0, selected LOD-1=23
Minimap publish: request-to-image 27.178 ms
Minimap mask: 276x236, 1440000 rays, worker 43.852 ms, GPU 11.226 ms
Minimap publish: request-to-image 43.907 ms
Slow stage: terrain frame wall 194.785 ms (inclusive)
Frame 1270: wall 194.794 ms, GPU producer 51.464 ms, 2 producer submission(s), streaming work excluded from GPU producer timing; t=71.596, BVH resident/budget 663.9/2048.0 MiB, builds/hits/evictions=301/1473/0, scene builds=398
Frame phases 1270: pre-render 0.011 ms, prepare 2.563 ms, primary repair 75.536 ms, shadow repair 64.000 ms, producer wait 52.536 ms; observer=2626900.05/1108419.92/2603.39, moved=21.60 m, roam=1, replaced=0, image=1600x900, LOD=1.500, shadows=1, minimap=1
Frame work 1270: BVH built/hit/evicted=1/7/0, catalogue/instance/scene builds=1/9/1, cached/scene tiles=301/0, scene 0.0 MiB, selection/detail passes=9/10, fallback ray attempts=2, GPU build/selection/detail=1.371/5.079/25.932 ms, CPU grouping=27.975 ms; atlas installed/evicted=62/62, I/O=34.662 MiB, resident=27/27
Camera preparation: wall 0.246 ms, GPU LOD 0.003 ms, plans/footprints=381/1
Slow stage: worker iteration wall 194.849 ms (inclusive)
LOD plan: sources=1591, changed finer/coarser=1/0, selected LOD-1=23
Frame 1272: wall 51.507 ms, GPU producer 49.564 ms, 1 producer submission(s), resident trace and presentation combined; t=71.647, BVH resident/budget 663.9/2048.0 MiB, builds/hits/evictions=301/1473/0, scene builds=399
Frame phases 1272: pre-render 0.005 ms, prepare 1.658 ms, primary repair 0.000 ms, shadow repair 0.000 ms, producer wait 49.797 ms; observer=2626904.40/1108441.08/2602.60, moved=21.61 m, roam=1, replaced=0, image=1600x900, LOD=1.500, shadows=1, minimap=1
Frame work 1272: BVH built/hit/evicted=0/0/0, catalogue/instance/scene builds=1/1/1, cached/scene tiles=301/182, scene 0.1 MiB, selection/detail passes=0/1, fallback ray attempts=0, GPU build/selection/detail=0.486/0.000/0.000 ms, CPU grouping=0.000 ms; atlas installed/evicted=0/0, I/O=0.000 MiB, resident=27/27
Camera preparation: wall 0.207 ms, GPU LOD 0.004 ms, plans/footprints=382/1
Minimap mask: 276x236, 1440000 rays, worker 37.197 ms, GPU 4.821 ms
LOD plan: sources=1591, changed finer/coarser=0/0, selected LOD-1=23
Minimap publish: request-to-image 38.738 ms
Frame 1274: wall 53.280 ms, GPU producer 51.102 ms, 1 producer submission(s), resident trace and presentation combined; t=71.701, BVH resident/budget 663.9/2048.0 MiB, builds/hits/evictions=301/1473/0, scene builds=400
Frame phases 1274: pre-render 0.005 ms, prepare 1.889 ms, primary repair 0.000 ms, shadow repair 0.000 ms, producer wait 51.336 ms; observer=2626908.79/1108462.24/2601.82, moved=21.61 m, roam=1, replaced=0, image=1600x900, LOD=1.500, shadows=1, minimap=1
Frame work 1274: BVH built/hit/evicted=0/0/0, catalogue/instance/scene builds=1/1/1, cached/scene tiles=301/182, scene 0.1 MiB, selection/detail passes=0/1, fallback ray attempts=0, GPU build/selection/detail=0.461/0.000/0.000 ms, CPU grouping=0.000 ms; atlas installed/evicted=0/0, I/O=0.000 MiB, resident=27/27
Camera preparation: wall 0.236 ms, GPU LOD 0.004 ms, plans/footprints=383/1
Minimap mask: 276x236, 1440000 rays, worker 22.354 ms, GPU 4.782 ms
LOD plan: sources=1591, changed finer/coarser=0/1, selected LOD-1=23
Minimap publish: request-to-image 26.129 ms
Frame 1276: wall 54.183 ms, GPU producer 51.925 ms, 1 producer submission(s), resident trace and presentation combined; t=71.755, BVH resident/budget 663.9/2048.0 MiB, builds/hits/evictions=301/1473/0, scene builds=401
Frame phases 1276: pre-render 0.009 ms, prepare 1.893 ms, primary repair 0.000 ms, shadow repair 0.000 ms, producer wait 52.218 ms; observer=2626913.19/1108483.29/2601.07, moved=21.50 m, roam=1, replaced=0, image=1600x900, LOD=1.500, shadows=1, minimap=1
Frame work 1276: BVH built/hit/evicted=0/0/0, catalogue/instance/scene builds=1/1/1, cached/scene tiles=301/181, scene 0.1 MiB, selection/detail passes=0/1, fallback ray attempts=0, GPU build/selection/detail=0.436/0.000/0.000 ms, CPU grouping=0.000 ms; atlas installed/evicted=0/0, I/O=0.000 MiB, resident=27/27
Camera preparation: wall 0.198 ms, GPU LOD 0.004 ms, plans/footprints=384/1
Minimap mask: 276x236, 1440000 rays, worker 44.209 ms, GPU 8.935 ms
Minimap publish: request-to-image 44.300 ms
Minimap mask: 276x236, 1440000 rays, worker 2.188 ms, GPU 1.070 ms
Minimap publish: request-to-image 2.239 ms
Frame 1277: wall 51.228 ms, GPU producer 50.420 ms, 1 producer submission(s), resident trace and presentation combined; t=71.850, BVH resident/budget 663.9/2048.0 MiB, builds/hits/evictions=301/1473/0, scene builds=401
Frame phases 1277: pre-render 0.005 ms, prepare 0.134 ms, primary repair 0.000 ms, shadow repair 0.000 ms, producer wait 51.019 ms; observer=2626913.19/1108483.29/2601.07, moved=0.00 m, roam=0, replaced=0, image=1600x900, LOD=1.500, shadows=1, minimap=1
Frame work 1277: BVH built/hit/evicted=0/0/0, catalogue/instance/scene builds=0/0/0, cached/scene tiles=301/181, scene 0.1 MiB, selection/detail passes=0/1, fallback ray attempts=0, GPU build/selection/detail=0.000/0.000/0.000 ms, CPU grouping=0.000 ms; atlas installed/evicted=0/0, I/O=0.000 MiB, resident=27/27
Camera preparation: wall 0.000 ms, GPU LOD 0.000 ms, plans/footprints=384/1
LOD plan: sources=1591, changed finer/coarser=0/1, selected LOD-1=23
Frame 1278: wall 54.605 ms, GPU producer 51.571 ms, 1 producer submission(s), resident trace and presentation combined; t=71.905, BVH resident/budget 663.9/2048.0 MiB, builds/hits/evictions=301/1473/0, scene builds=402
Frame phases 1278: pre-render 0.010 ms, prepare 2.474 ms, primary repair 0.000 ms, shadow repair 0.000 ms, producer wait 52.032 ms; observer=2626917.67/1108504.53/2600.33, moved=21.71 m, roam=1, replaced=0, image=1600x900, LOD=1.500, shadows=1, minimap=1
Frame work 1278: BVH built/hit/evicted=0/0/0, catalogue/instance/scene builds=1/1/1, cached/scene tiles=301/180, scene 0.1 MiB, selection/detail passes=0/1, fallback ray attempts=0, GPU build/selection/detail=0.482/0.000/0.000 ms, CPU grouping=0.000 ms; atlas installed/evicted=0/0, I/O=0.000 MiB, resident=27/27
Minimap mask: 276x236, 1440000 rays, worker 28.074 ms, GPU 3.974 ms
Camera preparation: wall 0.292 ms, GPU LOD 0.004 ms, plans/footprints=385/1
LOD plan: sources=1591, changed finer/coarser=0/0, selected LOD-1=23
Minimap publish: request-to-image 29.494 ms
Frame 1280: wall 54.123 ms, GPU producer 51.019 ms, 1 producer submission(s), resident trace and presentation combined; t=71.959, BVH resident/budget 663.9/2048.0 MiB, builds/hits/evictions=301/1473/0, scene builds=403
Frame phases 1280: pre-render 0.012 ms, prepare 2.649 ms, primary repair 0.000 ms, shadow repair 0.000 ms, producer wait 51.338 ms; observer=2626922.16/1108525.68/2599.61, moved=21.62 m, roam=1, replaced=0, image=1600x900, LOD=1.500, shadows=1, minimap=1
Frame work 1280: BVH built/hit/evicted=0/0/0, catalogue/instance/scene builds=1/1/1, cached/scene tiles=301/180, scene 0.1 MiB, selection/detail passes=0/1, fallback ray attempts=0, GPU build/selection/detail=0.481/0.000/0.000 ms, CPU grouping=0.000 ms; atlas installed/evicted=0/0, I/O=0.000 MiB, resident=27/27
Camera preparation: wall 0.258 ms, GPU LOD 0.004 ms, plans/footprints=386/1
Minimap mask: 276x236, 1440000 rays, worker 48.723 ms, GPU 7.479 ms
Minimap publish: request-to-image 48.871 ms
Minimap mask: 276x236, 1440000 rays, worker 1.805 ms, GPU 0.875 ms
Minimap publish: request-to-image 1.849 ms
Frame 1281: wall 51.785 ms, GPU producer 51.040 ms, 1 producer submission(s), resident trace and presentation combined; t=72.050, BVH resident/budget 663.9/2048.0 MiB, builds/hits/evictions=301/1473/0, scene builds=403
Frame phases 1281: pre-render 0.005 ms, prepare 0.118 ms, primary repair 0.000 ms, shadow repair 0.000 ms, producer wait 51.596 ms; observer=2626922.16/1108525.68/2599.61, moved=0.00 m, roam=0, replaced=0, image=1600x900, LOD=1.500, shadows=1, minimap=1
Frame work 1281: BVH built/hit/evicted=0/0/0, catalogue/instance/scene builds=0/0/0, cached/scene tiles=301/180, scene 0.1 MiB, selection/detail passes=0/1, fallback ray attempts=0, GPU build/selection/detail=0.000/0.000/0.000 ms, CPU grouping=0.000 ms; atlas installed/evicted=0/0, I/O=0.000 MiB, resident=27/27
Camera preparation: wall 0.000 ms, GPU LOD 0.000 ms, plans/footprints=386/1
LOD plan: sources=1591, changed finer/coarser=0/0, selected LOD-1=23
Frame 1282: wall 53.910 ms, GPU producer 50.932 ms, 1 producer submission(s), resident trace and presentation combined; t=72.104, BVH resident/budget 663.9/2048.0 MiB, builds/hits/evictions=301/1473/0, scene builds=404
Frame phases 1282: pre-render 0.014 ms, prepare 2.477 ms, primary repair 0.000 ms, shadow repair 0.000 ms, producer wait 51.339 ms; observer=2626926.68/1108546.78/2598.91, moved=21.58 m, roam=1, replaced=0, image=1600x900, LOD=1.500, shadows=1, minimap=1
Frame work 1282: BVH built/hit/evicted=0/0/0, catalogue/instance/scene builds=1/1/1, cached/scene tiles=301/180, scene 0.1 MiB, selection/detail passes=0/1, fallback ray attempts=0, GPU build/selection/detail=0.494/0.000/0.000 ms, CPU grouping=0.000 ms; atlas installed/evicted=0/0, I/O=0.000 MiB, resident=27/27
Camera preparation: wall 0.235 ms, GPU LOD 0.004 ms, plans/footprints=387/1
Minimap mask: 276x236, 1440000 rays, worker 27.387 ms, GPU 3.801 ms
LOD plan: sources=1591, changed finer/coarser=1/1, selected LOD-1=23
Minimap publish: request-to-image 29.451 ms
Frame 1284: wall 54.710 ms, GPU producer 51.301 ms, 1 producer submission(s), resident trace and presentation combined; t=72.159, BVH resident/budget 663.9/2048.0 MiB, builds/hits/evictions=301/1473/0, scene builds=405
Frame phases 1284: pre-render 0.009 ms, prepare 2.985 ms, primary repair 0.000 ms, shadow repair 0.000 ms, producer wait 51.640 ms; observer=2626931.24/1108567.94/2598.23, moved=21.65 m, roam=1, replaced=0, image=1600x900, LOD=1.500, shadows=1, minimap=1
Frame work 1284: BVH built/hit/evicted=0/0/0, catalogue/instance/scene builds=1/1/1, cached/scene tiles=301/179, scene 0.1 MiB, selection/detail passes=0/1, fallback ray attempts=0, GPU build/selection/detail=0.448/0.000/0.000 ms, CPU grouping=0.000 ms; atlas installed/evicted=0/0, I/O=0.000 MiB, resident=27/27
Camera preparation: wall 0.255 ms, GPU LOD 0.004 ms, plans/footprints=388/1
Minimap mask: 276x236, 1440000 rays, worker 48.226 ms, GPU 6.346 ms
Minimap publish: request-to-image 48.388 ms
Minimap mask: 276x236, 1440000 rays, worker 1.740 ms, GPU 0.906 ms
Minimap publish: request-to-image 5.537 ms
Frame 1285: wall 51.977 ms, GPU producer 51.332 ms, 1 producer submission(s), resident trace and presentation combined; t=72.251, BVH resident/budget 663.9/2048.0 MiB, builds/hits/evictions=301/1473/0, scene builds=405
Frame phases 1285: pre-render 0.005 ms, prepare 0.137 ms, primary repair 0.000 ms, shadow repair 0.000 ms, producer wait 51.759 ms; observer=2626931.24/1108567.94/2598.23, moved=0.00 m, roam=0, replaced=0, image=1600x900, LOD=1.500, shadows=1, minimap=1
Frame work 1285: BVH built/hit/evicted=0/0/0, catalogue/instance/scene builds=0/0/0, cached/scene tiles=301/179, scene 0.1 MiB, selection/detail passes=0/1, fallback ray attempts=0, GPU build/selection/detail=0.000/0.000/0.000 ms, CPU grouping=0.000 ms; atlas installed/evicted=0/0, I/O=0.000 MiB, resident=27/27
Camera preparation: wall 0.001 ms, GPU LOD 0.000 ms, plans/footprints=388/1
LOD plan: sources=1591, changed finer/coarser=0/0, selected LOD-1=23
Frame 1286: wall 54.784 ms, GPU producer 51.792 ms, 1 producer submission(s), resident trace and presentation combined; t=72.305, BVH resident/budget 663.9/2048.0 MiB, builds/hits/evictions=301/1473/0, scene builds=406
Frame phases 1286: pre-render 0.010 ms, prepare 2.541 ms, primary repair 0.000 ms, shadow repair 0.000 ms, producer wait 52.148 ms; observer=2626935.83/1108589.05/2597.57, moved=21.60 m, roam=1, replaced=0, image=1600x900, LOD=1.500, shadows=1, minimap=1
Frame work 1286: BVH built/hit/evicted=0/0/0, catalogue/instance/scene builds=1/1/1, cached/scene tiles=301/179, scene 0.1 MiB, selection/detail passes=0/1, fallback ray attempts=0, GPU build/selection/detail=0.490/0.000/0.000 ms, CPU grouping=0.000 ms; atlas installed/evicted=0/0, I/O=0.000 MiB, resident=27/27
Camera preparation: wall 0.238 ms, GPU LOD 0.004 ms, plans/footprints=389/1
Minimap mask: 276x236, 1440000 rays, worker 29.826 ms, GPU 5.856 ms
LOD plan: sources=1591, changed finer/coarser=0/2, selected LOD-1=22
Minimap publish: request-to-image 31.694 ms
Health t=72.353: memory ok footprint/resident 1308.0/723.0 MiB, Metal allocated/recommended 1072.5/18186.2 MiB, thermal=0
Health t=72.353: worker stage=render age=47.3 ms, calls=920 revision=1286, submitted/completed/presented=0/0/0, stale=0 unavailable=0 refreshed=0
Health t=72.353: display stage=idle age=4.5 ms, calls=2146 revision=1286, submitted/completed/presented=2146/2144/2144, stale=0 unavailable=0 refreshed=0
Health t=72.353: minimap stage=mask-gpu age=41.6 ms, calls=596 revision=0, submitted/completed/presented=596/595/593, stale=2 unavailable=0 refreshed=811
Health t=72.353: terrain stage=producer wait age=44.5 ms
Frame 1288: wall 55.111 ms, GPU producer 51.804 ms, 1 producer submission(s), resident trace and presentation combined; t=72.361, BVH resident/budget 663.9/2048.0 MiB, builds/hits/evictions=301/1473/0, scene builds=407
Frame phases 1288: pre-render 0.011 ms, prepare 2.809 ms, primary repair 0.000 ms, shadow repair 0.000 ms, producer wait 52.195 ms; observer=2626940.45/1108610.17/2596.94, moved=21.62 m, roam=1, replaced=0, image=1600x900, LOD=1.500, shadows=1, minimap=1
Frame work 1288: BVH built/hit/evicted=0/0/0, catalogue/instance/scene builds=1/1/1, cached/scene tiles=301/177, scene 0.1 MiB, selection/detail passes=0/1, fallback ray attempts=0, GPU build/selection/detail=0.446/0.000/0.000 ms, CPU grouping=0.000 ms; atlas installed/evicted=0/0, I/O=0.000 MiB, resident=27/27
Camera preparation: wall 0.272 ms, GPU LOD 0.004 ms, plans/footprints=390/1
Minimap mask: 276x236, 1440000 rays, worker 49.978 ms, GPU 6.812 ms
Minimap publish: request-to-image 50.066 ms
Minimap mask: 276x236, 1440000 rays, worker 2.384 ms, GPU 0.982 ms
Minimap publish: request-to-image 5.067 ms
Frame 1289: wall 52.141 ms, GPU producer 51.566 ms, 1 producer submission(s), resident trace and presentation combined; t=72.451, BVH resident/budget 663.9/2048.0 MiB, builds/hits/evictions=301/1473/0, scene builds=407
Frame phases 1289: pre-render 0.005 ms, prepare 0.121 ms, primary repair 0.000 ms, shadow repair 0.000 ms, producer wait 51.941 ms; observer=2626940.45/1108610.17/2596.94, moved=0.00 m, roam=0, replaced=0, image=1600x900, LOD=1.500, shadows=1, minimap=1
Frame work 1289: BVH built/hit/evicted=0/0/0, catalogue/instance/scene builds=0/0/0, cached/scene tiles=301/177, scene 0.1 MiB, selection/detail passes=0/1, fallback ray attempts=0, GPU build/selection/detail=0.000/0.000/0.000 ms, CPU grouping=0.000 ms; atlas installed/evicted=0/0, I/O=0.000 MiB, resident=27/27
Camera preparation: wall 0.000 ms, GPU LOD 0.000 ms, plans/footprints=390/1
LOD plan: sources=1591, changed finer/coarser=3/0, selected LOD-1=23
Minimap mask: 276x236, 1440000 rays, worker 28.337 ms, GPU 4.536 ms
Minimap publish: request-to-image 31.540 ms
Slow stage: primary repair wall 144.896 ms (inclusive)
Slow stage: terrain frame wall 258.420 ms (inclusive)
Frame 1290: wall 258.450 ms, GPU producer 52.133 ms, 2 producer submission(s), streaming work excluded from GPU producer timing; t=72.709, BVH resident/budget 676.7/2048.0 MiB, builds/hits/evictions=303/1515/0, scene builds=408
Frame phases 1290: pre-render 0.031 ms, prepare 2.420 ms, primary repair 144.896 ms, shadow repair 57.875 ms, producer wait 53.098 ms; observer=2626945.10/1108631.27/2596.32, moved=21.61 m, roam=1, replaced=0, image=1600x900, LOD=1.500, shadows=1, minimap=1
Frame work 1290: BVH built/hit/evicted=2/42/0, catalogue/instance/scene builds=1/21/1, cached/scene tiles=303/0, scene 0.0 MiB, selection/detail passes=21/22, fallback ray attempts=20418, GPU build/selection/detail=6.944/11.715/28.397 ms, CPU grouping=56.588 ms; atlas installed/evicted=61/61, I/O=36.508 MiB, resident=27/27
Camera preparation: wall 0.225 ms, GPU LOD 0.004 ms, plans/footprints=391/1
Slow stage: worker iteration wall 258.502 ms (inclusive)
LOD plan: sources=1591, changed finer/coarser=2/3, selected LOD-1=23
Minimap mask: 276x236, 1440000 rays, worker 18.732 ms, GPU 5.246 ms
Minimap publish: request-to-image 18.765 ms
Slow stage: terrain frame wall 211.038 ms (inclusive)
Frame 1296: wall 211.045 ms, GPU producer 51.360 ms, 2 producer submission(s), streaming work excluded from GPU producer timing; t=72.920, BVH resident/budget 677.4/2048.0 MiB, builds/hits/evictions=304/1531/0, scene builds=409
Frame phases 1296: pre-render 0.012 ms, prepare 1.493 ms, primary repair 99.751 ms, shadow repair 57.290 ms, producer wait 52.425 ms; observer=2626959.27/1108694.54/2594.58, moved=64.84 m, roam=1, replaced=0, image=1600x900, LOD=1.500, shadows=1, minimap=1
Frame work 1296: BVH built/hit/evicted=1/16/0, catalogue/instance/scene builds=1/17/1, cached/scene tiles=304/0, scene 0.0 MiB, selection/detail passes=17/18, fallback ray attempts=1182, GPU build/selection/detail=1.993/10.262/26.691 ms, CPU grouping=39.296 ms; atlas installed/evicted=62/62, I/O=36.258 MiB, resident=27/27
Camera preparation: wall 0.177 ms, GPU LOD 0.004 ms, plans/footprints=392/1
Slow stage: worker iteration wall 211.097 ms (inclusive)
LOD plan: sources=1591, changed finer/coarser=1/1, selected LOD-1=23
Frame 1300: wall 52.091 ms, GPU producer 48.523 ms, 1 producer submission(s), resident trace and presentation combined; t=72.972, BVH resident/budget 677.4/2048.0 MiB, builds/hits/evictions=304/1531/0, scene builds=410
Frame phases 1300: pre-render 0.006 ms, prepare 3.251 ms, primary repair 0.000 ms, shadow repair 0.000 ms, producer wait 48.791 ms; observer=2626968.87/1108736.70/2593.52, moved=43.24 m, roam=1, replaced=0, image=1600x900, LOD=1.500, shadows=1, minimap=1
Frame work 1300: BVH built/hit/evicted=0/0/0, catalogue/instance/scene builds=1/1/1, cached/scene tiles=304/175, scene 0.1 MiB, selection/detail passes=0/1, fallback ray attempts=0, GPU build/selection/detail=0.479/0.000/0.000 ms, CPU grouping=0.000 ms; atlas installed/evicted=0/0, I/O=0.000 MiB, resident=27/27
Camera preparation: wall 1.871 ms, GPU LOD 0.004 ms, plans/footprints=393/1
Minimap mask: 276x236, 1440000 rays, worker 28.938 ms, GPU 5.250 ms
Minimap publish: request-to-image 28.993 ms
Minimap mask: 276x236, 1440000 rays, worker 1.433 ms, GPU 0.913 ms
Minimap publish: request-to-image 1.465 ms
Frame 1301: wall 50.843 ms, GPU producer 50.488 ms, 1 producer submission(s), resident trace and presentation combined; t=73.048, BVH resident/budget 677.4/2048.0 MiB, builds/hits/evictions=304/1531/0, scene builds=410
Frame phases 1301: pre-render 0.029 ms, prepare 0.071 ms, primary repair 0.000 ms, shadow repair 0.000 ms, producer wait 50.706 ms; observer=2626968.87/1108736.70/2593.52, moved=0.00 m, roam=0, replaced=0, image=1600x900, LOD=1.500, shadows=1, minimap=1
Frame work 1301: BVH built/hit/evicted=0/0/0, catalogue/instance/scene builds=0/0/0, cached/scene tiles=304/175, scene 0.1 MiB, selection/detail passes=0/1, fallback ray attempts=0, GPU build/selection/detail=0.000/0.000/0.000 ms, CPU grouping=0.000 ms; atlas installed/evicted=0/0, I/O=0.000 MiB, resident=27/27
Camera preparation: wall 0.000 ms, GPU LOD 0.000 ms, plans/footprints=393/1
LOD plan: sources=1591, changed finer/coarser=1/0, selected LOD-1=23
Frame 1302: wall 53.240 ms, GPU producer 51.063 ms, 1 producer submission(s), resident trace and presentation combined; t=73.102, BVH resident/budget 677.4/2048.0 MiB, builds/hits/evictions=304/1531/0, scene builds=411
Frame phases 1302: pre-render 0.008 ms, prepare 1.797 ms, primary repair 0.000 ms, shadow repair 0.000 ms, producer wait 51.373 ms; observer=2626973.68/1108757.55/2593.02, moved=21.40 m, roam=1, replaced=0, image=1600x900, LOD=1.500, shadows=1, minimap=1
Frame work 1302: BVH built/hit/evicted=0/0/0, catalogue/instance/scene builds=1/1/1, cached/scene tiles=304/175, scene 0.1 MiB, selection/detail passes=0/1, fallback ray attempts=0, GPU build/selection/detail=0.479/0.000/0.000 ms, CPU grouping=0.000 ms; atlas installed/evicted=0/0, I/O=0.000 MiB, resident=27/27
Camera preparation: wall 0.200 ms, GPU LOD 0.003 ms, plans/footprints=394/1
Minimap mask: 276x236, 1440000 rays, worker 25.216 ms, GPU 8.619 ms
LOD plan: sources=1591, changed finer/coarser=0/1, selected LOD-1=23
Minimap publish: request-to-image 30.662 ms
Frame 1304: wall 53.618 ms, GPU producer 50.673 ms, 1 producer submission(s), resident trace and presentation combined; t=73.155, BVH resident/budget 677.4/2048.0 MiB, builds/hits/evictions=304/1531/0, scene builds=412
Frame phases 1304: pre-render 0.060 ms, prepare 2.480 ms, primary repair 0.000 ms, shadow repair 0.000 ms, producer wait 50.997 ms; observer=2626978.62/1108778.82/2592.53, moved=21.84 m, roam=1, replaced=0, image=1600x900, LOD=1.500, shadows=1, minimap=1
Frame work 1304: BVH built/hit/evicted=0/0/0, catalogue/instance/scene builds=1/1/1, cached/scene tiles=304/175, scene 0.1 MiB, selection/detail passes=0/1, fallback ray attempts=0, GPU build/selection/detail=0.426/0.000/0.000 ms, CPU grouping=0.000 ms; atlas installed/evicted=0/0, I/O=0.000 MiB, resident=27/27
Camera preparation: wall 0.259 ms, GPU LOD 0.004 ms, plans/footprints=395/1
Minimap mask: 276x236, 1440000 rays, worker 44.680 ms, GPU 6.706 ms
Minimap publish: request-to-image 44.800 ms
Minimap mask: 276x236, 1440000 rays, worker 1.882 ms, GPU 0.938 ms
Minimap publish: request-to-image 1.927 ms
Frame 1305: wall 51.430 ms, GPU producer 50.814 ms, 1 producer submission(s), resident trace and presentation combined; t=73.250, BVH resident/budget 677.4/2048.0 MiB, builds/hits/evictions=304/1531/0, scene builds=412
Frame phases 1305: pre-render 0.003 ms, prepare 0.113 ms, primary repair 0.000 ms, shadow repair 0.000 ms, producer wait 51.252 ms; observer=2626978.62/1108778.82/2592.53, moved=0.00 m, roam=0, replaced=0, image=1600x900, LOD=1.500, shadows=1, minimap=1
Frame work 1305: BVH built/hit/evicted=0/0/0, catalogue/instance/scene builds=0/0/0, cached/scene tiles=304/175, scene 0.1 MiB, selection/detail passes=0/1, fallback ray attempts=0, GPU build/selection/detail=0.000/0.000/0.000 ms, CPU grouping=0.000 ms; atlas installed/evicted=0/0, I/O=0.000 MiB, resident=27/27
Camera preparation: wall 0.000 ms, GPU LOD 0.000 ms, plans/footprints=395/1
LOD plan: sources=1591, changed finer/coarser=0/0, selected LOD-1=23
Frame 1306: wall 53.026 ms, GPU producer 50.682 ms, 1 producer submission(s), resident trace and presentation combined; t=73.303, BVH resident/budget 677.4/2048.0 MiB, builds/hits/evictions=304/1531/0, scene builds=413
Frame phases 1306: pre-render 0.007 ms, prepare 1.998 ms, primary repair 0.000 ms, shadow repair 0.000 ms, producer wait 50.955 ms; observer=2626983.53/1108799.87/2592.07, moved=21.61 m, roam=1, replaced=0, image=1600x900, LOD=1.500, shadows=1, minimap=1
Frame work 1306: BVH built/hit/evicted=0/0/0, catalogue/instance/scene builds=1/1/1, cached/scene tiles=304/175, scene 0.1 MiB, selection/detail passes=0/1, fallback ray attempts=0, GPU build/selection/detail=0.450/0.000/0.000 ms, CPU grouping=0.000 ms; atlas installed/evicted=0/0, I/O=0.000 MiB, resident=27/27
Camera preparation: wall 0.202 ms, GPU LOD 0.004 ms, plans/footprints=396/1
Minimap mask: 276x236, 1440000 rays, worker 26.413 ms, GPU 2.615 ms
LOD plan: sources=1591, changed finer/coarser=1/1, selected LOD-1=23
Minimap publish: request-to-image 29.184 ms
Health t=73.355: memory ok footprint/resident 1315.3/721.1 MiB, Metal allocated/recommended 1080.0/18186.2 MiB, thermal=0
Health t=73.355: worker stage=render age=51.5 ms, calls=930 revision=1306, submitted/completed/presented=0/0/0, stale=0 unavailable=0 refreshed=0
Health t=73.355: display stage=idle age=11.2 ms, calls=2176 revision=1306, submitted/completed/presented=2176/2174/2174, stale=0 unavailable=0 refreshed=0
Health t=73.355: minimap stage=mask-gpu age=44.0 ms, calls=606 revision=0, submitted/completed/presented=606/605/603, stale=2 unavailable=0 refreshed=823
Health t=73.355: terrain stage=producer wait age=48.5 ms
Minimap mask: 276x236, 1440000 rays, worker 46.188 ms, GPU 6.485 ms
Minimap publish: request-to-image 46.248 ms
Slow stage: primary repair wall 134.915 ms (inclusive)
Slow stage: terrain frame wall 246.968 ms (inclusive)
Frame 1308: wall 246.976 ms, GPU producer 50.246 ms, 2 producer submission(s), streaming work excluded from GPU producer timing; t=73.550, BVH resident/budget 679.9/2048.0 MiB, builds/hits/evictions=305/1566/0, scene builds=414
Frame phases 1308: pre-render 0.010 ms, prepare 3.001 ms, primary repair 134.915 ms, shadow repair 57.683 ms, producer wait 51.243 ms; observer=2626988.49/1108820.92/2591.63, moved=21.62 m, roam=1, replaced=0, image=1600x900, LOD=1.500, shadows=1, minimap=1
Frame work 1308: BVH built/hit/evicted=1/35/0, catalogue/instance/scene builds=1/21/1, cached/scene tiles=305/0, scene 0.0 MiB, selection/detail passes=21/22, fallback ray attempts=13536, GPU build/selection/detail=3.008/12.715/27.284 ms, CPU grouping=54.967 ms; atlas installed/evicted=61/61, I/O=36.603 MiB, resident=27/27
Camera preparation: wall 0.623 ms, GPU LOD 0.004 ms, plans/footprints=397/1
Slow stage: worker iteration wall 247.025 ms (inclusive)
LOD plan: sources=1591, changed finer/coarser=1/1, selected LOD-1=23
Minimap mask: 276x236, 1440000 rays, worker 24.503 ms, GPU 2.314 ms
Frame 1312: wall 50.619 ms, GPU producer 48.660 ms, 1 producer submission(s), resident trace and presentation combined; t=73.601, BVH resident/budget 679.9/2048.0 MiB, builds/hits/evictions=305/1566/0, scene builds=415
Frame phases 1312: pre-render 0.005 ms, prepare 1.627 ms, primary repair 0.000 ms, shadow repair 0.000 ms, producer wait 48.920 ms; observer=2626998.49/1108862.97/2590.81, moved=43.23 m, roam=1, replaced=0, image=1600x900, LOD=1.500, shadows=1, minimap=1
Frame work 1312: BVH built/hit/evicted=0/0/0, catalogue/instance/scene builds=1/1/1, cached/scene tiles=305/174, scene 0.1 MiB, selection/detail passes=0/1, fallback ray attempts=0, GPU build/selection/detail=0.487/0.000/0.000 ms, CPU grouping=0.000 ms; atlas installed/evicted=0/0, I/O=0.000 MiB, resident=27/27
Camera preparation: wall 0.180 ms, GPU LOD 0.004 ms, plans/footprints=398/1
LOD plan: sources=1591, changed finer/coarser=0/0, selected LOD-1=23
Minimap publish: request-to-image 25.798 ms
Minimap mask: 276x236, 1440000 rays, worker 41.594 ms, GPU 5.235 ms
Minimap publish: request-to-image 42.312 ms
Slow stage: terrain frame wall 173.745 ms (inclusive)
Frame 1314: wall 173.752 ms, GPU producer 49.963 ms, 2 producer submission(s), streaming work excluded from GPU producer timing; t=73.775, BVH resident/budget 680.1/2048.0 MiB, builds/hits/evictions=306/1571/0, scene builds=416
Frame phases 1314: pre-render 0.011 ms, prepare 1.600 ms, primary repair 61.130 ms, shadow repair 59.972 ms, producer wait 50.958 ms; observer=2627003.49/1108883.80/2590.43, moved=21.43 m, roam=1, replaced=0, image=1600x900, LOD=1.500, shadows=1, minimap=1
Frame work 1314: BVH built/hit/evicted=1/5/0, catalogue/instance/scene builds=1/7/1, cached/scene tiles=306/0, scene 0.0 MiB, selection/detail passes=7/8, fallback ray attempts=2, GPU build/selection/detail=1.088/3.830/25.513 ms, CPU grouping=18.709 ms; atlas installed/evicted=62/62, I/O=34.662 MiB, resident=27/27
Camera preparation: wall 0.199 ms, GPU LOD 0.007 ms, plans/footprints=399/1
Slow stage: worker iteration wall 173.803 ms (inclusive)
LOD plan: sources=1591, changed finer/coarser=0/0, selected LOD-1=23
Frame 1316: wall 51.870 ms, GPU producer 49.959 ms, 1 producer submission(s), resident trace and presentation combined; t=73.827, BVH resident/budget 680.1/2048.0 MiB, builds/hits/evictions=306/1571/0, scene builds=417
Frame phases 1316: pre-render 0.005 ms, prepare 1.601 ms, primary repair 0.000 ms, shadow repair 0.000 ms, producer wait 50.222 ms; observer=2627008.61/1108904.96/2590.06, moved=21.77 m, roam=1, replaced=0, image=1600x900, LOD=1.500, shadows=1, minimap=1
Frame work 1316: BVH built/hit/evicted=0/0/0, catalogue/instance/scene builds=1/1/1, cached/scene tiles=306/175, scene 0.1 MiB, selection/detail passes=0/1, fallback ray attempts=0, GPU build/selection/detail=0.429/0.000/0.000 ms, CPU grouping=0.000 ms; atlas installed/evicted=0/0, I/O=0.000 MiB, resident=27/27
Camera preparation: wall 0.172 ms, GPU LOD 0.004 ms, plans/footprints=400/1
Minimap mask: 276x236, 1440000 rays, worker 49.406 ms, GPU 5.042 ms
Minimap publish: request-to-image 49.483 ms
LOD plan: sources=1591, changed finer/coarser=0/0, selected LOD-1=23
Minimap mask: 276x236, 1440000 rays, worker 33.933 ms, GPU 7.897 ms
Minimap publish: request-to-image 33.975 ms
Slow stage: terrain frame wall 204.861 ms (inclusive)
Frame 1318: wall 204.873 ms, GPU producer 49.879 ms, 2 producer submission(s), streaming work excluded from GPU producer timing; t=74.031, BVH resident/budget 680.3/2048.0 MiB, builds/hits/evictions=307/1583/0, scene builds=418
Frame phases 1318: pre-render 0.018 ms, prepare 1.634 ms, primary repair 93.682 ms, shadow repair 58.571 ms, producer wait 50.875 ms; observer=2627013.70/1108925.82/2589.72, moved=21.47 m, roam=1, replaced=0, image=1600x900, LOD=1.500, shadows=1, minimap=1
Frame work 1318: BVH built/hit/evicted=1/12/0, catalogue/instance/scene builds=1/14/1, cached/scene tiles=307/0, scene 0.0 MiB, selection/detail passes=14/15, fallback ray attempts=2, GPU build/selection/detail=1.462/8.325/25.829 ms, CPU grouping=35.389 ms; atlas installed/evicted=61/61, I/O=34.630 MiB, resident=27/27
Camera preparation: wall 0.191 ms, GPU LOD 0.004 ms, plans/footprints=401/1
Slow stage: worker iteration wall 204.925 ms (inclusive)
LOD plan: sources=1591, changed finer/coarser=2/0, selected LOD-1=23
Frame 1322: wall 49.729 ms, GPU producer 47.826 ms, 1 producer submission(s), resident trace and presentation combined; t=74.081, BVH resident/budget 680.3/2048.0 MiB, builds/hits/evictions=307/1583/0, scene builds=419
Frame phases 1322: pre-render 0.004 ms, prepare 1.559 ms, primary repair 0.000 ms, shadow repair 0.000 ms, producer wait 48.124 ms; observer=2627024.07/1108967.99/2589.09, moved=43.43 m, roam=1, replaced=0, image=1600x900, LOD=1.500, shadows=1, minimap=1
Frame work 1322: BVH built/hit/evicted=0/0/0, catalogue/instance/scene builds=1/1/1, cached/scene tiles=307/176, scene 0.1 MiB, selection/detail passes=0/1, fallback ray attempts=0, GPU build/selection/detail=0.493/0.000/0.000 ms, CPU grouping=0.000 ms; atlas installed/evicted=0/0, I/O=0.000 MiB, resident=27/27
Camera preparation: wall 0.201 ms, GPU LOD 0.004 ms, plans/footprints=402/1
Minimap mask: 276x236, 1440000 rays, worker 37.610 ms, GPU 6.454 ms
Minimap publish: request-to-image 37.665 ms
Frame 1323: wall 50.952 ms, GPU producer 50.488 ms, 1 producer submission(s), resident trace and presentation combined; t=74.150, BVH resident/budget 680.3/2048.0 MiB, builds/hits/evictions=307/1583/0, scene builds=419
Frame phases 1323: pre-render 0.003 ms, prepare 0.097 ms, primary repair 0.000 ms, shadow repair 0.000 ms, producer wait 50.786 ms; observer=2627024.07/1108967.99/2589.09, moved=0.00 m, roam=0, replaced=0, image=1600x900, LOD=1.500, shadows=1, minimap=1
Frame work 1323: BVH built/hit/evicted=0/0/0, catalogue/instance/scene builds=0/0/0, cached/scene tiles=307/176, scene 0.1 MiB, selection/detail passes=0/1, fallback ray attempts=0, GPU build/selection/detail=0.000/0.000/0.000 ms, CPU grouping=0.000 ms; atlas installed/evicted=0/0, I/O=0.000 MiB, resident=27/27
Camera preparation: wall 0.000 ms, GPU LOD 0.000 ms, plans/footprints=402/1
Minimap mask: 276x236, 1440000 rays, worker 38.972 ms, GPU 8.783 ms
Minimap publish: request-to-image 39.055 ms
LOD plan: sources=1591, changed finer/coarser=0/1, selected LOD-1=23
Frame 1324: wall 52.980 ms, GPU producer 50.672 ms, 1 producer submission(s), resident trace and presentation combined; t=74.203, BVH resident/budget 680.3/2048.0 MiB, builds/hits/evictions=307/1583/0, scene builds=420
Frame phases 1324: pre-render 0.005 ms, prepare 1.993 ms, primary repair 0.000 ms, shadow repair 0.000 ms, producer wait 50.921 ms; observer=2627029.29/1108988.99/2588.80, moved=21.63 m, roam=1, replaced=0, image=1600x900, LOD=1.500, shadows=1, minimap=1
Frame work 1324: BVH built/hit/evicted=0/0/0, catalogue/instance/scene builds=1/1/1, cached/scene tiles=307/175, scene 0.1 MiB, selection/detail passes=0/1, fallback ray attempts=0, GPU build/selection/detail=0.483/0.000/0.000 ms, CPU grouping=0.000 ms; atlas installed/evicted=0/0, I/O=0.000 MiB, resident=27/27
Camera preparation: wall 0.228 ms, GPU LOD 0.004 ms, plans/footprints=403/1
Minimap mask: 276x236, 1440000 rays, worker 26.691 ms, GPU 3.746 ms
LOD plan: sources=1591, changed finer/coarser=0/0, selected LOD-1=23
Minimap publish: request-to-image 27.009 ms
Frame 1326: wall 52.571 ms, GPU producer 50.039 ms, 1 producer submission(s), resident trace and presentation combined; t=74.255, BVH resident/budget 680.3/2048.0 MiB, builds/hits/evictions=307/1583/0, scene builds=421
Frame phases 1326: pre-render 0.007 ms, prepare 2.134 ms, primary repair 0.000 ms, shadow repair 0.000 ms, producer wait 50.361 ms; observer=2627034.54/1109009.95/2588.54, moved=21.61 m, roam=1, replaced=0, image=1600x900, LOD=1.500, shadows=1, minimap=1
Frame work 1326: BVH built/hit/evicted=0/0/0, catalogue/instance/scene builds=1/1/1, cached/scene tiles=307/175, scene 0.1 MiB, selection/detail passes=0/1, fallback ray attempts=0, GPU build/selection/detail=0.484/0.000/0.000 ms, CPU grouping=0.000 ms; atlas installed/evicted=0/0, I/O=0.000 MiB, resident=27/27
Camera preparation: wall 0.227 ms, GPU LOD 0.004 ms, plans/footprints=404/1
Minimap mask: 276x236, 1440000 rays, worker 43.701 ms, GPU 10.965 ms
Minimap publish: request-to-image 43.831 ms
Minimap mask: 276x236, 1440000 rays, worker 2.096 ms, GPU 1.011 ms
Minimap publish: request-to-image 2.789 ms
Frame 1327: wall 49.226 ms, GPU producer 48.194 ms, 1 producer submission(s), resident trace and presentation combined; t=74.348, BVH resident/budget 680.3/2048.0 MiB, builds/hits/evictions=307/1583/0, scene builds=421
Frame phases 1327: pre-render 0.004 ms, prepare 0.128 ms, primary repair 0.000 ms, shadow repair 0.000 ms, producer wait 49.017 ms; observer=2627034.54/1109009.95/2588.54, moved=0.00 m, roam=0, replaced=0, image=1600x900, LOD=1.500, shadows=1, minimap=1
Frame work 1327: BVH built/hit/evicted=0/0/0, catalogue/instance/scene builds=0/0/0, cached/scene tiles=307/175, scene 0.1 MiB, selection/detail passes=0/1, fallback ray attempts=0, GPU build/selection/detail=0.000/0.000/0.000 ms, CPU grouping=0.000 ms; atlas installed/evicted=0/0, I/O=0.000 MiB, resident=27/27
Camera preparation: wall 0.001 ms, GPU LOD 0.000 ms, plans/footprints=404/1
LOD plan: sources=1591, changed finer/coarser=1/1, selected LOD-1=23
Health t=74.355: memory ok footprint/resident 1327.5/720.1 MiB, Metal allocated/recommended 1091.9/18186.2 MiB, thermal=0
Health t=74.355: worker stage=render age=7.5 ms, calls=940 revision=1327, submitted/completed/presented=0/0/0, stale=0 unavailable=0 refreshed=0
Health t=74.355: display stage=idle age=13.2 ms, calls=2206 revision=1326, submitted/completed/presented=2206/2206/2204, stale=0 unavailable=0 refreshed=0
Health t=74.355: minimap stage=idle age=75.5 ms, calls=615 revision=0, submitted/completed/presented=615/615/613, stale=2 unavailable=0 refreshed=836
Health t=74.355: terrain stage=producer wait age=5.0 ms
Frame 1328: wall 53.739 ms, GPU producer 50.868 ms, 1 producer submission(s), resident trace and presentation combined; t=74.402, BVH resident/budget 680.3/2048.0 MiB, builds/hits/evictions=307/1583/0, scene builds=422
Frame phases 1328: pre-render 0.009 ms, prepare 2.434 ms, primary repair 0.000 ms, shadow repair 0.000 ms, producer wait 51.214 ms; observer=2627039.82/1109030.91/2588.29, moved=21.62 m, roam=1, replaced=0, image=1600x900, LOD=1.500, shadows=1, minimap=1
Frame work 1328: BVH built/hit/evicted=0/0/0, catalogue/instance/scene builds=1/1/1, cached/scene tiles=307/174, scene 0.1 MiB, selection/detail passes=0/1, fallback ray attempts=0, GPU build/selection/detail=0.458/0.000/0.000 ms, CPU grouping=0.000 ms; atlas installed/evicted=0/0, I/O=0.000 MiB, resident=27/27
Camera preparation: wall 0.226 ms, GPU LOD 0.008 ms, plans/footprints=405/1
Minimap mask: 276x236, 1440000 rays, worker 24.217 ms, GPU 1.980 ms
LOD plan: sources=1591, changed finer/coarser=0/1, selected LOD-1=23
Minimap publish: request-to-image 27.185 ms
Frame 1330: wall 53.802 ms, GPU producer 50.050 ms, 1 producer submission(s), resident trace and presentation combined; t=74.455, BVH resident/budget 680.3/2048.0 MiB, builds/hits/evictions=307/1583/0, scene builds=423
Frame phases 1330: pre-render 0.012 ms, prepare 3.199 ms, primary repair 0.000 ms, shadow repair 0.000 ms, producer wait 50.473 ms; observer=2627045.14/1109051.88/2588.07, moved=21.63 m, roam=1, replaced=0, image=1600x900, LOD=1.500, shadows=1, minimap=1
Frame work 1330: BVH built/hit/evicted=0/0/0, catalogue/instance/scene builds=1/1/1, cached/scene tiles=307/174, scene 0.1 MiB, selection/detail passes=0/1, fallback ray attempts=0, GPU build/selection/detail=0.435/0.000/0.000 ms, CPU grouping=0.000 ms; atlas installed/evicted=0/0, I/O=0.000 MiB, resident=27/27
Camera preparation: wall 0.410 ms, GPU LOD 0.004 ms, plans/footprints=406/1
Minimap mask: 276x236, 1440000 rays, worker 45.138 ms, GPU 6.256 ms
Minimap publish: request-to-image 45.280 ms
Minimap mask: 276x236, 1440000 rays, worker 4.190 ms, GPU 0.848 ms
Minimap publish: request-to-image 5.212 ms
Frame 1331: wall 50.239 ms, GPU producer 48.618 ms, 1 producer submission(s), resident trace and presentation combined; t=74.549, BVH resident/budget 680.3/2048.0 MiB, builds/hits/evictions=307/1583/0, scene builds=423
Frame phases 1331: pre-render 0.009 ms, prepare 0.247 ms, primary repair 0.000 ms, shadow repair 0.000 ms, producer wait 49.876 ms; observer=2627045.14/1109051.88/2588.07, moved=0.00 m, roam=0, replaced=0, image=1600x900, LOD=1.500, shadows=1, minimap=1
Frame work 1331: BVH built/hit/evicted=0/0/0, catalogue/instance/scene builds=0/0/0, cached/scene tiles=307/174, scene 0.1 MiB, selection/detail passes=0/1, fallback ray attempts=0, GPU build/selection/detail=0.000/0.000/0.000 ms, CPU grouping=0.000 ms; atlas installed/evicted=0/0, I/O=0.000 MiB, resident=27/27
Camera preparation: wall 0.001 ms, GPU LOD 0.000 ms, plans/footprints=406/1
LOD plan: sources=1591, changed finer/coarser=0/1, selected LOD-1=23
Minimap mask: 276x236, 1440000 rays, worker 25.779 ms, GPU 3.379 ms
Frame 1332: wall 53.185 ms, GPU producer 50.285 ms, 1 producer submission(s), resident trace and presentation combined; t=74.602, BVH resident/budget 680.3/2048.0 MiB, builds/hits/evictions=307/1583/0, scene builds=424
Frame phases 1332: pre-render 0.009 ms, prepare 2.408 ms, primary repair 0.000 ms, shadow repair 0.000 ms, producer wait 50.692 ms; observer=2627050.48/1109072.82/2587.86, moved=21.62 m, roam=1, replaced=0, image=1600x900, LOD=1.500, shadows=1, minimap=1
Frame work 1332: BVH built/hit/evicted=0/0/0, catalogue/instance/scene builds=1/1/1, cached/scene tiles=307/174, scene 0.1 MiB, selection/detail passes=0/1, fallback ray attempts=0, GPU build/selection/detail=0.460/0.000/0.000 ms, CPU grouping=0.000 ms; atlas installed/evicted=0/0, I/O=0.000 MiB, resident=27/27
Camera preparation: wall 0.242 ms, GPU LOD 0.004 ms, plans/footprints=407/1
LOD plan: sources=1591, changed finer/coarser=3/0, selected LOD-1=23
Minimap publish: request-to-image 27.707 ms
Frame 1334: wall 53.375 ms, GPU producer 50.597 ms, 1 producer submission(s), resident trace and presentation combined; t=74.655, BVH resident/budget 680.3/2048.0 MiB, builds/hits/evictions=307/1583/0, scene builds=425
Frame phases 1334: pre-render 0.007 ms, prepare 2.416 ms, primary repair 0.000 ms, shadow repair 0.000 ms, producer wait 50.878 ms; observer=2627055.83/1109093.64/2587.67, moved=21.50 m, roam=1, replaced=0, image=1600x900, LOD=1.500, shadows=1, minimap=1
Frame work 1334: BVH built/hit/evicted=0/0/0, catalogue/instance/scene builds=1/1/1, cached/scene tiles=307/173, scene 0.1 MiB, selection/detail passes=0/1, fallback ray attempts=0, GPU build/selection/detail=0.439/0.000/0.000 ms, CPU grouping=0.000 ms; atlas installed/evicted=0/0, I/O=0.000 MiB, resident=27/27
Camera preparation: wall 0.244 ms, GPU LOD 0.004 ms, plans/footprints=408/1
Minimap mask: 276x236, 1440000 rays, worker 42.902 ms, GPU 10.954 ms
Minimap publish: request-to-image 42.960 ms
Minimap mask: 276x236, 1440000 rays, worker 1.941 ms, GPU 0.871 ms
Minimap publish: request-to-image 4.587 ms
Frame 1335: wall 51.818 ms, GPU producer 50.050 ms, 1 producer submission(s), resident trace and presentation combined; t=74.750, BVH resident/budget 680.3/2048.0 MiB, builds/hits/evictions=307/1583/0, scene builds=425
Frame phases 1335: pre-render 0.007 ms, prepare 0.153 ms, primary repair 0.000 ms, shadow repair 0.000 ms, producer wait 51.557 ms; observer=2627055.83/1109093.64/2587.67, moved=0.00 m, roam=0, replaced=0, image=1600x900, LOD=1.500, shadows=1, minimap=1
Frame work 1335: BVH built/hit/evicted=0/0/0, catalogue/instance/scene builds=0/0/0, cached/scene tiles=307/173, scene 0.1 MiB, selection/detail passes=0/1, fallback ray attempts=0, GPU build/selection/detail=0.000/0.000/0.000 ms, CPU grouping=0.000 ms; atlas installed/evicted=0/0, I/O=0.000 MiB, resident=27/27
Camera preparation: wall 0.001 ms, GPU LOD 0.000 ms, plans/footprints=408/1
LOD plan: sources=1591, changed finer/coarser=0/2, selected LOD-1=23
Frame 1336: wall 53.293 ms, GPU producer 50.767 ms, 1 producer submission(s), resident trace and presentation combined; t=74.804, BVH resident/budget 680.3/2048.0 MiB, builds/hits/evictions=307/1583/0, scene builds=426
Frame phases 1336: pre-render 0.010 ms, prepare 2.124 ms, primary repair 0.000 ms, shadow repair 0.000 ms, producer wait 51.084 ms; observer=2627061.28/1109114.70/2587.51, moved=21.75 m, roam=1, replaced=0, image=1600x900, LOD=1.500, shadows=1, minimap=1
Frame work 1336: BVH built/hit/evicted=0/0/0, catalogue/instance/scene builds=1/1/1, cached/scene tiles=307/173, scene 0.1 MiB, selection/detail passes=0/1, fallback ray attempts=0, GPU build/selection/detail=0.422/0.000/0.000 ms, CPU grouping=0.000 ms; atlas installed/evicted=0/0, I/O=0.000 MiB, resident=27/27
Camera preparation: wall 0.213 ms, GPU LOD 0.004 ms, plans/footprints=409/1
Minimap mask: 276x236, 1440000 rays, worker 27.081 ms, GPU 4.737 ms
Minimap publish: request-to-image 27.369 ms
LOD plan: sources=1591, changed finer/coarser=1/0, selected LOD-1=23
Frame 1338: wall 52.995 ms, GPU producer 49.912 ms, 1 producer submission(s), resident trace and presentation combined; t=74.857, BVH resident/budget 680.3/2048.0 MiB, builds/hits/evictions=307/1583/0, scene builds=427
Frame phases 1338: pre-render 0.009 ms, prepare 2.676 ms, primary repair 0.000 ms, shadow repair 0.000 ms, producer wait 50.217 ms; observer=2627066.72/1109135.62/2587.36, moved=21.62 m, roam=1, replaced=0, image=1600x900, LOD=1.500, shadows=1, minimap=1
Frame work 1338: BVH built/hit/evicted=0/0/0, catalogue/instance/scene builds=1/1/1, cached/scene tiles=307/173, scene 0.1 MiB, selection/detail passes=0/1, fallback ray attempts=0, GPU build/selection/detail=0.425/0.000/0.000 ms, CPU grouping=0.000 ms; atlas installed/evicted=0/0, I/O=0.000 MiB, resident=27/27
Camera preparation: wall 0.251 ms, GPU LOD 0.004 ms, plans/footprints=410/1
Minimap mask: 276x236, 1440000 rays, worker 46.374 ms, GPU 11.547 ms
Minimap publish: request-to-image 46.486 ms
Minimap mask: 276x236, 1440000 rays, worker 4.000 ms, GPU 0.829 ms
Minimap publish: request-to-image 6.678 ms
Frame 1339: wall 50.064 ms, GPU producer 49.492 ms, 1 producer submission(s), resident trace and presentation combined; t=74.949, BVH resident/budget 680.3/2048.0 MiB, builds/hits/evictions=307/1583/0, scene builds=427
Frame phases 1339: pre-render 0.004 ms, prepare 0.140 ms, primary repair 0.000 ms, shadow repair 0.000 ms, producer wait 49.839 ms; observer=2627066.72/1109135.62/2587.36, moved=0.00 m, roam=0, replaced=0, image=1600x900, LOD=1.500, shadows=1, minimap=1
Frame work 1339: BVH built/hit/evicted=0/0/0, catalogue/instance/scene builds=0/0/0, cached/scene tiles=307/173, scene 0.1 MiB, selection/detail passes=0/1, fallback ray attempts=0, GPU build/selection/detail=0.000/0.000/0.000 ms, CPU grouping=0.000 ms; atlas installed/evicted=0/0, I/O=0.000 MiB, resident=27/27
Camera preparation: wall 0.001 ms, GPU LOD 0.000 ms, plans/footprints=410/1
LOD plan: sources=1591, changed finer/coarser=1/0, selected LOD-1=23
Frame 1340: wall 54.146 ms, GPU producer 51.308 ms, 1 producer submission(s), resident trace and presentation combined; t=75.003, BVH resident/budget 680.3/2048.0 MiB, builds/hits/evictions=307/1583/0, scene builds=428
Frame phases 1340: pre-render 0.009 ms, prepare 2.421 ms, primary repair 0.000 ms, shadow repair 0.000 ms, producer wait 51.617 ms; observer=2627072.19/1109156.52/2587.23, moved=21.60 m, roam=1, replaced=0, image=1600x900, LOD=1.500, shadows=1, minimap=1
Frame work 1340: BVH built/hit/evicted=0/0/0, catalogue/instance/scene builds=1/1/1, cached/scene tiles=307/173, scene 0.1 MiB, selection/detail passes=0/1, fallback ray attempts=0, GPU build/selection/detail=0.458/0.000/0.000 ms, CPU grouping=0.000 ms; atlas installed/evicted=0/0, I/O=0.000 MiB, resident=27/27
Camera preparation: wall 0.267 ms, GPU LOD 0.007 ms, plans/footprints=411/1
Minimap mask: 276x236, 1440000 rays, worker 25.855 ms, GPU 3.325 ms
LOD plan: sources=1591, changed finer/coarser=0/0, selected LOD-1=23
Minimap publish: request-to-image 26.631 ms
Frame 1342: wall 54.061 ms, GPU producer 50.709 ms, 1 producer submission(s), resident trace and presentation combined; t=75.057, BVH resident/budget 680.3/2048.0 MiB, builds/hits/evictions=307/1583/0, scene builds=429
Frame phases 1342: pre-render 0.014 ms, prepare 2.854 ms, primary repair 0.000 ms, shadow repair 0.000 ms, producer wait 51.101 ms; observer=2627077.67/1109177.30/2587.12, moved=21.49 m, roam=1, replaced=0, image=1600x900, LOD=1.500, shadows=1, minimap=1
Frame work 1342: BVH built/hit/evicted=0/0/0, catalogue/instance/scene builds=1/1/1, cached/scene tiles=307/173, scene 0.1 MiB, selection/detail passes=0/1, fallback ray attempts=0, GPU build/selection/detail=0.448/0.000/0.000 ms, CPU grouping=0.000 ms; atlas installed/evicted=0/0, I/O=0.000 MiB, resident=27/27
Camera preparation: wall 0.281 ms, GPU LOD 0.004 ms, plans/footprints=412/1
Minimap mask: 276x236, 1440000 rays, worker 46.712 ms, GPU 10.206 ms
Minimap publish: request-to-image 46.821 ms
Minimap mask: 276x236, 1440000 rays, worker 1.861 ms, GPU 0.820 ms
Minimap publish: request-to-image 4.948 ms
Frame 1343: wall 50.976 ms, GPU producer 49.370 ms, 1 producer submission(s), resident trace and presentation combined; t=75.150, BVH resident/budget 680.3/2048.0 MiB, builds/hits/evictions=307/1583/0, scene builds=429
Frame phases 1343: pre-render 0.005 ms, prepare 0.258 ms, primary repair 0.000 ms, shadow repair 0.000 ms, producer wait 50.594 ms; observer=2627077.67/1109177.30/2587.12, moved=0.00 m, roam=0, replaced=0, image=1600x900, LOD=1.500, shadows=1, minimap=1
Frame work 1343: BVH built/hit/evicted=0/0/0, catalogue/instance/scene builds=0/0/0, cached/scene tiles=307/173, scene 0.1 MiB, selection/detail passes=0/1, fallback ray attempts=0, GPU build/selection/detail=0.000/0.000/0.000 ms, CPU grouping=0.000 ms; atlas installed/evicted=0/0, I/O=0.000 MiB, resident=27/27
Camera preparation: wall 0.001 ms, GPU LOD 0.000 ms, plans/footprints=412/1
LOD plan: sources=1591, changed finer/coarser=0/0, selected LOD-1=23
Frame 1344: wall 54.260 ms, GPU producer 51.345 ms, 1 producer submission(s), resident trace and presentation combined; t=75.204, BVH resident/budget 680.3/2048.0 MiB, builds/hits/evictions=307/1583/0, scene builds=430
Frame phases 1344: pre-render 0.008 ms, prepare 2.466 ms, primary repair 0.000 ms, shadow repair 0.000 ms, producer wait 51.704 ms; observer=2627083.25/1109198.34/2587.03, moved=21.78 m, roam=1, replaced=0, image=1600x900, LOD=1.500, shadows=1, minimap=1
Frame work 1344: BVH built/hit/evicted=0/0/0, catalogue/instance/scene builds=1/1/1, cached/scene tiles=307/173, scene 0.1 MiB, selection/detail passes=0/1, fallback ray attempts=0, GPU build/selection/detail=0.443/0.000/0.000 ms, CPU grouping=0.000 ms; atlas installed/evicted=0/0, I/O=0.000 MiB, resident=27/27
Camera preparation: wall 0.237 ms, GPU LOD 0.007 ms, plans/footprints=413/1
Minimap mask: 276x236, 1440000 rays, worker 26.690 ms, GPU 3.757 ms
Minimap publish: request-to-image 26.798 ms
LOD plan: sources=1591, changed finer/coarser=2/0, selected LOD-1=23
Minimap mask: 276x236, 1440000 rays, worker 45.959 ms, GPU 6.907 ms
Minimap publish: request-to-image 46.017 ms
Health t=75.360: memory ok footprint/resident 1316.4/719.9 MiB, Metal allocated/recommended 1081.2/18186.2 MiB, thermal=0
Health t=75.360: worker stage=render age=156.4 ms, calls=953 revision=1344, submitted/completed/presented=0/0/0, stale=0 unavailable=0 refreshed=0
Health t=75.360: display stage=idle age=17.1 ms, calls=2236 revision=1344, submitted/completed/presented=2236/2236/2235, stale=0 unavailable=0 refreshed=0
Health t=75.360: minimap stage=idle age=102.4 ms, calls=629 revision=0, submitted/completed/presented=629/629/627, stale=2 unavailable=0 refreshed=849
Health t=75.360: terrain stage=BVH terrain loading age=1.1 ms
Slow stage: primary repair wall 134.659 ms (inclusive)
Slow stage: terrain frame wall 247.215 ms (inclusive)
Frame 1346: wall 247.224 ms, GPU producer 51.618 ms, 2 producer submission(s), streaming work excluded from GPU producer timing; t=75.451, BVH resident/budget 680.9/2048.0 MiB, builds/hits/evictions=308/1613/0, scene builds=431
Frame phases 1346: pre-render 0.015 ms, prepare 2.475 ms, primary repair 134.659 ms, shadow repair 57.400 ms, producer wait 52.565 ms; observer=2627088.83/1109219.23/2586.97, moved=21.62 m, roam=1, replaced=0, image=1600x900, LOD=1.500, shadows=1, minimap=1
Frame work 1346: BVH built/hit/evicted=1/30/0, catalogue/instance/scene builds=1/21/1, cached/scene tiles=308/0, scene 0.0 MiB, selection/detail passes=21/22, fallback ray attempts=4884, GPU build/selection/detail=2.053/10.761/27.945 ms, CPU grouping=54.320 ms; atlas installed/evicted=62/62, I/O=31.001 MiB, resident=27/27
Camera preparation: wall 0.260 ms, GPU LOD 0.004 ms, plans/footprints=414/1
Slow stage: worker iteration wall 247.266 ms (inclusive)
LOD plan: sources=1591, changed finer/coarser=0/1, selected LOD-1=23
Frame 1350: wall 51.195 ms, GPU producer 49.606 ms, 1 producer submission(s), resident trace and presentation combined; t=75.502, BVH resident/budget 680.9/2048.0 MiB, builds/hits/evictions=308/1613/0, scene builds=432
Frame phases 1350: pre-render 0.004 ms, prepare 1.298 ms, primary repair 0.000 ms, shadow repair 0.000 ms, producer wait 49.830 ms; observer=2627100.04/1109261.00/2586.85, moved=43.25 m, roam=1, replaced=0, image=1600x900, LOD=1.500, shadows=1, minimap=1
Frame work 1350: BVH built/hit/evicted=0/0/0, catalogue/instance/scene builds=1/1/1, cached/scene tiles=308/172, scene 0.1 MiB, selection/detail passes=0/1, fallback ray attempts=0, GPU build/selection/detail=0.418/0.000/0.000 ms, CPU grouping=0.000 ms; atlas installed/evicted=0/0, I/O=0.000 MiB, resident=27/27
Camera preparation: wall 0.144 ms, GPU LOD 0.004 ms, plans/footprints=415/1
Minimap mask: 276x236, 1440000 rays, worker 25.738 ms, GPU 3.362 ms
LOD plan: sources=1591, changed finer/coarser=0/0, selected LOD-1=23
Minimap publish: request-to-image 27.312 ms
Frame 1352: wall 52.499 ms, GPU producer 50.407 ms, 1 producer submission(s), resident trace and presentation combined; t=75.555, BVH resident/budget 680.9/2048.0 MiB, builds/hits/evictions=308/1613/0, scene builds=433
Frame phases 1352: pre-render 0.006 ms, prepare 1.737 ms, primary repair 0.000 ms, shadow repair 0.000 ms, producer wait 50.707 ms; observer=2627105.65/1109281.89/2586.79, moved=21.62 m, roam=1, replaced=0, image=1600x900, LOD=1.500, shadows=1, minimap=1
Frame work 1352: BVH built/hit/evicted=0/0/0, catalogue/instance/scene builds=1/1/1, cached/scene tiles=308/172, scene 0.1 MiB, selection/detail passes=0/1, fallback ray attempts=0, GPU build/selection/detail=0.457/0.000/0.000 ms, CPU grouping=0.000 ms; atlas installed/evicted=0/0, I/O=0.000 MiB, resident=27/27
Camera preparation: wall 0.192 ms, GPU LOD 0.004 ms, plans/footprints=416/1
Minimap mask: 276x236, 1440000 rays, worker 44.876 ms, GPU 8.217 ms
Minimap publish: request-to-image 44.962 ms
Minimap mask: 276x236, 1440000 rays, worker 1.651 ms, GPU 0.786 ms
Minimap publish: request-to-image 1.689 ms
Frame 1353: wall 50.291 ms, GPU producer 49.432 ms, 1 producer submission(s), resident trace and presentation combined; t=75.649, BVH resident/budget 680.9/2048.0 MiB, builds/hits/evictions=308/1613/0, scene builds=433
Frame phases 1353: pre-render 0.006 ms, prepare 0.116 ms, primary repair 0.000 ms, shadow repair 0.000 ms, producer wait 50.103 ms; observer=2627105.65/1109281.89/2586.79, moved=0.00 m, roam=0, replaced=0, image=1600x900, LOD=1.500, shadows=1, minimap=1
Frame work 1353: BVH built/hit/evicted=0/0/0, catalogue/instance/scene builds=0/0/0, cached/scene tiles=308/172, scene 0.1 MiB, selection/detail passes=0/1, fallback ray attempts=0, GPU build/selection/detail=0.000/0.000/0.000 ms, CPU grouping=0.000 ms; atlas installed/evicted=0/0, I/O=0.000 MiB, resident=27/27
Camera preparation: wall 0.000 ms, GPU LOD 0.000 ms, plans/footprints=416/1
LOD plan: sources=1591, changed finer/coarser=0/2, selected LOD-1=23
Frame 1354: wall 54.074 ms, GPU producer 51.202 ms, 1 producer submission(s), resident trace and presentation combined; t=75.703, BVH resident/budget 680.9/2048.0 MiB, builds/hits/evictions=308/1613/0, scene builds=434
Frame phases 1354: pre-render 0.013 ms, prepare 2.408 ms, primary repair 0.000 ms, shadow repair 0.000 ms, producer wait 51.578 ms; observer=2627111.25/1109302.77/2586.73, moved=21.62 m, roam=1, replaced=0, image=1600x900, LOD=1.500, shadows=1, minimap=1
Frame work 1354: BVH built/hit/evicted=0/0/0, catalogue/instance/scene builds=1/1/1, cached/scene tiles=308/171, scene 0.1 MiB, selection/detail passes=0/1, fallback ray attempts=0, GPU build/selection/detail=0.478/0.000/0.000 ms, CPU grouping=0.000 ms; atlas installed/evicted=0/0, I/O=0.000 MiB, resident=27/27
Minimap mask: 276x236, 1440000 rays, worker 27.295 ms, GPU 3.373 ms
Camera preparation: wall 0.240 ms, GPU LOD 0.004 ms, plans/footprints=417/1
Minimap publish: request-to-image 27.491 ms
LOD plan: sources=1591, changed finer/coarser=1/0, selected LOD-1=23
Minimap mask: 276x236, 1440000 rays, worker 48.641 ms, GPU 13.954 ms
Frame 1356: wall 56.114 ms, GPU producer 52.762 ms, 1 producer submission(s), resident trace and presentation combined; t=75.759, BVH resident/budget 680.9/2048.0 MiB, builds/hits/evictions=308/1613/0, scene builds=435
Frame phases 1356: pre-render 0.009 ms, prepare 2.759 ms, primary repair 0.000 ms, shadow repair 0.000 ms, producer wait 53.261 ms; observer=2627116.86/1109323.66/2586.67, moved=21.63 m, roam=1, replaced=0, image=1600x900, LOD=1.500, shadows=1, minimap=1
Frame work 1356: BVH built/hit/evicted=0/0/0, catalogue/instance/scene builds=1/1/1, cached/scene tiles=308/171, scene 0.1 MiB, selection/detail passes=0/1, fallback ray attempts=0, GPU build/selection/detail=0.429/0.000/0.000 ms, CPU grouping=0.000 ms; atlas installed/evicted=0/0, I/O=0.000 MiB, resident=27/27
Camera preparation: wall 0.267 ms, GPU LOD 0.004 ms, plans/footprints=418/1
Minimap publish: request-to-image 49.215 ms
Minimap mask: 276x236, 1440000 rays, worker 2.324 ms, GPU 0.782 ms
Minimap publish: request-to-image 2.383 ms
Frame 1357: wall 52.015 ms, GPU producer 51.474 ms, 1 producer submission(s), resident trace and presentation combined; t=75.850, BVH resident/budget 680.9/2048.0 MiB, builds/hits/evictions=308/1613/0, scene builds=435
Frame phases 1357: pre-render 0.003 ms, prepare 0.143 ms, primary repair 0.000 ms, shadow repair 0.000 ms, producer wait 51.772 ms; observer=2627116.86/1109323.66/2586.67, moved=0.00 m, roam=0, replaced=0, image=1600x900, LOD=1.500, shadows=1, minimap=1
Frame work 1357: BVH built/hit/evicted=0/0/0, catalogue/instance/scene builds=0/0/0, cached/scene tiles=308/171, scene 0.1 MiB, selection/detail passes=0/1, fallback ray attempts=0, GPU build/selection/detail=0.000/0.000/0.000 ms, CPU grouping=0.000 ms; atlas installed/evicted=0/0, I/O=0.000 MiB, resident=27/27
Camera preparation: wall 0.001 ms, GPU LOD 0.000 ms, plans/footprints=418/1
LOD plan: sources=1591, changed finer/coarser=1/0, selected LOD-1=23
Frame 1358: wall 54.036 ms, GPU producer 51.187 ms, 1 producer submission(s), resident trace and presentation combined; t=75.905, BVH resident/budget 680.9/2048.0 MiB, builds/hits/evictions=308/1613/0, scene builds=436
Frame phases 1358: pre-render 0.012 ms, prepare 2.452 ms, primary repair 0.000 ms, shadow repair 0.000 ms, producer wait 51.486 ms; observer=2627122.46/1109344.51/2586.61, moved=21.59 m, roam=1, replaced=0, image=1600x900, LOD=1.500, shadows=1, minimap=1
Frame work 1358: BVH built/hit/evicted=0/0/0, catalogue/instance/scene builds=1/1/1, cached/scene tiles=308/171, scene 0.1 MiB, selection/detail passes=0/1, fallback ray attempts=0, GPU build/selection/detail=0.507/0.000/0.000 ms, CPU grouping=0.000 ms; atlas installed/evicted=0/0, I/O=0.000 MiB, resident=27/27
Camera preparation: wall 0.228 ms, GPU LOD 0.006 ms, plans/footprints=419/1
Minimap mask: 276x236, 1440000 rays, worker 29.003 ms, GPU 5.805 ms
Minimap publish: request-to-image 29.076 ms
LOD plan: sources=1591, changed finer/coarser=0/0, selected LOD-1=23
Frame 1360: wall 54.487 ms, GPU producer 51.236 ms, 1 producer submission(s), resident trace and presentation combined; t=75.959, BVH resident/budget 680.9/2048.0 MiB, builds/hits/evictions=308/1613/0, scene builds=437
Frame phases 1360: pre-render 0.008 ms, prepare 2.777 ms, primary repair 0.000 ms, shadow repair 0.000 ms, producer wait 51.615 ms; observer=2627128.08/1109365.42/2586.55, moved=21.65 m, roam=1, replaced=0, image=1600x900, LOD=1.500, shadows=1, minimap=1
Frame work 1360: BVH built/hit/evicted=0/0/0, catalogue/instance/scene builds=1/1/1, cached/scene tiles=308/171, scene 0.1 MiB, selection/detail passes=0/1, fallback ray attempts=0, GPU build/selection/detail=0.444/0.000/0.000 ms, CPU grouping=0.000 ms; atlas installed/evicted=0/0, I/O=0.000 MiB, resident=27/27
Camera preparation: wall 0.274 ms, GPU LOD 0.004 ms, plans/footprints=420/1
Minimap mask: 276x236, 1440000 rays, worker 48.507 ms, GPU 6.637 ms
Minimap publish: request-to-image 48.724 ms
Minimap mask: 276x236, 1440000 rays, worker 2.755 ms, GPU 0.799 ms
Minimap publish: request-to-image 2.814 ms
Frame 1361: wall 51.473 ms, GPU producer 50.814 ms, 1 producer submission(s), resident trace and presentation combined; t=76.050, BVH resident/budget 680.9/2048.0 MiB, builds/hits/evictions=308/1613/0, scene builds=437
Frame phases 1361: pre-render 0.003 ms, prepare 0.203 ms, primary repair 0.000 ms, shadow repair 0.000 ms, producer wait 51.184 ms; observer=2627128.08/1109365.42/2586.55, moved=0.00 m, roam=0, replaced=0, image=1600x900, LOD=1.500, shadows=1, minimap=1
Frame work 1361: BVH built/hit/evicted=0/0/0, catalogue/instance/scene builds=0/0/0, cached/scene tiles=308/171, scene 0.1 MiB, selection/detail passes=0/1, fallback ray attempts=0, GPU build/selection/detail=0.000/0.000/0.000 ms, CPU grouping=0.000 ms; atlas installed/evicted=0/0, I/O=0.000 MiB, resident=27/27
Camera preparation: wall 0.001 ms, GPU LOD 0.000 ms, plans/footprints=420/1
LOD plan: sources=1591, changed finer/coarser=1/0, selected LOD-1=23
Frame 1362: wall 54.195 ms, GPU producer 51.166 ms, 1 producer submission(s), resident trace and presentation combined; t=76.104, BVH resident/budget 680.9/2048.0 MiB, builds/hits/evictions=308/1613/0, scene builds=438
Frame phases 1362: pre-render 0.009 ms, prepare 2.620 ms, primary repair 0.000 ms, shadow repair 0.000 ms, producer wait 51.470 ms; observer=2627133.67/1109386.26/2586.49, moved=21.58 m, roam=1, replaced=0, image=1600x900, LOD=1.500, shadows=1, minimap=1
Frame work 1362: BVH built/hit/evicted=0/0/0, catalogue/instance/scene builds=1/1/1, cached/scene tiles=308/171, scene 0.1 MiB, selection/detail passes=0/1, fallback ray attempts=0, GPU build/selection/detail=0.456/0.000/0.000 ms, CPU grouping=0.000 ms; atlas installed/evicted=0/0, I/O=0.000 MiB, resident=27/27
Camera preparation: wall 0.278 ms, GPU LOD 0.007 ms, plans/footprints=421/1
Minimap mask: 276x236, 1440000 rays, worker 28.453 ms, GPU 4.569 ms
Minimap publish: request-to-image 28.561 ms
LOD plan: sources=1591, changed finer/coarser=0/0, selected LOD-1=23
Minimap mask: 276x236, 1440000 rays, worker 47.897 ms, GPU 7.114 ms
Frame 1364: wall 54.003 ms, GPU producer 50.692 ms, 1 producer submission(s), resident trace and presentation combined; t=76.158, BVH resident/budget 680.9/2048.0 MiB, builds/hits/evictions=308/1613/0, scene builds=439
Frame phases 1364: pre-render 0.008 ms, prepare 2.746 ms, primary repair 0.000 ms, shadow repair 0.000 ms, producer wait 51.152 ms; observer=2627139.29/1109407.18/2586.43, moved=21.66 m, roam=1, replaced=0, image=1600x900, LOD=1.500, shadows=1, minimap=1
Frame work 1364: BVH built/hit/evicted=0/0/0, catalogue/instance/scene builds=1/1/1, cached/scene tiles=308/171, scene 0.1 MiB, selection/detail passes=0/1, fallback ray attempts=0, GPU build/selection/detail=0.445/0.000/0.000 ms, CPU grouping=0.000 ms; atlas installed/evicted=0/0, I/O=0.000 MiB, resident=27/27
Camera preparation: wall 0.264 ms, GPU LOD 0.004 ms, plans/footprints=422/1
Minimap publish: request-to-image 48.690 ms
Minimap mask: 276x236, 1440000 rays, worker 2.807 ms, GPU 0.782 ms
Minimap publish: request-to-image 10.654 ms
Frame 1365: wall 50.670 ms, GPU producer 50.152 ms, 1 producer submission(s), resident trace and presentation combined; t=76.249, BVH resident/budget 680.9/2048.0 MiB, builds/hits/evictions=308/1613/0, scene builds=439
Frame phases 1365: pre-render 0.003 ms, prepare 0.140 ms, primary repair 0.000 ms, shadow repair 0.000 ms, producer wait 50.442 ms; observer=2627139.29/1109407.18/2586.43, moved=0.00 m, roam=0, replaced=0, image=1600x900, LOD=1.500, shadows=1, minimap=1
Frame work 1365: BVH built/hit/evicted=0/0/0, catalogue/instance/scene builds=0/0/0, cached/scene tiles=308/171, scene 0.1 MiB, selection/detail passes=0/1, fallback ray attempts=0, GPU build/selection/detail=0.000/0.000/0.000 ms, CPU grouping=0.000 ms; atlas installed/evicted=0/0, I/O=0.000 MiB, resident=27/27
Camera preparation: wall 0.001 ms, GPU LOD 0.000 ms, plans/footprints=422/1
LOD plan: sources=1591, changed finer/coarser=1/0, selected LOD-1=23
Frame 1366: wall 54.068 ms, GPU producer 51.059 ms, 1 producer submission(s), resident trace and presentation combined; t=76.303, BVH resident/budget 680.9/2048.0 MiB, builds/hits/evictions=308/1613/0, scene builds=440
Frame phases 1366: pre-render 0.013 ms, prepare 2.598 ms, primary repair 0.000 ms, shadow repair 0.000 ms, producer wait 51.370 ms; observer=2627144.90/1109428.06/2586.37, moved=21.61 m, roam=1, replaced=0, image=1600x900, LOD=1.500, shadows=1, minimap=1
Frame work 1366: BVH built/hit/evicted=0/0/0, catalogue/instance/scene builds=1/1/1, cached/scene tiles=308/171, scene 0.1 MiB, selection/detail passes=0/1, fallback ray attempts=0, GPU build/selection/detail=0.460/0.000/0.000 ms, CPU grouping=0.000 ms; atlas installed/evicted=0/0, I/O=0.000 MiB, resident=27/27
Camera preparation: wall 0.274 ms, GPU LOD 0.007 ms, plans/footprints=423/1
Minimap mask: 276x236, 1440000 rays, worker 27.751 ms, GPU 4.117 ms
Minimap publish: request-to-image 28.075 ms
LOD plan: sources=1591, changed finer/coarser=0/0, selected LOD-1=23
Frame 1368: wall 54.094 ms, GPU producer 50.669 ms, 1 producer submission(s), resident trace and presentation combined; t=76.358, BVH resident/budget 680.9/2048.0 MiB, builds/hits/evictions=308/1613/0, scene builds=441
Frame phases 1368: pre-render 0.010 ms, prepare 2.835 ms, primary repair 0.000 ms, shadow repair 0.000 ms, producer wait 51.156 ms; observer=2627150.51/1109448.94/2586.31, moved=21.63 m, roam=1, replaced=0, image=1600x900, LOD=1.500, shadows=1, minimap=1
Frame work 1368: BVH built/hit/evicted=0/0/0, catalogue/instance/scene builds=1/1/1, cached/scene tiles=308/171, scene 0.1 MiB, selection/detail passes=0/1, fallback ray attempts=0, GPU build/selection/detail=0.419/0.000/0.000 ms, CPU grouping=0.000 ms; atlas installed/evicted=0/0, I/O=0.000 MiB, resident=27/27
Camera preparation: wall 0.268 ms, GPU LOD 0.004 ms, plans/footprints=424/1
Minimap mask: 276x236, 1440000 rays, worker 47.982 ms, GPU 6.858 ms
Minimap publish: request-to-image 49.120 ms
Health t=76.365: memory ok footprint/resident 1319.2/722.3 MiB, Metal allocated/recommended 1083.6/18186.2 MiB, thermal=0
Health t=76.365: worker stage=idle age=7.8 ms, calls=968 revision=1368, submitted/completed/presented=0/0/0, stale=0 unavailable=0 refreshed=0
Health t=76.365: display stage=idle age=24.2 ms, calls=2266 revision=1366, submitted/completed/presented=2266/2266/2264, stale=0 unavailable=0 refreshed=0
Health t=76.365: minimap stage=idle age=7.8 ms, calls=643 revision=0, submitted/completed/presented=643/643/641, stale=2 unavailable=0 refreshed=864
Health t=76.365: terrain stage=idle age=76365.5 ms
Minimap mask: 276x236, 1440000 rays, worker 2.988 ms, GPU 0.799 ms
Minimap publish: request-to-image 3.051 ms
Frame 1369: wall 52.022 ms, GPU producer 51.329 ms, 1 producer submission(s), resident trace and presentation combined; t=76.450, BVH resident/budget 680.9/2048.0 MiB, builds/hits/evictions=308/1613/0, scene builds=441
Frame phases 1369: pre-render 0.004 ms, prepare 0.243 ms, primary repair 0.000 ms, shadow repair 0.000 ms, producer wait 51.700 ms; observer=2627150.51/1109448.94/2586.31, moved=0.00 m, roam=0, replaced=0, image=1600x900, LOD=1.500, shadows=1, minimap=1
Frame work 1369: BVH built/hit/evicted=0/0/0, catalogue/instance/scene builds=0/0/0, cached/scene tiles=308/171, scene 0.1 MiB, selection/detail passes=0/1, fallback ray attempts=0, GPU build/selection/detail=0.000/0.000/0.000 ms, CPU grouping=0.000 ms; atlas installed/evicted=0/0, I/O=0.000 MiB, resident=27/27
Camera preparation: wall 0.001 ms, GPU LOD 0.000 ms, plans/footprints=424/1
LOD plan: sources=1591, changed finer/coarser=1/0, selected LOD-1=23
Frame 1370: wall 53.691 ms, GPU producer 50.881 ms, 1 producer submission(s), resident trace and presentation combined; t=76.504, BVH resident/budget 680.9/2048.0 MiB, builds/hits/evictions=308/1613/0, scene builds=442
Frame phases 1370: pre-render 0.007 ms, prepare 2.409 ms, primary repair 0.000 ms, shadow repair 0.000 ms, producer wait 51.197 ms; observer=2627156.10/1109469.79/2586.25, moved=21.59 m, roam=1, replaced=0, image=1600x900, LOD=1.500, shadows=1, minimap=1
Frame work 1370: BVH built/hit/evicted=0/0/0, catalogue/instance/scene builds=1/1/1, cached/scene tiles=308/171, scene 0.1 MiB, selection/detail passes=0/1, fallback ray attempts=0, GPU build/selection/detail=0.472/0.000/0.000 ms, CPU grouping=0.000 ms; atlas installed/evicted=0/0, I/O=0.000 MiB, resident=27/27
Camera preparation: wall 0.221 ms, GPU LOD 0.004 ms, plans/footprints=425/1
Minimap mask: 276x236, 1440000 rays, worker 28.558 ms, GPU 5.265 ms
Minimap publish: request-to-image 28.629 ms
LOD plan: sources=1591, changed finer/coarser=2/0, selected LOD-1=23
Minimap mask: 276x236, 1440000 rays, worker 47.793 ms, GPU 7.147 ms
Minimap publish: request-to-image 47.958 ms
Slow stage: terrain frame wall 204.646 ms (inclusive)
Frame 1372: wall 204.656 ms, GPU producer 51.435 ms, 2 producer submission(s), streaming work excluded from GPU producer timing; t=76.709, BVH resident/budget 683.5/2048.0 MiB, builds/hits/evictions=309/1622/0, scene builds=443
Frame phases 1372: pre-render 0.013 ms, prepare 3.253 ms, primary repair 83.379 ms, shadow repair 65.107 ms, producer wait 52.714 ms; observer=2627161.72/1109490.71/2586.19, moved=21.66 m, roam=1, replaced=0, image=1600x900, LOD=1.500, shadows=1, minimap=1
Frame work 1372: BVH built/hit/evicted=1/9/0, catalogue/instance/scene builds=1/9/1, cached/scene tiles=309/0, scene 0.0 MiB, selection/detail passes=9/10, fallback ray attempts=4182, GPU build/selection/detail=2.040/4.562/26.572 ms, CPU grouping=28.487 ms; atlas installed/evicted=63/63, I/O=31.314 MiB, resident=27/27
Camera preparation: wall 0.277 ms, GPU LOD 0.004 ms, plans/footprints=426/1
Slow stage: worker iteration wall 204.717 ms (inclusive)
LOD plan: sources=1591, changed finer/coarser=2/2, selected LOD-1=22
Minimap mask: 276x236, 1440000 rays, worker 16.899 ms, GPU 5.551 ms
Minimap publish: request-to-image 16.935 ms
Slow stage: primary repair wall 114.002 ms (inclusive)
Slow stage: terrain frame wall 220.014 ms (inclusive)
Frame 1376: wall 220.021 ms, GPU producer 49.917 ms, 2 producer submission(s), streaming work excluded from GPU producer timing; t=76.929, BVH resident/budget 686.7/2048.0 MiB, builds/hits/evictions=311/1655/0, scene builds=444
Frame phases 1376: pre-render 0.012 ms, prepare 1.591 ms, primary repair 114.002 ms, shadow repair 53.461 ms, producer wait 50.871 ms; observer=2627172.94/1109532.47/2586.07, moved=43.23 m, roam=1, replaced=0, image=1600x900, LOD=1.500, shadows=1, minimap=1
Frame work 1376: BVH built/hit/evicted=2/33/0, catalogue/instance/scene builds=1/18/1, cached/scene tiles=311/0, scene 0.0 MiB, selection/detail passes=18/19, fallback ray attempts=20232, GPU build/selection/detail=3.344/10.044/27.755 ms, CPU grouping=39.047 ms; atlas installed/evicted=64/64, I/O=31.816 MiB, resident=27/27
Camera preparation: wall 0.184 ms, GPU LOD 0.004 ms, plans/footprints=427/1
Slow stage: worker iteration wall 220.083 ms (inclusive)
LOD plan: sources=1591, changed finer/coarser=2/0, selected LOD-1=22
Minimap mask: 276x236, 1440000 rays, worker 35.547 ms, GPU 6.505 ms
Minimap publish: request-to-image 35.583 ms
Slow stage: terrain frame wall 197.304 ms (inclusive)
Frame 1380: wall 197.313 ms, GPU producer 48.391 ms, 2 producer submission(s), streaming work excluded from GPU producer timing; t=77.126, BVH resident/budget 687.5/2048.0 MiB, builds/hits/evictions=313/1667/0, scene builds=445
Frame phases 1380: pre-render 0.015 ms, prepare 1.506 ms, primary repair 91.578 ms, shadow repair 54.690 ms, producer wait 49.458 ms; observer=2627184.15/1109574.23/2585.95, moved=43.25 m, roam=1, replaced=0, image=1600x900, LOD=1.500, shadows=1, minimap=1
Frame work 1380: BVH built/hit/evicted=2/12/0, catalogue/instance/scene builds=1/14/1, cached/scene tiles=313/0, scene 0.0 MiB, selection/detail passes=14/15, fallback ray attempts=10, GPU build/selection/detail=1.839/7.360/27.654 ms, CPU grouping=31.259 ms; atlas installed/evicted=66/66, I/O=31.880 MiB, resident=27/27
Camera preparation: wall 0.191 ms, GPU LOD 0.004 ms, plans/footprints=428/1
Slow stage: worker iteration wall 197.376 ms (inclusive)
LOD plan: sources=1591, changed finer/coarser=1/1, selected LOD-1=22
Frame 1384: wall 49.763 ms, GPU producer 47.931 ms, 1 producer submission(s), resident trace and presentation combined; t=77.176, BVH resident/budget 687.5/2048.0 MiB, builds/hits/evictions=313/1667/0, scene builds=446
Frame phases 1384: pre-render 0.004 ms, prepare 1.558 ms, primary repair 0.000 ms, shadow repair 0.000 ms, producer wait 48.161 ms; observer=2627195.37/1109616.00/2585.83, moved=43.24 m, roam=1, replaced=0, image=1600x900, LOD=1.500, shadows=1, minimap=1
Frame work 1384: BVH built/hit/evicted=0/0/0, catalogue/instance/scene builds=1/1/1, cached/scene tiles=313/174, scene 0.1 MiB, selection/detail passes=0/1, fallback ray attempts=0, GPU build/selection/detail=0.484/0.000/0.000 ms, CPU grouping=0.000 ms; atlas installed/evicted=0/0, I/O=0.000 MiB, resident=27/27
Camera preparation: wall 0.208 ms, GPU LOD 0.004 ms, plans/footprints=429/1
Minimap mask: 276x236, 1440000 rays, worker 32.941 ms, GPU 6.772 ms
Minimap publish: request-to-image 33.013 ms
Frame 1385: wall 51.366 ms, GPU producer 50.891 ms, 1 producer submission(s), resident trace and presentation combined; t=77.250, BVH resident/budget 687.5/2048.0 MiB, builds/hits/evictions=313/1667/0, scene builds=446
Frame phases 1385: pre-render 0.004 ms, prepare 0.112 ms, primary repair 0.000 ms, shadow repair 0.000 ms, producer wait 51.194 ms; observer=2627195.37/1109616.00/2585.83, moved=0.00 m, roam=0, replaced=0, image=1600x900, LOD=1.500, shadows=1, minimap=1
Frame work 1385: BVH built/hit/evicted=0/0/0, catalogue/instance/scene builds=0/0/0, cached/scene tiles=313/174, scene 0.1 MiB, selection/detail passes=0/1, fallback ray attempts=0, GPU build/selection/detail=0.000/0.000/0.000 ms, CPU grouping=0.000 ms; atlas installed/evicted=0/0, I/O=0.000 MiB, resident=27/27
Camera preparation: wall 0.001 ms, GPU LOD 0.000 ms, plans/footprints=429/1
Minimap mask: 276x236, 1440000 rays, worker 39.833 ms, GPU 7.929 ms
LOD plan: sources=1591, changed finer/coarser=0/0, selected LOD-1=22
Minimap publish: request-to-image 42.858 ms
Frame 1386: wall 53.114 ms, GPU producer 50.859 ms, 1 producer submission(s), resident trace and presentation combined; t=77.303, BVH resident/budget 687.5/2048.0 MiB, builds/hits/evictions=313/1667/0, scene builds=447
Frame phases 1386: pre-render 0.007 ms, prepare 1.916 ms, primary repair 0.000 ms, shadow repair 0.000 ms, producer wait 51.128 ms; observer=2627200.97/1109636.87/2585.77, moved=21.62 m, roam=1, replaced=0, image=1600x900, LOD=1.500, shadows=1, minimap=1
Frame work 1386: BVH built/hit/evicted=0/0/0, catalogue/instance/scene builds=1/1/1, cached/scene tiles=313/174, scene 0.1 MiB, selection/detail passes=0/1, fallback ray attempts=0, GPU build/selection/detail=0.465/0.000/0.000 ms, CPU grouping=0.000 ms; atlas installed/evicted=0/0, I/O=0.000 MiB, resident=27/27
Camera preparation: wall 0.199 ms, GPU LOD 0.004 ms, plans/footprints=430/1
Minimap mask: 276x236, 1440000 rays, worker 27.638 ms, GPU 4.496 ms
Minimap publish: request-to-image 27.731 ms
LOD plan: sources=1591, changed finer/coarser=1/0, selected LOD-1=22
Minimap mask: 276x236, 1440000 rays, worker 46.036 ms, GPU 8.366 ms
Minimap publish: request-to-image 46.093 ms
Health t=77.369: memory ok footprint/resident 1326.5/725.1 MiB, Metal allocated/recommended 1090.4/18186.2 MiB, thermal=0
Health t=77.369: worker stage=render age=65.5 ms, calls=977 revision=1386, submitted/completed/presented=0/0/0, stale=0 unavailable=0 refreshed=0
Health t=77.369: display stage=idle age=26.6 ms, calls=2296 revision=1386, submitted/completed/presented=2296/2296/2294, stale=0 unavailable=0 refreshed=0
Health t=77.369: minimap stage=idle age=12.4 ms, calls=652 revision=0, submitted/completed/presented=652/652/650, stale=2 unavailable=0 refreshed=876
Health t=77.369: terrain stage=BVH detail encode/traverse age=12.5 ms
Slow stage: terrain frame wall 189.872 ms (inclusive)
Frame 1388: wall 189.882 ms, GPU producer 51.202 ms, 2 producer submission(s), streaming work excluded from GPU producer timing; t=77.493, BVH resident/budget 690.0/2048.0 MiB, builds/hits/evictions=314/1675/0, scene builds=448
Frame phases 1388: pre-render 0.016 ms, prepare 1.967 ms, primary repair 77.885 ms, shadow repair 57.597 ms, producer wait 52.297 ms; observer=2627206.58/1109657.77/2585.71, moved=21.63 m, roam=1, replaced=0, image=1600x900, LOD=1.500, shadows=1, minimap=1
Frame work 1388: BVH built/hit/evicted=1/8/0, catalogue/instance/scene builds=1/8/1, cached/scene tiles=314/0, scene 0.0 MiB, selection/detail passes=8/9, fallback ray attempts=2294, GPU build/selection/detail=1.930/4.903/28.358 ms, CPU grouping=26.305 ms; atlas installed/evicted=65/65, I/O=32.224 MiB, resident=27/27
Camera preparation: wall 0.220 ms, GPU LOD 0.003 ms, plans/footprints=431/1
Slow stage: worker iteration wall 189.931 ms (inclusive)
LOD plan: sources=1591, changed finer/coarser=0/1, selected LOD-1=22
Frame 1390: wall 52.561 ms, GPU producer 50.705 ms, 1 producer submission(s), resident trace and presentation combined; t=77.546, BVH resident/budget 690.0/2048.0 MiB, builds/hits/evictions=314/1675/0, scene builds=449
Frame phases 1390: pre-render 0.070 ms, prepare 1.436 ms, primary repair 0.000 ms, shadow repair 0.000 ms, producer wait 50.984 ms; observer=2627212.19/1109678.64/2585.65, moved=21.61 m, roam=1, replaced=0, image=1600x900, LOD=1.500, shadows=1, minimap=1
Frame work 1390: BVH built/hit/evicted=0/0/0, catalogue/instance/scene builds=1/1/1, cached/scene tiles=314/174, scene 0.1 MiB, selection/detail passes=0/1, fallback ray attempts=0, GPU build/selection/detail=0.455/0.000/0.000 ms, CPU grouping=0.000 ms; atlas installed/evicted=0/0, I/O=0.000 MiB, resident=27/27
Camera preparation: wall 0.159 ms, GPU LOD 0.004 ms, plans/footprints=432/1
Minimap mask: 276x236, 1440000 rays, worker 35.848 ms, GPU 8.289 ms
Minimap publish: request-to-image 35.930 ms
LOD plan: sources=1591, changed finer/coarser=0/0, selected LOD-1=22
Minimap mask: 276x236, 1440000 rays, worker 21.041 ms, GPU 4.899 ms
Minimap publish: request-to-image 21.079 ms
Slow stage: terrain frame wall 182.966 ms (inclusive)
Frame 1392: wall 182.974 ms, GPU producer 51.129 ms, 2 producer submission(s), streaming work excluded from GPU producer timing; t=77.729, BVH resident/budget 690.7/2048.0 MiB, builds/hits/evictions=315/1682/0, scene builds=450
Frame phases 1392: pre-render 0.015 ms, prepare 1.794 ms, primary repair 71.483 ms, shadow repair 57.496 ms, producer wait 52.093 ms; observer=2627217.78/1109699.47/2585.59, moved=21.57 m, roam=1, replaced=0, image=1600x900, LOD=1.500, shadows=1, minimap=1
Frame work 1392: BVH built/hit/evicted=1/7/0, catalogue/instance/scene builds=1/9/1, cached/scene tiles=315/0, scene 0.0 MiB, selection/detail passes=9/10, fallback ray attempts=2, GPU build/selection/detail=1.309/5.093/26.678 ms, CPU grouping=24.536 ms; atlas installed/evicted=65/65, I/O=31.848 MiB, resident=27/27
Camera preparation: wall 0.210 ms, GPU LOD 0.004 ms, plans/footprints=433/1
Slow stage: worker iteration wall 183.032 ms (inclusive)
LOD plan: sources=1591, changed finer/coarser=0/1, selected LOD-1=22
Frame 1396: wall 51.145 ms, GPU producer 48.513 ms, 1 producer submission(s), resident trace and presentation combined; t=77.780, BVH resident/budget 690.7/2048.0 MiB, builds/hits/evictions=315/1682/0, scene builds=451
Frame phases 1396: pre-render 0.005 ms, prepare 2.346 ms, primary repair 0.000 ms, shadow repair 0.000 ms, producer wait 48.749 ms; observer=2627229.00/1109741.22/2585.47, moved=43.23 m, roam=1, replaced=0, image=1600x900, LOD=1.500, shadows=1, minimap=1
Frame work 1396: BVH built/hit/evicted=0/0/0, catalogue/instance/scene builds=1/1/1, cached/scene tiles=315/174, scene 0.1 MiB, selection/detail passes=0/1, fallback ray attempts=0, GPU build/selection/detail=0.463/0.000/0.000 ms, CPU grouping=0.000 ms; atlas installed/evicted=0/0, I/O=0.000 MiB, resident=27/27
Camera preparation: wall 0.955 ms, GPU LOD 0.194 ms, plans/footprints=434/1
Minimap mask: 276x236, 1440000 rays, worker 36.685 ms, GPU 5.981 ms
Minimap publish: request-to-image 36.717 ms
Frame 1397: wall 52.283 ms, GPU producer 51.803 ms, 1 producer submission(s), resident trace and presentation combined; t=77.851, BVH resident/budget 690.7/2048.0 MiB, builds/hits/evictions=315/1682/0, scene builds=451
Frame phases 1397: pre-render 0.005 ms, prepare 0.099 ms, primary repair 0.000 ms, shadow repair 0.000 ms, producer wait 52.124 ms; observer=2627229.00/1109741.22/2585.47, moved=0.00 m, roam=0, replaced=0, image=1600x900, LOD=1.500, shadows=1, minimap=1
Frame work 1397: BVH built/hit/evicted=0/0/0, catalogue/instance/scene builds=0/0/0, cached/scene tiles=315/174, scene 0.1 MiB, selection/detail passes=0/1, fallback ray attempts=0, GPU build/selection/detail=0.000/0.000/0.000 ms, CPU grouping=0.000 ms; atlas installed/evicted=0/0, I/O=0.000 MiB, resident=27/27
Camera preparation: wall 0.000 ms, GPU LOD 0.000 ms, plans/footprints=434/1
Minimap mask: 276x236, 1440000 rays, worker 40.926 ms, GPU 10.004 ms
LOD plan: sources=1591, changed finer/coarser=1/1, selected LOD-1=23
Minimap publish: request-to-image 42.972 ms
Minimap mask: 276x236, 1440000 rays, worker 27.208 ms, GPU 5.281 ms
Minimap publish: request-to-image 27.392 ms
Slow stage: terrain frame wall 201.101 ms (inclusive)
Frame 1398: wall 201.113 ms, GPU producer 50.201 ms, 2 producer submission(s), streaming work excluded from GPU producer timing; t=78.052, BVH resident/budget 700.9/2048.0 MiB, builds/hits/evictions=316/1696/0, scene builds=452
Frame phases 1398: pre-render 0.018 ms, prepare 1.812 ms, primary repair 91.862 ms, shadow repair 56.147 ms, producer wait 51.175 ms; observer=2627234.62/1109762.17/2585.41, moved=21.69 m, roam=1, replaced=0, image=1600x900, LOD=1.500, shadows=1, minimap=1
Frame work 1398: BVH built/hit/evicted=1/14/0, catalogue/instance/scene builds=1/10/1, cached/scene tiles=316/0, scene 0.0 MiB, selection/detail passes=10/11, fallback ray attempts=89398, GPU build/selection/detail=5.355/5.227/27.972 ms, CPU grouping=31.770 ms; atlas installed/evicted=66/66, I/O=33.852 MiB, resident=27/27
Camera preparation: wall 0.232 ms, GPU LOD 0.004 ms, plans/footprints=435/1
Slow stage: worker iteration wall 201.160 ms (inclusive)
LOD plan: sources=1591, changed finer/coarser=1/1, selected LOD-1=24
Minimap mask: 276x236, 1440000 rays, worker 25.739 ms, GPU 3.974 ms
Minimap publish: request-to-image 25.776 ms
Slow stage: terrain frame wall 206.474 ms (inclusive)
Frame 1402: wall 206.485 ms, GPU producer 48.953 ms, 2 producer submission(s), streaming work excluded from GPU producer timing; t=78.259, BVH resident/budget 711.2/2048.0 MiB, builds/hits/evictions=317/1713/0, scene builds=453
Frame phases 1402: pre-render 0.017 ms, prepare 1.448 ms, primary repair 97.384 ms, shadow repair 57.639 ms, producer wait 49.931 ms; observer=2627245.78/1109803.73/2585.29, moved=43.03 m, roam=1, replaced=0, image=1600x900, LOD=1.500, shadows=1, minimap=1
Frame work 1402: BVH built/hit/evicted=1/17/0, catalogue/instance/scene builds=1/13/1, cached/scene tiles=317/0, scene 0.0 MiB, selection/detail passes=13/14, fallback ray attempts=73264, GPU build/selection/detail=4.831/5.823/28.941 ms, CPU grouping=32.220 ms; atlas installed/evicted=66/66, I/O=35.354 MiB, resident=27/27
Camera preparation: wall 0.172 ms, GPU LOD 0.004 ms, plans/footprints=436/1
Slow stage: worker iteration wall 206.539 ms (inclusive)
LOD plan: sources=1591, changed finer/coarser=2/2, selected LOD-1=24
Minimap mask: 276x236, 1440000 rays, worker 32.485 ms, GPU 6.013 ms
Minimap publish: request-to-image 32.516 ms
Health t=78.369: memory ok footprint/resident 1351.4/735.2 MiB, Metal allocated/recommended 1116.2/18186.2 MiB, thermal=0
Health t=78.369: worker stage=render age=110.3 ms, calls=984 revision=1402, submitted/completed/presented=0/0/0, stale=0 unavailable=0 refreshed=0
Health t=78.369: display stage=idle age=26.9 ms, calls=2326 revision=1402, submitted/completed/presented=2326/2326/2325, stale=0 unavailable=0 refreshed=0
Health t=78.369: minimap stage=idle age=59.7 ms, calls=659 revision=0, submitted/completed/presented=659/659/657, stale=2 unavailable=0 refreshed=887
Health t=78.369: terrain stage=BVH streaming tile selection age=0.1 ms
Slow stage: primary repair wall 115.158 ms (inclusive)
Slow stage: terrain frame wall 221.559 ms (inclusive)
Frame 1406: wall 221.567 ms, GPU producer 49.294 ms, 2 producer submission(s), streaming work excluded from GPU producer timing; t=78.480, BVH resident/budget 713.8/2048.0 MiB, builds/hits/evictions=318/1745/0, scene builds=454
Frame phases 1406: pre-render 0.012 ms, prepare 1.558 ms, primary repair 115.158 ms, shadow repair 53.652 ms, producer wait 51.105 ms; observer=2627257.05/1109845.70/2585.17, moved=43.46 m, roam=1, replaced=0, image=1600x900, LOD=1.500, shadows=1, minimap=1
Frame work 1406: BVH built/hit/evicted=1/32/0, catalogue/instance/scene builds=1/19/1, cached/scene tiles=318/0, scene 0.0 MiB, selection/detail passes=19/20, fallback ray attempts=24654, GPU build/selection/detail=2.776/11.159/29.132 ms, CPU grouping=45.775 ms; atlas installed/evicted=65/65, I/O=35.698 MiB, resident=27/27
Camera preparation: wall 0.203 ms, GPU LOD 0.004 ms, plans/footprints=437/1
Slow stage: worker iteration wall 221.614 ms (inclusive)
LOD plan: sources=1591, changed finer/coarser=2/1, selected LOD-1=25
Frame 1410: wall 52.608 ms, GPU producer 49.723 ms, 1 producer submission(s), resident trace and presentation combined; t=78.533, BVH resident/budget 713.8/2048.0 MiB, builds/hits/evictions=318/1745/0, scene builds=455
Frame phases 1410: pre-render 0.005 ms, prepare 2.572 ms, primary repair 0.000 ms, shadow repair 0.000 ms, producer wait 50.000 ms; observer=2627268.27/1109887.47/2585.05, moved=43.24 m, roam=1, replaced=0, image=1600x900, LOD=1.500, shadows=1, minimap=1
Frame work 1410: BVH built/hit/evicted=0/0/0, catalogue/instance/scene builds=1/1/1, cached/scene tiles=318/171, scene 0.1 MiB, selection/detail passes=0/1, fallback ray attempts=0, GPU build/selection/detail=0.456/0.000/0.000 ms, CPU grouping=0.000 ms; atlas installed/evicted=0/0, I/O=0.000 MiB, resident=27/27
Camera preparation: wall 1.335 ms, GPU LOD 0.004 ms, plans/footprints=438/1
Minimap mask: 276x236, 1440000 rays, worker 23.272 ms, GPU 5.366 ms
Minimap publish: request-to-image 23.323 ms
LOD plan: sources=1591, changed finer/coarser=0/0, selected LOD-1=25
Frame 1412: wall 52.587 ms, GPU producer 50.725 ms, 1 producer submission(s), resident trace and presentation combined; t=78.585, BVH resident/budget 713.8/2048.0 MiB, builds/hits/evictions=318/1745/0, scene builds=456
Minimap mask: 276x236, 1440000 rays, worker 42.540 ms, GPU 9.610 ms
Frame phases 1412: pre-render 0.006 ms, prepare 1.537 ms, primary repair 0.000 ms, shadow repair 0.000 ms, producer wait 51.012 ms; observer=2627273.88/1109908.35/2584.99, moved=21.63 m, roam=1, replaced=0, image=1600x900, LOD=1.500, shadows=1, minimap=1
Frame work 1412: BVH built/hit/evicted=0/0/0, catalogue/instance/scene builds=1/1/1, cached/scene tiles=318/171, scene 0.1 MiB, selection/detail passes=0/1, fallback ray attempts=0, GPU build/selection/detail=0.446/0.000/0.000 ms, CPU grouping=0.000 ms; atlas installed/evicted=0/0, I/O=0.000 MiB, resident=27/27
Camera preparation: wall 0.204 ms, GPU LOD 0.004 ms, plans/footprints=439/1
Minimap publish: request-to-image 43.257 ms
Frame 1413: wall 52.358 ms, GPU producer 51.900 ms, 1 producer submission(s), resident trace and presentation combined; t=78.651, BVH resident/budget 713.8/2048.0 MiB, builds/hits/evictions=318/1745/0, scene builds=456
Frame phases 1413: pre-render 0.004 ms, prepare 0.117 ms, primary repair 0.000 ms, shadow repair 0.000 ms, producer wait 52.164 ms; observer=2627273.88/1109908.35/2584.99, moved=0.00 m, roam=0, replaced=0, image=1600x900, LOD=1.500, shadows=1, minimap=1
Frame work 1413: BVH built/hit/evicted=0/0/0, catalogue/instance/scene builds=0/0/0, cached/scene tiles=318/171, scene 0.1 MiB, selection/detail passes=0/1, fallback ray attempts=0, GPU build/selection/detail=0.000/0.000/0.000 ms, CPU grouping=0.000 ms; atlas installed/evicted=0/0, I/O=0.000 MiB, resident=27/27
Minimap mask: 276x236, 1440000 rays, worker 40.705 ms, GPU 8.646 ms
Camera preparation: wall 0.000 ms, GPU LOD 0.000 ms, plans/footprints=439/1
LOD plan: sources=1591, changed finer/coarser=0/1, selected LOD-1=24
Minimap publish: request-to-image 42.629 ms
Frame 1414: wall 54.940 ms, GPU producer 52.377 ms, 1 producer submission(s), resident trace and presentation combined; t=78.706, BVH resident/budget 713.8/2048.0 MiB, builds/hits/evictions=318/1745/0, scene builds=457
Frame phases 1414: pre-render 0.010 ms, prepare 2.189 ms, primary repair 0.000 ms, shadow repair 0.000 ms, producer wait 52.670 ms; observer=2627279.48/1109929.23/2584.93, moved=21.62 m, roam=1, replaced=0, image=1600x900, LOD=1.500, shadows=1, minimap=1
Frame work 1414: BVH built/hit/evicted=0/0/0, catalogue/instance/scene builds=1/1/1, cached/scene tiles=318/170, scene 0.1 MiB, selection/detail passes=0/1, fallback ray attempts=0, GPU build/selection/detail=0.530/0.000/0.000 ms, CPU grouping=0.000 ms; atlas installed/evicted=0/0, I/O=0.000 MiB, resident=27/27
Camera preparation: wall 0.214 ms, GPU LOD 0.004 ms, plans/footprints=440/1
Minimap mask: 276x236, 1440000 rays, worker 31.080 ms, GPU 6.242 ms
Minimap publish: request-to-image 31.215 ms
LOD plan: sources=1591, changed finer/coarser=0/1, selected LOD-1=24
Frame 1416: wall 56.706 ms, GPU producer 53.507 ms, 1 producer submission(s), resident trace and presentation combined; t=78.763, BVH resident/budget 713.8/2048.0 MiB, builds/hits/evictions=318/1745/0, scene builds=458
Frame phases 1416: pre-render 0.022 ms, prepare 2.693 ms, primary repair 0.000 ms, shadow repair 0.000 ms, producer wait 53.881 ms; observer=2627285.09/1109950.12/2584.87, moved=21.63 m, roam=1, replaced=0, image=1600x900, LOD=1.500, shadows=1, minimap=1
Frame work 1416: BVH built/hit/evicted=0/0/0, catalogue/instance/scene builds=1/1/1, cached/scene tiles=318/170, scene 0.1 MiB, selection/detail passes=0/1, fallback ray attempts=0, GPU build/selection/detail=0.519/0.000/0.000 ms, CPU grouping=0.000 ms; atlas installed/evicted=0/0, I/O=0.000 MiB, resident=27/27
Camera preparation: wall 0.259 ms, GPU LOD 0.004 ms, plans/footprints=441/1
Minimap mask: 276x236, 1440000 rays, worker 52.078 ms, GPU 5.719 ms
Minimap publish: request-to-image 52.187 ms
Minimap mask: 276x236, 1440000 rays, worker 1.745 ms, GPU 0.806 ms
Minimap publish: request-to-image 1.794 ms
Frame 1417: wall 51.835 ms, GPU producer 50.913 ms, 1 producer submission(s), resident trace and presentation combined; t=78.851, BVH resident/budget 713.8/2048.0 MiB, builds/hits/evictions=318/1745/0, scene builds=458
Frame phases 1417: pre-render 0.006 ms, prepare 0.296 ms, primary repair 0.000 ms, shadow repair 0.000 ms, producer wait 51.460 ms; observer=2627285.09/1109950.12/2584.87, moved=0.00 m, roam=0, replaced=0, image=1600x900, LOD=1.500, shadows=1, minimap=1
Frame work 1417: BVH built/hit/evicted=0/0/0, catalogue/instance/scene builds=0/0/0, cached/scene tiles=318/170, scene 0.1 MiB, selection/detail passes=0/1, fallback ray attempts=0, GPU build/selection/detail=0.000/0.000/0.000 ms, CPU grouping=0.000 ms; atlas installed/evicted=0/0, I/O=0.000 MiB, resident=27/27
Camera preparation: wall 0.001 ms, GPU LOD 0.000 ms, plans/footprints=441/1
LOD plan: sources=1591, changed finer/coarser=1/0, selected LOD-1=24
Frame 1418: wall 55.208 ms, GPU producer 52.286 ms, 1 producer submission(s), resident trace and presentation combined; t=78.906, BVH resident/budget 713.8/2048.0 MiB, builds/hits/evictions=318/1745/0, scene builds=459
Frame phases 1418: pre-render 0.019 ms, prepare 2.420 ms, primary repair 0.000 ms, shadow repair 0.000 ms, producer wait 52.664 ms; observer=2627290.71/1109971.03/2584.81, moved=21.66 m, roam=1, replaced=0, image=1600x900, LOD=1.500, shadows=1, minimap=1
Frame work 1418: BVH built/hit/evicted=0/0/0, catalogue/instance/scene builds=1/1/1, cached/scene tiles=318/170, scene 0.1 MiB, selection/detail passes=0/1, fallback ray attempts=0, GPU build/selection/detail=0.424/0.000/0.000 ms, CPU grouping=0.000 ms; atlas installed/evicted=0/0, I/O=0.000 MiB, resident=27/27
Camera preparation: wall 0.247 ms, GPU LOD 0.004 ms, plans/footprints=442/1
Minimap mask: 276x236, 1440000 rays, worker 30.632 ms, GPU 5.690 ms
Minimap publish: request-to-image 30.796 ms
LOD plan: sources=1591, changed finer/coarser=0/0, selected LOD-1=24
Frame 1420: wall 56.706 ms, GPU producer 52.731 ms, 1 producer submission(s), resident trace and presentation combined; t=78.963, BVH resident/budget 713.8/2048.0 MiB, builds/hits/evictions=318/1745/0, scene builds=460
Frame phases 1420: pre-render 0.010 ms, prepare 3.534 ms, primary repair 0.000 ms, shadow repair 0.000 ms, producer wait 53.073 ms; observer=2627296.30/1109991.87/2584.75, moved=21.58 m, roam=1, replaced=0, image=1600x900, LOD=1.500, shadows=1, minimap=1
Frame work 1420: BVH built/hit/evicted=0/0/0, catalogue/instance/scene builds=1/1/1, cached/scene tiles=318/170, scene 0.1 MiB, selection/detail passes=0/1, fallback ray attempts=0, GPU build/selection/detail=0.440/0.000/0.000 ms, CPU grouping=0.000 ms; atlas installed/evicted=0/0, I/O=0.000 MiB, resident=27/27
Camera preparation: wall 0.260 ms, GPU LOD 0.004 ms, plans/footprints=443/1
Minimap mask: 276x236, 1440000 rays, worker 51.721 ms, GPU 5.616 ms
Minimap publish: request-to-image 51.844 ms
Minimap mask: 276x236, 1440000 rays, worker 3.926 ms, GPU 0.783 ms
Minimap publish: request-to-image 3.989 ms
Frame 1421: wall 52.387 ms, GPU producer 51.751 ms, 1 producer submission(s), resident trace and presentation combined; t=79.052, BVH resident/budget 713.8/2048.0 MiB, builds/hits/evictions=318/1745/0, scene builds=460
Frame phases 1421: pre-render 0.005 ms, prepare 0.302 ms, primary repair 0.000 ms, shadow repair 0.000 ms, producer wait 51.989 ms; observer=2627296.30/1109991.87/2584.75, moved=0.00 m, roam=0, replaced=0, image=1600x900, LOD=1.500, shadows=1, minimap=1
Frame work 1421: BVH built/hit/evicted=0/0/0, catalogue/instance/scene builds=0/0/0, cached/scene tiles=318/170, scene 0.1 MiB, selection/detail passes=0/1, fallback ray attempts=0, GPU build/selection/detail=0.000/0.000/0.000 ms, CPU grouping=0.000 ms; atlas installed/evicted=0/0, I/O=0.000 MiB, resident=27/27
Camera preparation: wall 0.001 ms, GPU LOD 0.000 ms, plans/footprints=443/1
LOD plan: sources=1591, changed finer/coarser=1/1, selected LOD-1=24
Frame 1422: wall 55.961 ms, GPU producer 53.030 ms, 1 producer submission(s), resident trace and presentation combined; t=79.108, BVH resident/budget 713.8/2048.0 MiB, builds/hits/evictions=318/1745/0, scene builds=461
Frame phases 1422: pre-render 0.009 ms, prepare 2.487 ms, primary repair 0.000 ms, shadow repair 0.000 ms, producer wait 53.374 ms; observer=2627301.95/1110012.91/2584.69, moved=21.78 m, roam=1, replaced=0, image=1600x900, LOD=1.500, shadows=1, minimap=1
Frame work 1422: BVH built/hit/evicted=0/0/0, catalogue/instance/scene builds=1/1/1, cached/scene tiles=318/169, scene 0.1 MiB, selection/detail passes=0/1, fallback ray attempts=0, GPU build/selection/detail=0.482/0.000/0.000 ms, CPU grouping=0.000 ms; atlas installed/evicted=0/0, I/O=0.000 MiB, resident=27/27
Camera preparation: wall 0.257 ms, GPU LOD 0.007 ms, plans/footprints=444/1
Minimap mask: 276x236, 1440000 rays, worker 32.026 ms, GPU 7.478 ms
Minimap publish: request-to-image 32.117 ms
LOD plan: sources=1591, changed finer/coarser=1/0, selected LOD-1=24
Minimap mask: 276x236, 1440000 rays, worker 2.033 ms, GPU 0.810 ms
Minimap publish: request-to-image 2.095 ms
Frame 1424: wall 57.283 ms, GPU producer 51.720 ms, 1 producer submission(s), resident trace and presentation combined; t=79.165, BVH resident/budget 713.8/2048.0 MiB, builds/hits/evictions=318/1745/0, scene builds=462
Frame phases 1424: pre-render 1.262 ms, prepare 3.864 ms, primary repair 0.000 ms, shadow repair 0.000 ms, producer wait 52.053 ms; observer=2627307.52/1110033.64/2584.63, moved=21.47 m, roam=1, replaced=0, image=1600x900, LOD=1.500, shadows=1, minimap=1
Frame work 1424: BVH built/hit/evicted=0/0/0, catalogue/instance/scene builds=1/1/1, cached/scene tiles=318/169, scene 0.1 MiB, selection/detail passes=0/1, fallback ray attempts=0, GPU build/selection/detail=1.177/0.000/0.000 ms, CPU grouping=0.000 ms; atlas installed/evicted=0/0, I/O=2.004 MiB, resident=27/27
Camera preparation: wall 0.327 ms, GPU LOD 0.004 ms, plans/footprints=445/1
Minimap mask: 276x236, 1440000 rays, worker 3.982 ms, GPU 0.780 ms
Minimap publish: request-to-image 4.049 ms
Frame 1425: wall 50.735 ms, GPU producer 49.974 ms, 1 producer submission(s), resident trace and presentation combined; t=79.254, BVH resident/budget 713.8/2048.0 MiB, builds/hits/evictions=318/1745/0, scene builds=462
Frame phases 1425: pre-render 0.007 ms, prepare 0.269 ms, primary repair 0.000 ms, shadow repair 0.000 ms, producer wait 50.316 ms; observer=2627307.52/1110033.64/2584.63, moved=0.00 m, roam=0, replaced=0, image=1600x900, LOD=1.500, shadows=1, minimap=1
Frame work 1425: BVH built/hit/evicted=0/0/0, catalogue/instance/scene builds=0/0/0, cached/scene tiles=318/169, scene 0.1 MiB, selection/detail passes=0/1, fallback ray attempts=0, GPU build/selection/detail=0.000/0.000/0.000 ms, CPU grouping=0.000 ms; atlas installed/evicted=0/0, I/O=0.000 MiB, resident=27/27
Camera preparation: wall 0.001 ms, GPU LOD 0.000 ms, plans/footprints=445/1
LOD plan: sources=1591, changed finer/coarser=0/0, selected LOD-1=24
Frame 1426: wall 53.317 ms, GPU producer 50.346 ms, 1 producer submission(s), resident trace and presentation combined; t=79.307, BVH resident/budget 713.8/2048.0 MiB, builds/hits/evictions=318/1745/0, scene builds=463
Frame phases 1426: pre-render 0.015 ms, prepare 2.503 ms, primary repair 0.000 ms, shadow repair 0.000 ms, producer wait 50.719 ms; observer=2627313.38/1110055.44/2584.57, moved=22.57 m, roam=1, replaced=0, image=1600x900, LOD=1.500, shadows=1, minimap=1
Frame work 1426: BVH built/hit/evicted=0/0/0, catalogue/instance/scene builds=1/1/1, cached/scene tiles=318/169, scene 0.1 MiB, selection/detail passes=0/1, fallback ray attempts=0, GPU build/selection/detail=0.482/0.000/0.000 ms, CPU grouping=0.000 ms; atlas installed/evicted=0/0, I/O=0.000 MiB, resident=27/27
Camera preparation: wall 0.238 ms, GPU LOD 0.004 ms, plans/footprints=446/1
Minimap mask: 276x236, 1440000 rays, worker 32.058 ms, GPU 7.325 ms
Minimap publish: request-to-image 32.220 ms
LOD plan: sources=1591, changed finer/coarser=2/2, selected LOD-1=25
Minimap mask: 276x236, 1440000 rays, worker 51.206 ms, GPU 1.502 ms
Minimap publish: request-to-image 51.256 ms
Health t=79.374: memory ok footprint/resident 1353.2/733.9 MiB, Metal allocated/recommended 1116.8/18186.2 MiB, thermal=0
Health t=79.374: worker stage=render age=66.8 ms, calls=998 revision=1426, submitted/completed/presented=0/0/0, stale=0 unavailable=0 refreshed=0
Health t=79.374: display stage=idle age=31.9 ms, calls=2356 revision=1426, submitted/completed/presented=2356/2356/2355, stale=0 unavailable=0 refreshed=0
Health t=79.374: minimap stage=idle age=12.3 ms, calls=673 revision=0, submitted/completed/presented=673/673/671, stale=2 unavailable=0 refreshed=902
Health t=79.374: terrain stage=BVH detail encode/traverse age=12.4 ms
Slow stage: terrain frame wall 194.084 ms (inclusive)
Frame 1428: wall 194.093 ms, GPU producer 51.700 ms, 2 producer submission(s), streaming work excluded from GPU producer timing; t=79.501, BVH resident/budget 724.0/2048.0 MiB, builds/hits/evictions=319/1749/0, scene builds=464
Frame phases 1428: pre-render 0.011 ms, prepare 2.812 ms, primary repair 67.820 ms, shadow repair 70.382 ms, producer wait 52.826 ms; observer=2627318.74/1110075.41/2584.51, moved=20.67 m, roam=1, replaced=0, image=1600x900, LOD=1.500, shadows=1, minimap=1
Frame work 1428: BVH built/hit/evicted=1/4/0, catalogue/instance/scene builds=1/6/1, cached/scene tiles=319/0, scene 0.0 MiB, selection/detail passes=6/7, fallback ray attempts=6844, GPU build/selection/detail=4.640/2.548/25.253 ms, CPU grouping=20.381 ms; atlas installed/evicted=66/66, I/O=37.232 MiB, resident=27/27
Camera preparation: wall 0.303 ms, GPU LOD 0.004 ms, plans/footprints=447/1
Slow stage: worker iteration wall 194.159 ms (inclusive)
LOD plan: sources=1591, changed finer/coarser=1/1, selected LOD-1=25
Frame 1432: wall 51.819 ms, GPU producer 49.851 ms, 1 producer submission(s), resident trace and presentation combined; t=79.553, BVH resident/budget 724.0/2048.0 MiB, builds/hits/evictions=319/1749/0, scene builds=465
Frame phases 1432: pre-render 0.010 ms, prepare 1.602 ms, primary repair 0.000 ms, shadow repair 0.000 ms, producer wait 50.155 ms; observer=2627329.95/1110117.16/2584.40, moved=43.23 m, roam=1, replaced=0, image=1600x900, LOD=1.500, shadows=1, minimap=1
Frame work 1432: BVH built/hit/evicted=0/0/0, catalogue/instance/scene builds=1/1/1, cached/scene tiles=319/166, scene 0.1 MiB, selection/detail passes=0/1, fallback ray attempts=0, GPU build/selection/detail=0.443/0.000/0.000 ms, CPU grouping=0.000 ms; atlas installed/evicted=0/0, I/O=0.000 MiB, resident=27/27
Camera preparation: wall 0.189 ms, GPU LOD 0.004 ms, plans/footprints=448/1
Minimap mask: 276x236, 1440000 rays, worker 43.152 ms, GPU 10.432 ms
Minimap publish: request-to-image 43.249 ms
Minimap mask: 276x236, 1440000 rays, worker 2.884 ms, GPU 0.885 ms
Minimap publish: request-to-image 2.929 ms
Frame 1433: wall 50.212 ms, GPU producer 49.517 ms, 1 producer submission(s), resident trace and presentation combined; t=79.649, BVH resident/budget 724.0/2048.0 MiB, builds/hits/evictions=319/1749/0, scene builds=465
Frame phases 1433: pre-render 0.006 ms, prepare 0.193 ms, primary repair 0.000 ms, shadow repair 0.000 ms, producer wait 49.923 ms; observer=2627329.95/1110117.16/2584.40, moved=0.00 m, roam=0, replaced=0, image=1600x900, LOD=1.500, shadows=1, minimap=1
Frame work 1433: BVH built/hit/evicted=0/0/0, catalogue/instance/scene builds=0/0/0, cached/scene tiles=319/166, scene 0.1 MiB, selection/detail passes=0/1, fallback ray attempts=0, GPU build/selection/detail=0.000/0.000/0.000 ms, CPU grouping=0.000 ms; atlas installed/evicted=0/0, I/O=0.000 MiB, resident=27/27
Camera preparation: wall 0.001 ms, GPU LOD 0.000 ms, plans/footprints=448/1
LOD plan: sources=1591, changed finer/coarser=1/0, selected LOD-1=26
Minimap mask: 276x236, 1440000 rays, worker 27.812 ms, GPU 3.595 ms
Minimap publish: request-to-image 27.931 ms
Slow stage: terrain frame wall 193.212 ms (inclusive)
Frame 1434: wall 193.224 ms, GPU producer 51.936 ms, 2 producer submission(s), streaming work excluded from GPU producer timing; t=79.843, BVH resident/budget 734.3/2048.0 MiB, builds/hits/evictions=320/1755/0, scene builds=466
Frame phases 1434: pre-render 0.018 ms, prepare 2.279 ms, primary repair 76.792 ms, shadow repair 60.935 ms, producer wait 53.093 ms; observer=2627335.60/1110138.19/2584.34, moved=21.77 m, roam=1, replaced=0, image=1600x900, LOD=1.500, shadows=1, minimap=1
Frame work 1434: BVH built/hit/evicted=1/6/0, catalogue/instance/scene builds=1/7/1, cached/scene tiles=320/0, scene 0.0 MiB, selection/detail passes=7/8, fallback ray attempts=8028, GPU build/selection/detail=4.752/3.059/27.263 ms, CPU grouping=22.525 ms; atlas installed/evicted=66/66, I/O=36.761 MiB, resident=27/27
Camera preparation: wall 0.249 ms, GPU LOD 0.007 ms, plans/footprints=449/1
Slow stage: worker iteration wall 193.280 ms (inclusive)
LOD plan: sources=1591, changed finer/coarser=2/0, selected LOD-1=26
Minimap mask: 276x236, 1440000 rays, worker 17.169 ms, GPU 5.033 ms
Minimap publish: request-to-image 17.204 ms
Slow stage: primary repair wall 112.548 ms (inclusive)
Slow stage: terrain frame wall 221.417 ms (inclusive)
Frame 1438: wall 221.423 ms, GPU producer 49.595 ms, 2 producer submission(s), streaming work excluded from GPU producer timing; t=80.064, BVH resident/budget 735.5/2048.0 MiB, builds/hits/evictions=322/1786/0, scene builds=467
Frame phases 1438: pre-render 0.008 ms, prepare 1.605 ms, primary repair 112.548 ms, shadow repair 56.566 ms, producer wait 50.607 ms; observer=2627346.79/1110179.88/2584.22, moved=43.17 m, roam=1, replaced=0, image=1600x900, LOD=1.500, shadows=1, minimap=1
Frame work 1438: BVH built/hit/evicted=2/31/0, catalogue/instance/scene builds=1/19/1, cached/scene tiles=322/0, scene 0.0 MiB, selection/detail passes=19/20, fallback ray attempts=2878, GPU build/selection/detail=2.629/11.027/25.857 ms, CPU grouping=45.676 ms; atlas installed/evicted=67/67, I/O=37.170 MiB, resident=27/27
Camera preparation: wall 0.167 ms, GPU LOD 0.004 ms, plans/footprints=450/1
Slow stage: worker iteration wall 221.480 ms (inclusive)
LOD plan: sources=1591, changed finer/coarser=1/0, selected LOD-1=26
Minimap mask: 276x236, 1440000 rays, worker 37.817 ms, GPU 6.134 ms
Minimap publish: request-to-image 37.852 ms
Slow stage: primary repair wall 105.876 ms (inclusive)
Slow stage: terrain frame wall 211.430 ms (inclusive)
Frame 1442: wall 211.436 ms, GPU producer 48.746 ms, 2 producer submission(s), streaming work excluded from GPU producer timing; t=80.276, BVH resident/budget 738.1/2048.0 MiB, builds/hits/evictions=323/1803/0, scene builds=468
Frame phases 1442: pre-render 0.008 ms, prepare 1.566 ms, primary repair 105.876 ms, shadow repair 54.281 ms, producer wait 49.634 ms; observer=2627357.99/1110221.58/2584.10, moved=43.17 m, roam=1, replaced=0, image=1600x900, LOD=1.500, shadows=1, minimap=1
Frame work 1442: BVH built/hit/evicted=1/17/0, catalogue/instance/scene builds=1/16/1, cached/scene tiles=323/0, scene 0.0 MiB, selection/detail passes=16/17, fallback ray attempts=1982, GPU build/selection/detail=2.517/9.163/26.572 ms, CPU grouping=39.548 ms; atlas installed/evicted=67/67, I/O=37.452 MiB, resident=27/27
Camera preparation: wall 0.199 ms, GPU LOD 0.004 ms, plans/footprints=451/1
Slow stage: worker iteration wall 211.486 ms (inclusive)
LOD plan: sources=1591, changed finer/coarser=0/1, selected LOD-1=26
Frame 1446: wall 50.251 ms, GPU producer 48.491 ms, 1 producer submission(s), resident trace and presentation combined; t=80.326, BVH resident/budget 738.1/2048.0 MiB, builds/hits/evictions=323/1803/0, scene builds=469
Frame phases 1446: pre-render 0.006 ms, prepare 1.451 ms, primary repair 0.000 ms, shadow repair 0.000 ms, producer wait 48.760 ms; observer=2627369.21/1110263.34/2583.98, moved=43.25 m, roam=1, replaced=0, image=1600x900, LOD=1.500, shadows=1, minimap=1
Frame work 1446: BVH built/hit/evicted=0/0/0, catalogue/instance/scene builds=1/1/1, cached/scene tiles=323/165, scene 0.1 MiB, selection/detail passes=0/1, fallback ray attempts=0, GPU build/selection/detail=0.475/0.000/0.000 ms, CPU grouping=0.000 ms; atlas installed/evicted=0/0, I/O=0.000 MiB, resident=27/27
Camera preparation: wall 0.184 ms, GPU LOD 0.003 ms, plans/footprints=452/1
Minimap mask: 276x236, 1440000 rays, worker 16.491 ms, GPU 7.291 ms
Minimap publish: request-to-image 16.537 ms
LOD plan: sources=1591, changed finer/coarser=0/3, selected LOD-1=24
Frame 1448: wall 50.541 ms, GPU producer 48.685 ms, 1 producer submission(s), resident trace and presentation combined; t=80.377, BVH resident/budget 738.1/2048.0 MiB, builds/hits/evictions=323/1803/0, scene builds=470
Frame phases 1448: pre-render 0.004 ms, prepare 1.541 ms, primary repair 0.000 ms, shadow repair 0.000 ms, producer wait 48.965 ms; observer=2627374.81/1110284.22/2583.92, moved=21.62 m, roam=1, replaced=0, image=1600x900, LOD=1.500, shadows=1, minimap=1
Frame work 1448: BVH built/hit/evicted=0/0/0, catalogue/instance/scene builds=1/1/1, cached/scene tiles=323/163, scene 0.1 MiB, selection/detail passes=0/1, fallback ray attempts=0, GPU build/selection/detail=0.455/0.000/0.000 ms, CPU grouping=0.000 ms; atlas installed/evicted=0/0, I/O=0.000 MiB, resident=27/27
Camera preparation: wall 0.204 ms, GPU LOD 0.004 ms, plans/footprints=453/1
Minimap mask: 276x236, 1440000 rays, worker 33.696 ms, GPU 7.556 ms
Minimap publish: request-to-image 33.776 ms
Health t=80.379: memory ok footprint/resident 1378.2/742.1 MiB, Metal allocated/recommended 1141.3/18186.2 MiB, thermal=0
Health t=80.379: worker stage=idle age=2.4 ms, calls=1005 revision=1448, submitted/completed/presented=0/0/0, stale=0 unavailable=0 refreshed=0
Health t=80.379: display stage=idle age=3.8 ms, calls=2387 revision=1446, submitted/completed/presented=2387/2387/2385, stale=0 unavailable=0 refreshed=0
Health t=80.379: minimap stage=idle age=2.4 ms, calls=680 revision=0, submitted/completed/presented=680/680/678, stale=2 unavailable=0 refreshed=913
Health t=80.379: terrain stage=idle age=80379.1 ms
Frame 1449: wall 49.634 ms, GPU producer 49.065 ms, 1 producer submission(s), resident trace and presentation combined; t=80.448, BVH resident/budget 738.1/2048.0 MiB, builds/hits/evictions=323/1803/0, scene builds=470
Frame phases 1449: pre-render 0.008 ms, prepare 0.107 ms, primary repair 0.000 ms, shadow repair 0.000 ms, producer wait 49.429 ms; observer=2627374.81/1110284.22/2583.92, moved=0.00 m, roam=0, replaced=0, image=1600x900, LOD=1.500, shadows=1, minimap=1
Frame work 1449: BVH built/hit/evicted=0/0/0, catalogue/instance/scene builds=0/0/0, cached/scene tiles=323/163, scene 0.1 MiB, selection/detail passes=0/1, fallback ray attempts=0, GPU build/selection/detail=0.000/0.000/0.000 ms, CPU grouping=0.000 ms; atlas installed/evicted=0/0, I/O=0.000 MiB, resident=27/27
Camera preparation: wall 0.000 ms, GPU LOD 0.000 ms, plans/footprints=453/1
Minimap mask: 276x236, 1440000 rays, worker 38.100 ms, GPU 4.443 ms
Minimap publish: request-to-image 38.167 ms
LOD plan: sources=1591, changed finer/coarser=1/2, selected LOD-1=24
Frame 1450: wall 53.541 ms, GPU producer 50.691 ms, 1 producer submission(s), resident trace and presentation combined; t=80.502, BVH resident/budget 738.1/2048.0 MiB, builds/hits/evictions=323/1803/0, scene builds=471
Frame phases 1450: pre-render 0.019 ms, prepare 2.444 ms, primary repair 0.000 ms, shadow repair 0.000 ms, producer wait 50.982 ms; observer=2627380.42/1110305.10/2583.86, moved=21.62 m, roam=1, replaced=0, image=1600x900, LOD=1.500, shadows=1, minimap=1
Frame work 1450: BVH built/hit/evicted=0/0/0, catalogue/instance/scene builds=1/1/1, cached/scene tiles=323/163, scene 0.1 MiB, selection/detail passes=0/1, fallback ray attempts=0, GPU build/selection/detail=0.467/0.000/0.000 ms, CPU grouping=0.000 ms; atlas installed/evicted=0/0, I/O=0.000 MiB, resident=27/27
Camera preparation: wall 0.271 ms, GPU LOD 0.007 ms, plans/footprints=454/1
Minimap mask: 276x236, 1440000 rays, worker 26.101 ms, GPU 3.338 ms
LOD plan: sources=1591, changed finer/coarser=0/1, selected LOD-1=24
Minimap publish: request-to-image 27.611 ms
Frame 1452: wall 51.996 ms, GPU producer 49.559 ms, 1 producer submission(s), resident trace and presentation combined; t=80.554, BVH resident/budget 738.1/2048.0 MiB, builds/hits/evictions=323/1803/0, scene builds=472
Frame phases 1452: pre-render 0.011 ms, prepare 1.959 ms, primary repair 0.000 ms, shadow repair 0.000 ms, producer wait 49.954 ms; observer=2627386.00/1110325.89/2583.80, moved=21.52 m, roam=1, replaced=0, image=1600x900, LOD=1.500, shadows=1, minimap=1
Frame work 1452: BVH built/hit/evicted=0/0/0, catalogue/instance/scene builds=1/1/1, cached/scene tiles=323/163, scene 0.1 MiB, selection/detail passes=0/1, fallback ray attempts=0, GPU build/selection/detail=0.427/0.000/0.000 ms, CPU grouping=0.000 ms; atlas installed/evicted=0/0, I/O=0.000 MiB, resident=27/27
Camera preparation: wall 0.215 ms, GPU LOD 0.004 ms, plans/footprints=455/1
Minimap mask: 276x236, 1440000 rays, worker 43.339 ms, GPU 4.504 ms
Minimap publish: request-to-image 43.423 ms
Minimap mask: 276x236, 1440000 rays, worker 3.093 ms, GPU 0.796 ms
Minimap publish: request-to-image 3.140 ms
Frame 1453: wall 48.829 ms, GPU producer 48.075 ms, 1 producer submission(s), resident trace and presentation combined; t=80.648, BVH resident/budget 738.1/2048.0 MiB, builds/hits/evictions=323/1803/0, scene builds=472
Frame phases 1453: pre-render 0.012 ms, prepare 0.178 ms, primary repair 0.000 ms, shadow repair 0.000 ms, producer wait 48.536 ms; observer=2627386.00/1110325.89/2583.80, moved=0.00 m, roam=0, replaced=0, image=1600x900, LOD=1.500, shadows=1, minimap=1
Frame work 1453: BVH built/hit/evicted=0/0/0, catalogue/instance/scene builds=0/0/0, cached/scene tiles=323/163, scene 0.1 MiB, selection/detail passes=0/1, fallback ray attempts=0, GPU build/selection/detail=0.000/0.000/0.000 ms, CPU grouping=0.000 ms; atlas installed/evicted=0/0, I/O=0.000 MiB, resident=27/27
Camera preparation: wall 0.002 ms, GPU LOD 0.000 ms, plans/footprints=455/1
LOD plan: sources=1591, changed finer/coarser=0/1, selected LOD-1=24
Minimap mask: 276x236, 1440000 rays, worker 26.822 ms, GPU 3.654 ms
Frame 1454: wall 53.201 ms, GPU producer 50.287 ms, 1 producer submission(s), resident trace and presentation combined; t=80.702, BVH resident/budget 738.1/2048.0 MiB, builds/hits/evictions=323/1803/0, scene builds=473
Frame phases 1454: pre-render 0.012 ms, prepare 2.387 ms, primary repair 0.000 ms, shadow repair 0.000 ms, producer wait 50.721 ms; observer=2627391.70/1110347.09/2583.74, moved=21.95 m, roam=1, replaced=0, image=1600x900, LOD=1.500, shadows=1, minimap=1
Frame work 1454: BVH built/hit/evicted=0/0/0, catalogue/instance/scene builds=1/1/1, cached/scene tiles=323/163, scene 0.1 MiB, selection/detail passes=0/1, fallback ray attempts=0, GPU build/selection/detail=0.429/0.000/0.000 ms, CPU grouping=0.000 ms; atlas installed/evicted=0/0, I/O=0.000 MiB, resident=27/27
Camera preparation: wall 0.260 ms, GPU LOD 0.004 ms, plans/footprints=456/1
Minimap publish: request-to-image 27.021 ms
LOD plan: sources=1591, changed finer/coarser=2/2, selected LOD-1=25
Minimap mask: 276x236, 1440000 rays, worker 43.673 ms, GPU 8.841 ms
Minimap publish: request-to-image 43.730 ms
Slow stage: primary repair wall 152.972 ms (inclusive)
Slow stage: terrain frame wall 261.393 ms (inclusive)
Frame 1456: wall 261.410 ms, GPU producer 49.531 ms, 2 producer submission(s), streaming work excluded from GPU producer timing; t=80.963, BVH resident/budget 749.0/2048.0 MiB, builds/hits/evictions=325/1851/0, scene builds=474
Frame phases 1456: pre-render 0.025 ms, prepare 3.222 ms, primary repair 152.972 ms, shadow repair 54.439 ms, producer wait 50.613 ms; observer=2627397.20/1110367.59/2583.68, moved=21.22 m, roam=1, replaced=0, image=1600x900, LOD=1.500, shadows=1, minimap=1
Frame work 1456: BVH built/hit/evicted=2/48/0, catalogue/instance/scene builds=1/21/1, cached/scene tiles=325/0, scene 0.0 MiB, selection/detail passes=21/22, fallback ray attempts=67192, GPU build/selection/detail=6.215/11.575/28.989 ms, CPU grouping=60.716 ms; atlas installed/evicted=67/67, I/O=38.672 MiB, resident=27/27
Camera preparation: wall 0.346 ms, GPU LOD 0.004 ms, plans/footprints=457/1
Slow stage: worker iteration wall 261.470 ms (inclusive)
LOD plan: sources=1591, changed finer/coarser=0/1, selected LOD-1=25
Minimap mask: 276x236, 1440000 rays, worker 35.111 ms, GPU 5.499 ms
Frame 1460: wall 48.521 ms, GPU producer 46.695 ms, 1 producer submission(s), resident trace and presentation combined; t=81.012, BVH resident/budget 749.0/2048.0 MiB, builds/hits/evictions=325/1851/0, scene builds=475
Frame phases 1460: pre-render 0.038 ms, prepare 1.485 ms, primary repair 0.000 ms, shadow repair 0.000 ms, producer wait 46.960 ms; observer=2627408.46/1110409.52/2583.56, moved=43.41 m, roam=1, replaced=0, image=1600x900, LOD=1.500, shadows=1, minimap=1
Frame work 1460: BVH built/hit/evicted=0/0/0, catalogue/instance/scene builds=1/1/1, cached/scene tiles=325/162, scene 0.1 MiB, selection/detail passes=0/1, fallback ray attempts=0, GPU build/selection/detail=0.460/0.000/0.000 ms, CPU grouping=0.000 ms; atlas installed/evicted=0/0, I/O=0.000 MiB, resident=27/27
Camera preparation: wall 0.177 ms, GPU LOD 0.004 ms, plans/footprints=458/1
Minimap publish: request-to-image 35.219 ms
LOD plan: sources=1591, changed finer/coarser=1/0, selected LOD-1=25
Frame 1462: wall 52.467 ms, GPU producer 50.584 ms, 1 producer submission(s), resident trace and presentation combined; t=81.064, BVH resident/budget 749.0/2048.0 MiB, builds/hits/evictions=325/1851/0, scene builds=476
Frame phases 1462: pre-render 0.007 ms, prepare 1.627 ms, primary repair 0.000 ms, shadow repair 0.000 ms, producer wait 50.786 ms; observer=2627414.11/1110430.57/2583.50, moved=21.79 m, roam=1, replaced=0, image=1600x900, LOD=1.500, shadows=1, minimap=1
Frame work 1462: BVH built/hit/evicted=0/0/0, catalogue/instance/scene builds=1/1/1, cached/scene tiles=325/161, scene 0.1 MiB, selection/detail passes=0/1, fallback ray attempts=0, GPU build/selection/detail=0.462/0.000/0.000 ms, CPU grouping=0.000 ms; atlas installed/evicted=0/0, I/O=0.000 MiB, resident=27/27
Camera preparation: wall 0.201 ms, GPU LOD 0.004 ms, plans/footprints=459/1
Minimap mask: 276x236, 1440000 rays, worker 21.285 ms, GPU 6.800 ms
Minimap publish: request-to-image 22.862 ms
Minimap mask: 276x236, 1440000 rays, worker 1.608 ms, GPU 0.742 ms
Minimap publish: request-to-image 2.581 ms
Frame 1463: wall 49.349 ms, GPU producer 48.392 ms, 1 producer submission(s), resident trace and presentation combined; t=81.148, BVH resident/budget 749.0/2048.0 MiB, builds/hits/evictions=325/1851/0, scene builds=476
Frame phases 1463: pre-render 0.005 ms, prepare 0.162 ms, primary repair 0.000 ms, shadow repair 0.000 ms, producer wait 49.100 ms; observer=2627414.11/1110430.57/2583.50, moved=0.00 m, roam=0, replaced=0, image=1600x900, LOD=1.500, shadows=1, minimap=1
Frame work 1463: BVH built/hit/evicted=0/0/0, catalogue/instance/scene builds=0/0/0, cached/scene tiles=325/161, scene 0.1 MiB, selection/detail passes=0/1, fallback ray attempts=0, GPU build/selection/detail=0.000/0.000/0.000 ms, CPU grouping=0.000 ms; atlas installed/evicted=0/0, I/O=0.000 MiB, resident=27/27
Camera preparation: wall 0.001 ms, GPU LOD 0.000 ms, plans/footprints=459/1
LOD plan: sources=1591, changed finer/coarser=0/0, selected LOD-1=25
Frame 1464: wall 52.235 ms, GPU producer 49.481 ms, 1 producer submission(s), resident trace and presentation combined; t=81.200, BVH resident/budget 749.0/2048.0 MiB, builds/hits/evictions=325/1851/0, scene builds=477
Frame phases 1464: pre-render 0.008 ms, prepare 2.383 ms, primary repair 0.000 ms, shadow repair 0.000 ms, producer wait 49.770 ms; observer=2627419.67/1110451.28/2583.44, moved=21.45 m, roam=1, replaced=0, image=1600x900, LOD=1.500, shadows=1, minimap=1
Frame work 1464: BVH built/hit/evicted=0/0/0, catalogue/instance/scene builds=1/1/1, cached/scene tiles=325/161, scene 0.1 MiB, selection/detail passes=0/1, fallback ray attempts=0, GPU build/selection/detail=0.456/0.000/0.000 ms, CPU grouping=0.000 ms; atlas installed/evicted=0/0, I/O=0.000 MiB, resident=27/27
Camera preparation: wall 0.252 ms, GPU LOD 0.004 ms, plans/footprints=460/1
Minimap mask: 276x236, 1440000 rays, worker 25.009 ms, GPU 2.209 ms
Minimap publish: request-to-image 25.109 ms
LOD plan: sources=1591, changed finer/coarser=0/0, selected LOD-1=25
Minimap mask: 276x236, 1440000 rays, worker 42.986 ms, GPU 7.602 ms
Minimap publish: request-to-image 43.156 ms
Frame 1466: wall 54.026 ms, GPU producer 49.461 ms, 1 producer submission(s), resident trace and presentation combined; t=81.255, BVH resident/budget 749.0/2048.0 MiB, builds/hits/evictions=325/1851/0, scene builds=478
Frame phases 1466: pre-render 0.106 ms, prepare 3.755 ms, primary repair 0.000 ms, shadow repair 0.000 ms, producer wait 50.014 ms; observer=2627425.23/1110471.96/2583.38, moved=21.41 m, roam=1, replaced=0, image=1600x900, LOD=1.500, shadows=1, minimap=1
Frame work 1466: BVH built/hit/evicted=0/0/0, catalogue/instance/scene builds=1/1/1, cached/scene tiles=325/161, scene 0.1 MiB, selection/detail passes=0/1, fallback ray attempts=0, GPU build/selection/detail=0.445/0.000/0.000 ms, CPU grouping=0.000 ms; atlas installed/evicted=0/0, I/O=0.000 MiB, resident=27/27
Camera preparation: wall 0.328 ms, GPU LOD 0.004 ms, plans/footprints=461/1
Minimap mask: 276x236, 1440000 rays, worker 2.088 ms, GPU 0.839 ms
Minimap publish: request-to-image 4.120 ms
Frame 1467: wall 51.175 ms, GPU producer 47.802 ms, 1 producer submission(s), resident trace and presentation combined; t=81.349, BVH resident/budget 749.0/2048.0 MiB, builds/hits/evictions=325/1851/0, scene builds=478
Frame phases 1467: pre-render 0.036 ms, prepare 0.197 ms, primary repair 0.000 ms, shadow repair 0.000 ms, producer wait 50.855 ms; observer=2627425.23/1110471.96/2583.38, moved=0.00 m, roam=0, replaced=0, image=1600x900, LOD=1.500, shadows=1, minimap=1
Frame work 1467: BVH built/hit/evicted=0/0/0, catalogue/instance/scene builds=0/0/0, cached/scene tiles=325/161, scene 0.1 MiB, selection/detail passes=0/1, fallback ray attempts=0, GPU build/selection/detail=0.000/0.000/0.000 ms, CPU grouping=0.000 ms; atlas installed/evicted=0/0, I/O=0.000 MiB, resident=27/27
Camera preparation: wall 0.001 ms, GPU LOD 0.000 ms, plans/footprints=461/1
LOD plan: sources=1591, changed finer/coarser=0/1, selected LOD-1=25
Health t=81.384: memory ok footprint/resident 1391.8/747.9 MiB, Metal allocated/recommended 1154.3/18186.2 MiB, thermal=0
Health t=81.384: worker stage=render age=35.3 ms, calls=1018 revision=1467, submitted/completed/presented=0/0/0, stale=0 unavailable=0 refreshed=0
Health t=81.384: display stage=idle age=7.2 ms, calls=2417 revision=1467, submitted/completed/presented=2417/2416/2414, stale=0 unavailable=0 refreshed=0
Health t=81.384: minimap stage=mask-gpu age=8.2 ms, calls=693 revision=0, submitted/completed/presented=693/692/690, stale=2 unavailable=0 refreshed=927
Health t=81.384: terrain stage=producer wait age=32.8 ms
Frame 1468: wall 51.913 ms, GPU producer 49.012 ms, 1 producer submission(s), resident trace and presentation combined; t=81.401, BVH resident/budget 749.0/2048.0 MiB, builds/hits/evictions=325/1851/0, scene builds=479
Frame phases 1468: pre-render 0.015 ms, prepare 2.448 ms, primary repair 0.000 ms, shadow repair 0.000 ms, producer wait 49.364 ms; observer=2627430.84/1110492.86/2583.32, moved=21.64 m, roam=1, replaced=0, image=1600x900, LOD=1.500, shadows=1, minimap=1
Frame work 1468: BVH built/hit/evicted=0/0/0, catalogue/instance/scene builds=1/1/1, cached/scene tiles=325/161, scene 0.1 MiB, selection/detail passes=0/1, fallback ray attempts=0, GPU build/selection/detail=0.489/0.000/0.000 ms, CPU grouping=0.000 ms; atlas installed/evicted=0/0, I/O=0.000 MiB, resident=27/27
Camera preparation: wall 0.241 ms, GPU LOD 0.007 ms, plans/footprints=462/1
Minimap mask: 276x236, 1440000 rays, worker 24.993 ms, GPU 3.414 ms
LOD plan: sources=1591, changed finer/coarser=0/0, selected LOD-1=25
Minimap publish: request-to-image 26.496 ms
Frame 1470: wall 52.120 ms, GPU producer 48.574 ms, 1 producer submission(s), resident trace and presentation combined; t=81.453, BVH resident/budget 749.0/2048.0 MiB, builds/hits/evictions=325/1851/0, scene builds=480
Frame phases 1470: pre-render 0.012 ms, prepare 3.015 ms, primary repair 0.000 ms, shadow repair 0.000 ms, producer wait 49.013 ms; observer=2627436.45/1110513.74/2583.26, moved=21.62 m, roam=1, replaced=0, image=1600x900, LOD=1.500, shadows=1, minimap=1
Frame work 1470: BVH built/hit/evicted=0/0/0, catalogue/instance/scene builds=1/1/1, cached/scene tiles=325/161, scene 0.1 MiB, selection/detail passes=0/1, fallback ray attempts=0, GPU build/selection/detail=0.476/0.000/0.000 ms, CPU grouping=0.000 ms; atlas installed/evicted=0/0, I/O=0.000 MiB, resident=27/27
Camera preparation: wall 0.407 ms, GPU LOD 0.004 ms, plans/footprints=463/1
Minimap mask: 276x236, 1440000 rays, worker 42.065 ms, GPU 5.530 ms
Minimap publish: request-to-image 46.367 ms
Minimap mask: 276x236, 1440000 rays, worker 2.174 ms, GPU 0.896 ms
Minimap publish: request-to-image 9.349 ms
Frame 1471: wall 50.219 ms, GPU producer 47.548 ms, 1 producer submission(s), resident trace and presentation combined; t=81.549, BVH resident/budget 749.0/2048.0 MiB, builds/hits/evictions=325/1851/0, scene builds=480
Frame phases 1471: pre-render 0.005 ms, prepare 0.260 ms, primary repair 0.000 ms, shadow repair 0.000 ms, producer wait 49.857 ms; observer=2627436.45/1110513.74/2583.26, moved=0.00 m, roam=0, replaced=0, image=1600x900, LOD=1.500, shadows=1, minimap=1
Frame work 1471: BVH built/hit/evicted=0/0/0, catalogue/instance/scene builds=0/0/0, cached/scene tiles=325/161, scene 0.1 MiB, selection/detail passes=0/1, fallback ray attempts=0, GPU build/selection/detail=0.000/0.000/0.000 ms, CPU grouping=0.000 ms; atlas installed/evicted=0/0, I/O=0.000 MiB, resident=27/27
Camera preparation: wall 0.001 ms, GPU LOD 0.000 ms, plans/footprints=463/1
LOD plan: sources=1591, changed finer/coarser=1/1, selected LOD-1=25
Frame 1472: wall 52.211 ms, GPU producer 49.239 ms, 1 producer submission(s), resident trace and presentation combined; t=81.601, BVH resident/budget 749.0/2048.0 MiB, builds/hits/evictions=325/1851/0, scene builds=481
Frame phases 1472: pre-render 0.013 ms, prepare 2.490 ms, primary repair 0.000 ms, shadow repair 0.000 ms, producer wait 49.610 ms; observer=2627442.10/1110534.81/2583.20, moved=21.81 m, roam=1, replaced=0, image=1600x900, LOD=1.500, shadows=1, minimap=1
Frame work 1472: BVH built/hit/evicted=0/0/0, catalogue/instance/scene builds=1/1/1, cached/scene tiles=325/161, scene 0.1 MiB, selection/detail passes=0/1, fallback ray attempts=0, GPU build/selection/detail=0.487/0.000/0.000 ms, CPU grouping=0.000 ms; atlas installed/evicted=0/0, I/O=0.000 MiB, resident=27/27
Camera preparation: wall 0.257 ms, GPU LOD 0.007 ms, plans/footprints=464/1
Minimap mask: 276x236, 1440000 rays, worker 25.589 ms, GPU 3.094 ms
LOD plan: sources=1591, changed finer/coarser=1/2, selected LOD-1=25
Minimap publish: request-to-image 29.346 ms
Frame 1474: wall 52.695 ms, GPU producer 48.649 ms, 1 producer submission(s), resident trace and presentation combined; t=81.654, BVH resident/budget 749.0/2048.0 MiB, builds/hits/evictions=325/1851/0, scene builds=482
Frame phases 1474: pre-render 0.013 ms, prepare 3.522 ms, primary repair 0.000 ms, shadow repair 0.000 ms, producer wait 49.065 ms; observer=2627447.67/1110555.52/2583.14, moved=21.45 m, roam=1, replaced=0, image=1600x900, LOD=1.500, shadows=1, minimap=1
Frame work 1474: BVH built/hit/evicted=0/0/0, catalogue/instance/scene builds=1/1/1, cached/scene tiles=325/159, scene 0.1 MiB, selection/detail passes=0/1, fallback ray attempts=0, GPU build/selection/detail=0.439/0.000/0.000 ms, CPU grouping=0.000 ms; atlas installed/evicted=0/0, I/O=0.000 MiB, resident=27/27
Camera preparation: wall 0.388 ms, GPU LOD 0.004 ms, plans/footprints=465/1
Minimap mask: 276x236, 1440000 rays, worker 44.215 ms, GPU 5.576 ms
Minimap publish: request-to-image 46.924 ms
Minimap mask: 276x236, 1440000 rays, worker 2.171 ms, GPU 0.862 ms
Minimap publish: request-to-image 4.702 ms
Frame 1475: wall 51.396 ms, GPU producer 48.002 ms, 1 producer submission(s), resident trace and presentation combined; t=81.750, BVH resident/budget 749.0/2048.0 MiB, builds/hits/evictions=325/1851/0, scene builds=482
Frame phases 1475: pre-render 0.008 ms, prepare 0.183 ms, primary repair 0.000 ms, shadow repair 0.000 ms, producer wait 51.120 ms; observer=2627447.67/1110555.52/2583.14, moved=0.00 m, roam=0, replaced=0, image=1600x900, LOD=1.500, shadows=1, minimap=1
Frame work 1475: BVH built/hit/evicted=0/0/0, catalogue/instance/scene builds=0/0/0, cached/scene tiles=325/159, scene 0.1 MiB, selection/detail passes=0/1, fallback ray attempts=0, GPU build/selection/detail=0.000/0.000/0.000 ms, CPU grouping=0.000 ms; atlas installed/evicted=0/0, I/O=0.000 MiB, resident=27/27
Camera preparation: wall 0.001 ms, GPU LOD 0.000 ms, plans/footprints=465/1
LOD plan: sources=1591, changed finer/coarser=1/1, selected LOD-1=25
Minimap mask: 276x236, 1440000 rays, worker 26.494 ms, GPU 2.299 ms
Minimap publish: request-to-image 28.912 ms
Slow stage: primary repair wall 115.142 ms (inclusive)
Slow stage: terrain frame wall 227.641 ms (inclusive)
Frame 1476: wall 227.653 ms, GPU producer 49.433 ms, 2 producer submission(s), streaming work excluded from GPU producer timing; t=81.978, BVH resident/budget 751.6/2048.0 MiB, builds/hits/evictions=326/1874/0, scene builds=483
Frame phases 1476: pre-render 0.017 ms, prepare 2.381 ms, primary repair 115.142 ms, shadow repair 59.473 ms, producer wait 50.518 ms; observer=2627453.32/1110576.58/2583.08, moved=21.80 m, roam=1, replaced=0, image=1600x900, LOD=1.500, shadows=1, minimap=1
Frame work 1476: BVH built/hit/evicted=1/23/0, catalogue/instance/scene builds=1/16/1, cached/scene tiles=326/0, scene 0.0 MiB, selection/detail passes=16/17, fallback ray attempts=9466, GPU build/selection/detail=2.916/8.726/26.005 ms, CPU grouping=48.509 ms; atlas installed/evicted=65/65, I/O=35.040 MiB, resident=27/27
Camera preparation: wall 0.232 ms, GPU LOD 0.007 ms, plans/footprints=466/1
Slow stage: worker iteration wall 227.733 ms (inclusive)
LOD plan: sources=1591, changed finer/coarser=0/0, selected LOD-1=25
Frame 1480: wall 50.287 ms, GPU producer 48.409 ms, 1 producer submission(s), resident trace and presentation combined; t=82.028, BVH resident/budget 751.6/2048.0 MiB, builds/hits/evictions=326/1874/0, scene builds=484
Frame phases 1480: pre-render 0.018 ms, prepare 1.546 ms, primary repair 0.000 ms, shadow repair 0.000 ms, producer wait 48.683 ms; observer=2627464.54/1110618.34/2582.96, moved=43.24 m, roam=1, replaced=0, image=1600x900, LOD=1.500, shadows=1, minimap=1
Frame work 1480: BVH built/hit/evicted=0/0/0, catalogue/instance/scene builds=1/1/1, cached/scene tiles=326/158, scene 0.1 MiB, selection/detail passes=0/1, fallback ray attempts=0, GPU build/selection/detail=0.463/0.000/0.000 ms, CPU grouping=0.000 ms; atlas installed/evicted=0/0, I/O=0.000 MiB, resident=27/27
Camera preparation: wall 0.177 ms, GPU LOD 0.004 ms, plans/footprints=467/1
Minimap mask: 276x236, 1440000 rays, worker 18.384 ms, GPU 5.438 ms
Minimap publish: request-to-image 18.469 ms
LOD plan: sources=1591, changed finer/coarser=0/1, selected LOD-1=25
Frame 1482: wall 50.501 ms, GPU producer 48.362 ms, 1 producer submission(s), resident trace and presentation combined; t=82.079, BVH resident/budget 751.6/2048.0 MiB, builds/hits/evictions=326/1874/0, scene builds=485
Frame phases 1482: pre-render 0.030 ms, prepare 1.734 ms, primary repair 0.000 ms, shadow repair 0.000 ms, producer wait 48.683 ms; observer=2627470.14/1110639.22/2582.90, moved=21.62 m, roam=1, replaced=0, image=1600x900, LOD=1.500, shadows=1, minimap=1
Frame work 1482: BVH built/hit/evicted=0/0/0, catalogue/instance/scene builds=1/1/1, cached/scene tiles=326/157, scene 0.1 MiB, selection/detail passes=0/1, fallback ray attempts=0, GPU build/selection/detail=0.463/0.000/0.000 ms, CPU grouping=0.000 ms; atlas installed/evicted=0/0, I/O=0.000 MiB, resident=27/27
Camera preparation: wall 0.204 ms, GPU LOD 0.004 ms, plans/footprints=468/1
Minimap mask: 276x236, 1440000 rays, worker 35.327 ms, GPU 8.671 ms
Minimap publish: request-to-image 36.206 ms
Frame 1483: wall 49.065 ms, GPU producer 48.559 ms, 1 producer submission(s), resident trace and presentation combined; t=82.148, BVH resident/budget 751.6/2048.0 MiB, builds/hits/evictions=326/1874/0, scene builds=485
Minimap mask: 276x236, 1440000 rays, worker 37.438 ms, GPU 9.630 ms
Frame phases 1483: pre-render 0.016 ms, prepare 0.119 ms, primary repair 0.000 ms, shadow repair 0.000 ms, producer wait 48.857 ms; observer=2627470.14/1110639.22/2582.90, moved=0.00 m, roam=0, replaced=0, image=1600x900, LOD=1.500, shadows=1, minimap=1
Minimap publish: request-to-image 37.486 ms
Frame work 1483: BVH built/hit/evicted=0/0/0, catalogue/instance/scene builds=0/0/0, cached/scene tiles=326/157, scene 0.1 MiB, selection/detail passes=0/1, fallback ray attempts=0, GPU build/selection/detail=0.000/0.000/0.000 ms, CPU grouping=0.000 ms; atlas installed/evicted=0/0, I/O=0.000 MiB, resident=27/27
Camera preparation: wall 0.001 ms, GPU LOD 0.000 ms, plans/footprints=468/1
LOD plan: sources=1591, changed finer/coarser=0/1, selected LOD-1=25
Frame 1484: wall 51.575 ms, GPU producer 49.079 ms, 1 producer submission(s), resident trace and presentation combined; t=82.199, BVH resident/budget 751.6/2048.0 MiB, builds/hits/evictions=326/1874/0, scene builds=486
Frame phases 1484: pre-render 0.009 ms, prepare 2.135 ms, primary repair 0.000 ms, shadow repair 0.000 ms, producer wait 49.356 ms; observer=2627475.75/1110660.10/2582.84, moved=21.62 m, roam=1, replaced=0, image=1600x900, LOD=1.500, shadows=1, minimap=1
Frame work 1484: BVH built/hit/evicted=0/0/0, catalogue/instance/scene builds=1/1/1, cached/scene tiles=326/157, scene 0.1 MiB, selection/detail passes=0/1, fallback ray attempts=0, GPU build/selection/detail=0.485/0.000/0.000 ms, CPU grouping=0.000 ms; atlas installed/evicted=0/0, I/O=0.000 MiB, resident=27/27
Camera preparation: wall 0.250 ms, GPU LOD 0.004 ms, plans/footprints=469/1
Minimap mask: 276x236, 1440000 rays, worker 23.957 ms, GPU 7.104 ms
Minimap publish: request-to-image 24.074 ms
LOD plan: sources=1591, changed finer/coarser=0/0, selected LOD-1=25
Frame 1486: wall 51.673 ms, GPU producer 48.771 ms, 1 producer submission(s), resident trace and presentation combined; t=82.251, BVH resident/budget 751.6/2048.0 MiB, builds/hits/evictions=326/1874/0, scene builds=487
Frame phases 1486: pre-render 0.010 ms, prepare 2.414 ms, primary repair 0.000 ms, shadow repair 0.000 ms, producer wait 49.162 ms; observer=2627481.32/1110680.86/2582.78, moved=21.49 m, roam=1, replaced=0, image=1600x900, LOD=1.500, shadows=1, minimap=1
Frame work 1486: BVH built/hit/evicted=0/0/0, catalogue/instance/scene builds=1/1/1, cached/scene tiles=326/157, scene 0.1 MiB, selection/detail passes=0/1, fallback ray attempts=0, GPU build/selection/detail=0.444/0.000/0.000 ms, CPU grouping=0.000 ms; atlas installed/evicted=0/0, I/O=0.000 MiB, resident=27/27
Camera preparation: wall 0.203 ms, GPU LOD 0.003 ms, plans/footprints=470/1
Minimap mask: 276x236, 1440000 rays, worker 41.624 ms, GPU 5.401 ms
Minimap publish: request-to-image 43.416 ms
Minimap mask: 276x236, 1440000 rays, worker 2.018 ms, GPU 0.872 ms
Minimap publish: request-to-image 3.999 ms
Frame 1487: wall 50.538 ms, GPU producer 47.739 ms, 1 producer submission(s), resident trace and presentation combined; t=82.349, BVH resident/budget 751.6/2048.0 MiB, builds/hits/evictions=326/1874/0, scene builds=487
Frame phases 1487: pre-render 0.005 ms, prepare 0.191 ms, primary repair 0.000 ms, shadow repair 0.000 ms, producer wait 50.245 ms; observer=2627481.32/1110680.86/2582.78, moved=0.00 m, roam=0, replaced=0, image=1600x900, LOD=1.500, shadows=1, minimap=1
Frame work 1487: BVH built/hit/evicted=0/0/0, catalogue/instance/scene builds=0/0/0, cached/scene tiles=326/157, scene 0.1 MiB, selection/detail passes=0/1, fallback ray attempts=0, GPU build/selection/detail=0.000/0.000/0.000 ms, CPU grouping=0.000 ms; atlas installed/evicted=0/0, I/O=0.000 MiB, resident=27/27
Camera preparation: wall 0.001 ms, GPU LOD 0.000 ms, plans/footprints=470/1
LOD plan: sources=1591, changed finer/coarser=0/0, selected LOD-1=25
Health t=82.384: memory ok footprint/resident 1394.5/748.8 MiB, Metal allocated/recommended 1156.9/18186.2 MiB, thermal=0
Health t=82.384: worker stage=render age=35.2 ms, calls=1031 revision=1487, submitted/completed/presented=0/0/0, stale=0 unavailable=0 refreshed=0
Health t=82.384: display stage=idle age=7.5 ms, calls=2447 revision=1487, submitted/completed/presented=2447/2446/2444, stale=0 unavailable=0 refreshed=0
Health t=82.384: minimap stage=mask-gpu age=8.7 ms, calls=706 revision=0, submitted/completed/presented=706/705/703, stale=2 unavailable=0 refreshed=941
Health t=82.384: terrain stage=producer wait age=32.6 ms
Frame 1488: wall 52.473 ms, GPU producer 49.481 ms, 1 producer submission(s), resident trace and presentation combined; t=82.402, BVH resident/budget 751.6/2048.0 MiB, builds/hits/evictions=326/1874/0, scene builds=488
Frame phases 1488: pre-render 0.009 ms, prepare 2.529 ms, primary repair 0.000 ms, shadow repair 0.000 ms, producer wait 49.841 ms; observer=2627486.97/1110701.86/2582.72, moved=21.75 m, roam=1, replaced=0, image=1600x900, LOD=1.500, shadows=1, minimap=1
Frame work 1488: BVH built/hit/evicted=0/0/0, catalogue/instance/scene builds=1/1/1, cached/scene tiles=326/157, scene 0.1 MiB, selection/detail passes=0/1, fallback ray attempts=0, GPU build/selection/detail=0.465/0.000/0.000 ms, CPU grouping=0.000 ms; atlas installed/evicted=0/0, I/O=0.000 MiB, resident=27/27
Minimap mask: 276x236, 1440000 rays, worker 26.119 ms, GPU 3.352 ms
Camera preparation: wall 0.254 ms, GPU LOD 0.004 ms, plans/footprints=471/1
LOD plan: sources=1591, changed finer/coarser=0/0, selected LOD-1=25
Minimap publish: request-to-image 26.967 ms
Frame 1490: wall 52.283 ms, GPU producer 48.727 ms, 1 producer submission(s), resident trace and presentation combined; t=82.454, BVH resident/budget 751.6/2048.0 MiB, builds/hits/evictions=326/1874/0, scene builds=489
Frame phases 1490: pre-render 0.087 ms, prepare 3.049 ms, primary repair 0.000 ms, shadow repair 0.000 ms, producer wait 49.046 ms; observer=2627492.54/1110722.64/2582.66, moved=21.51 m, roam=1, replaced=0, image=1600x900, LOD=1.500, shadows=1, minimap=1
Frame work 1490: BVH built/hit/evicted=0/0/0, catalogue/instance/scene builds=1/1/1, cached/scene tiles=326/157, scene 0.1 MiB, selection/detail passes=0/1, fallback ray attempts=0, GPU build/selection/detail=0.486/0.000/0.000 ms, CPU grouping=0.000 ms; atlas installed/evicted=0/0, I/O=0.000 MiB, resident=27/27
Camera preparation: wall 0.393 ms, GPU LOD 0.004 ms, plans/footprints=472/1
Minimap mask: 276x236, 1440000 rays, worker 44.350 ms, GPU 8.109 ms
Minimap publish: request-to-image 46.659 ms
Minimap mask: 276x236, 1440000 rays, worker 2.217 ms, GPU 0.923 ms
Minimap publish: request-to-image 4.698 ms
Frame 1491: wall 51.380 ms, GPU producer 47.830 ms, 1 producer submission(s), resident trace and presentation combined; t=82.549, BVH resident/budget 751.6/2048.0 MiB, builds/hits/evictions=326/1874/0, scene builds=489
Frame phases 1491: pre-render 0.005 ms, prepare 0.191 ms, primary repair 0.000 ms, shadow repair 0.000 ms, producer wait 51.090 ms; observer=2627492.54/1110722.64/2582.66, moved=0.00 m, roam=0, replaced=0, image=1600x900, LOD=1.500, shadows=1, minimap=1
Frame work 1491: BVH built/hit/evicted=0/0/0, catalogue/instance/scene builds=0/0/0, cached/scene tiles=326/157, scene 0.1 MiB, selection/detail passes=0/1, fallback ray attempts=0, GPU build/selection/detail=0.000/0.000/0.000 ms, CPU grouping=0.000 ms; atlas installed/evicted=0/0, I/O=0.000 MiB, resident=27/27
Camera preparation: wall 0.001 ms, GPU LOD 0.000 ms, plans/footprints=472/1
LOD plan: sources=1591, changed finer/coarser=0/0, selected LOD-1=25
Frame 1492: wall 54.189 ms, GPU producer 50.023 ms, 1 producer submission(s), resident trace and presentation combined; t=82.603, BVH resident/budget 751.6/2048.0 MiB, builds/hits/evictions=326/1874/0, scene builds=490
Frame phases 1492: pre-render 0.021 ms, prepare 3.665 ms, primary repair 0.000 ms, shadow repair 0.000 ms, producer wait 50.363 ms; observer=2627498.13/1110743.44/2582.60, moved=21.54 m, roam=1, replaced=0, image=1600x900, LOD=1.500, shadows=1, minimap=1
Frame work 1492: BVH built/hit/evicted=0/0/0, catalogue/instance/scene builds=1/1/1, cached/scene tiles=326/157, scene 0.1 MiB, selection/detail passes=0/1, fallback ray attempts=0, GPU build/selection/detail=0.476/0.000/0.000 ms, CPU grouping=0.000 ms; atlas installed/evicted=0/0, I/O=0.000 MiB, resident=27/27
Camera preparation: wall 0.356 ms, GPU LOD 0.004 ms, plans/footprints=473/1
Minimap mask: 276x236, 1440000 rays, worker 28.528 ms, GPU 3.627 ms
LOD plan: sources=1591, changed finer/coarser=0/0, selected LOD-1=25
Minimap publish: request-to-image 29.498 ms
Frame 1494: wall 52.180 ms, GPU producer 48.853 ms, 1 producer submission(s), resident trace and presentation combined; t=82.656, BVH resident/budget 751.6/2048.0 MiB, builds/hits/evictions=326/1874/0, scene builds=491
Frame phases 1494: pre-render 0.009 ms, prepare 2.834 ms, primary repair 0.000 ms, shadow repair 0.000 ms, producer wait 49.252 ms; observer=2627503.76/1110764.42/2582.54, moved=21.72 m, roam=1, replaced=0, image=1600x900, LOD=1.500, shadows=1, minimap=1
Frame work 1494: BVH built/hit/evicted=0/0/0, catalogue/instance/scene builds=1/1/1, cached/scene tiles=326/157, scene 0.1 MiB, selection/detail passes=0/1, fallback ray attempts=0, GPU build/selection/detail=0.462/0.000/0.000 ms, CPU grouping=0.000 ms; atlas installed/evicted=0/0, I/O=0.000 MiB, resident=27/27
Camera preparation: wall 0.282 ms, GPU LOD 0.004 ms, plans/footprints=474/1
Minimap mask: 276x236, 1440000 rays, worker 44.950 ms, GPU 9.351 ms
Minimap publish: request-to-image 46.143 ms
Minimap mask: 276x236, 1440000 rays, worker 2.209 ms, GPU 0.897 ms
Minimap publish: request-to-image 4.679 ms
Frame 1495: wall 49.872 ms, GPU producer 48.899 ms, 1 producer submission(s), resident trace and presentation combined; t=82.748, BVH resident/budget 751.6/2048.0 MiB, builds/hits/evictions=326/1874/0, scene builds=491
Frame phases 1495: pre-render 0.005 ms, prepare 0.175 ms, primary repair 0.000 ms, shadow repair 0.000 ms, producer wait 49.606 ms; observer=2627503.76/1110764.42/2582.54, moved=0.00 m, roam=0, replaced=0, image=1600x900, LOD=1.500, shadows=1, minimap=1
Frame work 1495: BVH built/hit/evicted=0/0/0, catalogue/instance/scene builds=0/0/0, cached/scene tiles=326/157, scene 0.1 MiB, selection/detail passes=0/1, fallback ray attempts=0, GPU build/selection/detail=0.000/0.000/0.000 ms, CPU grouping=0.000 ms; atlas installed/evicted=0/0, I/O=0.000 MiB, resident=27/27
Camera preparation: wall 0.001 ms, GPU LOD 0.000 ms, plans/footprints=474/1
LOD plan: sources=1591, changed finer/coarser=1/0, selected LOD-1=26
Minimap mask: 276x236, 1440000 rays, worker 23.812 ms, GPU 0.895 ms
Minimap publish: request-to-image 23.926 ms
Slow stage: terrain frame wall 210.025 ms (inclusive)
Frame 1496: wall 210.035 ms, GPU producer 49.462 ms, 2 producer submission(s), streaming work excluded from GPU producer timing; t=82.958, BVH resident/budget 761.8/2048.0 MiB, builds/hits/evictions=327/1883/0, scene builds=492
Frame phases 1496: pre-render 0.014 ms, prepare 2.690 ms, primary repair 92.265 ms, shadow repair 64.315 ms, producer wait 50.608 ms; observer=2627509.35/1110785.22/2582.48, moved=21.53 m, roam=1, replaced=0, image=1600x900, LOD=1.500, shadows=1, minimap=1
Frame work 1496: BVH built/hit/evicted=1/9/0, catalogue/instance/scene builds=1/10/1, cached/scene tiles=327/0, scene 0.0 MiB, selection/detail passes=10/11, fallback ray attempts=75530, GPU build/selection/detail=4.858/4.304/25.776 ms, CPU grouping=31.931 ms; atlas installed/evicted=65/65, I/O=36.072 MiB, resident=27/27
Camera preparation: wall 0.264 ms, GPU LOD 0.004 ms, plans/footprints=475/1
Slow stage: worker iteration wall 210.094 ms (inclusive)
LOD plan: sources=1591, changed finer/coarser=0/1, selected LOD-1=26
Frame 1500: wall 49.397 ms, GPU producer 47.403 ms, 1 producer submission(s), resident trace and presentation combined; t=83.007, BVH resident/budget 761.8/2048.0 MiB, builds/hits/evictions=327/1883/0, scene builds=493
Frame phases 1500: pre-render 0.006 ms, prepare 1.637 ms, primary repair 0.000 ms, shadow repair 0.000 ms, producer wait 47.711 ms; observer=2627520.57/1110827.00/2582.36, moved=43.26 m, roam=1, replaced=0, image=1600x900, LOD=1.500, shadows=1, minimap=1
Frame work 1500: BVH built/hit/evicted=0/0/0, catalogue/instance/scene builds=1/1/1, cached/scene tiles=327/157, scene 0.1 MiB, selection/detail passes=0/1, fallback ray attempts=0, GPU build/selection/detail=0.459/0.000/0.000 ms, CPU grouping=0.000 ms; atlas installed/evicted=0/0, I/O=0.000 MiB, resident=27/27
Camera preparation: wall 0.207 ms, GPU LOD 0.004 ms, plans/footprints=476/1
Minimap mask: 276x236, 1440000 rays, worker 30.650 ms, GPU 5.939 ms
Minimap publish: request-to-image 30.740 ms
LOD plan: sources=1591, changed finer/coarser=0/0, selected LOD-1=26
Frame 1502: wall 53.282 ms, GPU producer 50.798 ms, 1 producer submission(s), resident trace and presentation combined; t=83.061, BVH resident/budget 761.8/2048.0 MiB, builds/hits/evictions=327/1883/0, scene builds=494
Frame phases 1502: pre-render 0.024 ms, prepare 2.082 ms, primary repair 0.000 ms, shadow repair 0.000 ms, producer wait 51.117 ms; observer=2627526.46/1110848.94/2582.30, moved=22.72 m, roam=1, replaced=0, image=1600x900, LOD=1.500, shadows=1, minimap=1
Frame work 1502: BVH built/hit/evicted=0/0/0, catalogue/instance/scene builds=1/1/1, cached/scene tiles=327/157, scene 0.1 MiB, selection/detail passes=0/1, fallback ray attempts=0, GPU build/selection/detail=0.451/0.000/0.000 ms, CPU grouping=0.000 ms; atlas installed/evicted=0/0, I/O=0.000 MiB, resident=27/27
Camera preparation: wall 0.205 ms, GPU LOD 0.004 ms, plans/footprints=477/1
Minimap mask: 276x236, 1440000 rays, worker 49.592 ms, GPU 6.002 ms
Minimap publish: request-to-image 49.705 ms
Minimap mask: 276x236, 1440000 rays, worker 1.645 ms, GPU 0.740 ms
Minimap publish: request-to-image 3.057 ms
Frame 1503: wall 49.567 ms, GPU producer 48.644 ms, 1 producer submission(s), resident trace and presentation combined; t=83.147, BVH resident/budget 761.8/2048.0 MiB, builds/hits/evictions=327/1883/0, scene builds=494
Frame phases 1503: pre-render 0.004 ms, prepare 0.175 ms, primary repair 0.000 ms, shadow repair 0.000 ms, producer wait 49.311 ms; observer=2627526.46/1110848.94/2582.30, moved=0.00 m, roam=0, replaced=0, image=1600x900, LOD=1.500, shadows=1, minimap=1
Frame work 1503: BVH built/hit/evicted=0/0/0, catalogue/instance/scene builds=0/0/0, cached/scene tiles=327/157, scene 0.1 MiB, selection/detail passes=0/1, fallback ray attempts=0, GPU build/selection/detail=0.000/0.000/0.000 ms, CPU grouping=0.000 ms; atlas installed/evicted=0/0, I/O=0.000 MiB, resident=27/27
Camera preparation: wall 0.001 ms, GPU LOD 0.000 ms, plans/footprints=477/1
LOD plan: sources=1591, changed finer/coarser=0/0, selected LOD-1=26
Frame 1504: wall 51.483 ms, GPU producer 48.620 ms, 1 producer submission(s), resident trace and presentation combined; t=83.199, BVH resident/budget 761.8/2048.0 MiB, builds/hits/evictions=327/1883/0, scene builds=495
Frame phases 1504: pre-render 0.037 ms, prepare 2.388 ms, primary repair 0.000 ms, shadow repair 0.000 ms, producer wait 48.971 ms; observer=2627531.79/1110868.78/2582.24, moved=20.54 m, roam=1, replaced=0, image=1600x900, LOD=1.500, shadows=1, minimap=1
Frame work 1504: BVH built/hit/evicted=0/0/0, catalogue/instance/scene builds=1/1/1, cached/scene tiles=327/157, scene 0.1 MiB, selection/detail passes=0/1, fallback ray attempts=0, GPU build/selection/detail=0.469/0.000/0.000 ms, CPU grouping=0.000 ms; atlas installed/evicted=0/0, I/O=0.000 MiB, resident=27/27
Camera preparation: wall 0.229 ms, GPU LOD 0.004 ms, plans/footprints=478/1
Minimap mask: 276x236, 1440000 rays, worker 23.408 ms, GPU 5.073 ms
Minimap publish: request-to-image 23.543 ms
LOD plan: sources=1591, changed finer/coarser=0/0, selected LOD-1=26
Minimap mask: 276x236, 1440000 rays, worker 41.118 ms, GPU 7.413 ms
Minimap publish: request-to-image 45.357 ms
Health t=83.390: memory ok footprint/resident 1399.4/748.5 MiB, Metal allocated/recommended 1163.2/18186.2 MiB, thermal=0
Health t=83.390: worker stage=render age=190.4 ms, calls=1042 revision=1504, submitted/completed/presented=0/0/0, stale=0 unavailable=0 refreshed=0
Health t=83.390: display stage=idle age=14.2 ms, calls=2477 revision=1504, submitted/completed/presented=2477/2477/2476, stale=0 unavailable=0 refreshed=0
Health t=83.390: minimap stage=idle age=138.0 ms, calls=717 revision=0, submitted/completed/presented=717/717/715, stale=2 unavailable=0 refreshed=954
Health t=83.390: terrain stage=terrain frame age=190.5 ms
Slow stage: terrain frame wall 190.441 ms (inclusive)
Frame 1506: wall 190.490 ms, GPU producer 49.333 ms, 2 producer submission(s), streaming work excluded from GPU producer timing; t=83.390, BVH resident/budget 762.0/2048.0 MiB, builds/hits/evictions=328/1892/0, scene builds=496
Frame phases 1506: pre-render 0.057 ms, prepare 3.205 ms, primary repair 83.943 ms, shadow repair 52.821 ms, producer wait 50.311 ms; observer=2627537.42/1110889.75/2582.18, moved=21.72 m, roam=1, replaced=0, image=1600x900, LOD=1.500, shadows=1, minimap=1
Frame work 1506: BVH built/hit/evicted=1/9/0, catalogue/instance/scene builds=1/11/1, cached/scene tiles=328/0, scene 0.0 MiB, selection/detail passes=11/12, fallback ray attempts=2, GPU build/selection/detail=1.160/5.623/25.284 ms, CPU grouping=31.264 ms; atlas installed/evicted=64/64, I/O=34.068 MiB, resident=27/27
Camera preparation: wall 0.298 ms, GPU LOD 0.005 ms, plans/footprints=479/1
Slow stage: worker iteration wall 190.524 ms (inclusive)
LOD plan: sources=1591, changed finer/coarser=0/0, selected LOD-1=26
Frame 1508: wall 50.585 ms, GPU producer 46.908 ms, 1 producer submission(s), resident trace and presentation combined; t=83.440, BVH resident/budget 762.0/2048.0 MiB, builds/hits/evictions=328/1892/0, scene builds=497
Frame phases 1508: pre-render 0.005 ms, prepare 3.368 ms, primary repair 0.000 ms, shadow repair 0.000 ms, producer wait 47.164 ms; observer=2627543.01/1110910.55/2582.12, moved=21.54 m, roam=1, replaced=0, image=1600x900, LOD=1.500, shadows=1, minimap=1
Frame work 1508: BVH built/hit/evicted=0/0/0, catalogue/instance/scene builds=1/1/1, cached/scene tiles=328/158, scene 0.1 MiB, selection/detail passes=0/1, fallback ray attempts=0, GPU build/selection/detail=0.473/0.000/0.000 ms, CPU grouping=0.000 ms; atlas installed/evicted=0/0, I/O=0.000 MiB, resident=27/27
Camera preparation: wall 0.163 ms, GPU LOD 0.004 ms, plans/footprints=480/1
Minimap mask: 276x236, 1440000 rays, worker 30.283 ms, GPU 5.802 ms
Minimap publish: request-to-image 30.360 ms
LOD plan: sources=1591, changed finer/coarser=0/1, selected LOD-1=26
Frame 1510: wall 52.027 ms, GPU producer 49.867 ms, 1 producer submission(s), resident trace and presentation combined; t=83.492, BVH resident/budget 762.0/2048.0 MiB, builds/hits/evictions=328/1892/0, scene builds=498
Frame phases 1510: pre-render 0.005 ms, prepare 1.896 ms, primary repair 0.000 ms, shadow repair 0.000 ms, producer wait 50.075 ms; observer=2627548.62/1110931.45/2582.06, moved=21.64 m, roam=1, replaced=0, image=1600x900, LOD=1.500, shadows=1, minimap=1
Frame work 1510: BVH built/hit/evicted=0/0/0, catalogue/instance/scene builds=1/1/1, cached/scene tiles=328/158, scene 0.1 MiB, selection/detail passes=0/1, fallback ray attempts=0, GPU build/selection/detail=0.483/0.000/0.000 ms, CPU grouping=0.000 ms; atlas installed/evicted=0/0, I/O=0.000 MiB, resident=27/27
Camera preparation: wall 0.186 ms, GPU LOD 0.004 ms, plans/footprints=481/1
Minimap mask: 276x236, 1440000 rays, worker 48.844 ms, GPU 5.718 ms
Minimap publish: request-to-image 48.938 ms
Frame 1511: wall 51.330 ms, GPU producer 48.425 ms, 1 producer submission(s), resident trace and presentation combined; t=83.549, BVH resident/budget 762.0/2048.0 MiB, builds/hits/evictions=328/1892/0, scene builds=498
Frame phases 1511: pre-render 0.002 ms, prepare 0.112 ms, primary repair 0.000 ms, shadow repair 0.000 ms, producer wait 51.141 ms; observer=2627548.62/1110931.45/2582.06, moved=0.00 m, roam=0, replaced=0, image=1600x900, LOD=1.500, shadows=1, minimap=1
Frame work 1511: BVH built/hit/evicted=0/0/0, catalogue/instance/scene builds=0/0/0, cached/scene tiles=328/158, scene 0.1 MiB, selection/detail passes=0/1, fallback ray attempts=0, GPU build/selection/detail=0.000/0.000/0.000 ms, CPU grouping=0.000 ms; atlas installed/evicted=0/0, I/O=0.000 MiB, resident=27/27
Camera preparation: wall 0.001 ms, GPU LOD 0.000 ms, plans/footprints=481/1
Minimap mask: 276x236, 1440000 rays, worker 39.217 ms, GPU 9.743 ms
Minimap publish: request-to-image 39.270 ms
LOD plan: sources=1591, changed finer/coarser=0/0, selected LOD-1=26
Minimap mask: 276x236, 1440000 rays, worker 26.535 ms, GPU 3.610 ms
Frame 1512: wall 52.612 ms, GPU producer 50.137 ms, 1 producer submission(s), resident trace and presentation combined; t=83.602, BVH resident/budget 762.0/2048.0 MiB, builds/hits/evictions=328/1892/0, scene builds=499
Frame phases 1512: pre-render 0.032 ms, prepare 2.051 ms, primary repair 0.000 ms, shadow repair 0.000 ms, producer wait 50.456 ms; observer=2627554.23/1110952.33/2582.01, moved=21.62 m, roam=1, replaced=0, image=1600x900, LOD=1.500, shadows=1, minimap=1
Frame work 1512: BVH built/hit/evicted=0/0/0, catalogue/instance/scene builds=1/1/1, cached/scene tiles=328/158, scene 0.1 MiB, selection/detail passes=0/1, fallback ray attempts=0, GPU build/selection/detail=0.483/0.000/0.000 ms, CPU grouping=0.000 ms; atlas installed/evicted=0/0, I/O=0.000 MiB, resident=27/27
Camera preparation: wall 0.232 ms, GPU LOD 0.004 ms, plans/footprints=482/1
LOD plan: sources=1591, changed finer/coarser=0/2, selected LOD-1=26
Minimap publish: request-to-image 27.473 ms
Minimap mask: 276x236, 1440000 rays, worker 43.472 ms, GPU 7.774 ms
Minimap publish: request-to-image 43.518 ms
Slow stage: terrain frame wall 183.139 ms (inclusive)
Frame 1514: wall 183.147 ms, GPU producer 49.399 ms, 2 producer submission(s), streaming work excluded from GPU producer timing; t=83.785, BVH resident/budget 762.1/2048.0 MiB, builds/hits/evictions=329/1899/0, scene builds=500
Frame phases 1514: pre-render 0.010 ms, prepare 2.219 ms, primary repair 76.054 ms, shadow repair 54.372 ms, producer wait 50.384 ms; observer=2627559.86/1110973.31/2581.95, moved=21.72 m, roam=1, replaced=0, image=1600x900, LOD=1.500, shadows=1, minimap=1
Frame work 1514: BVH built/hit/evicted=1/7/0, catalogue/instance/scene builds=1/9/1, cached/scene tiles=329/0, scene 0.0 MiB, selection/detail passes=9/10, fallback ray attempts=2, GPU build/selection/detail=1.171/4.888/25.028 ms, CPU grouping=28.363 ms; atlas installed/evicted=65/65, I/O=34.194 MiB, resident=27/27
Camera preparation: wall 0.245 ms, GPU LOD 0.004 ms, plans/footprints=483/1
Slow stage: worker iteration wall 183.195 ms (inclusive)
LOD plan: sources=1591, changed finer/coarser=1/1, selected LOD-1=26
Frame 1516: wall 50.633 ms, GPU producer 48.905 ms, 1 producer submission(s), resident trace and presentation combined; t=83.836, BVH resident/budget 762.1/2048.0 MiB, builds/hits/evictions=329/1899/0, scene builds=501
Frame phases 1516: pre-render 0.004 ms, prepare 1.451 ms, primary repair 0.000 ms, shadow repair 0.000 ms, producer wait 49.141 ms; observer=2627565.45/1110994.11/2581.89, moved=21.53 m, roam=1, replaced=0, image=1600x900, LOD=1.500, shadows=1, minimap=1
Frame work 1516: BVH built/hit/evicted=0/0/0, catalogue/instance/scene builds=1/1/1, cached/scene tiles=329/157, scene 0.1 MiB, selection/detail passes=0/1, fallback ray attempts=0, GPU build/selection/detail=0.483/0.000/0.000 ms, CPU grouping=0.000 ms; atlas installed/evicted=0/0, I/O=0.000 MiB, resident=27/27
Camera preparation: wall 0.168 ms, GPU LOD 0.004 ms, plans/footprints=484/1
Minimap mask: 276x236, 1440000 rays, worker 26.064 ms, GPU 3.033 ms
LOD plan: sources=1591, changed finer/coarser=3/2, selected LOD-1=26
Minimap publish: request-to-image 26.331 ms
Minimap mask: 276x236, 1440000 rays, worker 44.287 ms, GPU 4.166 ms
Minimap publish: request-to-image 44.340 ms
Slow stage: primary repair wall 100.027 ms (inclusive)
Slow stage: terrain frame wall 205.790 ms (inclusive)
Frame 1518: wall 205.801 ms, GPU producer 50.264 ms, 2 producer submission(s), streaming work excluded from GPU producer timing; t=84.042, BVH resident/budget 762.8/2048.0 MiB, builds/hits/evictions=330/1916/0, scene builds=502
Frame phases 1518: pre-render 0.016 ms, prepare 1.706 ms, primary repair 100.027 ms, shadow repair 52.682 ms, producer wait 51.282 ms; observer=2627571.06/1111015.00/2581.83, moved=21.63 m, roam=1, replaced=0, image=1600x900, LOD=1.500, shadows=1, minimap=1
Frame work 1518: BVH built/hit/evicted=1/17/0, catalogue/instance/scene builds=1/15/1, cached/scene tiles=330/0, scene 0.0 MiB, selection/detail passes=15/16, fallback ray attempts=1056, GPU build/selection/detail=1.782/8.811/26.797 ms, CPU grouping=40.425 ms; atlas installed/evicted=66/66, I/O=34.414 MiB, resident=27/27
Camera preparation: wall 0.202 ms, GPU LOD 0.004 ms, plans/footprints=485/1
Slow stage: worker iteration wall 205.873 ms (inclusive)
LOD plan: sources=1591, changed finer/coarser=0/0, selected LOD-1=26
Frame 1522: wall 51.059 ms, GPU producer 49.185 ms, 1 producer submission(s), resident trace and presentation combined; t=84.093, BVH resident/budget 762.8/2048.0 MiB, builds/hits/evictions=330/1916/0, scene builds=503
Frame phases 1522: pre-render 0.004 ms, prepare 1.601 ms, primary repair 0.000 ms, shadow repair 0.000 ms, producer wait 49.417 ms; observer=2627582.27/1111056.78/2581.71, moved=43.26 m, roam=1, replaced=0, image=1600x900, LOD=1.500, shadows=1, minimap=1
Frame work 1522: BVH built/hit/evicted=0/0/0, catalogue/instance/scene builds=1/1/1, cached/scene tiles=330/157, scene 0.1 MiB, selection/detail passes=0/1, fallback ray attempts=0, GPU build/selection/detail=0.418/0.000/0.000 ms, CPU grouping=0.000 ms; atlas installed/evicted=0/0, I/O=0.000 MiB, resident=27/27
Camera preparation: wall 0.193 ms, GPU LOD 0.004 ms, plans/footprints=486/1
Minimap mask: 276x236, 1440000 rays, worker 49.684 ms, GPU 0.815 ms
Minimap publish: request-to-image 49.754 ms
Frame 1523: wall 49.229 ms, GPU producer 48.610 ms, 1 producer submission(s), resident trace and presentation combined; t=84.147, BVH resident/budget 762.8/2048.0 MiB, builds/hits/evictions=330/1916/0, scene builds=503
Frame phases 1523: pre-render 0.004 ms, prepare 0.083 ms, primary repair 0.000 ms, shadow repair 0.000 ms, producer wait 49.077 ms; observer=2627582.27/1111056.78/2581.71, moved=0.00 m, roam=0, replaced=0, image=1600x900, LOD=1.500, shadows=1, minimap=1
Frame work 1523: BVH built/hit/evicted=0/0/0, catalogue/instance/scene builds=0/0/0, cached/scene tiles=330/157, scene 0.1 MiB, selection/detail passes=0/1, fallback ray attempts=0, GPU build/selection/detail=0.000/0.000/0.000 ms, CPU grouping=0.000 ms; atlas installed/evicted=0/0, I/O=0.000 MiB, resident=27/27
Camera preparation: wall 0.001 ms, GPU LOD 0.000 ms, plans/footprints=486/1
Minimap mask: 276x236, 1440000 rays, worker 37.515 ms, GPU 10.668 ms
Minimap publish: request-to-image 37.584 ms
LOD plan: sources=1591, changed finer/coarser=0/0, selected LOD-1=26
Frame 1524: wall 52.813 ms, GPU producer 49.800 ms, 1 producer submission(s), resident trace and presentation combined; t=84.200, BVH resident/budget 762.8/2048.0 MiB, builds/hits/evictions=330/1916/0, scene builds=504
Frame phases 1524: pre-render 0.748 ms, prepare 1.970 ms, primary repair 0.000 ms, shadow repair 0.000 ms, producer wait 50.036 ms; observer=2627587.89/1111077.68/2581.65, moved=21.64 m, roam=1, replaced=0, image=1600x900, LOD=1.500, shadows=1, minimap=1
Frame work 1524: BVH built/hit/evicted=0/0/0, catalogue/instance/scene builds=1/1/1, cached/scene tiles=330/157, scene 0.1 MiB, selection/detail passes=0/1, fallback ray attempts=0, GPU build/selection/detail=0.465/0.000/0.000 ms, CPU grouping=0.000 ms; atlas installed/evicted=0/0, I/O=2.004 MiB, resident=27/27
Camera preparation: wall 0.329 ms, GPU LOD 0.004 ms, plans/footprints=487/1
Minimap mask: 276x236, 1440000 rays, worker 24.922 ms, GPU 1.302 ms
LOD plan: sources=1591, changed finer/coarser=1/4, selected LOD-1=26
Minimap publish: request-to-image 27.431 ms
Frame 1526: wall 50.906 ms, GPU producer 48.446 ms, 1 producer submission(s), resident trace and presentation combined; t=84.251, BVH resident/budget 762.8/2048.0 MiB, builds/hits/evictions=330/1916/0, scene builds=505
Frame phases 1526: pre-render 0.007 ms, prepare 2.073 ms, primary repair 0.000 ms, shadow repair 0.000 ms, producer wait 48.762 ms; observer=2627593.50/1111098.56/2581.59, moved=21.63 m, roam=1, replaced=0, image=1600x900, LOD=1.500, shadows=1, minimap=1
Frame work 1526: BVH built/hit/evicted=0/0/0, catalogue/instance/scene builds=1/1/1, cached/scene tiles=330/154, scene 0.1 MiB, selection/detail passes=0/1, fallback ray attempts=0, GPU build/selection/detail=0.479/0.000/0.000 ms, CPU grouping=0.000 ms; atlas installed/evicted=0/0, I/O=0.000 MiB, resident=27/27
Camera preparation: wall 0.202 ms, GPU LOD 0.004 ms, plans/footprints=488/1
Minimap mask: 276x236, 1440000 rays, worker 41.328 ms, GPU 6.351 ms
Minimap publish: request-to-image 42.916 ms
Minimap mask: 276x236, 1440000 rays, worker 2.069 ms, GPU 0.848 ms
Minimap publish: request-to-image 3.283 ms
Frame 1527: wall 49.176 ms, GPU producer 48.270 ms, 1 producer submission(s), resident trace and presentation combined; t=84.347, BVH resident/budget 762.8/2048.0 MiB, builds/hits/evictions=330/1916/0, scene builds=505
Frame phases 1527: pre-render 0.005 ms, prepare 0.181 ms, primary repair 0.000 ms, shadow repair 0.000 ms, producer wait 48.907 ms; observer=2627593.50/1111098.56/2581.59, moved=0.00 m, roam=0, replaced=0, image=1600x900, LOD=1.500, shadows=1, minimap=1
Frame work 1527: BVH built/hit/evicted=0/0/0, catalogue/instance/scene builds=0/0/0, cached/scene tiles=330/154, scene 0.1 MiB, selection/detail passes=0/1, fallback ray attempts=0, GPU build/selection/detail=0.000/0.000/0.000 ms, CPU grouping=0.000 ms; atlas installed/evicted=0/0, I/O=0.000 MiB, resident=27/27
Camera preparation: wall 0.001 ms, GPU LOD 0.000 ms, plans/footprints=488/1
LOD plan: sources=1591, changed finer/coarser=2/0, selected LOD-1=26
Health t=84.395: memory ok footprint/resident 1402.1/752.5 MiB, Metal allocated/recommended 1168.2/18186.2 MiB, thermal=0
Health t=84.395: worker stage=render age=47.1 ms, calls=1055 revision=1527, submitted/completed/presented=0/0/0, stale=0 unavailable=0 refreshed=0
Health t=84.395: display stage=idle age=18.7 ms, calls=2507 revision=1527, submitted/completed/presented=2507/2506/2505, stale=0 unavailable=0 refreshed=0
Health t=84.395: minimap stage=mask-gpu age=19.6 ms, calls=730 revision=0, submitted/completed/presented=730/729/727, stale=2 unavailable=0 refreshed=969
Health t=84.395: terrain stage=producer wait age=44.6 ms
Frame 1528: wall 52.629 ms, GPU producer 49.709 ms, 1 producer submission(s), resident trace and presentation combined; t=84.400, BVH resident/budget 762.8/2048.0 MiB, builds/hits/evictions=330/1916/0, scene builds=506
Frame phases 1528: pre-render 0.011 ms, prepare 2.456 ms, primary repair 0.000 ms, shadow repair 0.000 ms, producer wait 50.084 ms; observer=2627599.11/1111119.46/2581.53, moved=21.63 m, roam=1, replaced=0, image=1600x900, LOD=1.500, shadows=1, minimap=1
Frame work 1528: BVH built/hit/evicted=0/0/0, catalogue/instance/scene builds=1/1/1, cached/scene tiles=330/154, scene 0.1 MiB, selection/detail passes=0/1, fallback ray attempts=0, GPU build/selection/detail=0.517/0.000/0.000 ms, CPU grouping=0.000 ms; atlas installed/evicted=0/0, I/O=0.000 MiB, resident=27/27
Camera preparation: wall 0.241 ms, GPU LOD 0.004 ms, plans/footprints=489/1
Minimap mask: 276x236, 1440000 rays, worker 25.311 ms, GPU 2.127 ms
LOD plan: sources=1591, changed finer/coarser=0/0, selected LOD-1=26
Minimap publish: request-to-image 26.629 ms
Frame 1530: wall 53.345 ms, GPU producer 49.523 ms, 1 producer submission(s), resident trace and presentation combined; t=84.454, BVH resident/budget 762.8/2048.0 MiB, builds/hits/evictions=330/1916/0, scene builds=507
Frame phases 1530: pre-render 0.014 ms, prepare 3.287 ms, primary repair 0.000 ms, shadow repair 0.000 ms, producer wait 49.959 ms; observer=2627604.71/1111140.34/2581.47, moved=21.63 m, roam=1, replaced=0, image=1600x900, LOD=1.500, shadows=1, minimap=1
Frame work 1530: BVH built/hit/evicted=0/0/0, catalogue/instance/scene builds=1/1/1, cached/scene tiles=330/154, scene 0.1 MiB, selection/detail passes=0/1, fallback ray attempts=0, GPU build/selection/detail=0.457/0.000/0.000 ms, CPU grouping=0.000 ms; atlas installed/evicted=0/0, I/O=0.000 MiB, resident=27/27
Camera preparation: wall 0.730 ms, GPU LOD 0.004 ms, plans/footprints=490/1
Minimap mask: 276x236, 1440000 rays, worker 43.721 ms, GPU 6.378 ms
Minimap publish: request-to-image 47.225 ms
Minimap mask: 276x236, 1440000 rays, worker 2.238 ms, GPU 0.921 ms
Minimap publish: request-to-image 4.451 ms
Frame 1531: wall 51.806 ms, GPU producer 50.890 ms, 1 producer submission(s), resident trace and presentation combined; t=84.550, BVH resident/budget 762.8/2048.0 MiB, builds/hits/evictions=330/1916/0, scene builds=507
Frame phases 1531: pre-render 0.004 ms, prepare 0.179 ms, primary repair 0.000 ms, shadow repair 0.000 ms, producer wait 51.541 ms; observer=2627604.71/1111140.34/2581.47, moved=0.00 m, roam=0, replaced=0, image=1600x900, LOD=1.500, shadows=1, minimap=1
Frame work 1531: BVH built/hit/evicted=0/0/0, catalogue/instance/scene builds=0/0/0, cached/scene tiles=330/154, scene 0.1 MiB, selection/detail passes=0/1, fallback ray attempts=0, GPU build/selection/detail=0.000/0.000/0.000 ms, CPU grouping=0.000 ms; atlas installed/evicted=0/0, I/O=0.000 MiB, resident=27/27
Camera preparation: wall 0.001 ms, GPU LOD 0.000 ms, plans/footprints=490/1
LOD plan: sources=1591, changed finer/coarser=0/0, selected LOD-1=26
Frame 1532: wall 53.358 ms, GPU producer 50.363 ms, 1 producer submission(s), resident trace and presentation combined; t=84.604, BVH resident/budget 762.8/2048.0 MiB, builds/hits/evictions=330/1916/0, scene builds=508
Frame phases 1532: pre-render 0.012 ms, prepare 2.578 ms, primary repair 0.000 ms, shadow repair 0.000 ms, producer wait 50.683 ms; observer=2627610.32/1111161.23/2581.41, moved=21.63 m, roam=1, replaced=0, image=1600x900, LOD=1.500, shadows=1, minimap=1
Frame work 1532: BVH built/hit/evicted=0/0/0, catalogue/instance/scene builds=1/1/1, cached/scene tiles=330/154, scene 0.1 MiB, selection/detail passes=0/1, fallback ray attempts=0, GPU build/selection/detail=0.494/0.000/0.000 ms, CPU grouping=0.000 ms; atlas installed/evicted=0/0, I/O=0.000 MiB, resident=27/27
Camera preparation: wall 0.258 ms, GPU LOD 0.004 ms, plans/footprints=491/1
Minimap mask: 276x236, 1440000 rays, worker 27.817 ms, GPU 3.436 ms
LOD plan: sources=1591, changed finer/coarser=0/0, selected LOD-1=26
Minimap publish: request-to-image 29.013 ms
Minimap mask: 276x236, 1440000 rays, worker 45.974 ms, GPU 6.422 ms
Frame 1534: wall 52.274 ms, GPU producer 49.022 ms, 1 producer submission(s), resident trace and presentation combined; t=84.656, BVH resident/budget 762.8/2048.0 MiB, builds/hits/evictions=330/1916/0, scene builds=509
Frame phases 1534: pre-render 0.010 ms, prepare 2.747 ms, primary repair 0.000 ms, shadow repair 0.000 ms, producer wait 49.433 ms; observer=2627615.93/1111182.12/2581.35, moved=21.64 m, roam=1, replaced=0, image=1600x900, LOD=1.500, shadows=1, minimap=1
Frame work 1534: BVH built/hit/evicted=0/0/0, catalogue/instance/scene builds=1/1/1, cached/scene tiles=330/154, scene 0.1 MiB, selection/detail passes=0/1, fallback ray attempts=0, GPU build/selection/detail=0.458/0.000/0.000 ms, CPU grouping=0.000 ms; atlas installed/evicted=0/0, I/O=0.000 MiB, resident=27/27
Camera preparation: wall 0.272 ms, GPU LOD 0.004 ms, plans/footprints=492/1
Minimap publish: request-to-image 46.375 ms
Minimap mask: 276x236, 1440000 rays, worker 2.216 ms, GPU 0.932 ms
Minimap publish: request-to-image 4.748 ms
Frame 1535: wall 49.993 ms, GPU producer 49.034 ms, 1 producer submission(s), resident trace and presentation combined; t=84.748, BVH resident/budget 762.8/2048.0 MiB, builds/hits/evictions=330/1916/0, scene builds=509
Frame phases 1535: pre-render 0.042 ms, prepare 0.172 ms, primary repair 0.000 ms, shadow repair 0.000 ms, producer wait 49.698 ms; observer=2627615.93/1111182.12/2581.35, moved=0.00 m, roam=0, replaced=0, image=1600x900, LOD=1.500, shadows=1, minimap=1
Frame work 1535: BVH built/hit/evicted=0/0/0, catalogue/instance/scene builds=0/0/0, cached/scene tiles=330/154, scene 0.1 MiB, selection/detail passes=0/1, fallback ray attempts=0, GPU build/selection/detail=0.000/0.000/0.000 ms, CPU grouping=0.000 ms; atlas installed/evicted=0/0, I/O=0.000 MiB, resident=27/27
Camera preparation: wall 0.000 ms, GPU LOD 0.000 ms, plans/footprints=492/1
LOD plan: sources=1591, changed finer/coarser=0/0, selected LOD-1=26
Frame 1536: wall 53.142 ms, GPU producer 49.806 ms, 1 producer submission(s), resident trace and presentation combined; t=84.802, BVH resident/budget 762.8/2048.0 MiB, builds/hits/evictions=330/1916/0, scene builds=510
Frame phases 1536: pre-render 0.010 ms, prepare 2.800 ms, primary repair 0.000 ms, shadow repair 0.000 ms, producer wait 50.219 ms; observer=2627621.54/1111203.01/2581.29, moved=21.62 m, roam=1, replaced=0, image=1600x900, LOD=1.500, shadows=1, minimap=1
Frame work 1536: BVH built/hit/evicted=0/0/0, catalogue/instance/scene builds=1/1/1, cached/scene tiles=330/154, scene 0.1 MiB, selection/detail passes=0/1, fallback ray attempts=0, GPU build/selection/detail=0.483/0.000/0.000 ms, CPU grouping=0.000 ms; atlas installed/evicted=0/0, I/O=0.000 MiB, resident=27/27
Camera preparation: wall 0.264 ms, GPU LOD 0.007 ms, plans/footprints=493/1
Minimap mask: 276x236, 1440000 rays, worker 25.787 ms, GPU 2.264 ms
LOD plan: sources=1591, changed finer/coarser=0/0, selected LOD-1=26
Minimap publish: request-to-image 27.357 ms
Frame 1538: wall 51.498 ms, GPU producer 48.419 ms, 1 producer submission(s), resident trace and presentation combined; t=84.853, BVH resident/budget 762.8/2048.0 MiB, builds/hits/evictions=330/1916/0, scene builds=511
Frame phases 1538: pre-render 0.009 ms, prepare 2.657 ms, primary repair 0.000 ms, shadow repair 0.000 ms, producer wait 48.746 ms; observer=2627627.15/1111223.90/2581.23, moved=21.63 m, roam=1, replaced=0, image=1600x900, LOD=1.500, shadows=1, minimap=1
Frame work 1538: BVH built/hit/evicted=0/0/0, catalogue/instance/scene builds=1/1/1, cached/scene tiles=330/154, scene 0.1 MiB, selection/detail passes=0/1, fallback ray attempts=0, GPU build/selection/detail=0.433/0.000/0.000 ms, CPU grouping=0.000 ms; atlas installed/evicted=0/0, I/O=0.000 MiB, resident=27/27
Camera preparation: wall 0.263 ms, GPU LOD 0.004 ms, plans/footprints=494/1
Minimap mask: 276x236, 1440000 rays, worker 42.007 ms, GPU 6.634 ms
Minimap publish: request-to-image 45.121 ms
Minimap mask: 276x236, 1440000 rays, worker 1.967 ms, GPU 0.784 ms
Minimap publish: request-to-image 3.090 ms
Health t=85.395: memory ok footprint/resident 1386.9/748.2 MiB, Metal allocated/recommended 1153.2/18186.2 MiB, thermal=0
Health t=85.395: worker stage=idle age=193.2 ms, calls=1077 revision=1538, submitted/completed/presented=0/0/0, stale=0 unavailable=0 refreshed=0
Health t=85.395: display stage=idle age=19.8 ms, calls=2537 revision=1538, submitted/completed/presented=2537/2537/2536, stale=0 unavailable=0 refreshed=0
Health t=85.395: minimap stage=idle age=514.5 ms, calls=738 revision=0, submitted/completed/presented=738/738/736, stale=2 unavailable=0 refreshed=976
Health t=85.395: terrain stage=idle age=85395.1 ms
Health t=86.400: memory ok footprint/resident 1385.0/748.3 MiB, Metal allocated/recommended 1153.2/18186.2 MiB, thermal=0
Health t=86.400: worker stage=idle age=1198.4 ms, calls=1077 revision=1538, submitted/completed/presented=0/0/0, stale=0 unavailable=0 refreshed=0
Health t=86.400: display stage=idle age=25.7 ms, calls=2567 revision=1538, submitted/completed/presented=2567/2567/2567, stale=0 unavailable=0 refreshed=0
Health t=86.400: minimap stage=idle age=1519.7 ms, calls=738 revision=0, submitted/completed/presented=738/738/736, stale=2 unavailable=0 refreshed=976
Health t=86.400: terrain stage=idle age=86400.3 ms
Health t=87.406: memory ok footprint/resident 1385.5/746.0 MiB, Metal allocated/recommended 1153.2/18186.2 MiB, thermal=0
Health t=87.406: worker stage=idle age=239.0 ms, calls=1118 revision=1538, submitted/completed/presented=0/0/0, stale=0 unavailable=0 refreshed=0
Health t=87.406: display stage=idle age=30.2 ms, calls=2597 revision=1538, submitted/completed/presented=2597/2597/2597, stale=0 unavailable=0 refreshed=0
Health t=87.406: minimap stage=idle age=2524.9 ms, calls=738 revision=0, submitted/completed/presented=738/738/736, stale=2 unavailable=0 refreshed=976
Health t=87.406: terrain stage=idle age=87405.6 ms
Health t=88.411: memory ok footprint/resident 1385.2/746.0 MiB, Metal allocated/recommended 1153.2/18186.2 MiB, thermal=0
Health t=88.411: worker stage=idle age=1244.1 ms, calls=1118 revision=1538, submitted/completed/presented=0/0/0, stale=0 unavailable=0 refreshed=0
Health t=88.411: display stage=idle age=1.9 ms, calls=2628 revision=1538, submitted/completed/presented=2628/2628/2627, stale=0 unavailable=0 refreshed=0
Health t=88.411: minimap stage=idle age=3530.1 ms, calls=738 revision=0, submitted/completed/presented=738/738/736, stale=2 unavailable=0 refreshed=976
Health t=88.411: terrain stage=idle age=88410.7 ms
Health t=89.413: memory ok footprint/resident 1381.7/746.0 MiB, Metal allocated/recommended 1153.2/18186.2 MiB, thermal=0
Health t=89.413: worker stage=idle age=2246.3 ms, calls=1118 revision=1538, submitted/completed/presented=0/0/0, stale=0 unavailable=0 refreshed=0
Health t=89.413: display stage=idle age=4.9 ms, calls=2658 revision=1538, submitted/completed/presented=2658/2658/2657, stale=0 unavailable=0 refreshed=0
Health t=89.413: minimap stage=idle age=4532.2 ms, calls=738 revision=0, submitted/completed/presented=738/738/736, stale=2 unavailable=0 refreshed=976
Health t=89.413: terrain stage=idle age=89412.9 ms
Health t=90.415: memory ok footprint/resident 1385.3/746.1 MiB, Metal allocated/recommended 1153.2/18186.2 MiB, thermal=0
Health t=90.415: worker stage=idle age=14.7 ms, calls=1145 revision=1538, submitted/completed/presented=0/0/0, stale=0 unavailable=0 refreshed=0
Health t=90.415: display stage=idle age=3.9 ms, calls=2688 revision=1538, submitted/completed/presented=2688/2688/2687, stale=0 unavailable=0 refreshed=0
Health t=90.415: minimap stage=idle age=5534.0 ms, calls=738 revision=0, submitted/completed/presented=738/738/736, stale=2 unavailable=0 refreshed=976
Health t=90.415: terrain stage=idle age=90414.6 ms
Health t=91.415: memory ok footprint/resident 1383.7/746.1 MiB, Metal allocated/recommended 1153.2/18186.2 MiB, thermal=0
Health t=91.415: worker stage=idle age=275.7 ms, calls=1168 revision=1538, submitted/completed/presented=0/0/0, stale=0 unavailable=0 refreshed=0
Health t=91.415: display stage=idle age=6.1 ms, calls=2718 revision=1538, submitted/completed/presented=2718/2718/2717, stale=0 unavailable=0 refreshed=0
Health t=91.415: minimap stage=idle age=6534.2 ms, calls=738 revision=0, submitted/completed/presented=738/738/736, stale=2 unavailable=0 refreshed=976
Health t=91.415: terrain stage=idle age=91414.9 ms
LOD plan: sources=1591, changed finer/coarser=2/0, selected LOD-1=26
Slow stage: terrain frame wall 111.567 ms (inclusive)
Frame 1539: wall 111.597 ms, GPU producer 71.905 ms, 1 producer submission(s), resident trace and presentation combined; t=91.710, BVH resident/budget 762.8/2048.0 MiB, builds/hits/evictions=330/1916/0, scene builds=512
Frame phases 1539: pre-render 0.064 ms, prepare 39.249 ms, primary repair 0.000 ms, shadow repair 0.000 ms, producer wait 72.209 ms; observer=2627638.63/1111266.65/2581.11, moved=44.26 m, roam=1, replaced=0, image=1600x900, LOD=1.500, shadows=1, minimap=1
Frame work 1539: BVH built/hit/evicted=0/0/0, catalogue/instance/scene builds=1/1/1, cached/scene tiles=330/154, scene 0.1 MiB, selection/detail passes=0/1, fallback ray attempts=0, GPU build/selection/detail=1.655/0.000/0.000 ms, CPU grouping=0.000 ms; atlas installed/evicted=0/0, I/O=0.000 MiB, resident=27/27
Camera preparation: wall 19.660 ms, GPU LOD 0.013 ms, plans/footprints=495/1
Slow stage: worker iteration wall 111.680 ms (inclusive)
LOD plan: sources=1591, changed finer/coarser=0/2, selected LOD-1=25
Frame 1540: wall 55.105 ms, GPU producer 49.442 ms, 1 producer submission(s), resident trace and presentation combined; t=91.765, BVH resident/budget 762.8/2048.0 MiB, builds/hits/evictions=330/1916/0, scene builds=513
Frame phases 1540: pre-render 0.008 ms, prepare 5.295 ms, primary repair 0.000 ms, shadow repair 0.000 ms, producer wait 49.724 ms; observer=2627652.80/1111319.40/2580.95, moved=54.62 m, roam=1, replaced=0, image=1600x900, LOD=1.500, shadows=1, minimap=1
Frame work 1540: BVH built/hit/evicted=0/0/0, catalogue/instance/scene builds=1/1/1, cached/scene tiles=330/154, scene 0.1 MiB, selection/detail passes=0/1, fallback ray attempts=0, GPU build/selection/detail=0.436/0.000/0.000 ms, CPU grouping=0.000 ms; atlas installed/evicted=0/0, I/O=0.000 MiB, resident=27/27
Minimap mask: 276x236, 1440000 rays, worker 38.785 ms, GPU 8.363 ms
Camera preparation: wall 0.241 ms, GPU LOD 0.004 ms, plans/footprints=496/1
Minimap publish: request-to-image 38.859 ms
Minimap mask: 276x236, 1440000 rays, worker 3.888 ms, GPU 0.718 ms
Minimap publish: request-to-image 7.552 ms
LOD plan: sources=1591, changed finer/coarser=0/2, selected LOD-1=25
Slow stage: terrain frame wall 185.393 ms (inclusive)
Frame 1541: wall 185.401 ms, GPU producer 49.336 ms, 2 producer submission(s), streaming work excluded from GPU producer timing; t=91.983, BVH resident/budget 763.0/2048.0 MiB, builds/hits/evictions=331/1921/0, scene builds=514
Frame phases 1541: pre-render 0.011 ms, prepare 2.675 ms, primary repair 74.580 ms, shadow repair 57.790 ms, producer wait 50.253 ms; observer=2627666.86/1111371.77/2580.80, moved=54.22 m, roam=1, replaced=0, image=1600x900, LOD=1.500, shadows=1, minimap=1
Frame work 1541: BVH built/hit/evicted=1/5/0, catalogue/instance/scene builds=1/7/1, cached/scene tiles=331/0, scene 0.0 MiB, selection/detail passes=7/8, fallback ray attempts=6, GPU build/selection/detail=1.067/3.357/25.388 ms, CPU grouping=25.832 ms; atlas installed/evicted=66/66, I/O=34.320 MiB, resident=27/27
Camera preparation: wall 0.973 ms, GPU LOD 0.005 ms, plans/footprints=497/1
Slow stage: worker iteration wall 185.455 ms (inclusive)
LOD plan: sources=1591, changed finer/coarser=0/2, selected LOD-1=25
Frame 1542: wall 50.205 ms, GPU producer 48.360 ms, 1 producer submission(s), resident trace and presentation combined; t=92.033, BVH resident/budget 763.0/2048.0 MiB, builds/hits/evictions=331/1921/0, scene builds=515
Frame phases 1542: pre-render 0.005 ms, prepare 1.591 ms, primary repair 0.000 ms, shadow repair 0.000 ms, producer wait 48.570 ms; observer=2627681.13/1111424.90/2580.65, moved=55.02 m, roam=1, replaced=0, image=1600x900, LOD=1.500, shadows=1, minimap=1
Frame work 1542: BVH built/hit/evicted=0/0/0, catalogue/instance/scene builds=1/1/1, cached/scene tiles=331/155, scene 0.1 MiB, selection/detail passes=0/1, fallback ray attempts=0, GPU build/selection/detail=0.487/0.000/0.000 ms, CPU grouping=0.000 ms; atlas installed/evicted=0/0, I/O=0.000 MiB, resident=27/27
Camera preparation: wall 0.208 ms, GPU LOD 0.004 ms, plans/footprints=498/1
Minimap mask: 276x236, 1440000 rays, worker 22.112 ms, GPU 5.400 ms
LOD plan: sources=1591, changed finer/coarser=1/0, selected LOD-1=25
Minimap publish: request-to-image 24.767 ms
Frame 1543: wall 49.817 ms, GPU producer 47.702 ms, 1 producer submission(s), resident trace and presentation combined; t=92.083, BVH resident/budget 763.0/2048.0 MiB, builds/hits/evictions=331/1921/0, scene builds=516
Frame phases 1543: pre-render 0.007 ms, prepare 1.813 ms, primary repair 0.000 ms, shadow repair 0.000 ms, producer wait 47.940 ms; observer=2627695.30/1111477.65/2580.50, moved=54.61 m, roam=1, replaced=0, image=1600x900, LOD=1.500, shadows=1, minimap=1
Frame work 1543: BVH built/hit/evicted=0/0/0, catalogue/instance/scene builds=1/1/1, cached/scene tiles=331/155, scene 0.1 MiB, selection/detail passes=0/1, fallback ray attempts=0, GPU build/selection/detail=0.464/0.000/0.000 ms, CPU grouping=0.000 ms; atlas installed/evicted=0/0, I/O=0.000 MiB, resident=27/27
Camera preparation: wall 0.235 ms, GPU LOD 0.004 ms, plans/footprints=499/1
Minimap mask: 276x236, 1440000 rays, worker 37.402 ms, GPU 10.742 ms
Minimap publish: request-to-image 40.192 ms
LOD plan: sources=1591, changed finer/coarser=1/3, selected LOD-1=25
Minimap mask: 276x236, 1440000 rays, worker 36.982 ms, GPU 4.031 ms
Minimap publish: request-to-image 38.929 ms
Slow stage: terrain frame wall 202.891 ms (inclusive)
Frame 1544: wall 202.898 ms, GPU producer 49.207 ms, 2 producer submission(s), streaming work excluded from GPU producer timing; t=92.302, BVH resident/budget 765.0/2048.0 MiB, builds/hits/evictions=335/1930/0, scene builds=517
Frame phases 1544: pre-render 0.009 ms, prepare 3.347 ms, primary repair 95.071 ms, shadow repair 54.270 ms, producer wait 50.101 ms; observer=2627709.46/1111530.40/2580.35, moved=54.62 m, roam=1, replaced=0, image=1600x900, LOD=1.500, shadows=1, minimap=1
Frame work 1544: BVH built/hit/evicted=4/9/0, catalogue/instance/scene builds=1/12/1, cached/scene tiles=335/0, scene 0.0 MiB, selection/detail passes=12/13, fallback ray attempts=24, GPU build/selection/detail=2.905/6.923/24.819 ms, CPU grouping=30.535 ms; atlas installed/evicted=69/69, I/O=32.820 MiB, resident=27/27
Camera preparation: wall 1.577 ms, GPU LOD 0.004 ms, plans/footprints=500/1
Slow stage: worker iteration wall 202.951 ms (inclusive)
LOD plan: sources=1591, changed finer/coarser=2/3, selected LOD-1=25
Minimap mask: 276x236, 1440000 rays, worker 41.124 ms, GPU 9.588 ms
Minimap publish: request-to-image 43.423 ms
Health t=92.416: memory ok footprint/resident 1411.8/750.9 MiB, Metal allocated/recommended 1171.7/18186.2 MiB, thermal=0
Health t=92.416: worker stage=render age=114.3 ms, calls=1175 revision=1544, submitted/completed/presented=0/0/0, stale=0 unavailable=0 refreshed=0
Health t=92.416: display stage=idle age=7.2 ms, calls=2748 revision=1544, submitted/completed/presented=2748/2748/2747, stale=0 unavailable=0 refreshed=1
Health t=92.416: minimap stage=idle age=65.3 ms, calls=744 revision=0, submitted/completed/presented=744/744/742, stale=2 unavailable=0 refreshed=985
Health t=92.416: terrain stage=primary repair age=65.4 ms
Slow stage: terrain frame wall 180.832 ms (inclusive)
Frame 1548: wall 180.838 ms, GPU producer 47.763 ms, 2 producer submission(s), streaming work excluded from GPU producer timing; t=92.482, BVH resident/budget 770.2/2048.0 MiB, builds/hits/evictions=337/1946/0, scene builds=518
Frame phases 1548: pre-render 0.007 ms, prepare 1.470 ms, primary repair 79.692 ms, shadow repair 50.963 ms, producer wait 48.621 ms; observer=2627738.66/1111635.62/2579.71, moved=109.20 m, roam=1, replaced=0, image=1600x900, LOD=1.500, shadows=1, minimap=1
Frame work 1548: BVH built/hit/evicted=2/16/0, catalogue/instance/scene builds=1/11/1, cached/scene tiles=337/0, scene 0.0 MiB, selection/detail passes=11/12, fallback ray attempts=7280, GPU build/selection/detail=3.307/5.838/24.769 ms, CPU grouping=24.723 ms; atlas installed/evicted=64/64, I/O=33.506 MiB, resident=27/27
Camera preparation: wall 0.170 ms, GPU LOD 0.004 ms, plans/footprints=501/1
Slow stage: worker iteration wall 180.892 ms (inclusive)
LOD plan: sources=1591, changed finer/coarser=0/1, selected LOD-1=25
Frame 1550: wall 48.737 ms, GPU producer 47.083 ms, 1 producer submission(s), resident trace and presentation combined; t=92.531, BVH resident/budget 770.2/2048.0 MiB, builds/hits/evictions=337/1946/0, scene builds=519
Frame phases 1550: pre-render 0.004 ms, prepare 1.336 ms, primary repair 0.000 ms, shadow repair 0.000 ms, producer wait 47.364 ms; observer=2627753.84/1111688.10/2579.25, moved=54.62 m, roam=1, replaced=0, image=1600x900, LOD=1.500, shadows=1, minimap=1
Frame work 1550: BVH built/hit/evicted=0/0/0, catalogue/instance/scene builds=1/1/1, cached/scene tiles=337/158, scene 0.1 MiB, selection/detail passes=0/1, fallback ray attempts=0, GPU build/selection/detail=0.436/0.000/0.000 ms, CPU grouping=0.000 ms; atlas installed/evicted=0/0, I/O=0.000 MiB, resident=27/27
Camera preparation: wall 0.163 ms, GPU LOD 0.004 ms, plans/footprints=502/1
Minimap mask: 276x236, 1440000 rays, worker 21.236 ms, GPU 7.683 ms
Minimap publish: request-to-image 21.291 ms
LOD plan: sources=1591, changed finer/coarser=2/4, selected LOD-1=24
Minimap mask: 276x236, 1440000 rays, worker 37.566 ms, GPU 8.109 ms
Minimap publish: request-to-image 37.606 ms
Slow stage: primary repair wall 117.620 ms (inclusive)
Slow stage: terrain frame wall 223.056 ms (inclusive)
Frame 1552: wall 223.063 ms, GPU producer 48.139 ms, 2 producer submission(s), streaming work excluded from GPU producer timing; t=92.754, BVH resident/budget 773.1/2048.0 MiB, builds/hits/evictions=340/1981/0, scene builds=520
Frame phases 1552: pre-render 0.012 ms, prepare 1.709 ms, primary repair 117.620 ms, shadow repair 54.358 ms, producer wait 49.281 ms; observer=2627769.29/1111739.94/2578.71, moved=54.09 m, roam=1, replaced=0, image=1600x900, LOD=1.500, shadows=1, minimap=1
Frame work 1552: BVH built/hit/evicted=3/35/0, catalogue/instance/scene builds=1/19/1, cached/scene tiles=340/0, scene 0.0 MiB, selection/detail passes=19/20, fallback ray attempts=11422, GPU build/selection/detail=3.363/11.184/26.102 ms, CPU grouping=42.605 ms; atlas installed/evicted=68/68, I/O=36.452 MiB, resident=27/27
Camera preparation: wall 0.219 ms, GPU LOD 0.004 ms, plans/footprints=503/1
Slow stage: worker iteration wall 223.114 ms (inclusive)
LOD plan: sources=1591, changed finer/coarser=5/3, selected LOD-1=26
Minimap mask: 276x236, 1440000 rays, worker 24.236 ms, GPU 4.431 ms
Minimap publish: request-to-image 24.811 ms
Slow stage: primary repair wall 138.706 ms (inclusive)
Slow stage: terrain frame wall 243.192 ms (inclusive)
Frame 1556: wall 243.201 ms, GPU producer 43.619 ms, 2 producer submission(s), streaming work excluded from GPU producer timing; t=92.998, BVH resident/budget 796.9/2048.0 MiB, builds/hits/evictions=345/2032/0, scene builds=521
Frame phases 1556: pre-render 0.014 ms, prepare 3.174 ms, primary repair 138.706 ms, shadow repair 56.722 ms, producer wait 44.511 ms; observer=2627802.18/1111844.64/2577.49, moved=109.75 m, roam=1, replaced=0, image=1600x900, LOD=1.500, shadows=1, minimap=1
Frame work 1556: BVH built/hit/evicted=5/51/0, catalogue/instance/scene builds=1/19/1, cached/scene tiles=345/0, scene 0.0 MiB, selection/detail passes=19/20, fallback ray attempts=180626, GPU build/selection/detail=12.220/10.256/29.317 ms, CPU grouping=43.176 ms; atlas installed/evicted=69/69, I/O=39.770 MiB, resident=27/27
Camera preparation: wall 1.852 ms, GPU LOD 0.004 ms, plans/footprints=504/1
Slow stage: worker iteration wall 243.403 ms (inclusive)
LOD plan: sources=1591, changed finer/coarser=1/4, selected LOD-1=25
Frame 1560: wall 49.054 ms, GPU producer 47.222 ms, 1 producer submission(s), resident trace and presentation combined; t=93.047, BVH resident/budget 796.9/2048.0 MiB, builds/hits/evictions=345/2032/0, scene builds=522
Frame phases 1560: pre-render 0.005 ms, prepare 1.475 ms, primary repair 0.000 ms, shadow repair 0.000 ms, producer wait 47.538 ms; observer=2627837.20/1111948.09/2576.20, moved=109.22 m, roam=1, replaced=0, image=1600x900, LOD=1.500, shadows=1, minimap=1
Frame work 1560: BVH built/hit/evicted=0/0/0, catalogue/instance/scene builds=1/1/1, cached/scene tiles=345/159, scene 0.1 MiB, selection/detail passes=0/1, fallback ray attempts=0, GPU build/selection/detail=0.444/0.000/0.000 ms, CPU grouping=0.000 ms; atlas installed/evicted=0/0, I/O=0.000 MiB, resident=27/27
Camera preparation: wall 0.188 ms, GPU LOD 0.004 ms, plans/footprints=505/1
Minimap mask: 276x236, 1440000 rays, worker 37.014 ms, GPU 6.806 ms
Minimap publish: request-to-image 37.073 ms
LOD plan: sources=1591, changed finer/coarser=1/3, selected LOD-1=23
Minimap mask: 276x236, 1440000 rays, worker 20.930 ms, GPU 4.990 ms
Minimap publish: request-to-image 20.964 ms
Slow stage: terrain frame wall 190.376 ms (inclusive)
Frame 1562: wall 190.388 ms, GPU producer 49.164 ms, 2 producer submission(s), streaming work excluded from GPU producer timing; t=93.237, BVH resident/budget 797.6/2048.0 MiB, builds/hits/evictions=346/2043/0, scene builds=523
Frame phases 1562: pre-render 0.017 ms, prepare 1.802 ms, primary repair 82.026 ms, shadow repair 56.350 ms, producer wait 50.116 ms; observer=2627855.27/1111999.37/2575.55, moved=54.37 m, roam=1, replaced=0, image=1600x900, LOD=1.500, shadows=1, minimap=1
Frame work 1562: BVH built/hit/evicted=1/11/0, catalogue/instance/scene builds=1/13/1, cached/scene tiles=346/0, scene 0.0 MiB, selection/detail passes=13/14, fallback ray attempts=422, GPU build/selection/detail=1.607/7.679/25.809 ms, CPU grouping=30.168 ms; atlas installed/evicted=67/67, I/O=37.359 MiB, resident=27/27
Camera preparation: wall 0.204 ms, GPU LOD 0.004 ms, plans/footprints=506/1
Slow stage: worker iteration wall 190.449 ms (inclusive)
LOD plan: sources=1591, changed finer/coarser=4/3, selected LOD-1=24
Minimap mask: 276x236, 1440000 rays, worker 40.044 ms, GPU 6.116 ms
Minimap publish: request-to-image 42.702 ms
Slow stage: primary repair wall 136.861 ms (inclusive)
Health t=93.421: memory ok footprint/resident 1451.0/764.0 MiB, Metal allocated/recommended 1211.1/18186.2 MiB, thermal=0
Health t=93.421: worker stage=render age=182.9 ms, calls=1181 revision=1562, submitted/completed/presented=0/0/0, stale=0 unavailable=0 refreshed=0
Health t=93.421: display stage=idle age=12.0 ms, calls=2778 revision=1562, submitted/completed/presented=2778/2778/2777, stale=0 unavailable=0 refreshed=1
Health t=93.421: minimap stage=idle age=137.2 ms, calls=750 revision=0, submitted/completed/presented=750/750/748, stale=2 unavailable=0 refreshed=995
Health t=93.421: terrain stage=shadow repair age=0.4 ms
Slow stage: terrain frame wall 235.023 ms (inclusive)
Frame 1566: wall 235.497 ms, GPU producer 44.333 ms, 2 producer submission(s), streaming work excluded from GPU producer timing; t=93.473, BVH resident/budget 809.1/2048.0 MiB, builds/hits/evictions=349/2096/0, scene builds=524
Frame phases 1566: pre-render 0.481 ms, prepare 1.567 ms, primary repair 136.861 ms, shadow repair 51.285 ms, producer wait 45.222 ms; observer=2627892.20/1112102.25/2574.26, moved=109.30 m, roam=1, replaced=0, image=1600x900, LOD=1.500, shadows=1, minimap=1
Frame work 1566: BVH built/hit/evicted=3/53/0, catalogue/instance/scene builds=1/22/1, cached/scene tiles=349/0, scene 0.0 MiB, selection/detail passes=22/23, fallback ray attempts=87258, GPU build/selection/detail=6.757/12.587/26.122 ms, CPU grouping=50.240 ms; atlas installed/evicted=68/68, I/O=41.085 MiB, resident=27/27
Camera preparation: wall 0.189 ms, GPU LOD 0.004 ms, plans/footprints=507/1
Slow stage: worker iteration wall 235.582 ms (inclusive)
LOD plan: sources=1591, changed finer/coarser=1/1, selected LOD-1=25
Minimap mask: 276x236, 1440000 rays, worker 42.864 ms, GPU 7.049 ms
Minimap publish: request-to-image 42.893 ms
Slow stage: primary repair wall 105.123 ms (inclusive)
Slow stage: terrain frame wall 205.270 ms (inclusive)
Frame 1570: wall 205.281 ms, GPU producer 45.401 ms, 2 producer submission(s), streaming work excluded from GPU producer timing; t=93.678, BVH resident/budget 819.7/2048.0 MiB, builds/hits/evictions=352/2117/0, scene builds=525
Frame phases 1570: pre-render 0.017 ms, prepare 1.460 ms, primary repair 105.123 ms, shadow repair 52.245 ms, producer wait 46.359 ms; observer=2627929.85/1112204.96/2572.97, moved=109.39 m, roam=1, replaced=0, image=1600x900, LOD=1.500, shadows=1, minimap=1
Frame work 1570: BVH built/hit/evicted=3/21/0, catalogue/instance/scene builds=1/15/1, cached/scene tiles=352/0, scene 0.0 MiB, selection/detail passes=15/16, fallback ray attempts=47776, GPU build/selection/detail=5.761/7.909/27.291 ms, CPU grouping=33.575 ms; atlas installed/evicted=67/67, I/O=38.390 MiB, resident=27/27
Camera preparation: wall 0.200 ms, GPU LOD 0.004 ms, plans/footprints=508/1
Slow stage: worker iteration wall 205.337 ms (inclusive)
LOD plan: sources=1591, changed finer/coarser=3/2, selected LOD-1=25
Minimap mask: 276x236, 1440000 rays, worker 18.050 ms, GPU 7.927 ms
Minimap publish: request-to-image 18.091 ms
Slow stage: primary repair wall 108.486 ms (inclusive)
Slow stage: terrain frame wall 209.508 ms (inclusive)
Frame 1574: wall 209.516 ms, GPU producer 48.336 ms, 2 producer submission(s), streaming work excluded from GPU producer timing; t=93.888, BVH resident/budget 822.4/2048.0 MiB, builds/hits/evictions=354/2133/0, scene builds=526
Frame phases 1574: pre-render 0.013 ms, prepare 1.514 ms, primary repair 108.486 ms, shadow repair 50.045 ms, producer wait 49.381 ms; observer=2627967.65/1112307.42/2571.69, moved=109.21 m, roam=1, replaced=0, image=1600x900, LOD=1.500, shadows=1, minimap=1
Frame work 1574: BVH built/hit/evicted=2/16/0, catalogue/instance/scene builds=1/17/1, cached/scene tiles=354/0, scene 0.0 MiB, selection/detail passes=17/18, fallback ray attempts=2476, GPU build/selection/detail=2.721/10.256/25.607 ms, CPU grouping=39.256 ms; atlas installed/evicted=65/65, I/O=36.825 MiB, resident=27/27
Camera preparation: wall 0.206 ms, GPU LOD 0.004 ms, plans/footprints=509/1
Slow stage: worker iteration wall 209.575 ms (inclusive)
LOD plan: sources=1591, changed finer/coarser=2/3, selected LOD-1=22
Minimap mask: 276x236, 1440000 rays, worker 27.333 ms, GPU 5.482 ms
Minimap publish: request-to-image 27.415 ms
Slow stage: primary repair wall 106.052 ms (inclusive)
Slow stage: terrain frame wall 208.379 ms (inclusive)
Frame 1578: wall 208.388 ms, GPU producer 46.336 ms, 2 producer submission(s), streaming work excluded from GPU producer timing; t=94.096, BVH resident/budget 825.6/2048.0 MiB, builds/hits/evictions=356/2165/0, scene builds=527
Frame phases 1578: pre-render 0.014 ms, prepare 3.631 ms, primary repair 106.052 ms, shadow repair 51.366 ms, producer wait 47.235 ms; observer=2628005.53/1112409.88/2570.46, moved=109.23 m, roam=1, replaced=0, image=1600x900, LOD=1.500, shadows=1, minimap=1
Frame work 1578: BVH built/hit/evicted=2/32/0, catalogue/instance/scene builds=1/17/1, cached/scene tiles=356/0, scene 0.0 MiB, selection/detail passes=17/18, fallback ray attempts=18138, GPU build/selection/detail=3.159/9.190/26.293 ms, CPU grouping=37.801 ms; atlas installed/evicted=65/65, I/O=37.295 MiB, resident=27/27
Camera preparation: wall 2.197 ms, GPU LOD 0.004 ms, plans/footprints=510/1
Slow stage: worker iteration wall 208.473 ms (inclusive)
LOD plan: sources=1591, changed finer/coarser=1/2, selected LOD-1=22
Frame 1582: wall 48.335 ms, GPU producer 46.444 ms, 1 producer submission(s), resident trace and presentation combined; t=94.145, BVH resident/budget 825.6/2048.0 MiB, builds/hits/evictions=356/2165/0, scene builds=528
Frame phases 1582: pre-render 0.009 ms, prepare 1.543 ms, primary repair 0.000 ms, shadow repair 0.000 ms, producer wait 46.744 ms; observer=2628043.46/1112512.31/2569.28, moved=109.23 m, roam=1, replaced=0, image=1600x900, LOD=1.500, shadows=1, minimap=1
Frame work 1582: BVH built/hit/evicted=0/0/0, catalogue/instance/scene builds=1/1/1, cached/scene tiles=356/163, scene 0.1 MiB, selection/detail passes=0/1, fallback ray attempts=0, GPU build/selection/detail=0.484/0.000/0.000 ms, CPU grouping=0.000 ms; atlas installed/evicted=0/0, I/O=0.000 MiB, resident=27/27
Camera preparation: wall 0.210 ms, GPU LOD 0.004 ms, plans/footprints=511/1
Minimap mask: 276x236, 1440000 rays, worker 34.815 ms, GPU 7.979 ms
Minimap publish: request-to-image 34.874 ms
LOD plan: sources=1591, changed finer/coarser=1/3, selected LOD-1=22
Minimap mask: 276x236, 1440000 rays, worker 16.162 ms, GPU 5.746 ms
Minimap publish: request-to-image 16.200 ms
Slow stage: terrain frame wall 163.144 ms (inclusive)
Frame 1584: wall 163.149 ms, GPU producer 48.785 ms, 2 producer submission(s), streaming work excluded from GPU producer timing; t=94.308, BVH resident/budget 826.3/2048.0 MiB, builds/hits/evictions=357/2169/0, scene builds=529
Frame phases 1584: pre-render 0.008 ms, prepare 1.641 ms, primary repair 56.883 ms, shadow repair 54.880 ms, producer wait 49.657 ms; observer=2628062.44/1112563.50/2568.72, moved=54.60 m, roam=1, replaced=0, image=1600x900, LOD=1.500, shadows=1, minimap=1
Frame work 1584: BVH built/hit/evicted=1/4/0, catalogue/instance/scene builds=1/6/1, cached/scene tiles=357/0, scene 0.0 MiB, selection/detail passes=6/7, fallback ray attempts=32, GPU build/selection/detail=1.194/3.424/24.785 ms, CPU grouping=15.716 ms; atlas installed/evicted=66/66, I/O=37.327 MiB, resident=27/27
Camera preparation: wall 0.206 ms, GPU LOD 0.004 ms, plans/footprints=512/1
Slow stage: worker iteration wall 163.206 ms (inclusive)
LOD plan: sources=1591, changed finer/coarser=3/4, selected LOD-1=23
Minimap mask: 276x236, 1440000 rays, worker 47.096 ms, GPU 1.099 ms
Minimap publish: request-to-image 47.128 ms
Health t=94.425: memory ok footprint/resident 1475.0/773.3 MiB, Metal allocated/recommended 1238.8/18186.2 MiB, thermal=0
Health t=94.425: worker stage=render age=117.3 ms, calls=1187 revision=1584, submitted/completed/presented=0/0/0, stale=0 unavailable=0 refreshed=0
Health t=94.425: display stage=idle age=16.6 ms, calls=2808 revision=1584, submitted/completed/presented=2808/2808/2807, stale=0 unavailable=0 refreshed=1
Health t=94.425: minimap stage=idle age=68.0 ms, calls=756 revision=0, submitted/completed/presented=756/756/754, stale=2 unavailable=0 refreshed=1006
Health t=94.425: terrain stage=shadow repair age=9.5 ms
Slow stage: terrain frame wall 162.728 ms (inclusive)
Frame 1588: wall 162.739 ms, GPU producer 47.839 ms, 2 producer submission(s), streaming work excluded from GPU producer timing; t=94.471, BVH resident/budget 836.5/2048.0 MiB, builds/hits/evictions=358/2173/0, scene builds=530
Frame phases 1588: pre-render 0.017 ms, prepare 1.691 ms, primary repair 58.561 ms, shadow repair 53.583 ms, producer wait 48.811 ms; observer=2628100.46/1112665.90/2567.62, moved=109.22 m, roam=1, replaced=0, image=1600x900, LOD=1.500, shadows=1, minimap=1
Frame work 1588: BVH built/hit/evicted=1/4/0, catalogue/instance/scene builds=1/6/1, cached/scene tiles=358/0, scene 0.0 MiB, selection/detail passes=6/7, fallback ray attempts=10586, GPU build/selection/detail=4.732/2.865/25.243 ms, CPU grouping=14.633 ms; atlas installed/evicted=64/64, I/O=37.169 MiB, resident=27/27
Camera preparation: wall 0.183 ms, GPU LOD 0.004 ms, plans/footprints=513/1
Slow stage: worker iteration wall 162.841 ms (inclusive)
LOD plan: sources=1591, changed finer/coarser=1/1, selected LOD-1=23
Frame 1590: wall 47.586 ms, GPU producer 45.779 ms, 1 producer submission(s), resident trace and presentation combined; t=94.518, BVH resident/budget 836.5/2048.0 MiB, builds/hits/evictions=358/2173/0, scene builds=531
Frame phases 1590: pre-render 0.005 ms, prepare 1.549 ms, primary repair 0.000 ms, shadow repair 0.000 ms, producer wait 45.993 ms; observer=2628119.49/1112717.09/2567.09, moved=54.62 m, roam=1, replaced=0, image=1600x900, LOD=1.500, shadows=1, minimap=1
Frame work 1590: BVH built/hit/evicted=0/0/0, catalogue/instance/scene builds=1/1/1, cached/scene tiles=358/162, scene 0.1 MiB, selection/detail passes=0/1, fallback ray attempts=0, GPU build/selection/detail=0.487/0.000/0.000 ms, CPU grouping=0.000 ms; atlas installed/evicted=0/0, I/O=0.000 MiB, resident=27/27
Camera preparation: wall 0.198 ms, GPU LOD 0.004 ms, plans/footprints=514/1
Minimap mask: 276x236, 1440000 rays, worker 41.751 ms, GPU 5.581 ms
LOD plan: sources=1591, changed finer/coarser=1/1, selected LOD-1=23
Minimap publish: request-to-image 42.915 ms
Minimap mask: 276x236, 1440000 rays, worker 24.936 ms, GPU 2.908 ms
Minimap publish: request-to-image 25.967 ms
Slow stage: terrain frame wall 186.763 ms (inclusive)
Frame 1592: wall 186.772 ms, GPU producer 48.579 ms, 2 producer submission(s), streaming work excluded from GPU producer timing; t=94.705, BVH resident/budget 837.2/2048.0 MiB, builds/hits/evictions=359/2191/0, scene builds=532
Frame phases 1592: pre-render 0.015 ms, prepare 1.725 ms, primary repair 82.498 ms, shadow repair 52.864 ms, producer wait 49.589 ms; observer=2628138.38/1112767.76/2566.59, moved=54.07 m, roam=1, replaced=0, image=1600x900, LOD=1.500, shadows=1, minimap=1
Frame work 1592: BVH built/hit/evicted=1/18/0, catalogue/instance/scene builds=1/13/1, cached/scene tiles=359/0, scene 0.0 MiB, selection/detail passes=13/14, fallback ray attempts=5656, GPU build/selection/detail=1.752/7.345/25.141 ms, CPU grouping=27.363 ms; atlas installed/evicted=66/66, I/O=37.421 MiB, resident=27/27
Camera preparation: wall 0.228 ms, GPU LOD 0.004 ms, plans/footprints=515/1
Slow stage: worker iteration wall 186.837 ms (inclusive)
LOD plan: sources=1591, changed finer/coarser=1/2, selected LOD-1=23
Frame 1596: wall 49.042 ms, GPU producer 47.224 ms, 1 producer submission(s), resident trace and presentation combined; t=94.754, BVH resident/budget 837.2/2048.0 MiB, builds/hits/evictions=359/2191/0, scene builds=533
Frame phases 1596: pre-render 0.004 ms, prepare 1.537 ms, primary repair 0.000 ms, shadow repair 0.000 ms, producer wait 47.462 ms; observer=2628176.96/1112869.99/2565.68, moved=109.28 m, roam=1, replaced=0, image=1600x900, LOD=1.500, shadows=1, minimap=1
Frame work 1596: BVH built/hit/evicted=0/0/0, catalogue/instance/scene builds=1/1/1, cached/scene tiles=359/160, scene 0.1 MiB, selection/detail passes=0/1, fallback ray attempts=0, GPU build/selection/detail=0.489/0.000/0.000 ms, CPU grouping=0.000 ms; atlas installed/evicted=0/0, I/O=0.000 MiB, resident=27/27
Camera preparation: wall 0.202 ms, GPU LOD 0.004 ms, plans/footprints=516/1
Minimap mask: 276x236, 1440000 rays, worker 44.456 ms, GPU 7.310 ms
Minimap publish: request-to-image 44.486 ms
Minimap mask: 276x236, 1440000 rays, worker 1.365 ms, GPU 0.751 ms
Minimap publish: request-to-image 2.059 ms
Frame 1597: wall 46.717 ms, GPU producer 46.220 ms, 1 producer submission(s), resident trace and presentation combined; t=94.845, BVH resident/budget 837.2/2048.0 MiB, builds/hits/evictions=359/2191/0, scene builds=533
Frame phases 1597: pre-render 0.003 ms, prepare 0.101 ms, primary repair 0.000 ms, shadow repair 0.000 ms, producer wait 46.549 ms; observer=2628176.96/1112869.99/2565.68, moved=0.00 m, roam=0, replaced=0, image=1600x900, LOD=1.500, shadows=1, minimap=1
Frame work 1597: BVH built/hit/evicted=0/0/0, catalogue/instance/scene builds=0/0/0, cached/scene tiles=359/160, scene 0.1 MiB, selection/detail passes=0/1, fallback ray attempts=0, GPU build/selection/detail=0.000/0.000/0.000 ms, CPU grouping=0.000 ms; atlas installed/evicted=0/0, I/O=0.000 MiB, resident=27/27
Camera preparation: wall 0.000 ms, GPU LOD 0.000 ms, plans/footprints=516/1
LOD plan: sources=1591, changed finer/coarser=1/1, selected LOD-1=23
Frame 1598: wall 49.527 ms, GPU producer 47.144 ms, 1 producer submission(s), resident trace and presentation combined; t=94.895, BVH resident/budget 837.2/2048.0 MiB, builds/hits/evictions=359/2191/0, scene builds=534
Frame phases 1598: pre-render 0.006 ms, prepare 1.978 ms, primary repair 0.000 ms, shadow repair 0.000 ms, producer wait 47.475 ms; observer=2628196.63/1112921.49/2565.29, moved=55.12 m, roam=1, replaced=0, image=1600x900, LOD=1.500, shadows=1, minimap=1
Frame work 1598: BVH built/hit/evicted=0/0/0, catalogue/instance/scene builds=1/1/1, cached/scene tiles=359/160, scene 0.1 MiB, selection/detail passes=0/1, fallback ray attempts=0, GPU build/selection/detail=0.465/0.000/0.000 ms, CPU grouping=0.000 ms; atlas installed/evicted=0/0, I/O=0.000 MiB, resident=27/27
Camera preparation: wall 0.218 ms, GPU LOD 0.004 ms, plans/footprints=517/1
Minimap mask: 276x236, 1440000 rays, worker 18.366 ms, GPU 4.272 ms
Minimap publish: request-to-image 18.496 ms
Minimap mask: 276x236, 1440000 rays, worker 38.885 ms, GPU 9.878 ms
Minimap publish: request-to-image 38.939 ms
Slow stage: terrain frame wall 186.732 ms (inclusive)
Frame 1599: wall 186.742 ms, GPU producer 49.624 ms, 2 producer submission(s), streaming work excluded from GPU producer timing; t=95.086, BVH resident/budget 837.8/2048.0 MiB, builds/hits/evictions=360/2197/0, scene builds=534
Frame phases 1599: pre-render 0.015 ms, prepare 0.382 ms, primary repair 75.627 ms, shadow repair 59.733 ms, producer wait 50.781 ms; observer=2628196.63/1112921.49/2565.29, moved=0.00 m, roam=0, replaced=0, image=1600x900, LOD=1.500, shadows=1, minimap=1
Frame work 1599: BVH built/hit/evicted=1/6/0, catalogue/instance/scene builds=0/7/0, cached/scene tiles=360/0, scene 0.0 MiB, selection/detail passes=8/9, fallback ray attempts=2, GPU build/selection/detail=0.938/3.824/25.142 ms, CPU grouping=26.188 ms; atlas installed/evicted=64/64, I/O=31.535 MiB, resident=27/27
Camera preparation: wall 0.002 ms, GPU LOD 0.000 ms, plans/footprints=517/1
Slow stage: worker iteration wall 186.791 ms (inclusive)
LOD plan: sources=1591, changed finer/coarser=0/2, selected LOD-1=23
Frame 1602: wall 48.380 ms, GPU producer 46.579 ms, 1 producer submission(s), resident trace and presentation combined; t=95.134, BVH resident/budget 837.8/2048.0 MiB, builds/hits/evictions=360/2197/0, scene builds=535
Frame phases 1602: pre-render 0.006 ms, prepare 1.475 ms, primary repair 0.000 ms, shadow repair 0.000 ms, producer wait 46.855 ms; observer=2628236.12/1113023.32/2564.62, moved=109.22 m, roam=1, replaced=0, image=1600x900, LOD=1.500, shadows=1, minimap=1
Frame work 1602: BVH built/hit/evicted=0/0/0, catalogue/instance/scene builds=1/1/1, cached/scene tiles=360/160, scene 0.1 MiB, selection/detail passes=0/1, fallback ray attempts=0, GPU build/selection/detail=0.453/0.000/0.000 ms, CPU grouping=0.000 ms; atlas installed/evicted=0/0, I/O=0.000 MiB, resident=27/27
Camera preparation: wall 0.169 ms, GPU LOD 0.004 ms, plans/footprints=518/1
Minimap mask: 276x236, 1440000 rays, worker 24.885 ms, GPU 3.052 ms
Minimap publish: request-to-image 24.986 ms
LOD plan: sources=1591, changed finer/coarser=2/0, selected LOD-1=23
Frame 1604: wall 49.364 ms, GPU producer 47.127 ms, 1 producer submission(s), resident trace and presentation combined; t=95.184, BVH resident/budget 837.8/2048.0 MiB, builds/hits/evictions=360/2197/0, scene builds=536
Frame phases 1604: pre-render 0.005 ms, prepare 1.892 ms, primary repair 0.000 ms, shadow repair 0.000 ms, producer wait 47.397 ms; observer=2628256.12/1113074.15/2564.35, moved=54.63 m, roam=1, replaced=0, image=1600x900, LOD=1.500, shadows=1, minimap=1
Frame work 1604: BVH built/hit/evicted=0/0/0, catalogue/instance/scene builds=1/1/1, cached/scene tiles=360/160, scene 0.1 MiB, selection/detail passes=0/1, fallback ray attempts=0, GPU build/selection/detail=0.437/0.000/0.000 ms, CPU grouping=0.000 ms; atlas installed/evicted=0/0, I/O=0.000 MiB, resident=27/27
Camera preparation: wall 0.229 ms, GPU LOD 0.004 ms, plans/footprints=519/1
Minimap mask: 276x236, 1440000 rays, worker 40.111 ms, GPU 8.845 ms
Minimap publish: request-to-image 42.494 ms
Frame 1605: wall 48.596 ms, GPU producer 47.792 ms, 1 producer submission(s), resident trace and presentation combined; t=95.247, BVH resident/budget 837.8/2048.0 MiB, builds/hits/evictions=360/2197/0, scene builds=536
Frame phases 1605: pre-render 0.009 ms, prepare 0.129 ms, primary repair 0.000 ms, shadow repair 0.000 ms, producer wait 48.376 ms; observer=2628256.12/1113074.15/2564.35, moved=0.00 m, roam=0, replaced=0, image=1600x900, LOD=1.500, shadows=1, minimap=1
Frame work 1605: BVH built/hit/evicted=0/0/0, catalogue/instance/scene builds=0/0/0, cached/scene tiles=360/160, scene 0.1 MiB, selection/detail passes=0/1, fallback ray attempts=0, GPU build/selection/detail=0.000/0.000/0.000 ms, CPU grouping=0.000 ms; atlas installed/evicted=0/0, I/O=0.000 MiB, resident=27/27
Camera preparation: wall 0.000 ms, GPU LOD 0.000 ms, plans/footprints=519/1
Minimap mask: 276x236, 1440000 rays, worker 36.322 ms, GPU 9.718 ms
Minimap publish: request-to-image 36.426 ms
LOD plan: sources=1591, changed finer/coarser=1/2, selected LOD-1=23
Minimap mask: 276x236, 1440000 rays, worker 20.275 ms, GPU 6.653 ms
Minimap publish: request-to-image 21.316 ms
Slow stage: terrain frame wall 171.034 ms (inclusive)
Frame 1606: wall 171.043 ms, GPU producer 47.812 ms, 2 producer submission(s), streaming work excluded from GPU producer timing; t=95.418, BVH resident/budget 838.4/2048.0 MiB, builds/hits/evictions=361/2204/0, scene builds=537
Frame phases 1606: pre-render 0.015 ms, prepare 1.829 ms, primary repair 68.070 ms, shadow repair 52.309 ms, producer wait 48.723 ms; observer=2628276.30/1113124.89/2564.11, moved=54.61 m, roam=1, replaced=0, image=1600x900, LOD=1.500, shadows=1, minimap=1
Frame work 1606: BVH built/hit/evicted=1/7/0, catalogue/instance/scene builds=1/8/1, cached/scene tiles=361/0, scene 0.0 MiB, selection/detail passes=8/9, fallback ray attempts=716, GPU build/selection/detail=1.413/4.107/24.819 ms, CPU grouping=25.450 ms; atlas installed/evicted=63/63, I/O=31.504 MiB, resident=27/27
Camera preparation: wall 0.203 ms, GPU LOD 0.004 ms, plans/footprints=520/1
Slow stage: worker iteration wall 171.096 ms (inclusive)
LOD plan: sources=1591, changed finer/coarser=0/2, selected LOD-1=23
Health t=95.430: memory ok footprint/resident 1487.5/774.4 MiB, Metal allocated/recommended 1251.8/18186.2 MiB, thermal=0
Health t=95.430: worker stage=render age=12.0 ms, calls=1199 revision=1606, submitted/completed/presented=0/0/0, stale=0 unavailable=0 refreshed=0
Health t=95.430: display stage=idle age=21.7 ms, calls=2838 revision=1605, submitted/completed/presented=2838/2838/2837, stale=0 unavailable=0 refreshed=1
Health t=95.430: minimap stage=idle age=133.7 ms, calls=766 revision=0, submitted/completed/presented=766/766/764, stale=2 unavailable=0 refreshed=1021
Health t=95.430: terrain stage=producer wait age=10.6 ms
Minimap mask: 276x236, 1440000 rays, worker 23.381 ms, GPU 1.641 ms
Minimap publish: request-to-image 26.399 ms
Slow stage: terrain frame wall 173.320 ms (inclusive)
Frame 1610: wall 173.326 ms, GPU producer 46.944 ms, 2 producer submission(s), streaming work excluded from GPU producer timing; t=95.592, BVH resident/budget 839.1/2048.0 MiB, builds/hits/evictions=362/2212/0, scene builds=538
Frame phases 1610: pre-render 0.008 ms, prepare 1.385 ms, primary repair 70.128 ms, shadow repair 53.833 ms, producer wait 47.895 ms; observer=2628317.20/1113226.16/2563.76, moved=109.21 m, roam=1, replaced=0, image=1600x900, LOD=1.500, shadows=1, minimap=1
Frame work 1610: BVH built/hit/evicted=1/8/0, catalogue/instance/scene builds=1/10/1, cached/scene tiles=362/0, scene 0.0 MiB, selection/detail passes=10/11, fallback ray attempts=2, GPU build/selection/detail=1.417/5.622/24.066 ms, CPU grouping=23.839 ms; atlas installed/evicted=65/65, I/O=33.539 MiB, resident=27/27
Camera preparation: wall 0.167 ms, GPU LOD 0.004 ms, plans/footprints=521/1
Slow stage: worker iteration wall 173.382 ms (inclusive)
LOD plan: sources=1591, changed finer/coarser=1/1, selected LOD-1=23
Frame 1612: wall 47.866 ms, GPU producer 45.956 ms, 1 producer submission(s), resident trace and presentation combined; t=95.640, BVH resident/budget 839.1/2048.0 MiB, builds/hits/evictions=362/2212/0, scene builds=539
Frame phases 1612: pre-render 0.013 ms, prepare 1.584 ms, primary repair 0.000 ms, shadow repair 0.000 ms, producer wait 46.233 ms; observer=2628338.02/1113276.65/2563.62, moved=54.62 m, roam=1, replaced=0, image=1600x900, LOD=1.500, shadows=1, minimap=1
Frame work 1612: BVH built/hit/evicted=0/0/0, catalogue/instance/scene builds=1/1/1, cached/scene tiles=362/158, scene 0.1 MiB, selection/detail passes=0/1, fallback ray attempts=0, GPU build/selection/detail=0.486/0.000/0.000 ms, CPU grouping=0.000 ms; atlas installed/evicted=0/0, I/O=0.000 MiB, resident=27/27
Camera preparation: wall 0.188 ms, GPU LOD 0.004 ms, plans/footprints=522/1
Minimap mask: 276x236, 1440000 rays, worker 29.688 ms, GPU 4.823 ms
Minimap publish: request-to-image 29.771 ms
LOD plan: sources=1591, changed finer/coarser=1/3, selected LOD-1=23
Minimap mask: 276x236, 1440000 rays, worker 44.627 ms, GPU 8.160 ms
Minimap publish: request-to-image 44.664 ms
Slow stage: terrain frame wall 174.885 ms (inclusive)
Frame 1614: wall 174.896 ms, GPU producer 47.251 ms, 2 producer submission(s), streaming work excluded from GPU producer timing; t=95.815, BVH resident/budget 839.7/2048.0 MiB, builds/hits/evictions=363/2218/0, scene builds=540
Frame phases 1614: pre-render 0.016 ms, prepare 1.685 ms, primary repair 70.352 ms, shadow repair 54.560 ms, producer wait 48.202 ms; observer=2628359.12/1113327.05/2563.50, moved=54.63 m, roam=1, replaced=0, image=1600x900, LOD=1.500, shadows=1, minimap=1
Frame work 1614: BVH built/hit/evicted=1/6/0, catalogue/instance/scene builds=1/8/1, cached/scene tiles=363/0, scene 0.0 MiB, selection/detail passes=8/9, fallback ray attempts=444, GPU build/selection/detail=1.348/3.993/24.756 ms, CPU grouping=20.328 ms; atlas installed/evicted=65/65, I/O=33.539 MiB, resident=27/27
Camera preparation: wall 0.227 ms, GPU LOD 0.004 ms, plans/footprints=523/1
Slow stage: worker iteration wall 174.962 ms (inclusive)
LOD plan: sources=1591, changed finer/coarser=4/3, selected LOD-1=23
Minimap mask: 276x236, 1440000 rays, worker 16.916 ms, GPU 5.388 ms
Minimap publish: request-to-image 16.954 ms
Slow stage: primary repair wall 131.881 ms (inclusive)
Slow stage: terrain frame wall 236.123 ms (inclusive)
Frame 1618: wall 236.134 ms, GPU producer 44.735 ms, 2 producer submission(s), streaming work excluded from GPU producer timing; t=96.051, BVH resident/budget 853.8/2048.0 MiB, builds/hits/evictions=367/2266/0, scene builds=541
Frame phases 1618: pre-render 0.017 ms, prepare 1.613 ms, primary repair 131.881 ms, shadow repair 56.855 ms, producer wait 45.693 ms; observer=2628402.09/1113427.45/2563.33, moved=109.21 m, roam=1, replaced=0, image=1600x900, LOD=1.500, shadows=1, minimap=1
Frame work 1618: BVH built/hit/evicted=4/48/0, catalogue/instance/scene builds=1/20/1, cached/scene tiles=367/0, scene 0.0 MiB, selection/detail passes=20/21, fallback ray attempts=83868, GPU build/selection/detail=8.463/10.636/26.779 ms, CPU grouping=46.816 ms; atlas installed/evicted=70/70, I/O=35.859 MiB, resident=27/27
Camera preparation: wall 0.209 ms, GPU LOD 0.004 ms, plans/footprints=524/1
Slow stage: worker iteration wall 236.192 ms (inclusive)
LOD plan: sources=1591, changed finer/coarser=1/2, selected LOD-1=23
Minimap mask: 276x236, 1440000 rays, worker 19.212 ms, GPU 4.622 ms
Minimap publish: request-to-image 19.243 ms
Slow stage: primary repair wall 102.099 ms (inclusive)
Slow stage: terrain frame wall 195.645 ms (inclusive)
Frame 1622: wall 195.651 ms, GPU producer 43.959 ms, 2 producer submission(s), streaming work excluded from GPU producer timing; t=96.246, BVH resident/budget 856.6/2048.0 MiB, builds/hits/evictions=369/2289/0, scene builds=542
Frame phases 1622: pre-render 0.008 ms, prepare 1.571 ms, primary repair 102.099 ms, shadow repair 46.571 ms, producer wait 45.327 ms; observer=2628446.15/1113527.41/2563.25, moved=109.24 m, roam=1, replaced=0, image=1600x900, LOD=1.500, shadows=1, minimap=1
Frame work 1622: BVH built/hit/evicted=2/23/0, catalogue/instance/scene builds=1/18/1, cached/scene tiles=369/0, scene 0.0 MiB, selection/detail passes=18/19, fallback ray attempts=22670, GPU build/selection/detail=2.794/7.748/26.125 ms, CPU grouping=39.678 ms; atlas installed/evicted=69/69, I/O=36.014 MiB, resident=27/27
Camera preparation: wall 0.203 ms, GPU LOD 0.004 ms, plans/footprints=525/1
Slow stage: worker iteration wall 195.701 ms (inclusive)
LOD plan: sources=1591, changed finer/coarser=3/2, selected LOD-1=23
Minimap mask: 276x236, 1440000 rays, worker 16.144 ms, GPU 4.882 ms
Frame 1626: wall 46.194 ms, GPU producer 43.132 ms, 1 producer submission(s), resident trace and presentation combined; t=96.293, BVH resident/budget 856.6/2048.0 MiB, builds/hits/evictions=369/2289/0, scene builds=543
Frame phases 1626: pre-render 0.011 ms, prepare 2.677 ms, primary repair 0.000 ms, shadow repair 0.000 ms, producer wait 43.473 ms; observer=2628491.26/1113626.90/2563.26, moved=109.23 m, roam=1, replaced=0, image=1600x900, LOD=1.500, shadows=1, minimap=1
Frame work 1626: BVH built/hit/evicted=0/0/0, catalogue/instance/scene builds=1/1/1, cached/scene tiles=369/158, scene 0.1 MiB, selection/detail passes=0/1, fallback ray attempts=0, GPU build/selection/detail=0.455/0.000/0.000 ms, CPU grouping=0.000 ms; atlas installed/evicted=0/0, I/O=0.000 MiB, resident=27/27
Camera preparation: wall 1.425 ms, GPU LOD 0.004 ms, plans/footprints=526/1
Minimap publish: request-to-image 16.171 ms
Frame 1627: wall 47.482 ms, GPU producer 47.060 ms, 1 producer submission(s), resident trace and presentation combined; t=96.346, BVH resident/budget 856.6/2048.0 MiB, builds/hits/evictions=369/2289/0, scene builds=543
Frame phases 1627: pre-render 0.003 ms, prepare 0.065 ms, primary repair 0.000 ms, shadow repair 0.000 ms, producer wait 47.384 ms; observer=2628491.26/1113626.90/2563.26, moved=0.00 m, roam=0, replaced=0, image=1600x900, LOD=1.500, shadows=1, minimap=1
Frame work 1627: BVH built/hit/evicted=0/0/0, catalogue/instance/scene builds=0/0/0, cached/scene tiles=369/158, scene 0.1 MiB, selection/detail passes=0/1, fallback ray attempts=0, GPU build/selection/detail=0.000/0.000/0.000 ms, CPU grouping=0.000 ms; atlas installed/evicted=0/0, I/O=0.000 MiB, resident=27/27
Camera preparation: wall 0.001 ms, GPU LOD 0.000 ms, plans/footprints=526/1
Minimap mask: 276x236, 1440000 rays, worker 35.959 ms, GPU 8.582 ms
Minimap publish: request-to-image 36.010 ms
LOD plan: sources=1591, changed finer/coarser=1/0, selected LOD-1=23
Minimap mask: 276x236, 1440000 rays, worker 17.950 ms, GPU 3.384 ms
Minimap publish: request-to-image 18.001 ms
Health t=96.433: memory ok footprint/resident 1499.0/780.5 MiB, Metal allocated/recommended 1259.3/18186.2 MiB, thermal=0
Health t=96.433: worker stage=render age=87.3 ms, calls=1206 revision=1627, submitted/completed/presented=0/0/0, stale=0 unavailable=0 refreshed=0
Health t=96.433: display stage=idle age=24.4 ms, calls=2868 revision=1627, submitted/completed/presented=2868/2868/2867, stale=0 unavailable=0 refreshed=1
Health t=96.433: minimap stage=idle age=39.1 ms, calls=774 revision=0, submitted/completed/presented=774/774/772, stale=2 unavailable=0 refreshed=1032
Health t=96.433: terrain stage=BVH build/compaction age=0.8 ms
Slow stage: terrain frame wall 197.177 ms (inclusive)
Frame 1628: wall 197.185 ms, GPU producer 46.955 ms, 2 producer submission(s), streaming work excluded from GPU producer timing; t=96.543, BVH resident/budget 859.1/2048.0 MiB, builds/hits/evictions=370/2299/0, scene builds=544
Frame phases 1628: pre-render 0.010 ms, prepare 1.710 ms, primary repair 84.994 ms, shadow repair 62.355 ms, producer wait 48.033 ms; observer=2628514.12/1113676.27/2563.30, moved=54.41 m, roam=1, replaced=0, image=1600x900, LOD=1.500, shadows=1, minimap=1
Frame work 1628: BVH built/hit/evicted=1/10/0, catalogue/instance/scene builds=1/10/1, cached/scene tiles=370/0, scene 0.0 MiB, selection/detail passes=10/11, fallback ray attempts=2064, GPU build/selection/detail=2.162/4.540/24.441 ms, CPU grouping=32.341 ms; atlas installed/evicted=68/68, I/O=33.916 MiB, resident=27/27
Camera preparation: wall 0.197 ms, GPU LOD 0.004 ms, plans/footprints=527/1
Slow stage: worker iteration wall 197.256 ms (inclusive)
LOD plan: sources=1591, changed finer/coarser=2/1, selected LOD-1=23
Minimap mask: 276x236, 1440000 rays, worker 13.393 ms, GPU 6.410 ms
Minimap publish: request-to-image 15.093 ms
Slow stage: primary repair wall 100.119 ms (inclusive)
Slow stage: terrain frame wall 202.881 ms (inclusive)
Frame 1632: wall 202.897 ms, GPU producer 45.060 ms, 2 producer submission(s), streaming work excluded from GPU producer timing; t=96.746, BVH resident/budget 859.9/2048.0 MiB, builds/hits/evictions=372/2321/0, scene builds=545
Frame phases 1632: pre-render 0.023 ms, prepare 1.750 ms, primary repair 100.119 ms, shadow repair 54.899 ms, producer wait 46.011 ms; observer=2628560.90/1113775.19/2563.45, moved=109.42 m, roam=1, replaced=0, image=1600x900, LOD=1.500, shadows=1, minimap=1
Frame work 1632: BVH built/hit/evicted=2/22/0, catalogue/instance/scene builds=1/15/1, cached/scene tiles=372/0, scene 0.0 MiB, selection/detail passes=15/16, fallback ray attempts=3318, GPU build/selection/detail=2.119/8.407/24.573 ms, CPU grouping=39.869 ms; atlas installed/evicted=71/71, I/O=34.200 MiB, resident=27/27
Camera preparation: wall 0.216 ms, GPU LOD 0.004 ms, plans/footprints=528/1
Slow stage: worker iteration wall 202.955 ms (inclusive)
LOD plan: sources=1591, changed finer/coarser=5/1, selected LOD-1=24
Minimap mask: 276x236, 1440000 rays, worker 12.798 ms, GPU 4.642 ms
Minimap publish: request-to-image 12.836 ms
Slow stage: terrain frame wall 196.415 ms (inclusive)
Frame 1636: wall 196.422 ms, GPU producer 42.859 ms, 2 producer submission(s), streaming work excluded from GPU producer timing; t=96.942, BVH resident/budget 870.8/2048.0 MiB, builds/hits/evictions=374/2345/0, scene builds=546
Frame phases 1636: pre-render 0.008 ms, prepare 1.579 ms, primary repair 99.129 ms, shadow repair 51.834 ms, producer wait 43.735 ms; observer=2628608.65/1113873.45/2563.68, moved=109.24 m, roam=1, replaced=0, image=1600x900, LOD=1.500, shadows=1, minimap=1
Frame work 1636: BVH built/hit/evicted=2/24/0, catalogue/instance/scene builds=1/13/1, cached/scene tiles=374/0, scene 0.0 MiB, selection/detail passes=13/14, fallback ray attempts=129682, GPU build/selection/detail=5.889/7.542/26.777 ms, CPU grouping=31.573 ms; atlas installed/evicted=71/71, I/O=35.890 MiB, resident=27/27
Camera preparation: wall 0.200 ms, GPU LOD 0.004 ms, plans/footprints=529/1
Slow stage: worker iteration wall 196.477 ms (inclusive)
LOD plan: sources=1591, changed finer/coarser=2/3, selected LOD-1=25
Minimap mask: 276x236, 1440000 rays, worker 10.049 ms, GPU 5.229 ms
Minimap publish: request-to-image 10.077 ms
Slow stage: primary repair wall 119.899 ms (inclusive)
Slow stage: terrain frame wall 218.111 ms (inclusive)
Frame 1640: wall 218.121 ms, GPU producer 43.120 ms, 2 producer submission(s), streaming work excluded from GPU producer timing; t=97.161, BVH resident/budget 881.2/2048.0 MiB, builds/hits/evictions=376/2385/0, scene builds=547
Frame phases 1640: pre-render 0.020 ms, prepare 1.588 ms, primary repair 119.899 ms, shadow repair 52.469 ms, producer wait 44.046 ms; observer=2628657.42/1113971.17/2564.01, moved=109.22 m, roam=1, replaced=0, image=1600x900, LOD=1.500, shadows=1, minimap=1
Frame work 1640: BVH built/hit/evicted=2/40/0, catalogue/instance/scene builds=1/20/1, cached/scene tiles=376/0, scene 0.0 MiB, selection/detail passes=20/21, fallback ray attempts=94422, GPU build/selection/detail=5.885/9.035/26.509 ms, CPU grouping=46.501 ms; atlas installed/evicted=72/72, I/O=37.330 MiB, resident=27/27
Camera preparation: wall 0.178 ms, GPU LOD 0.004 ms, plans/footprints=530/1
Slow stage: worker iteration wall 218.180 ms (inclusive)
LOD plan: sources=1591, changed finer/coarser=3/4, selected LOD-1=26
Minimap mask: 276x236, 1440000 rays, worker 30.694 ms, GPU 6.900 ms
Minimap publish: request-to-image 30.725 ms
Slow stage: terrain frame wall 160.723 ms (inclusive)
Frame 1644: wall 160.732 ms, GPU producer 45.621 ms, 2 producer submission(s), streaming work excluded from GPU producer timing; t=97.321, BVH resident/budget 891.5/2048.0 MiB, builds/hits/evictions=377/2389/0, scene builds=548
Frame phases 1644: pre-render 0.015 ms, prepare 1.514 ms, primary repair 56.852 ms, shadow repair 55.736 ms, producer wait 46.544 ms; observer=2628707.25/1114068.38/2564.43, moved=109.24 m, roam=1, replaced=0, image=1600x900, LOD=1.500, shadows=1, minimap=1
Frame work 1644: BVH built/hit/evicted=1/4/0, catalogue/instance/scene builds=1/5/1, cached/scene tiles=377/0, scene 0.0 MiB, selection/detail passes=5/6, fallback ray attempts=59878, GPU build/selection/detail=4.709/2.510/25.425 ms, CPU grouping=12.698 ms; atlas installed/evicted=72/72, I/O=36.954 MiB, resident=27/27
Camera preparation: wall 0.198 ms, GPU LOD 0.004 ms, plans/footprints=531/1
Slow stage: worker iteration wall 160.786 ms (inclusive)
LOD plan: sources=1591, changed finer/coarser=1/4, selected LOD-1=26
Minimap mask: 276x236, 1440000 rays, worker 23.451 ms, GPU 2.468 ms
Minimap publish: request-to-image 25.796 ms
Health t=97.437: memory ok footprint/resident 1537.1/792.9 MiB, Metal allocated/recommended 1296.9/18186.2 MiB, thermal=0
Health t=97.437: worker stage=render age=115.4 ms, calls=1211 revision=1644, submitted/completed/presented=0/0/0, stale=0 unavailable=0 refreshed=0
Health t=97.437: display stage=idle age=28.6 ms, calls=2898 revision=1644, submitted/completed/presented=2898/2898/2897, stale=0 unavailable=0 refreshed=1
Health t=97.437: minimap stage=idle age=70.0 ms, calls=779 revision=0, submitted/completed/presented=779/779/777, stale=2 unavailable=0 refreshed=1042
Health t=97.437: terrain stage=primary repair age=70.1 ms
Slow stage: terrain frame wall 182.383 ms (inclusive)
Frame 1648: wall 182.847 ms, GPU producer 43.929 ms, 2 producer submission(s), streaming work excluded from GPU producer timing; t=97.504, BVH resident/budget 894.1/2048.0 MiB, builds/hits/evictions=378/2410/0, scene builds=549
Frame phases 1648: pre-render 0.466 ms, prepare 1.656 ms, primary repair 83.363 ms, shadow repair 52.495 ms, producer wait 44.791 ms; observer=2628758.10/1114165.04/2564.94, moved=109.22 m, roam=1, replaced=0, image=1600x900, LOD=1.500, shadows=1, minimap=1
Frame work 1648: BVH built/hit/evicted=1/21/0, catalogue/instance/scene builds=1/13/1, cached/scene tiles=378/0, scene 0.0 MiB, selection/detail passes=13/14, fallback ray attempts=10932, GPU build/selection/detail=2.579/7.878/24.277 ms, CPU grouping=30.411 ms; atlas installed/evicted=69/69, I/O=37.266 MiB, resident=27/27
Camera preparation: wall 0.182 ms, GPU LOD 0.004 ms, plans/footprints=532/1
Slow stage: worker iteration wall 182.903 ms (inclusive)
LOD plan: sources=1591, changed finer/coarser=1/1, selected LOD-1=25
Minimap mask: 276x236, 1440000 rays, worker 40.373 ms, GPU 6.601 ms
Minimap publish: request-to-image 42.617 ms
Slow stage: terrain frame wall 163.966 ms (inclusive)
Frame 1652: wall 163.973 ms, GPU producer 44.894 ms, 2 producer submission(s), streaming work excluded from GPU producer timing; t=97.668, BVH resident/budget 896.6/2048.0 MiB, builds/hits/evictions=379/2415/0, scene builds=550
Frame phases 1652: pre-render 0.014 ms, prepare 1.578 ms, primary repair 60.586 ms, shadow repair 55.855 ms, producer wait 45.857 ms; observer=2628809.98/1114261.16/2565.54, moved=109.22 m, roam=1, replaced=0, image=1600x900, LOD=1.500, shadows=1, minimap=1
Frame work 1652: BVH built/hit/evicted=1/5/0, catalogue/instance/scene builds=1/7/1, cached/scene tiles=379/0, scene 0.0 MiB, selection/detail passes=7/8, fallback ray attempts=2, GPU build/selection/detail=1.927/3.418/23.264 ms, CPU grouping=18.251 ms; atlas installed/evicted=73/73, I/O=33.982 MiB, resident=27/27
Camera preparation: wall 0.172 ms, GPU LOD 0.004 ms, plans/footprints=533/1
Slow stage: worker iteration wall 164.028 ms (inclusive)
LOD plan: sources=1591, changed finer/coarser=0/1, selected LOD-1=24
Frame 1654: wall 45.812 ms, GPU producer 43.818 ms, 1 producer submission(s), resident trace and presentation combined; t=97.714, BVH resident/budget 896.6/2048.0 MiB, builds/hits/evictions=379/2415/0, scene builds=551
Frame phases 1654: pre-render 0.005 ms, prepare 1.665 ms, primary repair 0.000 ms, shadow repair 0.000 ms, producer wait 44.075 ms; observer=2628836.31/1114309.03/2565.87, moved=54.64 m, roam=1, replaced=0, image=1600x900, LOD=1.500, shadows=1, minimap=1
Frame work 1654: BVH built/hit/evicted=0/0/0, catalogue/instance/scene builds=1/1/1, cached/scene tiles=379/160, scene 0.1 MiB, selection/detail passes=0/1, fallback ray attempts=0, GPU build/selection/detail=0.482/0.000/0.000 ms, CPU grouping=0.000 ms; atlas installed/evicted=0/0, I/O=0.000 MiB, resident=27/27
Camera preparation: wall 0.201 ms, GPU LOD 0.004 ms, plans/footprints=534/1
Minimap mask: 276x236, 1440000 rays, worker 37.864 ms, GPU 5.376 ms
Minimap publish: request-to-image 37.967 ms
LOD plan: sources=1591, changed finer/coarser=0/2, selected LOD-1=24
Minimap mask: 276x236, 1440000 rays, worker 20.257 ms, GPU 4.302 ms
Frame 1656: wall 50.398 ms, GPU producer 45.327 ms, 1 producer submission(s), resident trace and presentation combined; t=97.765, BVH resident/budget 896.6/2048.0 MiB, builds/hits/evictions=379/2415/0, scene builds=552
Frame phases 1656: pre-render 0.006 ms, prepare 4.739 ms, primary repair 0.000 ms, shadow repair 0.000 ms, producer wait 45.602 ms; observer=2628862.89/1114356.74/2566.23, moved=54.61 m, roam=1, replaced=0, image=1600x900, LOD=1.500, shadows=1, minimap=1
Frame work 1656: BVH built/hit/evicted=0/0/0, catalogue/instance/scene builds=1/1/1, cached/scene tiles=379/159, scene 0.1 MiB, selection/detail passes=0/1, fallback ray attempts=0, GPU build/selection/detail=0.462/0.000/0.000 ms, CPU grouping=0.000 ms; atlas installed/evicted=0/0, I/O=0.000 MiB, resident=27/27
Camera preparation: wall 0.213 ms, GPU LOD 0.004 ms, plans/footprints=535/1
Minimap publish: request-to-image 21.066 ms
Minimap mask: 276x236, 1440000 rays, worker 1.740 ms, GPU 0.806 ms
Minimap publish: request-to-image 2.537 ms
Frame 1657: wall 45.798 ms, GPU producer 44.092 ms, 1 producer submission(s), resident trace and presentation combined; t=97.844, BVH resident/budget 896.6/2048.0 MiB, builds/hits/evictions=379/2415/0, scene builds=552
Frame phases 1657: pre-render 0.003 ms, prepare 0.130 ms, primary repair 0.000 ms, shadow repair 0.000 ms, producer wait 45.593 ms; observer=2628862.89/1114356.74/2566.23, moved=0.00 m, roam=0, replaced=0, image=1600x900, LOD=1.500, shadows=1, minimap=1
Frame work 1657: BVH built/hit/evicted=0/0/0, catalogue/instance/scene builds=0/0/0, cached/scene tiles=379/159, scene 0.1 MiB, selection/detail passes=0/1, fallback ray attempts=0, GPU build/selection/detail=0.000/0.000/0.000 ms, CPU grouping=0.000 ms; atlas installed/evicted=0/0, I/O=0.000 MiB, resident=27/27
Camera preparation: wall 0.001 ms, GPU LOD 0.000 ms, plans/footprints=535/1
LOD plan: sources=1591, changed finer/coarser=0/1, selected LOD-1=23
Frame 1658: wall 48.031 ms, GPU producer 45.553 ms, 1 producer submission(s), resident trace and presentation combined; t=97.892, BVH resident/budget 896.6/2048.0 MiB, builds/hits/evictions=379/2415/0, scene builds=553
Frame phases 1658: pre-render 0.018 ms, prepare 2.117 ms, primary repair 0.000 ms, shadow repair 0.000 ms, producer wait 45.821 ms; observer=2628889.71/1114404.31/2566.65, moved=54.61 m, roam=1, replaced=0, image=1600x900, LOD=1.500, shadows=1, minimap=1
Frame work 1658: BVH built/hit/evicted=0/0/0, catalogue/instance/scene builds=1/1/1, cached/scene tiles=379/159, scene 0.1 MiB, selection/detail passes=0/1, fallback ray attempts=0, GPU build/selection/detail=0.487/0.000/0.000 ms, CPU grouping=0.000 ms; atlas installed/evicted=0/0, I/O=0.000 MiB, resident=27/27
Camera preparation: wall 0.233 ms, GPU LOD 0.006 ms, plans/footprints=536/1
Minimap mask: 276x236, 1440000 rays, worker 16.062 ms, GPU 7.311 ms
Minimap publish: request-to-image 16.166 ms
Frame 1659: wall 46.771 ms, GPU producer 46.140 ms, 1 producer submission(s), resident trace and presentation combined; t=97.946, BVH resident/budget 896.6/2048.0 MiB, builds/hits/evictions=379/2415/0, scene builds=553
Frame phases 1659: pre-render 0.003 ms, prepare 0.138 ms, primary repair 0.000 ms, shadow repair 0.000 ms, producer wait 46.511 ms; observer=2628889.71/1114404.31/2566.65, moved=0.00 m, roam=0, replaced=0, image=1600x900, LOD=1.500, shadows=1, minimap=1
Frame work 1659: BVH built/hit/evicted=0/0/0, catalogue/instance/scene builds=0/0/0, cached/scene tiles=379/159, scene 0.1 MiB, selection/detail passes=0/1, fallback ray attempts=0, GPU build/selection/detail=0.000/0.000/0.000 ms, CPU grouping=0.000 ms; atlas installed/evicted=0/0, I/O=0.000 MiB, resident=27/27
Camera preparation: wall 0.001 ms, GPU LOD 0.000 ms, plans/footprints=536/1
Minimap mask: 276x236, 1440000 rays, worker 36.094 ms, GPU 7.715 ms
Minimap publish: request-to-image 36.224 ms
LOD plan: sources=1591, changed finer/coarser=1/1, selected LOD-1=23
Minimap mask: 276x236, 1440000 rays, worker 18.291 ms, GPU 4.282 ms
Minimap publish: request-to-image 18.364 ms
Slow stage: terrain frame wall 182.353 ms (inclusive)
Frame 1660: wall 182.360 ms, GPU producer 46.446 ms, 2 producer submission(s), streaming work excluded from GPU producer timing; t=98.129, BVH resident/budget 897.3/2048.0 MiB, builds/hits/evictions=380/2427/0, scene builds=554
Frame phases 1660: pre-render 0.009 ms, prepare 2.145 ms, primary repair 81.407 ms, shadow repair 51.297 ms, producer wait 47.389 ms; observer=2628916.98/1114452.20/2567.32, moved=55.11 m, roam=1, replaced=0, image=1600x900, LOD=1.500, shadows=1, minimap=1
Frame work 1660: BVH built/hit/evicted=1/12/0, catalogue/instance/scene builds=1/11/1, cached/scene tiles=380/0, scene 0.0 MiB, selection/detail passes=11/12, fallback ray attempts=6102, GPU build/selection/detail=1.582/5.897/23.487 ms, CPU grouping=31.414 ms; atlas installed/evicted=71/71, I/O=33.636 MiB, resident=27/27
Camera preparation: wall 0.294 ms, GPU LOD 0.004 ms, plans/footprints=537/1
Slow stage: worker iteration wall 182.416 ms (inclusive)
LOD plan: sources=1591, changed finer/coarser=1/4, selected LOD-1=23
Frame 1664: wall 43.740 ms, GPU producer 41.862 ms, 1 producer submission(s), resident trace and presentation combined; t=98.172, BVH resident/budget 897.3/2048.0 MiB, builds/hits/evictions=380/2427/0, scene builds=555
Frame phases 1664: pre-render 0.005 ms, prepare 1.555 ms, primary repair 0.000 ms, shadow repair 0.000 ms, producer wait 42.137 ms; observer=2628971.33/1114546.34/2569.68, moved=108.70 m, roam=1, replaced=0, image=1600x900, LOD=1.500, shadows=1, minimap=1
Frame work 1664: BVH built/hit/evicted=0/0/0, catalogue/instance/scene builds=1/1/1, cached/scene tiles=380/156, scene 0.1 MiB, selection/detail passes=0/1, fallback ray attempts=0, GPU build/selection/detail=0.473/0.000/0.000 ms, CPU grouping=0.000 ms; atlas installed/evicted=0/0, I/O=0.000 MiB, resident=27/27
Camera preparation: wall 0.180 ms, GPU LOD 0.003 ms, plans/footprints=538/1
Minimap mask: 276x236, 1440000 rays, worker 29.580 ms, GPU 6.289 ms
Minimap publish: request-to-image 29.637 ms
Minimap mask: 276x236, 1440000 rays, worker 1.304 ms, GPU 0.721 ms
Minimap publish: request-to-image 2.183 ms
Slow stage: terrain frame wall 151.765 ms (inclusive)
Frame 1665: wall 151.769 ms, GPU producer 43.327 ms, 2 producer submission(s), streaming work excluded from GPU producer timing; t=98.350, BVH resident/budget 897.9/2048.0 MiB, builds/hits/evictions=381/2430/0, scene builds=555
Frame phases 1665: pre-render 0.009 ms, prepare 0.103 ms, primary repair 55.040 ms, shadow repair 52.223 ms, producer wait 44.300 ms; observer=2628971.33/1114546.34/2569.68, moved=0.00 m, roam=0, replaced=0, image=1600x900, LOD=1.500, shadows=1, minimap=1
Frame work 1665: BVH built/hit/evicted=1/3/0, catalogue/instance/scene builds=0/4/0, cached/scene tiles=381/0, scene 0.0 MiB, selection/detail passes=5/6, fallback ray attempts=4, GPU build/selection/detail=0.772/2.607/23.192 ms, CPU grouping=16.141 ms; atlas installed/evicted=72/72, I/O=33.668 MiB, resident=27/27
Camera preparation: wall 0.000 ms, GPU LOD 0.000 ms, plans/footprints=538/1
Slow stage: worker iteration wall 151.822 ms (inclusive)
LOD plan: sources=1591, changed finer/coarser=1/2, selected LOD-1=23
Minimap mask: 276x236, 1440000 rays, worker 17.299 ms, GPU 4.558 ms
Minimap publish: request-to-image 17.347 ms
Health t=98.442: memory ok footprint/resident 1540.3/796.9 MiB, Metal allocated/recommended 1302.9/18186.2 MiB, thermal=0
Health t=98.442: worker stage=render age=91.5 ms, calls=1226 revision=1665, submitted/completed/presented=0/0/0, stale=0 unavailable=0 refreshed=0
Health t=98.442: display stage=drawable age=-0.0 ms, calls=2929 revision=1665, submitted/completed/presented=2928/2928/2928, stale=0 unavailable=0 refreshed=1
Health t=98.442: minimap stage=idle age=48.4 ms, calls=789 revision=0, submitted/completed/presented=789/789/787, stale=2 unavailable=0 refreshed=1056
Health t=98.442: terrain stage=primary repair age=48.5 ms
Slow stage: terrain frame wall 165.837 ms (inclusive)
Frame 1668: wall 165.844 ms, GPU producer 41.774 ms, 2 producer submission(s), streaming work excluded from GPU producer timing; t=98.516, BVH resident/budget 898.7/2048.0 MiB, builds/hits/evictions=383/2444/0, scene builds=556
Frame phases 1668: pre-render 0.008 ms, prepare 1.494 ms, primary repair 72.422 ms, shadow repair 47.881 ms, producer wait 43.958 ms; observer=2629026.58/1114640.47/2573.88, moved=109.15 m, roam=1, replaced=0, image=1600x900, LOD=1.500, shadows=1, minimap=1
Frame work 1668: BVH built/hit/evicted=2/14/0, catalogue/instance/scene builds=1/11/1, cached/scene tiles=383/0, scene 0.0 MiB, selection/detail passes=11/12, fallback ray attempts=292, GPU build/selection/detail=1.735/4.690/22.448 ms, CPU grouping=25.330 ms; atlas installed/evicted=73/73, I/O=33.700 MiB, resident=27/27
Camera preparation: wall 0.179 ms, GPU LOD 0.004 ms, plans/footprints=539/1
Slow stage: worker iteration wall 165.899 ms (inclusive)
LOD plan: sources=1591, changed finer/coarser=3/5, selected LOD-1=23
Minimap mask: 276x236, 1440000 rays, worker 12.972 ms, GPU 4.888 ms
Minimap publish: request-to-image 13.005 ms
Slow stage: primary repair wall 112.413 ms (inclusive)
Slow stage: terrain frame wall 203.743 ms (inclusive)
Frame 1672: wall 203.752 ms, GPU producer 39.046 ms, 2 producer submission(s), streaming work excluded from GPU producer timing; t=98.720, BVH resident/budget 912.8/2048.0 MiB, builds/hits/evictions=387/2472/0, scene builds=557
Frame phases 1672: pre-render 0.016 ms, prepare 1.722 ms, primary repair 112.413 ms, shadow repair 49.496 ms, producer wait 40.029 ms; observer=2629082.45/1114734.12/2580.05, moved=109.05 m, roam=1, replaced=0, image=1600x900, LOD=1.500, shadows=1, minimap=1
Frame work 1672: BVH built/hit/evicted=4/28/0, catalogue/instance/scene builds=1/16/1, cached/scene tiles=387/0, scene 0.0 MiB, selection/detail passes=16/17, fallback ray attempts=56510, GPU build/selection/detail=7.591/8.330/23.816 ms, CPU grouping=35.951 ms; atlas installed/evicted=74/74, I/O=33.826 MiB, resident=27/27
Camera preparation: wall 0.221 ms, GPU LOD 0.004 ms, plans/footprints=540/1
Slow stage: worker iteration wall 203.812 ms (inclusive)
LOD plan: sources=1591, changed finer/coarser=2/4, selected LOD-1=23
Minimap mask: 276x236, 1440000 rays, worker 16.996 ms, GPU 3.890 ms
Minimap publish: request-to-image 17.027 ms
Slow stage: terrain frame wall 144.994 ms (inclusive)
Frame 1676: wall 145.001 ms, GPU producer 39.342 ms, 2 producer submission(s), streaming work excluded from GPU producer timing; t=98.865, BVH resident/budget 915.4/2048.0 MiB, builds/hits/evictions=388/2477/0, scene builds=558
Frame phases 1676: pre-render 0.009 ms, prepare 1.599 ms, primary repair 56.418 ms, shadow repair 46.634 ms, producer wait 40.260 ms; observer=2629138.92/1114827.26/2588.18, moved=108.92 m, roam=1, replaced=0, image=1600x900, LOD=1.500, shadows=1, minimap=1
Frame work 1676: BVH built/hit/evicted=1/5/0, catalogue/instance/scene builds=1/7/1, cached/scene tiles=388/0, scene 0.0 MiB, selection/detail passes=7/8, fallback ray attempts=3114, GPU build/selection/detail=1.965/3.347/22.343 ms, CPU grouping=16.062 ms; atlas installed/evicted=73/73, I/O=33.982 MiB, resident=27/27
Camera preparation: wall 0.193 ms, GPU LOD 0.004 ms, plans/footprints=541/1
Slow stage: worker iteration wall 145.063 ms (inclusive)
LOD plan: sources=1591, changed finer/coarser=2/1, selected LOD-1=23
Minimap mask: 276x236, 1440000 rays, worker 28.362 ms, GPU 5.858 ms
Minimap publish: request-to-image 28.393 ms
Slow stage: terrain frame wall 162.382 ms (inclusive)
Frame 1678: wall 162.393 ms, GPU producer 38.603 ms, 2 producer submission(s), streaming work excluded from GPU producer timing; t=99.027, BVH resident/budget 918.6/2048.0 MiB, builds/hits/evictions=390/2496/0, scene builds=559
Frame phases 1678: pre-render 0.017 ms, prepare 1.558 ms, primary repair 75.039 ms, shadow repair 46.178 ms, producer wait 39.524 ms; observer=2629167.37/1114873.64/2592.98, moved=54.41 m, roam=1, replaced=0, image=1600x900, LOD=1.500, shadows=1, minimap=1
Frame work 1678: BVH built/hit/evicted=2/19/0, catalogue/instance/scene builds=1/11/1, cached/scene tiles=390/0, scene 0.0 MiB, selection/detail passes=11/12, fallback ray attempts=13956, GPU build/selection/detail=2.881/5.782/22.458 ms, CPU grouping=24.585 ms; atlas installed/evicted=75/75, I/O=34.610 MiB, resident=27/27
Camera preparation: wall 0.216 ms, GPU LOD 0.004 ms, plans/footprints=542/1
Slow stage: worker iteration wall 162.446 ms (inclusive)
LOD plan: sources=1591, changed finer/coarser=1/3, selected LOD-1=23
Minimap mask: 276x236, 1440000 rays, worker 23.053 ms, GPU 5.793 ms
Minimap publish: request-to-image 23.153 ms
Slow stage: terrain frame wall 146.909 ms (inclusive)
Frame 1682: wall 146.915 ms, GPU producer 37.656 ms, 2 producer submission(s), streaming work excluded from GPU producer timing; t=99.174, BVH resident/budget 921.2/2048.0 MiB, builds/hits/evictions=391/2510/0, scene builds=560
Frame phases 1682: pre-render 0.010 ms, prepare 1.410 ms, primary repair 63.708 ms, shadow repair 43.117 ms, producer wait 38.591 ms; observer=2629224.72/1114966.00/2603.47, moved=108.72 m, roam=1, replaced=0, image=1600x900, LOD=1.500, shadows=1, minimap=1
Frame work 1682: BVH built/hit/evicted=1/14/0, catalogue/instance/scene builds=1/11/1, cached/scene tiles=391/0, scene 0.0 MiB, selection/detail passes=11/12, fallback ray attempts=40702, GPU build/selection/detail=2.053/4.551/21.601 ms, CPU grouping=22.889 ms; atlas installed/evicted=75/75, I/O=32.919 MiB, resident=27/27
Camera preparation: wall 0.181 ms, GPU LOD 0.003 ms, plans/footprints=543/1
Slow stage: worker iteration wall 147.091 ms (inclusive)
LOD plan: sources=1591, changed finer/coarser=1/3, selected LOD-1=23
Minimap mask: 276x236, 1440000 rays, worker 39.417 ms, GPU 0.758 ms
Minimap publish: request-to-image 39.446 ms
Slow stage: terrain frame wall 134.155 ms (inclusive)
Frame 1684: wall 134.164 ms, GPU producer 39.893 ms, 2 producer submission(s), streaming work excluded from GPU producer timing; t=99.309, BVH resident/budget 921.8/2048.0 MiB, builds/hits/evictions=392/2515/0, scene builds=561
Frame phases 1684: pre-render 0.010 ms, prepare 1.665 ms, primary repair 46.953 ms, shadow repair 44.701 ms, producer wait 40.766 ms; observer=2629253.71/1115012.26/2608.78, moved=54.59 m, roam=1, replaced=0, image=1600x900, LOD=1.500, shadows=1, minimap=1
Frame work 1684: BVH built/hit/evicted=1/5/0, catalogue/instance/scene builds=1/6/1, cached/scene tiles=392/0, scene 0.0 MiB, selection/detail passes=6/7, fallback ray attempts=8, GPU build/selection/detail=1.318/2.312/21.693 ms, CPU grouping=12.790 ms; atlas installed/evicted=77/77, I/O=33.077 MiB, resident=27/27
Camera preparation: wall 0.195 ms, GPU LOD 0.004 ms, plans/footprints=544/1
Slow stage: worker iteration wall 134.223 ms (inclusive)
LOD plan: sources=1591, changed finer/coarser=2/2, selected LOD-1=23
Minimap mask: 276x236, 1440000 rays, worker 5.062 ms, GPU 3.811 ms
Minimap publish: request-to-image 5.093 ms
Health t=99.447: memory ok footprint/resident 1566.4/805.7 MiB, Metal allocated/recommended 1328.9/18186.2 MiB, thermal=0
Health t=99.447: worker stage=render age=138.1 ms, calls=1232 revision=1684, submitted/completed/presented=0/0/0, stale=0 unavailable=0 refreshed=0
Health t=99.447: display stage=idle age=5.0 ms, calls=2959 revision=1684, submitted/completed/presented=2959/2959/2958, stale=0 unavailable=0 refreshed=1
Health t=99.447: minimap stage=idle age=98.5 ms, calls=795 revision=0, submitted/completed/presented=795/795/793, stale=2 unavailable=0 refreshed=1068
Health t=99.447: terrain stage=BVH detail encode/traverse age=0.2 ms
Slow stage: primary repair wall 107.110 ms (inclusive)
Slow stage: terrain frame wall 197.853 ms (inclusive)
Frame 1688: wall 197.861 ms, GPU producer 38.338 ms, 2 producer submission(s), streaming work excluded from GPU producer timing; t=99.507, BVH resident/budget 923.4/2048.0 MiB, builds/hits/evictions=396/2545/0, scene builds=562
Frame phases 1688: pre-render 0.015 ms, prepare 1.474 ms, primary repair 107.110 ms, shadow repair 49.845 ms, producer wait 39.340 ms; observer=2629311.58/1115104.09/2618.69, moved=108.54 m, roam=1, replaced=0, image=1600x900, LOD=1.500, shadows=1, minimap=1
Frame work 1688: BVH built/hit/evicted=4/30/0, catalogue/instance/scene builds=1/18/1, cached/scene tiles=396/0, scene 0.0 MiB, selection/detail passes=18/19, fallback ray attempts=8332, GPU build/selection/detail=2.991/7.695/21.879 ms, CPU grouping=39.312 ms; atlas installed/evicted=83/83, I/O=33.644 MiB, resident=27/27
Camera preparation: wall 0.152 ms, GPU LOD 0.004 ms, plans/footprints=545/1
Slow stage: worker iteration wall 197.940 ms (inclusive)
LOD plan: sources=1591, changed finer/coarser=4/4, selected LOD-1=24
Minimap mask: 276x236, 1440000 rays, worker 37.613 ms, GPU 5.967 ms
Minimap publish: request-to-image 37.649 ms
Slow stage: primary repair wall 116.330 ms (inclusive)
Slow stage: terrain frame wall 205.884 ms (inclusive)
Frame 1692: wall 205.894 ms, GPU producer 39.545 ms, 2 producer submission(s), streaming work excluded from GPU producer timing; t=99.713, BVH resident/budget 935.7/2048.0 MiB, builds/hits/evictions=401/2574/0, scene builds=563
Frame phases 1692: pre-render 0.016 ms, prepare 1.510 ms, primary repair 116.330 ms, shadow repair 47.516 ms, producer wait 40.445 ms; observer=2629369.90/1115196.05/2627.34, moved=108.90 m, roam=1, replaced=0, image=1600x900, LOD=1.500, shadows=1, minimap=1
Frame work 1692: BVH built/hit/evicted=5/29/0, catalogue/instance/scene builds=1/16/1, cached/scene tiles=401/0, scene 0.0 MiB, selection/detail passes=16/17, fallback ray attempts=16556, GPU build/selection/detail=7.325/9.068/24.010 ms, CPU grouping=39.124 ms; atlas installed/evicted=83/83, I/O=35.993 MiB, resident=27/27
Camera preparation: wall 0.187 ms, GPU LOD 0.004 ms, plans/footprints=546/1
Slow stage: worker iteration wall 205.959 ms (inclusive)
LOD plan: sources=1591, changed finer/coarser=2/1, selected LOD-1=24
Minimap mask: 276x236, 1440000 rays, worker 7.982 ms, GPU 4.476 ms
Minimap publish: request-to-image 8.014 ms
Slow stage: terrain frame wall 173.231 ms (inclusive)
Frame 1696: wall 173.237 ms, GPU producer 39.602 ms, 2 producer submission(s), streaming work excluded from GPU producer timing; t=99.886, BVH resident/budget 937.2/2048.0 MiB, builds/hits/evictions=404/2599/0, scene builds=564
Frame phases 1696: pre-render 0.008 ms, prepare 1.396 ms, primary repair 84.979 ms, shadow repair 46.350 ms, producer wait 40.440 ms; observer=2629428.24/1115287.48/2634.60, moved=108.46 m, roam=1, replaced=0, image=1600x900, LOD=1.500, shadows=1, minimap=1
Frame work 1696: BVH built/hit/evicted=3/25/0, catalogue/instance/scene builds=1/15/1, cached/scene tiles=404/0, scene 0.0 MiB, selection/detail passes=15/16, fallback ray attempts=10130, GPU build/selection/detail=2.490/6.580/21.582 ms, CPU grouping=30.408 ms; atlas installed/evicted=81/81, I/O=31.610 MiB, resident=27/27
Camera preparation: wall 0.171 ms, GPU LOD 0.004 ms, plans/footprints=547/1
Slow stage: worker iteration wall 173.284 ms (inclusive)
LOD plan: sources=1591, changed finer/coarser=1/2, selected LOD-1=25
Minimap mask: 276x236, 1440000 rays, worker 14.296 ms, GPU 6.746 ms
Minimap publish: request-to-image 14.332 ms
Slow stage: terrain frame wall 156.704 ms (inclusive)
Frame 1698: wall 156.711 ms, GPU producer 39.074 ms, 2 producer submission(s), streaming work excluded from GPU producer timing; t=100.043, BVH resident/budget 947.4/2048.0 MiB, builds/hits/evictions=405/2608/0, scene builds=565
Frame phases 1698: pre-render 0.012 ms, prepare 1.351 ms, primary repair 68.204 ms, shadow repair 47.047 ms, producer wait 40.032 ms; observer=2629457.96/1115333.83/2637.76, moved=55.06 m, roam=1, replaced=0, image=1600x900, LOD=1.500, shadows=1, minimap=1
Frame work 1698: BVH built/hit/evicted=1/9/0, catalogue/instance/scene builds=1/9/1, cached/scene tiles=405/0, scene 0.0 MiB, selection/detail passes=9/10, fallback ray attempts=22236, GPU build/selection/detail=4.684/3.675/21.855 ms, CPU grouping=20.154 ms; atlas installed/evicted=78/78, I/O=33.298 MiB, resident=27/27
Camera preparation: wall 0.166 ms, GPU LOD 0.004 ms, plans/footprints=548/1
Slow stage: worker iteration wall 156.775 ms (inclusive)
LOD plan: sources=1591, changed finer/coarser=0/1, selected LOD-1=25
Frame 1702: wall 40.392 ms, GPU producer 38.693 ms, 1 producer submission(s), resident trace and presentation combined; t=100.083, BVH resident/budget 947.4/2048.0 MiB, builds/hits/evictions=405/2608/0, scene builds=566
Frame phases 1702: pre-render 0.004 ms, prepare 1.480 ms, primary repair 0.000 ms, shadow repair 0.000 ms, producer wait 38.875 ms; observer=2629517.04/1115425.56/2643.02, moved=109.11 m, roam=1, replaced=0, image=1600x900, LOD=1.500, shadows=1, minimap=1
Frame work 1702: BVH built/hit/evicted=0/0/0, catalogue/instance/scene builds=1/1/1, cached/scene tiles=405/158, scene 0.1 MiB, selection/detail passes=0/1, fallback ray attempts=0, GPU build/selection/detail=0.485/0.000/0.000 ms, CPU grouping=0.000 ms; atlas installed/evicted=0/0, I/O=0.000 MiB, resident=27/27
Camera preparation: wall 0.178 ms, GPU LOD 0.004 ms, plans/footprints=549/1
Minimap mask: 276x236, 1440000 rays, worker 4.385 ms, GPU 3.127 ms
Minimap publish: request-to-image 4.455 ms
Frame 1703: wall 40.210 ms, GPU producer 39.578 ms, 1 producer submission(s), resident trace and presentation combined; t=100.138, BVH resident/budget 947.4/2048.0 MiB, builds/hits/evictions=405/2608/0, scene builds=566
Frame phases 1703: pre-render 0.023 ms, prepare 0.086 ms, primary repair 0.000 ms, shadow repair 0.000 ms, producer wait 40.046 ms; observer=2629517.04/1115425.56/2643.02, moved=0.00 m, roam=0, replaced=0, image=1600x900, LOD=1.500, shadows=1, minimap=1
Frame work 1703: BVH built/hit/evicted=0/0/0, catalogue/instance/scene builds=0/0/0, cached/scene tiles=405/158, scene 0.1 MiB, selection/detail passes=0/1, fallback ray attempts=0, GPU build/selection/detail=0.000/0.000/0.000 ms, CPU grouping=0.000 ms; atlas installed/evicted=0/0, I/O=0.000 MiB, resident=27/27
Camera preparation: wall 0.000 ms, GPU LOD 0.000 ms, plans/footprints=549/1
Minimap mask: 276x236, 1440000 rays, worker 25.815 ms, GPU 7.124 ms
LOD plan: sources=1591, changed finer/coarser=1/0, selected LOD-1=25
Minimap publish: request-to-image 26.578 ms
Minimap mask: 276x236, 1440000 rays, worker 36.152 ms, GPU 6.817 ms
Minimap publish: request-to-image 36.198 ms
Slow stage: primary repair wall 107.906 ms (inclusive)
Slow stage: terrain frame wall 199.724 ms (inclusive)
Frame 1704: wall 199.731 ms, GPU producer 40.014 ms, 2 producer submission(s), streaming work excluded from GPU producer timing; t=100.338, BVH resident/budget 950.0/2048.0 MiB, builds/hits/evictions=406/2632/0, scene builds=567
Frame phases 1704: pre-render 0.009 ms, prepare 1.659 ms, primary repair 107.906 ms, shadow repair 49.140 ms, producer wait 40.917 ms; observer=2629546.45/1115471.01/2645.12, moved=54.13 m, roam=1, replaced=0, image=1600x900, LOD=1.500, shadows=1, minimap=1
Frame work 1704: BVH built/hit/evicted=1/24/0, catalogue/instance/scene builds=1/18/1, cached/scene tiles=406/0, scene 0.0 MiB, selection/detail passes=18/19, fallback ray attempts=12800, GPU build/selection/detail=2.896/10.969/22.544 ms, CPU grouping=43.138 ms; atlas installed/evicted=79/79, I/O=31.734 MiB, resident=27/27
Camera preparation: wall 0.199 ms, GPU LOD 0.004 ms, plans/footprints=550/1
Slow stage: worker iteration wall 199.791 ms (inclusive)
LOD plan: sources=1591, changed finer/coarser=0/2, selected LOD-1=25
Frame 1708: wall 40.349 ms, GPU producer 38.531 ms, 1 producer submission(s), resident trace and presentation combined; t=100.378, BVH resident/budget 950.0/2048.0 MiB, builds/hits/evictions=406/2632/0, scene builds=568
Frame phases 1708: pre-render 0.005 ms, prepare 1.529 ms, primary repair 0.000 ms, shadow repair 0.000 ms, producer wait 38.779 ms; observer=2629606.19/1115562.90/2648.36, moved=109.61 m, roam=1, replaced=0, image=1600x900, LOD=1.500, shadows=1, minimap=1
Minimap mask: 276x236, 1440000 rays, worker 35.052 ms, GPU 6.440 ms
Frame work 1708: BVH built/hit/evicted=0/0/0, catalogue/instance/scene builds=1/1/1, cached/scene tiles=406/158, scene 0.1 MiB, selection/detail passes=0/1, fallback ray attempts=0, GPU build/selection/detail=0.479/0.000/0.000 ms, CPU grouping=0.000 ms; atlas installed/evicted=0/0, I/O=0.000 MiB, resident=27/27
Camera preparation: wall 0.184 ms, GPU LOD 0.004 ms, plans/footprints=551/1
Minimap publish: request-to-image 36.093 ms
Frame 1709: wall 41.418 ms, GPU producer 40.706 ms, 1 producer submission(s), resident trace and presentation combined; t=100.440, BVH resident/budget 950.0/2048.0 MiB, builds/hits/evictions=406/2632/0, scene builds=568
Frame phases 1709: pre-render 0.003 ms, prepare 0.092 ms, primary repair 0.000 ms, shadow repair 0.000 ms, producer wait 41.266 ms; observer=2629606.19/1115562.90/2648.36, moved=0.00 m, roam=0, replaced=0, image=1600x900, LOD=1.500, shadows=1, minimap=1
Frame work 1709: BVH built/hit/evicted=0/0/0, catalogue/instance/scene builds=0/0/0, cached/scene tiles=406/158, scene 0.1 MiB, selection/detail passes=0/1, fallback ray attempts=0, GPU build/selection/detail=0.000/0.000/0.000 ms, CPU grouping=0.000 ms; atlas installed/evicted=0/0, I/O=0.000 MiB, resident=27/27
Camera preparation: wall 0.000 ms, GPU LOD 0.000 ms, plans/footprints=551/1
Minimap mask: 276x236, 1440000 rays, worker 29.970 ms, GPU 6.425 ms
Minimap publish: request-to-image 30.025 ms
LOD plan: sources=1591, changed finer/coarser=3/3, selected LOD-1=25
Minimap mask: 276x236, 1440000 rays, worker 1.018 ms, GPU 0.726 ms
Minimap publish: request-to-image 1.063 ms
Health t=100.452: memory ok footprint/resident 1596.7/816.7 MiB, Metal allocated/recommended 1357.9/18186.2 MiB, thermal=0
Health t=100.452: worker stage=render age=11.4 ms, calls=1242 revision=1709, submitted/completed/presented=0/0/0, stale=0 unavailable=0 refreshed=0
Health t=100.452: display stage=idle age=9.9 ms, calls=2989 revision=1709, submitted/completed/presented=2989/2989/2987, stale=0 unavailable=0 refreshed=1
Health t=100.452: minimap stage=idle age=9.3 ms, calls=804 revision=0, submitted/completed/presented=804/804/802, stale=2 unavailable=0 refreshed=1082
Health t=100.452: terrain stage=producer wait age=9.1 ms
Slow stage: terrain frame wall 173.613 ms (inclusive)
Frame 1710: wall 174.298 ms, GPU producer 41.137 ms, 2 producer submission(s), streaming work excluded from GPU producer timing; t=100.614, BVH resident/budget 950.6/2048.0 MiB, builds/hits/evictions=407/2643/0, scene builds=569
Frame phases 1710: pre-render 0.690 ms, prepare 2.232 ms, primary repair 74.380 ms, shadow repair 54.855 ms, producer wait 42.049 ms; observer=2629636.05/1115608.63/2649.52, moved=54.61 m, roam=1, replaced=0, image=1600x900, LOD=1.500, shadows=1, minimap=1
Frame work 1710: BVH built/hit/evicted=1/11/0, catalogue/instance/scene builds=1/10/1, cached/scene tiles=407/0, scene 0.0 MiB, selection/detail passes=10/11, fallback ray attempts=7070, GPU build/selection/detail=1.828/6.228/21.993 ms, CPU grouping=29.626 ms; atlas installed/evicted=80/80, I/O=33.958 MiB, resident=27/27
Camera preparation: wall 0.198 ms, GPU LOD 0.004 ms, plans/footprints=552/1
Slow stage: worker iteration wall 174.364 ms (inclusive)
LOD plan: sources=1591, changed finer/coarser=2/3, selected LOD-1=25
Minimap mask: 276x236, 1440000 rays, worker 13.165 ms, GPU 4.907 ms
Minimap publish: request-to-image 13.197 ms
Slow stage: terrain frame wall 176.896 ms (inclusive)
Frame 1714: wall 176.902 ms, GPU producer 40.470 ms, 2 producer submission(s), streaming work excluded from GPU producer timing; t=100.791, BVH resident/budget 953.4/2048.0 MiB, builds/hits/evictions=409/2655/0, scene builds=570
Frame phases 1714: pre-render 0.012 ms, prepare 1.587 ms, primary repair 81.455 ms, shadow repair 52.391 ms, producer wait 41.381 ms; observer=2629695.88/1115699.92/2651.26, moved=109.16 m, roam=1, replaced=0, image=1600x900, LOD=1.500, shadows=1, minimap=1
Frame work 1714: BVH built/hit/evicted=2/12/0, catalogue/instance/scene builds=1/12/1, cached/scene tiles=409/0, scene 0.0 MiB, selection/detail passes=12/13, fallback ray attempts=304, GPU build/selection/detail=2.471/6.701/22.349 ms, CPU grouping=26.978 ms; atlas installed/evicted=81/81, I/O=30.484 MiB, resident=27/27
Camera preparation: wall 0.194 ms, GPU LOD 0.007 ms, plans/footprints=553/1
Slow stage: worker iteration wall 176.968 ms (inclusive)
LOD plan: sources=1591, changed finer/coarser=0/6, selected LOD-1=25
Frame 1716: wall 41.647 ms, GPU producer 39.742 ms, 1 producer submission(s), resident trace and presentation combined; t=100.833, BVH resident/budget 953.4/2048.0 MiB, builds/hits/evictions=409/2655/0, scene builds=571
Frame phases 1716: pre-render 0.015 ms, prepare 1.605 ms, primary repair 0.000 ms, shadow repair 0.000 ms, producer wait 39.982 ms; observer=2629725.75/1115745.34/2651.92, moved=54.36 m, roam=1, replaced=0, image=1600x900, LOD=1.500, shadows=1, minimap=1
Frame work 1716: BVH built/hit/evicted=0/0/0, catalogue/instance/scene builds=1/1/1, cached/scene tiles=409/158, scene 0.1 MiB, selection/detail passes=0/1, fallback ray attempts=0, GPU build/selection/detail=0.470/0.000/0.000 ms, CPU grouping=0.000 ms; atlas installed/evicted=0/0, I/O=0.000 MiB, resident=27/27
Camera preparation: wall 0.183 ms, GPU LOD 0.004 ms, plans/footprints=554/1
Minimap mask: 276x236, 1440000 rays, worker 22.984 ms, GPU 6.972 ms
LOD plan: sources=1591, changed finer/coarser=0/1, selected LOD-1=25
Minimap publish: request-to-image 26.300 ms
Frame 1718: wall 43.740 ms, GPU producer 41.289 ms, 1 producer submission(s), resident trace and presentation combined; t=100.877, BVH resident/budget 953.4/2048.0 MiB, builds/hits/evictions=409/2655/0, scene builds=572
Frame phases 1718: pre-render 0.006 ms, prepare 2.120 ms, primary repair 0.000 ms, shadow repair 0.000 ms, producer wait 41.558 ms; observer=2629755.70/1115790.77/2652.46, moved=54.42 m, roam=1, replaced=0, image=1600x900, LOD=1.500, shadows=1, minimap=1
Frame work 1718: BVH built/hit/evicted=0/0/0, catalogue/instance/scene builds=1/1/1, cached/scene tiles=409/158, scene 0.1 MiB, selection/detail passes=0/1, fallback ray attempts=0, GPU build/selection/detail=0.458/0.000/0.000 ms, CPU grouping=0.000 ms; atlas installed/evicted=0/0, I/O=0.000 MiB, resident=27/27
Minimap mask: 276x236, 1440000 rays, worker 30.999 ms, GPU 5.872 ms
Minimap publish: request-to-image 31.069 ms
Camera preparation: wall 0.300 ms, GPU LOD 0.005 ms, plans/footprints=555/1
Frame 1719: wall 43.242 ms, GPU producer 42.591 ms, 1 producer submission(s), resident trace and presentation combined; t=100.941, BVH resident/budget 953.4/2048.0 MiB, builds/hits/evictions=409/2655/0, scene builds=572
Frame phases 1719: pre-render 0.003 ms, prepare 0.111 ms, primary repair 0.000 ms, shadow repair 0.000 ms, producer wait 43.066 ms; observer=2629755.70/1115790.77/2652.46, moved=0.00 m, roam=0, replaced=0, image=1600x900, LOD=1.500, shadows=1, minimap=1
Frame work 1719: BVH built/hit/evicted=0/0/0, catalogue/instance/scene builds=0/0/0, cached/scene tiles=409/158, scene 0.1 MiB, selection/detail passes=0/1, fallback ray attempts=0, GPU build/selection/detail=0.000/0.000/0.000 ms, CPU grouping=0.000 ms; atlas installed/evicted=0/0, I/O=0.000 MiB, resident=27/27
Camera preparation: wall 0.001 ms, GPU LOD 0.000 ms, plans/footprints=555/1
Minimap mask: 276x236, 1440000 rays, worker 28.752 ms, GPU 5.880 ms
Minimap publish: request-to-image 28.837 ms
LOD plan: sources=1591, changed finer/coarser=1/3, selected LOD-1=24
Minimap mask: 276x236, 1440000 rays, worker 42.557 ms, GPU 0.851 ms
Minimap publish: request-to-image 42.709 ms
Slow stage: primary repair wall 102.743 ms (inclusive)
Slow stage: terrain frame wall 199.326 ms (inclusive)
Frame 1720: wall 199.333 ms, GPU producer 42.880 ms, 2 producer submission(s), streaming work excluded from GPU producer timing; t=101.141, BVH resident/budget 956.1/2048.0 MiB, builds/hits/evictions=411/2673/0, scene builds=573
Frame phases 1720: pre-render 0.010 ms, prepare 1.984 ms, primary repair 102.743 ms, shadow repair 50.660 ms, producer wait 43.843 ms; observer=2629785.94/1115836.52/2652.88, moved=54.84 m, roam=1, replaced=0, image=1600x900, LOD=1.500, shadows=1, minimap=1
Frame work 1720: BVH built/hit/evicted=2/18/0, catalogue/instance/scene builds=1/15/1, cached/scene tiles=411/0, scene 0.0 MiB, selection/detail passes=15/16, fallback ray attempts=5038, GPU build/selection/detail=2.876/9.200/22.814 ms, CPU grouping=39.690 ms; atlas installed/evicted=79/79, I/O=30.326 MiB, resident=27/27
Camera preparation: wall 0.232 ms, GPU LOD 0.003 ms, plans/footprints=556/1
Slow stage: worker iteration wall 199.385 ms (inclusive)
LOD plan: sources=1591, changed finer/coarser=6/4, selected LOD-1=26
Minimap mask: 276x236, 1440000 rays, worker 37.405 ms, GPU 6.815 ms
Minimap publish: request-to-image 37.441 ms
Slow stage: primary repair wall 124.260 ms (inclusive)
Slow stage: terrain frame wall 215.833 ms (inclusive)
Frame 1724: wall 215.844 ms, GPU producer 39.757 ms, 2 producer submission(s), streaming work excluded from GPU producer timing; t=101.357, BVH resident/budget 981.1/2048.0 MiB, builds/hits/evictions=417/2726/0, scene builds=574
Frame phases 1724: pre-render 0.018 ms, prepare 1.685 ms, primary repair 124.260 ms, shadow repair 49.150 ms, producer wait 40.654 ms; observer=2629846.20/1115927.41/2653.33, moved=109.05 m, roam=1, replaced=0, image=1600x900, LOD=1.500, shadows=1, minimap=1
Frame work 1724: BVH built/hit/evicted=6/53/0, catalogue/instance/scene builds=1/16/1, cached/scene tiles=417/0, scene 0.0 MiB, selection/detail passes=16/17, fallback ray attempts=131566, GPU build/selection/detail=12.241/9.001/24.746 ms, CPU grouping=36.185 ms; atlas installed/evicted=83/83, I/O=34.210 MiB, resident=27/27
Camera preparation: wall 0.202 ms, GPU LOD 0.004 ms, plans/footprints=557/1
Slow stage: worker iteration wall 215.897 ms (inclusive)
LOD plan: sources=1591, changed finer/coarser=0/9, selected LOD-1=24
Minimap mask: 276x236, 1440000 rays, worker 22.315 ms, GPU 3.668 ms
Minimap publish: request-to-image 22.840 ms
Health t=101.457: memory ok footprint/resident 1631.6/825.6 MiB, Metal allocated/recommended 1387.9/18186.2 MiB, thermal=0
Health t=101.457: worker stage=render age=100.5 ms, calls=1249 revision=1724, submitted/completed/presented=0/0/0, stale=0 unavailable=0 refreshed=0
Health t=101.457: display stage=idle age=15.2 ms, calls=3019 revision=1724, submitted/completed/presented=3019/3019/3018, stale=0 unavailable=0 refreshed=1
Health t=101.457: minimap stage=idle age=56.3 ms, calls=811 revision=0, submitted/completed/presented=811/811/809, stale=2 unavailable=0 refreshed=1093
Health t=101.457: terrain stage=shadow repair age=9.9 ms
Slow stage: terrain frame wall 145.244 ms (inclusive)
Frame 1728: wall 145.250 ms, GPU producer 40.644 ms, 2 producer submission(s), streaming work excluded from GPU producer timing; t=101.502, BVH resident/budget 981.7/2048.0 MiB, builds/hits/evictions=418/2729/0, scene builds=575
Frame phases 1728: pre-render 0.007 ms, prepare 3.858 ms, primary repair 46.415 ms, shadow repair 53.379 ms, producer wait 41.516 ms; observer=2629906.80/1116018.36/2653.29, moved=109.29 m, roam=1, replaced=0, image=1600x900, LOD=1.500, shadows=1, minimap=1
Frame work 1728: BVH built/hit/evicted=1/3/0, catalogue/instance/scene builds=1/5/1, cached/scene tiles=418/0, scene 0.0 MiB, selection/detail passes=5/6, fallback ray attempts=10, GPU build/selection/detail=1.184/2.628/22.234 ms, CPU grouping=11.117 ms; atlas installed/evicted=82/82, I/O=33.989 MiB, resident=27/27
Camera preparation: wall 0.171 ms, GPU LOD 0.004 ms, plans/footprints=558/1
Slow stage: worker iteration wall 145.302 ms (inclusive)
LOD plan: sources=1591, changed finer/coarser=3/4, selected LOD-1=24
Minimap mask: 276x236, 1440000 rays, worker 32.427 ms, GPU 7.884 ms
Minimap publish: request-to-image 32.466 ms
Slow stage: terrain frame wall 183.429 ms (inclusive)
Frame 1732: wall 183.436 ms, GPU producer 40.882 ms, 2 producer submission(s), streaming work excluded from GPU producer timing; t=101.685, BVH resident/budget 992.6/2048.0 MiB, builds/hits/evictions=420/2742/0, scene builds=576
Frame phases 1732: pre-render 0.012 ms, prepare 1.622 ms, primary repair 85.750 ms, shadow repair 54.103 ms, producer wait 41.871 ms; observer=2629967.57/1116109.14/2652.75, moved=109.24 m, roam=1, replaced=0, image=1600x900, LOD=1.500, shadows=1, minimap=1
Frame work 1732: BVH built/hit/evicted=2/13/0, catalogue/instance/scene builds=1/11/1, cached/scene tiles=420/0, scene 0.0 MiB, selection/detail passes=11/12, fallback ray attempts=54804, GPU build/selection/detail=5.703/6.152/23.557 ms, CPU grouping=26.578 ms; atlas installed/evicted=83/83, I/O=35.712 MiB, resident=27/27
Camera preparation: wall 0.163 ms, GPU LOD 0.004 ms, plans/footprints=559/1
Slow stage: worker iteration wall 183.487 ms (inclusive)
LOD plan: sources=1591, changed finer/coarser=1/0, selected LOD-1=24
Minimap mask: 276x236, 1440000 rays, worker 17.850 ms, GPU 5.853 ms
Minimap publish: request-to-image 17.888 ms
Slow stage: terrain frame wall 171.655 ms (inclusive)
Frame 1734: wall 171.665 ms, GPU producer 43.316 ms, 2 producer submission(s), streaming work excluded from GPU producer timing; t=101.857, BVH resident/budget 993.3/2048.0 MiB, builds/hits/evictions=421/2754/0, scene builds=577
Frame phases 1734: pre-render 0.015 ms, prepare 1.435 ms, primary repair 70.713 ms, shadow repair 55.159 ms, producer wait 44.270 ms; observer=2629998.04/1116154.51/2652.29, moved=54.65 m, roam=1, replaced=0, image=1600x900, LOD=1.500, shadows=1, minimap=1
Frame work 1734: BVH built/hit/evicted=1/12/0, catalogue/instance/scene builds=1/11/1, cached/scene tiles=421/0, scene 0.0 MiB, selection/detail passes=11/12, fallback ray attempts=5218, GPU build/selection/detail=1.519/6.462/22.357 ms, CPU grouping=25.663 ms; atlas installed/evicted=83/83, I/O=35.900 MiB, resident=27/27
Camera preparation: wall 0.168 ms, GPU LOD 0.004 ms, plans/footprints=560/1
Slow stage: worker iteration wall 171.743 ms (inclusive)
LOD plan: sources=1591, changed finer/coarser=1/0, selected LOD-1=25
Minimap mask: 276x236, 1440000 rays, worker 18.856 ms, GPU 2.136 ms
Minimap publish: request-to-image 18.888 ms
Slow stage: terrain frame wall 177.558 ms (inclusive)
Frame 1738: wall 178.012 ms, GPU producer 38.418 ms, 2 producer submission(s), streaming work excluded from GPU producer timing; t=102.035, BVH resident/budget 1006.1/2048.0 MiB, builds/hits/evictions=423/2776/0, scene builds=578
Frame phases 1738: pre-render 0.455 ms, prepare 1.547 ms, primary repair 84.949 ms, shadow repair 51.659 ms, producer wait 39.325 ms; observer=2630059.11/1116245.10/2650.99, moved=109.26 m, roam=1, replaced=0, image=1600x900, LOD=1.500, shadows=1, minimap=1
Frame work 1738: BVH built/hit/evicted=2/22/0, catalogue/instance/scene builds=1/12/1, cached/scene tiles=423/0, scene 0.0 MiB, selection/detail passes=12/13, fallback ray attempts=76034, GPU build/selection/detail=6.763/5.274/23.515 ms, CPU grouping=26.300 ms; atlas installed/evicted=83/83, I/O=39.688 MiB, resident=27/27
Camera preparation: wall 0.182 ms, GPU LOD 0.004 ms, plans/footprints=561/1
Slow stage: worker iteration wall 178.060 ms (inclusive)
LOD plan: sources=1591, changed finer/coarser=1/3, selected LOD-1=25
Minimap mask: 276x236, 1440000 rays, worker 30.983 ms, GPU 5.451 ms
Minimap publish: request-to-image 31.017 ms
Slow stage: terrain frame wall 171.024 ms (inclusive)
Frame 1742: wall 171.029 ms, GPU producer 39.579 ms, 2 producer submission(s), streaming work excluded from GPU producer timing; t=102.206, BVH resident/budget 1008.7/2048.0 MiB, builds/hits/evictions=424/2795/0, scene builds=579
Frame phases 1742: pre-render 0.007 ms, prepare 1.555 ms, primary repair 79.306 ms, shadow repair 49.675 ms, producer wait 40.420 ms; observer=2630120.37/1116335.56/2649.19, moved=109.24 m, roam=1, replaced=0, image=1600x900, LOD=1.500, shadows=1, minimap=1
Frame work 1742: BVH built/hit/evicted=1/19/0, catalogue/instance/scene builds=1/15/1, cached/scene tiles=424/0, scene 0.0 MiB, selection/detail passes=15/16, fallback ray attempts=13050, GPU build/selection/detail=2.301/6.941/22.030 ms, CPU grouping=31.285 ms; atlas installed/evicted=82/82, I/O=37.558 MiB, resident=27/27
Camera preparation: wall 0.183 ms, GPU LOD 0.004 ms, plans/footprints=562/1
Slow stage: worker iteration wall 171.074 ms (inclusive)
LOD plan: sources=1591, changed finer/coarser=2/5, selected LOD-1=24
Minimap mask: 276x236, 1440000 rays, worker 36.380 ms, GPU 16.581 ms
Minimap publish: request-to-image 36.410 ms
Slow stage: terrain frame wall 161.563 ms (inclusive)
Frame 1746: wall 161.572 ms, GPU producer 40.613 ms, 2 producer submission(s), streaming work excluded from GPU producer timing; t=102.368, BVH resident/budget 1011.2/2048.0 MiB, builds/hits/evictions=425/2808/0, scene builds=580
Frame phases 1746: pre-render 0.015 ms, prepare 1.435 ms, primary repair 64.736 ms, shadow repair 53.779 ms, producer wait 41.535 ms; observer=2630181.82/1116425.88/2646.89, moved=109.25 m, roam=1, replaced=0, image=1600x900, LOD=1.500, shadows=1, minimap=1
Frame work 1746: BVH built/hit/evicted=1/13/0, catalogue/instance/scene builds=1/10/1, cached/scene tiles=425/0, scene 0.0 MiB, selection/detail passes=10/11, fallback ray attempts=14338, GPU build/selection/detail=2.132/4.089/21.815 ms, CPU grouping=21.696 ms; atlas installed/evicted=84/84, I/O=38.186 MiB, resident=27/27
Camera preparation: wall 0.179 ms, GPU LOD 0.004 ms, plans/footprints=563/1
Slow stage: worker iteration wall 161.630 ms (inclusive)
LOD plan: sources=1591, changed finer/coarser=1/1, selected LOD-1=23
Frame 1748: wall 41.422 ms, GPU producer 39.472 ms, 1 producer submission(s), resident trace and presentation combined; t=102.409, BVH resident/budget 1011.2/2048.0 MiB, builds/hits/evictions=425/2808/0, scene builds=581
Frame phases 1748: pre-render 0.005 ms, prepare 1.684 ms, primary repair 0.000 ms, shadow repair 0.000 ms, producer wait 39.690 ms; observer=2630212.75/1116471.17/2645.55, moved=54.85 m, roam=1, replaced=0, image=1600x900, LOD=1.500, shadows=1, minimap=1
Frame work 1748: BVH built/hit/evicted=0/0/0, catalogue/instance/scene builds=1/1/1, cached/scene tiles=425/161, scene 0.1 MiB, selection/detail passes=0/1, fallback ray attempts=0, GPU build/selection/detail=0.493/0.000/0.000 ms, CPU grouping=0.000 ms; atlas installed/evicted=0/0, I/O=0.000 MiB, resident=27/27
Camera preparation: wall 0.193 ms, GPU LOD 0.004 ms, plans/footprints=564/1
Minimap mask: 276x236, 1440000 rays, worker 30.705 ms, GPU 6.377 ms
Minimap publish: request-to-image 30.783 ms
LOD plan: sources=1591, changed finer/coarser=0/0, selected LOD-1=23
Frame 1750: wall 45.568 ms, GPU producer 41.832 ms, 1 producer submission(s), resident trace and presentation combined; t=102.455, BVH resident/budget 1011.2/2048.0 MiB, builds/hits/evictions=425/2808/0, scene builds=582
Frame phases 1750: pre-render 0.006 ms, prepare 3.424 ms, primary repair 0.000 ms, shadow repair 0.000 ms, producer wait 42.098 ms; observer=2630243.49/1116516.09/2644.09, moved=54.43 m, roam=1, replaced=0, image=1600x900, LOD=1.500, shadows=1, minimap=1
Frame work 1750: BVH built/hit/evicted=0/0/0, catalogue/instance/scene builds=1/1/1, cached/scene tiles=425/161, scene 0.1 MiB, selection/detail passes=0/1, fallback ray attempts=0, GPU build/selection/detail=0.471/0.000/0.000 ms, CPU grouping=0.000 ms; atlas installed/evicted=0/0, I/O=0.000 MiB, resident=27/27
Camera preparation: wall 0.191 ms, GPU LOD 0.004 ms, plans/footprints=565/1
Minimap mask: 276x236, 1440000 rays, worker 9.164 ms, GPU 5.499 ms
Minimap publish: request-to-image 9.237 ms
Health t=102.459: memory ok footprint/resident 1671.5/837.6 MiB, Metal allocated/recommended 1419.7/18186.2 MiB, thermal=0
Health t=102.459: worker stage=idle age=3.5 ms, calls=1256 revision=1750, submitted/completed/presented=0/0/0, stale=0 unavailable=0 refreshed=0
Health t=102.459: display stage=idle age=12.2 ms, calls=3049 revision=1748, submitted/completed/presented=3049/3049/3048, stale=0 unavailable=0 refreshed=1
Health t=102.459: minimap stage=idle age=3.5 ms, calls=818 revision=0, submitted/completed/presented=818/818/816, stale=2 unavailable=0 refreshed=1106
Health t=102.459: terrain stage=idle age=102458.5 ms
Minimap mask: 276x236, 1440000 rays, worker 1.826 ms, GPU 0.954 ms
Minimap publish: request-to-image 1.860 ms
Frame 1751: wall 41.575 ms, GPU producer 40.878 ms, 1 producer submission(s), resident trace and presentation combined; t=102.539, BVH resident/budget 1011.2/2048.0 MiB, builds/hits/evictions=425/2808/0, scene builds=582
Frame phases 1751: pre-render 0.003 ms, prepare 0.113 ms, primary repair 0.000 ms, shadow repair 0.000 ms, producer wait 41.402 ms; observer=2630243.49/1116516.09/2644.09, moved=0.00 m, roam=0, replaced=0, image=1600x900, LOD=1.500, shadows=1, minimap=1
Frame work 1751: BVH built/hit/evicted=0/0/0, catalogue/instance/scene builds=0/0/0, cached/scene tiles=425/161, scene 0.1 MiB, selection/detail passes=0/1, fallback ray attempts=0, GPU build/selection/detail=0.000/0.000/0.000 ms, CPU grouping=0.000 ms; atlas installed/evicted=0/0, I/O=0.000 MiB, resident=27/27
Camera preparation: wall 0.000 ms, GPU LOD 0.000 ms, plans/footprints=565/1
LOD plan: sources=1591, changed finer/coarser=0/0, selected LOD-1=23
Frame 1752: wall 43.451 ms, GPU producer 41.267 ms, 1 producer submission(s), resident trace and presentation combined; t=102.583, BVH resident/budget 1011.2/2048.0 MiB, builds/hits/evictions=425/2808/0, scene builds=583
Frame phases 1752: pre-render 0.006 ms, prepare 1.862 ms, primary repair 0.000 ms, shadow repair 0.000 ms, producer wait 41.525 ms; observer=2630274.20/1116560.86/2642.51, moved=54.29 m, roam=1, replaced=0, image=1600x900, LOD=1.500, shadows=1, minimap=1
Frame work 1752: BVH built/hit/evicted=0/0/0, catalogue/instance/scene builds=1/1/1, cached/scene tiles=425/161, scene 0.1 MiB, selection/detail passes=0/1, fallback ray attempts=0, GPU build/selection/detail=0.492/0.000/0.000 ms, CPU grouping=0.000 ms; atlas installed/evicted=0/0, I/O=0.000 MiB, resident=27/27
Camera preparation: wall 0.203 ms, GPU LOD 0.004 ms, plans/footprints=566/1
Minimap mask: 276x236, 1440000 rays, worker 39.029 ms, GPU 6.193 ms
Minimap publish: request-to-image 39.084 ms
Frame 1753: wall 44.580 ms, GPU producer 43.625 ms, 1 producer submission(s), resident trace and presentation combined; t=102.643, BVH resident/budget 1011.2/2048.0 MiB, builds/hits/evictions=425/2808/0, scene builds=583
Frame phases 1753: pre-render 0.005 ms, prepare 0.163 ms, primary repair 0.000 ms, shadow repair 0.000 ms, producer wait 44.339 ms; observer=2630274.20/1116560.86/2642.51, moved=0.00 m, roam=0, replaced=0, image=1600x900, LOD=1.500, shadows=1, minimap=1
Frame work 1753: BVH built/hit/evicted=0/0/0, catalogue/instance/scene builds=0/0/0, cached/scene tiles=425/161, scene 0.1 MiB, selection/detail passes=0/1, fallback ray attempts=0, GPU build/selection/detail=0.000/0.000/0.000 ms, CPU grouping=0.000 ms; atlas installed/evicted=0/0, I/O=0.000 MiB, resident=27/27
Camera preparation: wall 0.001 ms, GPU LOD 0.000 ms, plans/footprints=566/1
Minimap mask: 276x236, 1440000 rays, worker 31.194 ms, GPU 7.186 ms
Minimap publish: request-to-image 31.299 ms
LOD plan: sources=1591, changed finer/coarser=0/3, selected LOD-1=23
Frame 1754: wall 44.865 ms, GPU producer 42.622 ms, 1 producer submission(s), resident trace and presentation combined; t=102.688, BVH resident/budget 1011.2/2048.0 MiB, builds/hits/evictions=425/2808/0, scene builds=584
Frame phases 1754: pre-render 0.007 ms, prepare 1.957 ms, primary repair 0.000 ms, shadow repair 0.000 ms, producer wait 42.846 ms; observer=2630305.30/1116606.10/2640.79, moved=54.90 m, roam=1, replaced=0, image=1600x900, LOD=1.500, shadows=1, minimap=1
Frame work 1754: BVH built/hit/evicted=0/0/0, catalogue/instance/scene builds=1/1/1, cached/scene tiles=425/161, scene 0.1 MiB, selection/detail passes=0/1, fallback ray attempts=0, GPU build/selection/detail=0.480/0.000/0.000 ms, CPU grouping=0.000 ms; atlas installed/evicted=0/0, I/O=0.000 MiB, resident=27/27
Camera preparation: wall 0.213 ms, GPU LOD 0.004 ms, plans/footprints=567/1
Minimap mask: 276x236, 1440000 rays, worker 10.387 ms, GPU 3.506 ms
Minimap publish: request-to-image 10.908 ms
Frame 1755: wall 44.120 ms, GPU producer 42.973 ms, 1 producer submission(s), resident trace and presentation combined; t=102.742, BVH resident/budget 1011.2/2048.0 MiB, builds/hits/evictions=425/2808/0, scene builds=584
Frame phases 1755: pre-render 0.004 ms, prepare 0.152 ms, primary repair 0.000 ms, shadow repair 0.000 ms, producer wait 43.856 ms; observer=2630305.30/1116606.10/2640.79, moved=0.00 m, roam=0, replaced=0, image=1600x900, LOD=1.500, shadows=1, minimap=1
Frame work 1755: BVH built/hit/evicted=0/0/0, catalogue/instance/scene builds=0/0/0, cached/scene tiles=425/161, scene 0.1 MiB, selection/detail passes=0/1, fallback ray attempts=0, GPU build/selection/detail=0.000/0.000/0.000 ms, CPU grouping=0.000 ms; atlas installed/evicted=0/0, I/O=0.000 MiB, resident=27/27
Camera preparation: wall 0.001 ms, GPU LOD 0.000 ms, plans/footprints=567/1
Minimap mask: 276x236, 1440000 rays, worker 31.079 ms, GPU 6.089 ms
Minimap publish: request-to-image 31.176 ms
LOD plan: sources=1591, changed finer/coarser=0/3, selected LOD-1=23
Frame 1756: wall 44.708 ms, GPU producer 42.513 ms, 1 producer submission(s), resident trace and presentation combined; t=102.787, BVH resident/budget 1011.2/2048.0 MiB, builds/hits/evictions=425/2808/0, scene builds=585
Frame phases 1756: pre-render 0.008 ms, prepare 1.832 ms, primary repair 0.000 ms, shadow repair 0.000 ms, producer wait 42.806 ms; observer=2630336.31/1116651.08/2638.95, moved=54.64 m, roam=1, replaced=0, image=1600x900, LOD=1.500, shadows=1, minimap=1
Frame work 1756: BVH built/hit/evicted=0/0/0, catalogue/instance/scene builds=1/1/1, cached/scene tiles=425/161, scene 0.1 MiB, selection/detail passes=0/1, fallback ray attempts=0, GPU build/selection/detail=0.474/0.000/0.000 ms, CPU grouping=0.000 ms; atlas installed/evicted=0/0, I/O=0.000 MiB, resident=27/27
Camera preparation: wall 0.228 ms, GPU LOD 0.004 ms, plans/footprints=568/1
Minimap mask: 276x236, 1440000 rays, worker 10.033 ms, GPU 4.392 ms
Minimap publish: request-to-image 11.004 ms
Frame 1757: wall 44.443 ms, GPU producer 41.097 ms, 1 producer submission(s), resident trace and presentation combined; t=102.843, BVH resident/budget 1011.2/2048.0 MiB, builds/hits/evictions=425/2808/0, scene builds=585
Frame phases 1757: pre-render 0.002 ms, prepare 0.172 ms, primary repair 0.000 ms, shadow repair 0.000 ms, producer wait 44.193 ms; observer=2630336.31/1116651.08/2638.95, moved=0.00 m, roam=0, replaced=0, image=1600x900, LOD=1.500, shadows=1, minimap=1
Frame work 1757: BVH built/hit/evicted=0/0/0, catalogue/instance/scene builds=0/0/0, cached/scene tiles=425/161, scene 0.1 MiB, selection/detail passes=0/1, fallback ray attempts=0, GPU build/selection/detail=0.000/0.000/0.000 ms, CPU grouping=0.000 ms; atlas installed/evicted=0/0, I/O=0.000 MiB, resident=27/27
Camera preparation: wall 0.001 ms, GPU LOD 0.000 ms, plans/footprints=568/1
Minimap mask: 276x236, 1440000 rays, worker 31.437 ms, GPU 8.207 ms
Minimap publish: request-to-image 31.482 ms
LOD plan: sources=1591, changed finer/coarser=1/2, selected LOD-1=23
Frame 1758: wall 45.234 ms, GPU producer 43.038 ms, 1 producer submission(s), resident trace and presentation combined; t=102.888, BVH resident/budget 1011.2/2048.0 MiB, builds/hits/evictions=425/2808/0, scene builds=586
Frame phases 1758: pre-render 0.009 ms, prepare 1.902 ms, primary repair 0.000 ms, shadow repair 0.000 ms, producer wait 43.250 ms; observer=2630367.33/1116695.99/2636.98, moved=54.58 m, roam=1, replaced=0, image=1600x900, LOD=1.500, shadows=1, minimap=1
Frame work 1758: BVH built/hit/evicted=0/0/0, catalogue/instance/scene builds=1/1/1, cached/scene tiles=425/159, scene 0.1 MiB, selection/detail passes=0/1, fallback ray attempts=0, GPU build/selection/detail=0.476/0.000/0.000 ms, CPU grouping=0.000 ms; atlas installed/evicted=0/0, I/O=0.000 MiB, resident=27/27
Camera preparation: wall 0.223 ms, GPU LOD 0.004 ms, plans/footprints=569/1
Minimap mask: 276x236, 1440000 rays, worker 10.595 ms, GPU 4.054 ms
Minimap publish: request-to-image 10.703 ms
Frame 1759: wall 44.585 ms, GPU producer 43.656 ms, 1 producer submission(s), resident trace and presentation combined; t=102.943, BVH resident/budget 1011.2/2048.0 MiB, builds/hits/evictions=425/2808/0, scene builds=586
Frame phases 1759: pre-render 0.004 ms, prepare 0.148 ms, primary repair 0.000 ms, shadow repair 0.000 ms, producer wait 44.331 ms; observer=2630367.33/1116695.99/2636.98, moved=0.00 m, roam=0, replaced=0, image=1600x900, LOD=1.500, shadows=1, minimap=1
Frame work 1759: BVH built/hit/evicted=0/0/0, catalogue/instance/scene builds=0/0/0, cached/scene tiles=425/159, scene 0.1 MiB, selection/detail passes=0/1, fallback ray attempts=0, GPU build/selection/detail=0.000/0.000/0.000 ms, CPU grouping=0.000 ms; atlas installed/evicted=0/0, I/O=0.000 MiB, resident=27/27
Camera preparation: wall 0.001 ms, GPU LOD 0.000 ms, plans/footprints=569/1
Minimap mask: 276x236, 1440000 rays, worker 31.631 ms, GPU 7.296 ms
Minimap publish: request-to-image 31.704 ms
LOD plan: sources=1591, changed finer/coarser=0/1, selected LOD-1=23
Frame 1760: wall 45.328 ms, GPU producer 43.054 ms, 1 producer submission(s), resident trace and presentation combined; t=102.988, BVH resident/budget 1011.2/2048.0 MiB, builds/hits/evictions=425/2808/0, scene builds=587
Frame phases 1760: pre-render 0.009 ms, prepare 1.943 ms, primary repair 0.000 ms, shadow repair 0.000 ms, producer wait 43.318 ms; observer=2630398.41/1116740.89/2634.89, moved=54.61 m, roam=1, replaced=0, image=1600x900, LOD=1.500, shadows=1, minimap=1
Frame work 1760: BVH built/hit/evicted=0/0/0, catalogue/instance/scene builds=1/1/1, cached/scene tiles=425/159, scene 0.1 MiB, selection/detail passes=0/1, fallback ray attempts=0, GPU build/selection/detail=0.483/0.000/0.000 ms, CPU grouping=0.000 ms; atlas installed/evicted=0/0, I/O=0.000 MiB, resident=27/27
Minimap mask: 276x236, 1440000 rays, worker 11.189 ms, GPU 3.914 ms
Camera preparation: wall 0.276 ms, GPU LOD 0.004 ms, plans/footprints=570/1
Minimap publish: request-to-image 11.250 ms
Frame 1761: wall 42.831 ms, GPU producer 42.320 ms, 1 producer submission(s), resident trace and presentation combined; t=103.041, BVH resident/budget 1011.2/2048.0 MiB, builds/hits/evictions=425/2808/0, scene builds=587
Frame phases 1761: pre-render 0.017 ms, prepare 0.130 ms, primary repair 0.000 ms, shadow repair 0.000 ms, producer wait 42.614 ms; observer=2630398.41/1116740.89/2634.89, moved=0.00 m, roam=0, replaced=0, image=1600x900, LOD=1.500, shadows=1, minimap=1
Frame work 1761: BVH built/hit/evicted=0/0/0, catalogue/instance/scene builds=0/0/0, cached/scene tiles=425/159, scene 0.1 MiB, selection/detail passes=0/1, fallback ray attempts=0, GPU build/selection/detail=0.000/0.000/0.000 ms, CPU grouping=0.000 ms; atlas installed/evicted=0/0, I/O=0.000 MiB, resident=27/27
Camera preparation: wall 0.001 ms, GPU LOD 0.000 ms, plans/footprints=570/1
Minimap mask: 276x236, 1440000 rays, worker 29.524 ms, GPU 3.991 ms
Minimap publish: request-to-image 29.613 ms
LOD plan: sources=1591, changed finer/coarser=1/2, selected LOD-1=23
Minimap mask: 276x236, 1440000 rays, worker 43.682 ms, GPU 1.127 ms
Minimap publish: request-to-image 43.744 ms
Slow stage: terrain frame wall 160.546 ms (inclusive)
Frame 1762: wall 160.553 ms, GPU producer 44.331 ms, 2 producer submission(s), streaming work excluded from GPU producer timing; t=103.202, BVH resident/budget 1011.9/2048.0 MiB, builds/hits/evictions=426/2812/0, scene builds=588
Frame phases 1762: pre-render 0.009 ms, prepare 2.026 ms, primary repair 49.797 ms, shadow repair 63.214 ms, producer wait 45.390 ms; observer=2630429.52/1116785.72/2632.68, moved=54.57 m, roam=1, replaced=0, image=1600x900, LOD=1.500, shadows=1, minimap=1
Frame work 1762: BVH built/hit/evicted=1/4/0, catalogue/instance/scene builds=1/5/1, cached/scene tiles=426/0, scene 0.0 MiB, selection/detail passes=5/6, fallback ray attempts=1302, GPU build/selection/detail=1.325/2.150/21.864 ms, CPU grouping=14.580 ms; atlas installed/evicted=84/84, I/O=38.280 MiB, resident=27/27
Camera preparation: wall 0.252 ms, GPU LOD 0.007 ms, plans/footprints=571/1
Slow stage: worker iteration wall 160.607 ms (inclusive)
LOD plan: sources=1591, changed finer/coarser=0/2, selected LOD-1=23
Frame 1766: wall 44.416 ms, GPU producer 42.430 ms, 1 producer submission(s), resident trace and presentation combined; t=103.246, BVH resident/budget 1011.9/2048.0 MiB, builds/hits/evictions=426/2812/0, scene builds=589
Frame phases 1766: pre-render 0.006 ms, prepare 1.607 ms, primary repair 0.000 ms, shadow repair 0.000 ms, producer wait 42.756 ms; observer=2630491.90/1116875.30/2627.87, moved=109.16 m, roam=1, replaced=0, image=1600x900, LOD=1.500, shadows=1, minimap=1
Frame work 1766: BVH built/hit/evicted=0/0/0, catalogue/instance/scene builds=1/1/1, cached/scene tiles=426/159, scene 0.1 MiB, selection/detail passes=0/1, fallback ray attempts=0, GPU build/selection/detail=0.479/0.000/0.000 ms, CPU grouping=0.000 ms; atlas installed/evicted=0/0, I/O=0.000 MiB, resident=27/27
Minimap mask: 276x236, 1440000 rays, worker 35.038 ms, GPU 8.725 ms
Camera preparation: wall 0.175 ms, GPU LOD 0.004 ms, plans/footprints=572/1
Minimap publish: request-to-image 35.652 ms
Minimap mask: 276x236, 1440000 rays, worker 2.850 ms, GPU 0.873 ms
Minimap publish: request-to-image 2.884 ms
Frame 1767: wall 42.775 ms, GPU producer 41.912 ms, 1 producer submission(s), resident trace and presentation combined; t=103.341, BVH resident/budget 1011.9/2048.0 MiB, builds/hits/evictions=426/2812/0, scene builds=589
Frame phases 1767: pre-render 0.004 ms, prepare 0.161 ms, primary repair 0.000 ms, shadow repair 0.000 ms, producer wait 42.527 ms; observer=2630491.90/1116875.30/2627.87, moved=0.00 m, roam=0, replaced=0, image=1600x900, LOD=1.500, shadows=1, minimap=1
Frame work 1767: BVH built/hit/evicted=0/0/0, catalogue/instance/scene builds=0/0/0, cached/scene tiles=426/159, scene 0.1 MiB, selection/detail passes=0/1, fallback ray attempts=0, GPU build/selection/detail=0.000/0.000/0.000 ms, CPU grouping=0.000 ms; atlas installed/evicted=0/0, I/O=0.000 MiB, resident=27/27
Camera preparation: wall 0.001 ms, GPU LOD 0.000 ms, plans/footprints=572/1
LOD plan: sources=1591, changed finer/coarser=0/1, selected LOD-1=23
Frame 1768: wall 46.325 ms, GPU producer 43.933 ms, 1 producer submission(s), resident trace and presentation combined; t=103.387, BVH resident/budget 1011.9/2048.0 MiB, builds/hits/evictions=426/2812/0, scene builds=590
Frame phases 1768: pre-render 0.007 ms, prepare 2.031 ms, primary repair 0.000 ms, shadow repair 0.000 ms, producer wait 44.227 ms; observer=2630523.04/1116919.87/2625.29, moved=54.37 m, roam=1, replaced=0, image=1600x900, LOD=1.500, shadows=1, minimap=1
Frame work 1768: BVH built/hit/evicted=0/0/0, catalogue/instance/scene builds=1/1/1, cached/scene tiles=426/159, scene 0.1 MiB, selection/detail passes=0/1, fallback ray attempts=0, GPU build/selection/detail=0.456/0.000/0.000 ms, CPU grouping=0.000 ms; atlas installed/evicted=0/0, I/O=0.000 MiB, resident=27/27
Camera preparation: wall 0.239 ms, GPU LOD 0.004 ms, plans/footprints=573/1
Minimap mask: 276x236, 1440000 rays, worker 43.612 ms, GPU 1.312 ms
Minimap publish: request-to-image 43.670 ms
Frame 1769: wall 43.042 ms, GPU producer 42.360 ms, 1 producer submission(s), resident trace and presentation combined; t=103.442, BVH resident/budget 1011.9/2048.0 MiB, builds/hits/evictions=426/2812/0, scene builds=590
Frame phases 1769: pre-render 0.020 ms, prepare 0.122 ms, primary repair 0.000 ms, shadow repair 0.000 ms, producer wait 42.834 ms; observer=2630523.04/1116919.87/2625.29, moved=0.00 m, roam=0, replaced=0, image=1600x900, LOD=1.500, shadows=1, minimap=1
Frame work 1769: BVH built/hit/evicted=0/0/0, catalogue/instance/scene builds=0/0/0, cached/scene tiles=426/159, scene 0.1 MiB, selection/detail passes=0/1, fallback ray attempts=0, GPU build/selection/detail=0.000/0.000/0.000 ms, CPU grouping=0.000 ms; atlas installed/evicted=0/0, I/O=0.000 MiB, resident=27/27
Camera preparation: wall 0.000 ms, GPU LOD 0.000 ms, plans/footprints=573/1
Minimap mask: 276x236, 1440000 rays, worker 29.491 ms, GPU 8.632 ms
Minimap publish: request-to-image 29.586 ms
LOD plan: sources=1591, changed finer/coarser=0/1, selected LOD-1=23
Minimap mask: 276x236, 1440000 rays, worker 1.412 ms, GPU 1.164 ms
Minimap publish: request-to-image 1.458 ms
Health t=103.464: memory ok footprint/resident 1667.0/839.9 MiB, Metal allocated/recommended 1418.3/18186.2 MiB, thermal=0
Health t=103.464: worker stage=render age=22.0 ms, calls=1273 revision=1769, submitted/completed/presented=0/0/0, stale=0 unavailable=0 refreshed=0
Health t=103.464: display stage=idle age=19.8 ms, calls=3079 revision=1769, submitted/completed/presented=3079/3079/3078, stale=0 unavailable=0 refreshed=1
Health t=103.464: minimap stage=idle age=18.8 ms, calls=835 revision=0, submitted/completed/presented=835/835/833, stale=2 unavailable=0 refreshed=1124
Health t=103.464: terrain stage=producer wait age=20.1 ms
Frame 1770: wall 46.057 ms, GPU producer 43.882 ms, 1 producer submission(s), resident trace and presentation combined; t=103.488, BVH resident/budget 1011.9/2048.0 MiB, builds/hits/evictions=426/2812/0, scene builds=591
Frame phases 1770: pre-render 0.008 ms, prepare 1.812 ms, primary repair 0.000 ms, shadow repair 0.000 ms, producer wait 44.168 ms; observer=2630554.47/1116964.74/2622.57, moved=54.79 m, roam=1, replaced=0, image=1600x900, LOD=1.500, shadows=1, minimap=1
Frame work 1770: BVH built/hit/evicted=0/0/0, catalogue/instance/scene builds=1/1/1, cached/scene tiles=426/158, scene 0.1 MiB, selection/detail passes=0/1, fallback ray attempts=0, GPU build/selection/detail=0.420/0.000/0.000 ms, CPU grouping=0.000 ms; atlas installed/evicted=0/0, I/O=0.000 MiB, resident=27/27
Camera preparation: wall 0.227 ms, GPU LOD 0.003 ms, plans/footprints=574/1
Frame 1771: wall 44.426 ms, GPU producer 43.534 ms, 1 producer submission(s), resident trace and presentation combined; t=103.543, BVH resident/budget 1011.9/2048.0 MiB, builds/hits/evictions=426/2812/0, scene builds=591
Frame phases 1771: pre-render 0.004 ms, prepare 0.135 ms, primary repair 0.000 ms, shadow repair 0.000 ms, producer wait 44.214 ms; observer=2630554.47/1116964.74/2622.57, moved=0.00 m, roam=0, replaced=0, image=1600x900, LOD=1.500, shadows=1, minimap=1
Frame work 1771: BVH built/hit/evicted=0/0/0, catalogue/instance/scene builds=0/0/0, cached/scene tiles=426/158, scene 0.1 MiB, selection/detail passes=0/1, fallback ray attempts=0, GPU build/selection/detail=0.000/0.000/0.000 ms, CPU grouping=0.000 ms; atlas installed/evicted=0/0, I/O=0.000 MiB, resident=27/27
Minimap mask: 276x236, 1440000 rays, worker 31.188 ms, GPU 6.788 ms
Camera preparation: wall 0.001 ms, GPU LOD 0.000 ms, plans/footprints=574/1
Minimap publish: request-to-image 31.323 ms
LOD plan: sources=1591, changed finer/coarser=0/3, selected LOD-1=23
Frame 1772: wall 46.470 ms, GPU producer 44.216 ms, 1 producer submission(s), resident trace and presentation combined; t=103.590, BVH resident/budget 1011.9/2048.0 MiB, builds/hits/evictions=426/2812/0, scene builds=592
Frame phases 1772: pre-render 0.007 ms, prepare 1.894 ms, primary repair 0.000 ms, shadow repair 0.000 ms, producer wait 44.507 ms; observer=2630585.83/1117009.41/2619.73, moved=54.58 m, roam=1, replaced=0, image=1600x900, LOD=1.500, shadows=1, minimap=1
Frame work 1772: BVH built/hit/evicted=0/0/0, catalogue/instance/scene builds=1/1/1, cached/scene tiles=426/158, scene 0.1 MiB, selection/detail passes=0/1, fallback ray attempts=0, GPU build/selection/detail=0.467/0.000/0.000 ms, CPU grouping=0.000 ms; atlas installed/evicted=0/0, I/O=0.000 MiB, resident=27/27
Camera preparation: wall 0.222 ms, GPU LOD 0.004 ms, plans/footprints=575/1
Minimap mask: 276x236, 1440000 rays, worker 12.584 ms, GPU 4.647 ms
Minimap publish: request-to-image 12.681 ms
Frame 1773: wall 43.478 ms, GPU producer 42.052 ms, 1 producer submission(s), resident trace and presentation combined; t=103.641, BVH resident/budget 1011.9/2048.0 MiB, builds/hits/evictions=426/2812/0, scene builds=592
Frame phases 1773: pre-render 0.005 ms, prepare 0.118 ms, primary repair 0.000 ms, shadow repair 0.000 ms, producer wait 43.286 ms; observer=2630585.83/1117009.41/2619.73, moved=0.00 m, roam=0, replaced=0, image=1600x900, LOD=1.500, shadows=1, minimap=1
Frame work 1773: BVH built/hit/evicted=0/0/0, catalogue/instance/scene builds=0/0/0, cached/scene tiles=426/158, scene 0.1 MiB, selection/detail passes=0/1, fallback ray attempts=0, GPU build/selection/detail=0.000/0.000/0.000 ms, CPU grouping=0.000 ms; atlas installed/evicted=0/0, I/O=0.000 MiB, resident=27/27
Camera preparation: wall 0.001 ms, GPU LOD 0.000 ms, plans/footprints=575/1
Minimap mask: 276x236, 1440000 rays, worker 29.121 ms, GPU 7.521 ms
Minimap publish: request-to-image 29.230 ms
LOD plan: sources=1591, changed finer/coarser=1/3, selected LOD-1=23
Frame 1774: wall 47.679 ms, GPU producer 45.272 ms, 1 producer submission(s), resident trace and presentation combined; t=103.689, BVH resident/budget 1011.9/2048.0 MiB, builds/hits/evictions=426/2812/0, scene builds=593
Frame phases 1774: pre-render 0.007 ms, prepare 2.064 ms, primary repair 0.000 ms, shadow repair 0.000 ms, producer wait 45.542 ms; observer=2630616.89/1117053.56/2616.79, moved=53.98 m, roam=1, replaced=0, image=1600x900, LOD=1.500, shadows=1, minimap=1
Frame work 1774: BVH built/hit/evicted=0/0/0, catalogue/instance/scene builds=1/1/1, cached/scene tiles=426/159, scene 0.1 MiB, selection/detail passes=0/1, fallback ray attempts=0, GPU build/selection/detail=0.470/0.000/0.000 ms, CPU grouping=0.000 ms; atlas installed/evicted=0/0, I/O=0.000 MiB, resident=27/27
Camera preparation: wall 0.277 ms, GPU LOD 0.017 ms, plans/footprints=576/1
Minimap mask: 276x236, 1440000 rays, worker 11.384 ms, GPU 4.958 ms
Minimap publish: request-to-image 12.475 ms
Frame 1775: wall 47.143 ms, GPU producer 46.197 ms, 1 producer submission(s), resident trace and presentation combined; t=103.746, BVH resident/budget 1011.9/2048.0 MiB, builds/hits/evictions=426/2812/0, scene builds=593
Frame phases 1775: pre-render 0.005 ms, prepare 0.153 ms, primary repair 0.000 ms, shadow repair 0.000 ms, producer wait 46.892 ms; observer=2630616.89/1117053.56/2616.79, moved=0.00 m, roam=0, replaced=0, image=1600x900, LOD=1.500, shadows=1, minimap=1
Frame work 1775: BVH built/hit/evicted=0/0/0, catalogue/instance/scene builds=0/0/0, cached/scene tiles=426/159, scene 0.1 MiB, selection/detail passes=0/1, fallback ray attempts=0, GPU build/selection/detail=0.000/0.000/0.000 ms, CPU grouping=0.000 ms; atlas installed/evicted=0/0, I/O=0.000 MiB, resident=27/27
Minimap mask: 276x236, 1440000 rays, worker 34.141 ms, GPU 4.551 ms
Camera preparation: wall 0.001 ms, GPU LOD 0.000 ms, plans/footprints=576/1
Minimap publish: request-to-image 34.222 ms
LOD plan: sources=1591, changed finer/coarser=2/3, selected LOD-1=23
Minimap mask: 276x236, 1440000 rays, worker 15.810 ms, GPU 4.720 ms
Minimap publish: request-to-image 16.476 ms
Slow stage: terrain frame wall 161.946 ms (inclusive)
Frame 1776: wall 161.958 ms, GPU producer 45.315 ms, 2 producer submission(s), streaming work excluded from GPU producer timing; t=103.908, BVH resident/budget 1012.5/2048.0 MiB, builds/hits/evictions=427/2818/0, scene builds=594
Frame phases 1776: pre-render 0.018 ms, prepare 1.982 ms, primary repair 59.190 ms, shadow repair 54.389 ms, producer wait 46.278 ms; observer=2630648.63/1117098.57/2613.67, moved=55.07 m, roam=1, replaced=0, image=1600x900, LOD=1.500, shadows=1, minimap=1
Frame work 1776: BVH built/hit/evicted=1/6/0, catalogue/instance/scene builds=1/7/1, cached/scene tiles=427/0, scene 0.0 MiB, selection/detail passes=7/8, fallback ray attempts=1096, GPU build/selection/detail=1.334/3.805/22.962 ms, CPU grouping=18.979 ms; atlas installed/evicted=80/80, I/O=34.114 MiB, resident=27/27
Camera preparation: wall 0.218 ms, GPU LOD 0.004 ms, plans/footprints=577/1
Slow stage: worker iteration wall 162.016 ms (inclusive)
LOD plan: sources=1591, changed finer/coarser=6/6, selected LOD-1=23
Minimap mask: 276x236, 1440000 rays, worker 40.463 ms, GPU 6.908 ms
Minimap publish: request-to-image 42.056 ms
Slow stage: primary repair wall 113.269 ms (inclusive)
Slow stage: terrain frame wall 208.694 ms (inclusive)
Frame 1780: wall 208.700 ms, GPU producer 42.279 ms, 2 producer submission(s), streaming work excluded from GPU producer timing; t=104.117, BVH resident/budget 1025.3/2048.0 MiB, builds/hits/evictions=432/2844/0, scene builds=595
Frame phases 1780: pre-render 0.007 ms, prepare 1.617 ms, primary repair 113.269 ms, shadow repair 50.551 ms, producer wait 43.180 ms; observer=2630711.59/1117187.54/2607.12, moved=108.99 m, roam=1, replaced=0, image=1600x900, LOD=1.500, shadows=1, minimap=1
Frame work 1780: BVH built/hit/evicted=5/26/0, catalogue/instance/scene builds=1/15/1, cached/scene tiles=432/0, scene 0.0 MiB, selection/detail passes=15/16, fallback ray attempts=106848, GPU build/selection/detail=7.357/8.286/24.833 ms, CPU grouping=34.539 ms; atlas installed/evicted=82/82, I/O=36.245 MiB, resident=27/27
Camera preparation: wall 0.203 ms, GPU LOD 0.004 ms, plans/footprints=578/1
Slow stage: worker iteration wall 208.748 ms (inclusive)
LOD plan: sources=1591, changed finer/coarser=3/5, selected LOD-1=23
Minimap mask: 276x236, 1440000 rays, worker 17.941 ms, GPU 6.769 ms
Minimap publish: request-to-image 17.972 ms
Slow stage: terrain frame wall 197.290 ms (inclusive)
Frame 1784: wall 197.296 ms, GPU producer 43.291 ms, 2 producer submission(s), streaming work excluded from GPU producer timing; t=104.314, BVH resident/budget 1030.5/2048.0 MiB, builds/hits/evictions=434/2873/0, scene builds=596
Frame phases 1784: pre-render 0.007 ms, prepare 3.561 ms, primary repair 97.353 ms, shadow repair 52.137 ms, producer wait 44.162 ms; observer=2630774.75/1117276.39/2600.06, moved=109.02 m, roam=1, replaced=0, image=1600x900, LOD=1.500, shadows=1, minimap=1
Frame work 1784: BVH built/hit/evicted=2/29/0, catalogue/instance/scene builds=1/15/1, cached/scene tiles=434/0, scene 0.0 MiB, selection/detail passes=15/16, fallback ray attempts=23884, GPU build/selection/detail=3.759/8.340/25.665 ms, CPU grouping=33.272 ms; atlas installed/evicted=80/80, I/O=36.745 MiB, resident=27/27
Camera preparation: wall 0.159 ms, GPU LOD 0.004 ms, plans/footprints=579/1
Slow stage: worker iteration wall 197.344 ms (inclusive)
LOD plan: sources=1591, changed finer/coarser=1/1, selected LOD-1=24
Minimap mask: 276x236, 1440000 rays, worker 15.524 ms, GPU 5.915 ms
Minimap publish: request-to-image 15.555 ms
Health t=104.469: memory ok footprint/resident 1683.2/842.9 MiB, Metal allocated/recommended 1437.8/18186.2 MiB, thermal=0
Health t=104.469: worker stage=render age=154.7 ms, calls=1282 revision=1784, submitted/completed/presented=0/0/0, stale=0 unavailable=0 refreshed=0
Health t=104.469: display stage=idle age=26.7 ms, calls=3109 revision=1784, submitted/completed/presented=3109/3109/3109, stale=0 unavailable=0 refreshed=1
Health t=104.469: minimap stage=idle age=108.4 ms, calls=844 revision=0, submitted/completed/presented=844/844/842, stale=2 unavailable=0 refreshed=1136
Health t=104.469: terrain stage=shadow repair age=49.0 ms
Slow stage: terrain frame wall 160.388 ms (inclusive)
Frame 1788: wall 160.396 ms, GPU producer 45.220 ms, 2 producer submission(s), streaming work excluded from GPU producer timing; t=104.474, BVH resident/budget 1031.1/2048.0 MiB, builds/hits/evictions=435/2879/0, scene builds=597
Frame phases 1788: pre-render 0.014 ms, prepare 1.403 ms, primary repair 59.491 ms, shadow repair 53.265 ms, producer wait 46.153 ms; observer=2630838.08/1117365.07/2592.51, moved=108.97 m, roam=1, replaced=0, image=1600x900, LOD=1.500, shadows=1, minimap=1
Frame work 1788: BVH built/hit/evicted=1/6/0, catalogue/instance/scene builds=1/8/1, cached/scene tiles=435/0, scene 0.0 MiB, selection/detail passes=8/9, fallback ray attempts=2, GPU build/selection/detail=1.288/3.094/24.681 ms, CPU grouping=17.141 ms; atlas installed/evicted=82/82, I/O=36.997 MiB, resident=27/27
Camera preparation: wall 0.166 ms, GPU LOD 0.004 ms, plans/footprints=580/1
Slow stage: worker iteration wall 160.444 ms (inclusive)
LOD plan: sources=1591, changed finer/coarser=2/1, selected LOD-1=23
Minimap mask: 276x236, 1440000 rays, worker 43.726 ms, GPU 7.060 ms
Minimap publish: request-to-image 43.762 ms
Slow stage: terrain frame wall 182.947 ms (inclusive)
Frame 1790: wall 182.952 ms, GPU producer 46.955 ms, 2 producer submission(s), streaming work excluded from GPU producer timing; t=104.657, BVH resident/budget 1032.4/2048.0 MiB, builds/hits/evictions=437/2894/0, scene builds=598
Frame phases 1790: pre-render 0.007 ms, prepare 1.618 ms, primary repair 75.786 ms, shadow repair 57.657 ms, producer wait 47.810 ms; observer=2630869.81/1117409.35/2588.54, moved=54.48 m, roam=1, replaced=0, image=1600x900, LOD=1.500, shadows=1, minimap=1
Frame work 1790: BVH built/hit/evicted=2/15/0, catalogue/instance/scene builds=1/11/1, cached/scene tiles=437/0, scene 0.0 MiB, selection/detail passes=11/12, fallback ray attempts=10448, GPU build/selection/detail=2.080/5.171/25.071 ms, CPU grouping=25.880 ms; atlas installed/evicted=83/83, I/O=37.217 MiB, resident=27/27
Camera preparation: wall 0.192 ms, GPU LOD 0.004 ms, plans/footprints=581/1
Slow stage: worker iteration wall 183.011 ms (inclusive)
LOD plan: sources=1591, changed finer/coarser=2/1, selected LOD-1=23
Minimap mask: 276x236, 1440000 rays, worker 26.374 ms, GPU 5.323 ms
Minimap publish: request-to-image 26.408 ms
Slow stage: terrain frame wall 152.514 ms (inclusive)
Frame 1794: wall 152.521 ms, GPU producer 47.500 ms, 2 producer submission(s), streaming work excluded from GPU producer timing; t=104.810, BVH resident/budget 1033.0/2048.0 MiB, builds/hits/evictions=438/2898/0, scene builds=599
Frame phases 1794: pre-render 0.009 ms, prepare 1.400 ms, primary repair 48.452 ms, shadow repair 54.148 ms, producer wait 48.426 ms; observer=2630933.40/1117497.79/2580.23, moved=108.93 m, roam=1, replaced=0, image=1600x900, LOD=1.500, shadows=1, minimap=1
Frame work 1794: BVH built/hit/evicted=1/4/0, catalogue/instance/scene builds=1/5/1, cached/scene tiles=438/0, scene 0.0 MiB, selection/detail passes=5/6, fallback ray attempts=5610, GPU build/selection/detail=1.207/1.990/25.632 ms, CPU grouping=11.103 ms; atlas installed/evicted=81/81, I/O=35.182 MiB, resident=27/27
Camera preparation: wall 0.177 ms, GPU LOD 0.004 ms, plans/footprints=582/1
Slow stage: worker iteration wall 152.571 ms (inclusive)
Minimap mask: 276x236, 1440000 rays, worker 1.638 ms, GPU 0.884 ms
Minimap publish: request-to-image 3.947 ms
Health t=105.474: memory ok footprint/resident 1671.5/841.2 MiB, Metal allocated/recommended 1426.7/18186.2 MiB, thermal=0
Health t=105.474: worker stage=idle age=663.8 ms, calls=1284 revision=1794, submitted/completed/presented=0/0/0, stale=0 unavailable=0 refreshed=0
Health t=105.474: display stage=idle age=31.5 ms, calls=3139 revision=1794, submitted/completed/presented=3139/3139/3139, stale=0 unavailable=0 refreshed=1
Health t=105.474: minimap stage=idle age=625.7 ms, calls=847 revision=0, submitted/completed/presented=847/847/845, stale=2 unavailable=0 refreshed=1141
Health t=105.474: terrain stage=idle age=105473.8 ms
Health t=106.475: memory ok footprint/resident 1666.3/841.3 MiB, Metal allocated/recommended 1426.7/18186.2 MiB, thermal=0
Health t=106.475: worker stage=idle age=152.9 ms, calls=1286 revision=1794, submitted/completed/presented=0/0/0, stale=0 unavailable=0 refreshed=0
Health t=106.475: display stage=idle age=32.4 ms, calls=3169 revision=1794, submitted/completed/presented=3169/3169/3169, stale=0 unavailable=0 refreshed=1
Health t=106.475: minimap stage=idle age=1626.5 ms, calls=847 revision=0, submitted/completed/presented=847/847/845, stale=2 unavailable=0 refreshed=1141
Health t=106.475: terrain stage=idle age=106474.7 ms
Health t=107.475: memory ok footprint/resident 1666.3/841.3 MiB, Metal allocated/recommended 1426.7/18186.2 MiB, thermal=0
Health t=107.475: worker stage=idle age=1153.5 ms, calls=1286 revision=1794, submitted/completed/presented=0/0/0, stale=0 unavailable=0 refreshed=0
Health t=107.475: display stage=drawable age=-0.0 ms, calls=3200 revision=1794, submitted/completed/presented=3199/3199/3199, stale=0 unavailable=0 refreshed=1
Health t=107.475: minimap stage=idle age=2627.1 ms, calls=847 revision=0, submitted/completed/presented=847/847/845, stale=2 unavailable=0 refreshed=1141
Health t=107.475: terrain stage=idle age=107475.3 ms
Health t=108.477: memory ok footprint/resident 1662.8/841.3 MiB, Metal allocated/recommended 1426.7/18186.2 MiB, thermal=0
Health t=108.477: worker stage=idle age=2155.0 ms, calls=1286 revision=1794, submitted/completed/presented=0/0/0, stale=0 unavailable=0 refreshed=0
Health t=108.477: display stage=idle age=1.2 ms, calls=3230 revision=1794, submitted/completed/presented=3230/3229/3229, stale=0 unavailable=0 refreshed=1
Health t=108.477: minimap stage=idle age=3628.6 ms, calls=847 revision=0, submitted/completed/presented=847/847/845, stale=2 unavailable=0 refreshed=1141
Health t=108.477: terrain stage=idle age=108476.7 ms
