Slow stage: primary repair wall 438.920 ms (inclusive)
Slow stage: terrain frame wall 456.587 ms (inclusive)
Frame 1: wall 456.590 ms, GPU producer 0.354 ms, 1 producer submission(s), streaming work excluded from GPU producer timing; t=0.522, BVH resident/budget 175.7/2048.0 MiB, builds/hits/evictions=99/0/0, scene builds=0
Frame phases 1: pre-render 0.006 ms, prepare 16.831 ms, primary repair 438.920 ms, shadow repair 0.000 ms, producer wait 0.769 ms; observer=2623452.40/1100502.20/3415.00, moved=0.00 m, roam=0, replaced=0, image=1600x900, LOD=1.500, shadows=0, minimap=0
Frame work 1: BVH built/hit/evicted=99/0/0, catalogue/instance/scene builds=1/26/0, cached/scene tiles=99/0, scene 0.0 MiB, selection/detail passes=27/26, fallback ray attempts=0, GPU build/selection/detail=167.549/19.922/50.464 ms, CPU grouping=47.073 ms; atlas installed/evicted=98/72, I/O=32.354 MiB, resident=27/27
Camera preparation: wall 0.001 ms, GPU LOD 0.000 ms, plans/footprints=1/1
Slow stage: worker iteration wall 456.690 ms (inclusive)
Frame 2: wall 43.963 ms, GPU producer 43.007 ms, 1 producer submission(s), resident trace and presentation combined; t=0.566, BVH resident/budget 175.7/2048.0 MiB, builds/hits/evictions=99/0/0, scene builds=1
Frame phases 2: pre-render 0.004 ms, prepare 0.723 ms, primary repair 0.000 ms, shadow repair 0.000 ms, producer wait 43.218 ms; observer=2623452.40/1100502.20/3415.00, moved=0.00 m, roam=0, replaced=0, image=1600x900, LOD=1.500, shadows=0, minimap=1
Frame work 2: BVH built/hit/evicted=0/0/0, catalogue/instance/scene builds=0/1/1, cached/scene tiles=99/99, scene 0.0 MiB, selection/detail passes=0/1, fallback ray attempts=0, GPU build/selection/detail=0.352/0.000/0.000 ms, CPU grouping=0.000 ms; atlas installed/evicted=0/0, I/O=0.000 MiB, resident=27/27
Camera preparation: wall 0.000 ms, GPU LOD 0.000 ms, plans/footprints=1/1
Minimap mask: 276x236, 1440000 rays, worker 11.705 ms, GPU 1.483 ms
Minimap publish: request-to-image 13.932 ms
Health t=1.071: memory ok footprint/resident 592.6/370.3 MiB, Metal allocated/recommended 486.7/18186.2 MiB, thermal=0
Health t=1.071: worker stage=idle age=184.6 ms, calls=3 revision=2, submitted/completed/presented=0/0/0, stale=0 unavailable=0 refreshed=0
Health t=1.071: display stage=idle age=13.1 ms, calls=12 revision=2, submitted/completed/presented=12/12/11, stale=0 unavailable=0 refreshed=0
Health t=1.071: minimap stage=idle age=353.8 ms, calls=1 revision=0, submitted/completed/presented=1/1/1, stale=0 unavailable=0 refreshed=1
Health t=1.071: terrain stage=idle age=1070.6 ms
Health t=2.075: memory ok footprint/resident 591.5/370.4 MiB, Metal allocated/recommended 486.7/18186.2 MiB, thermal=0
Health t=2.075: worker stage=idle age=1188.7 ms, calls=3 revision=2, submitted/completed/presented=0/0/0, stale=0 unavailable=0 refreshed=0
Health t=2.075: display stage=idle age=17.0 ms, calls=42 revision=2, submitted/completed/presented=42/42/41, stale=0 unavailable=0 refreshed=0
Health t=2.075: minimap stage=idle age=1357.9 ms, calls=1 revision=0, submitted/completed/presented=1/1/1, stale=0 unavailable=0 refreshed=1
Health t=2.075: terrain stage=idle age=2074.7 ms
Frame 3: wall 68.658 ms, GPU producer 64.453 ms, 1 producer submission(s), resident trace and presentation combined; t=2.602, BVH resident/budget 175.7/2048.0 MiB, builds/hits/evictions=99/0/0, scene builds=1
Frame phases 3: pre-render 0.009 ms, prepare 1.844 ms, primary repair 0.000 ms, shadow repair 0.000 ms, producer wait 66.715 ms; observer=2623452.40/1100502.20/3415.00, moved=0.00 m, roam=0, replaced=0, image=1600x900, LOD=1.500, shadows=0, minimap=1
Frame work 3: BVH built/hit/evicted=0/0/0, catalogue/instance/scene builds=0/0/0, cached/scene tiles=99/99, scene 0.0 MiB, selection/detail passes=0/1, fallback ray attempts=0, GPU build/selection/detail=0.000/0.000/0.000 ms, CPU grouping=0.000 ms; atlas installed/evicted=0/0, I/O=0.000 MiB, resident=27/27
Camera preparation: wall 0.002 ms, GPU LOD 0.000 ms, plans/footprints=1/1
Minimap mask: 276x236, 1440000 rays, worker 4.486 ms, GPU 3.733 ms
Minimap publish: request-to-image 5.647 ms
Health t=3.080: memory ok footprint/resident 598.0/371.5 MiB, Metal allocated/recommended 492.2/18186.2 MiB, thermal=0
Health t=3.080: worker stage=idle age=477.9 ms, calls=4 revision=3, submitted/completed/presented=0/0/0, stale=0 unavailable=0 refreshed=0
Health t=3.080: display stage=idle age=22.4 ms, calls=72 revision=3, submitted/completed/presented=72/72/72, stale=0 unavailable=0 refreshed=0
Health t=3.080: minimap stage=idle age=449.6 ms, calls=2 revision=0, submitted/completed/presented=2/2/2, stale=0 unavailable=0 refreshed=2
Health t=3.080: terrain stage=idle age=3079.9 ms
Health t=4.081: memory ok footprint/resident 601.9/375.3 MiB, Metal allocated/recommended 492.2/18186.2 MiB, thermal=0
Health t=4.081: worker stage=idle age=631.9 ms, calls=22 revision=3, submitted/completed/presented=0/0/0, stale=0 unavailable=0 refreshed=0
Health t=4.081: display stage=idle age=6.4 ms, calls=100 revision=3, submitted/completed/presented=100/100/99, stale=0 unavailable=0 refreshed=0
Health t=4.081: minimap stage=idle age=1450.2 ms, calls=2 revision=0, submitted/completed/presented=2/2/2, stale=0 unavailable=0 refreshed=2
Health t=4.081: terrain stage=idle age=4080.5 ms
Minimap mask: 276x236, 1440000 rays, worker 12.675 ms, GPU 9.735 ms
Minimap publish: request-to-image 12.723 ms
Minimap mask: 276x220, 1440000 rays, worker 8.767 ms, GPU 2.409 ms
Minimap publish: request-to-image 8.804 ms
Minimap mask: 276x223, 1440000 rays, worker 5.424 ms, GPU 2.703 ms
Minimap publish: request-to-image 5.461 ms
Minimap mask: 276x227, 1440000 rays, worker 3.456 ms, GPU 2.507 ms
Minimap publish: request-to-image 6.373 ms
Minimap mask: 276x229, 1440000 rays, worker 3.619 ms, GPU 2.741 ms
Minimap publish: request-to-image 4.024 ms
Minimap mask: 276x231, 1440000 rays, worker 5.911 ms, GPU 2.701 ms
Minimap publish: request-to-image 5.949 ms
Health t=5.086: memory ok footprint/resident 603.1/377.9 MiB, Metal allocated/recommended 493.9/18186.2 MiB, thermal=0
Health t=5.086: worker stage=idle age=1637.0 ms, calls=22 revision=3, submitted/completed/presented=0/0/0, stale=0 unavailable=0 refreshed=0
Health t=5.086: display stage=idle age=28.2 ms, calls=129 revision=3, submitted/completed/presented=129/129/128, stale=0 unavailable=0 refreshed=0
Health t=5.086: minimap stage=mask-gpu age=2.0 ms, calls=9 revision=0, submitted/completed/presented=9/8/8, stale=0 unavailable=0 refreshed=2
Health t=5.086: terrain stage=idle age=5085.7 ms
Minimap mask: 276x233, 1440000 rays, worker 3.694 ms, GPU 2.645 ms
Minimap publish: request-to-image 3.727 ms
Minimap mask: 276x234, 1440000 rays, worker 3.591 ms, GPU 2.712 ms
Minimap publish: request-to-image 5.109 ms
Minimap mask: 276x235, 1440000 rays, worker 3.844 ms, GPU 2.863 ms
Minimap publish: request-to-image 3.886 ms
Health t=6.091: memory ok footprint/resident 599.7/376.0 MiB, Metal allocated/recommended 491.9/18186.2 MiB, thermal=0
Health t=6.091: worker stage=idle age=2642.2 ms, calls=22 revision=3, submitted/completed/presented=0/0/0, stale=0 unavailable=0 refreshed=0
Health t=6.091: display stage=submit age=-0.0 ms, calls=160 revision=3, submitted/completed/presented=160/159/159, stale=0 unavailable=0 refreshed=0
Health t=6.091: minimap stage=idle age=952.7 ms, calls=11 revision=0, submitted/completed/presented=11/11/11, stale=0 unavailable=0 refreshed=2
Health t=6.091: terrain stage=idle age=6090.8 ms
Health t=7.093: memory ok footprint/resident 611.4/376.8 MiB, Metal allocated/recommended 503.2/18186.2 MiB, thermal=0
Health t=7.093: worker stage=render age=17.3 ms, calls=67 revision=3, submitted/completed/presented=0/0/0, stale=0 unavailable=0 refreshed=0
Health t=7.093: display stage=idle age=1.9 ms, calls=190 revision=3, submitted/completed/presented=190/189/189, stale=0 unavailable=0 refreshed=0
Health t=7.093: minimap stage=idle age=1954.7 ms, calls=11 revision=0, submitted/completed/presented=11/11/11, stale=0 unavailable=0 refreshed=3
Health t=7.093: terrain stage=producer wait age=16.6 ms
Frame 4: wall 73.549 ms, GPU producer 72.297 ms, 1 producer submission(s), resident trace and presentation combined; t=7.149, BVH resident/budget 175.7/2048.0 MiB, builds/hits/evictions=99/0/0, scene builds=1
Frame phases 4: pre-render 0.008 ms, prepare 0.560 ms, primary repair 0.000 ms, shadow repair 0.000 ms, producer wait 72.826 ms; observer=2623452.40/1100502.20/3415.00, moved=0.00 m, roam=0, replaced=0, image=1600x900, LOD=1.500, shadows=0, minimap=1
Frame work 4: BVH built/hit/evicted=0/0/0, catalogue/instance/scene builds=0/0/0, cached/scene tiles=99/99, scene 0.0 MiB, selection/detail passes=0/1, fallback ray attempts=0, GPU build/selection/detail=0.000/0.000/0.000 ms, CPU grouping=0.000 ms; atlas installed/evicted=0/0, I/O=0.000 MiB, resident=27/27
Camera preparation: wall 0.002 ms, GPU LOD 0.000 ms, plans/footprints=1/1
Frame 6: wall 32.752 ms, GPU producer 32.258 ms, 1 producer submission(s), resident trace and presentation combined; t=7.182, BVH resident/budget 175.7/2048.0 MiB, builds/hits/evictions=99/0/0, scene builds=1
Frame phases 6: pre-render 0.009 ms, prepare 0.114 ms, primary repair 0.000 ms, shadow repair 0.000 ms, producer wait 32.565 ms; observer=2623452.40/1100502.20/3415.00, moved=0.00 m, roam=0, replaced=0, image=1600x900, LOD=1.500, shadows=0, minimap=1
Frame work 6: BVH built/hit/evicted=0/0/0, catalogue/instance/scene builds=0/0/0, cached/scene tiles=99/99, scene 0.0 MiB, selection/detail passes=0/1, fallback ray attempts=0, GPU build/selection/detail=0.000/0.000/0.000 ms, CPU grouping=0.000 ms; atlas installed/evicted=0/0, I/O=0.000 MiB, resident=27/27
Camera preparation: wall 0.004 ms, GPU LOD 0.000 ms, plans/footprints=1/1
Minimap mask: 276x236, 1440000 rays, worker 22.848 ms, GPU 9.400 ms
Minimap publish: request-to-image 23.234 ms
Minimap mask: 276x236, 1440000 rays, worker 1.677 ms, GPU 0.986 ms
Minimap publish: request-to-image 1.773 ms
Frame 7: wall 54.405 ms, GPU producer 53.575 ms, 1 producer submission(s), resident trace and presentation combined; t=7.503, BVH resident/budget 175.7/2048.0 MiB, builds/hits/evictions=99/0/0, scene builds=1
Frame phases 7: pre-render 0.013 ms, prepare 0.152 ms, primary repair 0.000 ms, shadow repair 0.000 ms, producer wait 54.172 ms; observer=2623452.40/1100502.20/3415.00, moved=0.00 m, roam=0, replaced=0, image=1600x900, LOD=1.500, shadows=0, minimap=1
Frame work 7: BVH built/hit/evicted=0/0/0, catalogue/instance/scene builds=0/0/0, cached/scene tiles=99/99, scene 0.0 MiB, selection/detail passes=0/1, fallback ray attempts=0, GPU build/selection/detail=0.000/0.000/0.000 ms, CPU grouping=0.000 ms; atlas installed/evicted=0/0, I/O=0.000 MiB, resident=27/27
Camera preparation: wall 0.001 ms, GPU LOD 0.000 ms, plans/footprints=1/1
LOD plan: sources=1591, changed finer/coarser=0/0, selected LOD-1=26
Minimap mask: 276x236, 1440000 rays, worker 15.380 ms, GPU 9.328 ms
Minimap publish: request-to-image 15.477 ms
Slow stage: terrain frame wall 113.783 ms (inclusive)
Frame 8: wall 115.797 ms, GPU producer 31.810 ms, 2 producer submission(s), streaming work excluded from GPU producer timing; t=7.618, BVH resident/budget 180.8/2048.0 MiB, builds/hits/evictions=101/3/0, scene builds=2
Frame phases 8: pre-render 2.018 ms, prepare 4.423 ms, primary repair 76.005 ms, shadow repair 0.000 ms, producer wait 33.209 ms; observer=2623453.18/1100520.48/3414.61, moved=18.30 m, roam=1, replaced=0, image=1600x900, LOD=1.500, shadows=0, minimap=1
Frame work 8: BVH built/hit/evicted=2/3/0, catalogue/instance/scene builds=1/6/1, cached/scene tiles=101/0, scene 0.0 MiB, selection/detail passes=6/7, fallback ray attempts=2, GPU build/selection/detail=2.941/2.450/31.035 ms, CPU grouping=17.881 ms; atlas installed/evicted=2/2, I/O=3.008 MiB, resident=27/27
Camera preparation: wall 0.667 ms, GPU LOD 0.007 ms, plans/footprints=2/1
Slow stage: worker iteration wall 115.872 ms (inclusive)
LOD plan: sources=1591, changed finer/coarser=0/0, selected LOD-1=26
Minimap mask: 276x236, 1440000 rays, worker 23.184 ms, GPU 6.554 ms
Minimap publish: request-to-image 26.092 ms
Frame 10: wall 90.922 ms, GPU producer 30.910 ms, 2 producer submission(s), streaming work excluded from GPU producer timing; t=7.709, BVH resident/budget 181.4/2048.0 MiB, builds/hits/evictions=102/6/0, scene builds=3
Frame phases 10: pre-render 0.007 ms, prepare 1.715 ms, primary repair 57.060 ms, shadow repair 0.000 ms, producer wait 32.051 ms; observer=2623456.73/1100555.01/3412.76, moved=34.72 m, roam=1, replaced=0, image=1600x900, LOD=1.500, shadows=0, minimap=1
Frame work 10: BVH built/hit/evicted=1/3/0, catalogue/instance/scene builds=1/5/1, cached/scene tiles=102/0, scene 0.0 MiB, selection/detail passes=5/6, fallback ray attempts=120, GPU build/selection/detail=1.206/2.459/31.914 ms, CPU grouping=13.904 ms; atlas installed/evicted=1/1, I/O=0.126 MiB, resident=27/27
Camera preparation: wall 0.215 ms, GPU LOD 0.004 ms, plans/footprints=3/1
LOD plan: sources=1591, changed finer/coarser=1/1, selected LOD-1=26
Minimap mask: 276x236, 1440000 rays, worker 19.508 ms, GPU 6.304 ms
Minimap publish: request-to-image 20.958 ms
Slow stage: terrain frame wall 101.974 ms (inclusive)
Frame 12: wall 101.982 ms, GPU producer 31.606 ms, 2 producer submission(s), streaming work excluded from GPU producer timing; t=7.811, BVH resident/budget 191.7/2048.0 MiB, builds/hits/evictions=103/9/0, scene builds=4
Frame phases 12: pre-render 0.015 ms, prepare 3.765 ms, primary repair 65.216 ms, shadow repair 0.000 ms, producer wait 32.878 ms; observer=2623462.30/1100589.08/3409.84, moved=34.52 m, roam=1, replaced=0, image=1600x900, LOD=1.500, shadows=0, minimap=1
Frame work 12: BVH built/hit/evicted=1/3/0, catalogue/instance/scene builds=1/5/1, cached/scene tiles=103/0, scene 0.0 MiB, selection/detail passes=5/6, fallback ray attempts=24500, GPU build/selection/detail=4.468/2.652/32.665 ms, CPU grouping=14.782 ms; atlas installed/evicted=1/1, I/O=2.004 MiB, resident=27/27
Camera preparation: wall 0.181 ms, GPU LOD 0.004 ms, plans/footprints=4/1
Slow stage: worker iteration wall 102.046 ms (inclusive)
LOD plan: sources=1591, changed finer/coarser=0/0, selected LOD-1=26
Minimap mask: 276x236, 1440000 rays, worker 18.887 ms, GPU 5.827 ms
Minimap publish: request-to-image 18.923 ms
Slow stage: terrain frame wall 105.264 ms (inclusive)
Frame 14: wall 105.271 ms, GPU producer 32.046 ms, 2 producer submission(s), streaming work excluded from GPU producer timing; t=7.917, BVH resident/budget 194.2/2048.0 MiB, builds/hits/evictions=104/14/0, scene builds=5
Frame phases 14: pre-render 0.009 ms, prepare 1.642 ms, primary repair 70.268 ms, shadow repair 0.000 ms, producer wait 33.273 ms; observer=2623469.77/1100622.37/3405.87, moved=34.11 m, roam=1, replaced=0, image=1600x900, LOD=1.500, shadows=0, minimap=1
Frame work 14: BVH built/hit/evicted=1/5/0, catalogue/instance/scene builds=1/7/1, cached/scene tiles=104/0, scene 0.0 MiB, selection/detail passes=7/8, fallback ray attempts=14560, GPU build/selection/detail=1.948/3.877/32.866 ms, CPU grouping=17.724 ms; atlas installed/evicted=1/1, I/O=0.502 MiB, resident=27/27
Camera preparation: wall 0.215 ms, GPU LOD 0.004 ms, plans/footprints=5/1
Slow stage: worker iteration wall 105.330 ms (inclusive)
LOD plan: sources=1591, changed finer/coarser=0/0, selected LOD-1=26
Minimap mask: 276x236, 1440000 rays, worker 25.359 ms, GPU 6.527 ms
Frame 16: wall 34.083 ms, GPU producer 32.350 ms, 1 producer submission(s), resident trace and presentation combined; t=7.951, BVH resident/budget 194.2/2048.0 MiB, builds/hits/evictions=104/14/0, scene builds=6
Frame phases 16: pre-render 0.034 ms, prepare 1.467 ms, primary repair 0.000 ms, shadow repair 0.000 ms, producer wait 32.560 ms; observer=2623479.30/1100655.40/3400.79, moved=34.38 m, roam=1, replaced=0, image=1600x900, LOD=1.500, shadows=0, minimap=1
Frame work 16: BVH built/hit/evicted=0/0/0, catalogue/instance/scene builds=1/1/1, cached/scene tiles=104/104, scene 0.0 MiB, selection/detail passes=0/1, fallback ray attempts=0, GPU build/selection/detail=0.468/0.000/0.000 ms, CPU grouping=0.000 ms; atlas installed/evicted=0/0, I/O=0.000 MiB, resident=27/27
Camera preparation: wall 0.178 ms, GPU LOD 0.004 ms, plans/footprints=6/1
Minimap publish: request-to-image 26.120 ms
LOD plan: sources=1591, changed finer/coarser=2/0, selected LOD-1=26
Minimap mask: 276x236, 1440000 rays, worker 26.315 ms, GPU 7.869 ms
Minimap publish: request-to-image 26.639 ms
Health t=8.097: memory ok footprint/resident 636.7/385.6 MiB, Metal allocated/recommended 522.6/18186.2 MiB, thermal=0
Health t=8.097: worker stage=render age=144.9 ms, calls=78 revision=16, submitted/completed/presented=0/0/0, stale=0 unavailable=0 refreshed=0
Health t=8.097: display stage=idle age=5.8 ms, calls=220 revision=16, submitted/completed/presented=220/220/219, stale=0 unavailable=0 refreshed=0
Health t=8.097: minimap stage=idle age=109.9 ms, calls=19 revision=0, submitted/completed/presented=19/19/19, stale=0 unavailable=0 refreshed=15
Health t=8.097: terrain stage=primary repair age=109.9 ms
Slow stage: primary repair wall 114.885 ms (inclusive)
Slow stage: terrain frame wall 151.518 ms (inclusive)
Frame 18: wall 152.207 ms, GPU producer 33.688 ms, 2 producer submission(s), streaming work excluded from GPU producer timing; t=8.103, BVH resident/budget 197.0/2048.0 MiB, builds/hits/evictions=106/31/0, scene builds=7
Frame phases 18: pre-render 0.697 ms, prepare 1.695 ms, primary repair 114.885 ms, shadow repair 0.000 ms, producer wait 34.845 ms; observer=2623490.67/1100687.40/3394.71, moved=33.96 m, roam=1, replaced=0, image=1600x900, LOD=1.500, shadows=0, minimap=1
Frame work 18: BVH built/hit/evicted=2/17/0, catalogue/instance/scene builds=1/17/1, cached/scene tiles=106/0, scene 0.0 MiB, selection/detail passes=17/18, fallback ray attempts=4606, GPU build/selection/detail=2.838/10.397/32.358 ms, CPU grouping=35.356 ms; atlas installed/evicted=2/2, I/O=2.538 MiB, resident=27/27
Camera preparation: wall 0.220 ms, GPU LOD 0.004 ms, plans/footprints=7/1
Slow stage: worker iteration wall 152.263 ms (inclusive)
LOD plan: sources=1591, changed finer/coarser=1/1, selected LOD-1=26
Minimap mask: 276x236, 1440000 rays, worker 12.065 ms, GPU 6.711 ms
Minimap publish: request-to-image 12.092 ms
Slow stage: terrain frame wall 119.098 ms (inclusive)
Frame 20: wall 119.105 ms, GPU producer 33.416 ms, 2 producer submission(s), streaming work excluded from GPU producer timing; t=8.222, BVH resident/budget 207.4/2048.0 MiB, builds/hits/evictions=108/40/0, scene builds=8
Frame phases 20: pre-render 0.008 ms, prepare 1.399 ms, primary repair 83.056 ms, shadow repair 0.000 ms, producer wait 34.577 ms; observer=2623504.01/1100718.67/3387.58, moved=34.00 m, roam=1, replaced=0, image=1600x900, LOD=1.500, shadows=0, minimap=1
Frame work 20: BVH built/hit/evicted=2/9/0, catalogue/instance/scene builds=1/10/1, cached/scene tiles=108/0, scene 0.0 MiB, selection/detail passes=10/11, fallback ray attempts=10648, GPU build/selection/detail=5.246/5.193/32.536 ms, CPU grouping=21.325 ms; atlas installed/evicted=2/2, I/O=2.036 MiB, resident=27/27
Camera preparation: wall 0.179 ms, GPU LOD 0.004 ms, plans/footprints=8/1
Slow stage: worker iteration wall 119.161 ms (inclusive)
LOD plan: sources=1591, changed finer/coarser=2/0, selected LOD-1=26
Minimap mask: 276x236, 1440000 rays, worker 31.319 ms, GPU 7.651 ms
Minimap publish: request-to-image 31.356 ms
Slow stage: primary repair wall 130.205 ms (inclusive)
Slow stage: terrain frame wall 166.385 ms (inclusive)
Frame 22: wall 166.393 ms, GPU producer 33.400 ms, 2 producer submission(s), streaming work excluded from GPU producer timing; t=8.389, BVH resident/budget 208.0/2048.0 MiB, builds/hits/evictions=109/76/0, scene builds=9
Frame phases 22: pre-render 0.014 ms, prepare 1.543 ms, primary repair 130.205 ms, shadow repair 0.000 ms, producer wait 34.541 ms; observer=2623519.07/1100748.67/3379.54, moved=33.57 m, roam=1, replaced=0, image=1600x900, LOD=1.500, shadows=0, minimap=1
Frame work 22: BVH built/hit/evicted=1/36/0, catalogue/instance/scene builds=1/23/1, cached/scene tiles=109/0, scene 0.0 MiB, selection/detail passes=23/24, fallback ray attempts=2678, GPU build/selection/detail=2.259/13.183/33.966 ms, CPU grouping=48.978 ms; atlas installed/evicted=1/1, I/O=0.126 MiB, resident=27/27
Camera preparation: wall 0.166 ms, GPU LOD 0.004 ms, plans/footprints=9/1
Slow stage: worker iteration wall 166.468 ms (inclusive)
LOD plan: sources=1591, changed finer/coarser=4/0, selected LOD-1=26
Minimap mask: 276x236, 1440000 rays, worker 31.048 ms, GPU 7.386 ms
Minimap publish: request-to-image 31.078 ms
Slow stage: terrain frame wall 110.686 ms (inclusive)
Frame 26: wall 110.692 ms, GPU producer 33.362 ms, 2 producer submission(s), streaming work excluded from GPU producer timing; t=8.500, BVH resident/budget 213.2/2048.0 MiB, builds/hits/evictions=111/82/0, scene builds=10
Frame phases 26: pre-render 0.008 ms, prepare 1.491 ms, primary repair 74.870 ms, shadow repair 0.000 ms, producer wait 34.249 ms; observer=2623553.03/1100806.40/3361.55, moved=66.98 m, roam=1, replaced=0, image=1600x900, LOD=1.500, shadows=0, minimap=1
Frame work 26: BVH built/hit/evicted=2/6/0, catalogue/instance/scene builds=1/8/1, cached/scene tiles=111/0, scene 0.0 MiB, selection/detail passes=8/9, fallback ray attempts=40810, GPU build/selection/detail=3.169/3.906/33.083 ms, CPU grouping=17.886 ms; atlas installed/evicted=2/2, I/O=1.004 MiB, resident=27/27
Camera preparation: wall 0.196 ms, GPU LOD 0.004 ms, plans/footprints=10/1
Slow stage: worker iteration wall 110.778 ms (inclusive)
LOD plan: sources=1591, changed finer/coarser=1/2, selected LOD-1=26
Frame 28: wall 34.215 ms, GPU producer 32.529 ms, 1 producer submission(s), resident trace and presentation combined; t=8.534, BVH resident/budget 213.2/2048.0 MiB, builds/hits/evictions=111/82/0, scene builds=11
Frame phases 28: pre-render 0.006 ms, prepare 1.444 ms, primary repair 0.000 ms, shadow repair 0.000 ms, producer wait 32.740 ms; observer=2623570.87/1100834.56/3352.15, moved=33.33 m, roam=1, replaced=0, image=1600x900, LOD=1.500, shadows=0, minimap=1
Frame work 28: BVH built/hit/evicted=0/0/0, catalogue/instance/scene builds=1/1/1, cached/scene tiles=111/107, scene 0.0 MiB, selection/detail passes=0/1, fallback ray attempts=0, GPU build/selection/detail=0.427/0.000/0.000 ms, CPU grouping=0.000 ms; atlas installed/evicted=0/0, I/O=0.000 MiB, resident=27/27
Camera preparation: wall 0.186 ms, GPU LOD 0.004 ms, plans/footprints=11/1
Minimap mask: 276x236, 1440000 rays, worker 8.308 ms, GPU 6.726 ms
Minimap publish: request-to-image 8.380 ms
Frame 29: wall 35.275 ms, GPU producer 34.868 ms, 1 producer submission(s), resident trace and presentation combined; t=8.583, BVH resident/budget 213.2/2048.0 MiB, builds/hits/evictions=111/82/0, scene builds=11
Frame phases 29: pre-render 0.004 ms, prepare 0.066 ms, primary repair 0.000 ms, shadow repair 0.000 ms, producer wait 35.171 ms; observer=2623570.87/1100834.56/3352.15, moved=0.00 m, roam=0, replaced=0, image=1600x900, LOD=1.500, shadows=0, minimap=1
Frame work 29: BVH built/hit/evicted=0/0/0, catalogue/instance/scene builds=0/0/0, cached/scene tiles=111/107, scene 0.0 MiB, selection/detail passes=0/1, fallback ray attempts=0, GPU build/selection/detail=0.000/0.000/0.000 ms, CPU grouping=0.000 ms; atlas installed/evicted=0/0, I/O=0.000 MiB, resident=27/27
Camera preparation: wall 0.001 ms, GPU LOD 0.000 ms, plans/footprints=11/1
Minimap mask: 276x236, 1440000 rays, worker 24.117 ms, GPU 9.568 ms
LOD plan: sources=1591, changed finer/coarser=0/1, selected LOD-1=26
Minimap publish: request-to-image 26.244 ms
Frame 30: wall 37.297 ms, GPU producer 35.308 ms, 1 producer submission(s), resident trace and presentation combined; t=8.620, BVH resident/budget 213.2/2048.0 MiB, builds/hits/evictions=111/82/0, scene builds=12
Frame phases 30: pre-render 0.006 ms, prepare 1.696 ms, primary repair 0.000 ms, shadow repair 0.000 ms, producer wait 35.568 ms; observer=2623588.79/1100862.45/3342.72, moved=33.16 m, roam=1, replaced=0, image=1600x900, LOD=1.500, shadows=0, minimap=1
Frame work 30: BVH built/hit/evicted=0/0/0, catalogue/instance/scene builds=1/1/1, cached/scene tiles=111/107, scene 0.0 MiB, selection/detail passes=0/1, fallback ray attempts=0, GPU build/selection/detail=0.428/0.000/0.000 ms, CPU grouping=0.000 ms; atlas installed/evicted=0/0, I/O=0.000 MiB, resident=27/27
Camera preparation: wall 0.223 ms, GPU LOD 0.004 ms, plans/footprints=12/1
Minimap mask: 276x236, 1440000 rays, worker 28.750 ms, GPU 9.973 ms
Minimap publish: request-to-image 28.842 ms
Minimap mask: 276x236, 1440000 rays, worker 4.047 ms, GPU 1.180 ms
Minimap publish: request-to-image 7.373 ms
Frame 31: wall 94.979 ms, GPU producer 34.907 ms, 2 producer submission(s), streaming work excluded from GPU producer timing; t=8.743, BVH resident/budget 215.7/2048.0 MiB, builds/hits/evictions=112/85/0, scene builds=12
Frame phases 31: pre-render 0.005 ms, prepare 0.085 ms, primary repair 58.479 ms, shadow repair 0.000 ms, producer wait 36.301 ms; observer=2623588.79/1100862.45/3342.72, moved=0.00 m, roam=0, replaced=0, image=1600x900, LOD=1.500, shadows=0, minimap=1
Frame work 31: BVH built/hit/evicted=1/3/0, catalogue/instance/scene builds=0/4/0, cached/scene tiles=112/0, scene 0.0 MiB, selection/detail passes=5/6, fallback ray attempts=70, GPU build/selection/detail=1.458/2.277/31.975 ms, CPU grouping=13.999 ms; atlas installed/evicted=1/1, I/O=0.502 MiB, resident=27/27
Camera preparation: wall 0.001 ms, GPU LOD 0.000 ms, plans/footprints=12/1
LOD plan: sources=1591, changed finer/coarser=1/0, selected LOD-1=26
Minimap mask: 276x236, 1440000 rays, worker 20.656 ms, GPU 8.246 ms
Minimap publish: request-to-image 20.723 ms
Slow stage: primary repair wall 109.134 ms (inclusive)
Slow stage: terrain frame wall 146.609 ms (inclusive)
Frame 32: wall 146.619 ms, GPU producer 34.574 ms, 2 producer submission(s), streaming work excluded from GPU producer timing; t=8.890, BVH resident/budget 216.4/2048.0 MiB, builds/hits/evictions=113/103/0, scene builds=13
Frame phases 32: pre-render 0.016 ms, prepare 1.716 ms, primary repair 109.134 ms, shadow repair 0.000 ms, producer wait 35.630 ms; observer=2623607.06/1100890.47/3333.14, moved=33.45 m, roam=1, replaced=0, image=1600x900, LOD=1.500, shadows=0, minimap=1
Frame work 32: BVH built/hit/evicted=1/18/0, catalogue/instance/scene builds=1/17/1, cached/scene tiles=113/0, scene 0.0 MiB, selection/detail passes=17/18, fallback ray attempts=970, GPU build/selection/detail=1.855/10.253/32.546 ms, CPU grouping=40.967 ms; atlas installed/evicted=1/1, I/O=0.126 MiB, resident=27/27
Camera preparation: wall 0.225 ms, GPU LOD 0.004 ms, plans/footprints=13/1
Slow stage: worker iteration wall 146.707 ms (inclusive)
LOD plan: sources=1591, changed finer/coarser=1/2, selected LOD-1=25
Frame 36: wall 36.715 ms, GPU producer 34.781 ms, 1 producer submission(s), resident trace and presentation combined; t=8.927, BVH resident/budget 216.4/2048.0 MiB, builds/hits/evictions=113/103/0, scene builds=14
Frame phases 36: pre-render 0.006 ms, prepare 1.613 ms, primary repair 0.000 ms, shadow repair 0.000 ms, producer wait 35.076 ms; observer=2623643.91/1100945.90/3314.06, moved=66.56 m, roam=1, replaced=0, image=1600x900, LOD=1.500, shadows=0, minimap=1
Frame work 36: BVH built/hit/evicted=0/0/0, catalogue/instance/scene builds=1/1/1, cached/scene tiles=113/108, scene 0.0 MiB, selection/detail passes=0/1, fallback ray attempts=0, GPU build/selection/detail=0.446/0.000/0.000 ms, CPU grouping=0.000 ms; atlas installed/evicted=0/0, I/O=0.000 MiB, resident=27/27
Camera preparation: wall 0.197 ms, GPU LOD 0.004 ms, plans/footprints=14/1
Minimap mask: 276x236, 1440000 rays, worker 34.696 ms, GPU 2.689 ms
Minimap publish: request-to-image 34.782 ms
Frame 37: wall 34.420 ms, GPU producer 34.070 ms, 1 producer submission(s), resident trace and presentation combined; t=8.982, BVH resident/budget 216.4/2048.0 MiB, builds/hits/evictions=113/103/0, scene builds=14
Frame phases 37: pre-render 0.005 ms, prepare 0.082 ms, primary repair 0.000 ms, shadow repair 0.000 ms, producer wait 34.296 ms; observer=2623643.91/1100945.90/3314.06, moved=0.00 m, roam=0, replaced=0, image=1600x900, LOD=1.500, shadows=0, minimap=1
Frame work 37: BVH built/hit/evicted=0/0/0, catalogue/instance/scene builds=0/0/0, cached/scene tiles=113/108, scene 0.0 MiB, selection/detail passes=0/1, fallback ray attempts=0, GPU build/selection/detail=0.000/0.000/0.000 ms, CPU grouping=0.000 ms; atlas installed/evicted=0/0, I/O=0.000 MiB, resident=27/27
Camera preparation: wall 0.001 ms, GPU LOD 0.000 ms, plans/footprints=14/1
Minimap mask: 276x236, 1440000 rays, worker 21.212 ms, GPU 9.372 ms
LOD plan: sources=1591, changed finer/coarser=1/0, selected LOD-1=25
Minimap publish: request-to-image 23.690 ms
Frame 38: wall 38.071 ms, GPU producer 36.107 ms, 1 producer submission(s), resident trace and presentation combined; t=9.021, BVH resident/budget 216.4/2048.0 MiB, builds/hits/evictions=113/103/0, scene builds=15
Frame phases 38: pre-render 0.007 ms, prepare 1.602 ms, primary repair 0.000 ms, shadow repair 0.000 ms, producer wait 36.436 ms; observer=2623662.53/1100973.49/3304.51, moved=33.29 m, roam=1, replaced=0, image=1600x900, LOD=1.500, shadows=0, minimap=1
Frame work 38: BVH built/hit/evicted=0/0/0, catalogue/instance/scene builds=1/1/1, cached/scene tiles=113/108, scene 0.0 MiB, selection/detail passes=0/1, fallback ray attempts=0, GPU build/selection/detail=0.429/0.000/0.000 ms, CPU grouping=0.000 ms; atlas installed/evicted=0/0, I/O=0.000 MiB, resident=27/27
Camera preparation: wall 0.184 ms, GPU LOD 0.004 ms, plans/footprints=15/1
Minimap mask: 276x236, 1440000 rays, worker 28.471 ms, GPU 11.733 ms
Minimap publish: request-to-image 28.550 ms
Minimap mask: 276x236, 1440000 rays, worker 2.215 ms, GPU 1.285 ms
Minimap publish: request-to-image 2.548 ms
Frame 39: wall 34.979 ms, GPU producer 34.557 ms, 1 producer submission(s), resident trace and presentation combined; t=9.083, BVH resident/budget 216.4/2048.0 MiB, builds/hits/evictions=113/103/0, scene builds=15
Frame phases 39: pre-render 0.005 ms, prepare 0.079 ms, primary repair 0.000 ms, shadow repair 0.000 ms, producer wait 34.860 ms; observer=2623662.53/1100973.49/3304.51, moved=0.00 m, roam=0, replaced=0, image=1600x900, LOD=1.500, shadows=0, minimap=1
Frame work 39: BVH built/hit/evicted=0/0/0, catalogue/instance/scene builds=0/0/0, cached/scene tiles=113/108, scene 0.0 MiB, selection/detail passes=0/1, fallback ray attempts=0, GPU build/selection/detail=0.000/0.000/0.000 ms, CPU grouping=0.000 ms; atlas installed/evicted=0/0, I/O=0.000 MiB, resident=27/27
Camera preparation: wall 0.001 ms, GPU LOD 0.000 ms, plans/footprints=15/1
LOD plan: sources=1591, changed finer/coarser=0/1, selected LOD-1=24
Health t=9.099: memory ok footprint/resident 672.0/400.1 MiB, Metal allocated/recommended 546.3/18186.2 MiB, thermal=0
Health t=9.099: worker stage=render age=15.7 ms, calls=95 revision=39, submitted/completed/presented=0/0/0, stale=0 unavailable=0 refreshed=0
Health t=9.099: display stage=idle age=5.7 ms, calls=250 revision=39, submitted/completed/presented=250/249/248, stale=0 unavailable=0 refreshed=0
Health t=9.099: minimap stage=mask-gpu age=6.1 ms, calls=32 revision=0, submitted/completed/presented=32/31/31, stale=0 unavailable=0 refreshed=34
Health t=9.099: terrain stage=producer wait age=13.9 ms
Frame 40: wall 37.021 ms, GPU producer 34.952 ms, 1 producer submission(s), resident trace and presentation combined; t=9.120, BVH resident/budget 216.4/2048.0 MiB, builds/hits/evictions=113/103/0, scene builds=16
Frame phases 40: pre-render 0.009 ms, prepare 1.775 ms, primary repair 0.000 ms, shadow repair 0.000 ms, producer wait 35.208 ms; observer=2623681.23/1101000.92/3294.99, moved=33.20 m, roam=1, replaced=0, image=1600x900, LOD=1.500, shadows=0, minimap=1
Frame work 40: BVH built/hit/evicted=0/0/0, catalogue/instance/scene builds=1/1/1, cached/scene tiles=113/107, scene 0.0 MiB, selection/detail passes=0/1, fallback ray attempts=0, GPU build/selection/detail=0.453/0.000/0.000 ms, CPU grouping=0.000 ms; atlas installed/evicted=0/0, I/O=0.000 MiB, resident=27/27
Camera preparation: wall 0.225 ms, GPU LOD 0.004 ms, plans/footprints=16/1
Minimap mask: 276x236, 1440000 rays, worker 27.498 ms, GPU 6.599 ms
Minimap publish: request-to-image 27.600 ms
Minimap mask: 276x236, 1440000 rays, worker 2.459 ms, GPU 1.321 ms
Minimap publish: request-to-image 2.494 ms
Frame 41: wall 35.795 ms, GPU producer 35.349 ms, 1 producer submission(s), resident trace and presentation combined; t=9.184, BVH resident/budget 216.4/2048.0 MiB, builds/hits/evictions=113/103/0, scene builds=16
Frame phases 41: pre-render 0.004 ms, prepare 0.083 ms, primary repair 0.000 ms, shadow repair 0.000 ms, producer wait 35.679 ms; observer=2623681.23/1101000.92/3294.99, moved=0.00 m, roam=0, replaced=0, image=1600x900, LOD=1.500, shadows=0, minimap=1
Frame work 41: BVH built/hit/evicted=0/0/0, catalogue/instance/scene builds=0/0/0, cached/scene tiles=113/107, scene 0.0 MiB, selection/detail passes=0/1, fallback ray attempts=0, GPU build/selection/detail=0.000/0.000/0.000 ms, CPU grouping=0.000 ms; atlas installed/evicted=0/0, I/O=0.000 MiB, resident=27/27
Camera preparation: wall 0.001 ms, GPU LOD 0.000 ms, plans/footprints=16/1
LOD plan: sources=1591, changed finer/coarser=0/1, selected LOD-1=24
Frame 42: wall 36.860 ms, GPU producer 34.715 ms, 1 producer submission(s), resident trace and presentation combined; t=9.220, BVH resident/budget 216.4/2048.0 MiB, builds/hits/evictions=113/103/0, scene builds=17
Frame phases 42: pre-render 0.005 ms, prepare 1.807 ms, primary repair 0.000 ms, shadow repair 0.000 ms, producer wait 35.023 ms; observer=2623700.08/1101028.31/3285.46, moved=33.25 m, roam=1, replaced=0, image=1600x900, LOD=1.500, shadows=0, minimap=1
Frame work 42: BVH built/hit/evicted=0/0/0, catalogue/instance/scene builds=1/1/1, cached/scene tiles=113/107, scene 0.0 MiB, selection/detail passes=0/1, fallback ray attempts=0, GPU build/selection/detail=0.412/0.000/0.000 ms, CPU grouping=0.000 ms; atlas installed/evicted=0/0, I/O=0.000 MiB, resident=27/27
Camera preparation: wall 0.224 ms, GPU LOD 0.004 ms, plans/footprints=17/1
Minimap mask: 276x236, 1440000 rays, worker 27.893 ms, GPU 4.405 ms
Minimap publish: request-to-image 27.984 ms
Minimap mask: 276x236, 1440000 rays, worker 2.378 ms, GPU 1.350 ms
Minimap publish: request-to-image 2.736 ms
Frame 43: wall 34.597 ms, GPU producer 34.161 ms, 1 producer submission(s), resident trace and presentation combined; t=9.282, BVH resident/budget 216.4/2048.0 MiB, builds/hits/evictions=113/103/0, scene builds=17
Frame phases 43: pre-render 0.003 ms, prepare 0.086 ms, primary repair 0.000 ms, shadow repair 0.000 ms, producer wait 34.472 ms; observer=2623700.08/1101028.31/3285.46, moved=0.00 m, roam=0, replaced=0, image=1600x900, LOD=1.500, shadows=0, minimap=1
Frame work 43: BVH built/hit/evicted=0/0/0, catalogue/instance/scene builds=0/0/0, cached/scene tiles=113/107, scene 0.0 MiB, selection/detail passes=0/1, fallback ray attempts=0, GPU build/selection/detail=0.000/0.000/0.000 ms, CPU grouping=0.000 ms; atlas installed/evicted=0/0, I/O=0.000 MiB, resident=27/27
Camera preparation: wall 0.001 ms, GPU LOD 0.000 ms, plans/footprints=17/1
LOD plan: sources=1591, changed finer/coarser=0/1, selected LOD-1=24
Frame 44: wall 36.741 ms, GPU producer 34.610 ms, 1 producer submission(s), resident trace and presentation combined; t=9.319, BVH resident/budget 216.4/2048.0 MiB, builds/hits/evictions=113/103/0, scene builds=18
Frame phases 44: pre-render 0.006 ms, prepare 1.797 ms, primary repair 0.000 ms, shadow repair 0.000 ms, producer wait 34.896 ms; observer=2623719.10/1101055.68/3275.90, moved=33.33 m, roam=1, replaced=0, image=1600x900, LOD=1.500, shadows=0, minimap=1
Frame work 44: BVH built/hit/evicted=0/0/0, catalogue/instance/scene builds=1/1/1, cached/scene tiles=113/107, scene 0.0 MiB, selection/detail passes=0/1, fallback ray attempts=0, GPU build/selection/detail=0.466/0.000/0.000 ms, CPU grouping=0.000 ms; atlas installed/evicted=0/0, I/O=0.000 MiB, resident=27/27
Minimap mask: 276x236, 1440000 rays, worker 26.769 ms, GPU 9.669 ms
Camera preparation: wall 0.237 ms, GPU LOD 0.004 ms, plans/footprints=18/1
Minimap publish: request-to-image 27.645 ms
Minimap mask: 276x236, 1440000 rays, worker 2.466 ms, GPU 1.326 ms
Minimap publish: request-to-image 2.507 ms
Frame 45: wall 35.620 ms, GPU producer 35.178 ms, 1 producer submission(s), resident trace and presentation combined; t=9.383, BVH resident/budget 216.4/2048.0 MiB, builds/hits/evictions=113/103/0, scene builds=18
Frame phases 45: pre-render 0.006 ms, prepare 0.088 ms, primary repair 0.000 ms, shadow repair 0.000 ms, producer wait 35.498 ms; observer=2623719.10/1101055.68/3275.90, moved=0.00 m, roam=0, replaced=0, image=1600x900, LOD=1.500, shadows=0, minimap=1
Frame work 45: BVH built/hit/evicted=0/0/0, catalogue/instance/scene builds=0/0/0, cached/scene tiles=113/107, scene 0.0 MiB, selection/detail passes=0/1, fallback ray attempts=0, GPU build/selection/detail=0.000/0.000/0.000 ms, CPU grouping=0.000 ms; atlas installed/evicted=0/0, I/O=0.000 MiB, resident=27/27
Camera preparation: wall 0.001 ms, GPU LOD 0.000 ms, plans/footprints=18/1
LOD plan: sources=1591, changed finer/coarser=0/0, selected LOD-1=24
Frame 46: wall 35.990 ms, GPU producer 33.855 ms, 1 producer submission(s), resident trace and presentation combined; t=9.419, BVH resident/budget 216.4/2048.0 MiB, builds/hits/evictions=113/103/0, scene builds=19
Frame phases 46: pre-render 0.008 ms, prepare 1.831 ms, primary repair 0.000 ms, shadow repair 0.000 ms, producer wait 34.121 ms; observer=2623738.18/1101082.88/3266.37, moved=33.23 m, roam=1, replaced=0, image=1600x900, LOD=1.500, shadows=0, minimap=1
Frame work 46: BVH built/hit/evicted=0/0/0, catalogue/instance/scene builds=1/1/1, cached/scene tiles=113/107, scene 0.0 MiB, selection/detail passes=0/1, fallback ray attempts=0, GPU build/selection/detail=0.419/0.000/0.000 ms, CPU grouping=0.000 ms; atlas installed/evicted=0/0, I/O=0.000 MiB, resident=27/27
Camera preparation: wall 0.230 ms, GPU LOD 0.004 ms, plans/footprints=19/1
Minimap mask: 276x236, 1440000 rays, worker 27.738 ms, GPU 9.786 ms
Minimap publish: request-to-image 27.799 ms
Minimap mask: 276x236, 1440000 rays, worker 3.688 ms, GPU 1.278 ms
Minimap publish: request-to-image 7.718 ms
Frame 47: wall 35.100 ms, GPU producer 33.663 ms, 1 producer submission(s), resident trace and presentation combined; t=9.483, BVH resident/budget 216.4/2048.0 MiB, builds/hits/evictions=113/103/0, scene builds=19
Frame phases 47: pre-render 0.046 ms, prepare 0.133 ms, primary repair 0.000 ms, shadow repair 0.000 ms, producer wait 34.876 ms; observer=2623738.18/1101082.88/3266.37, moved=0.00 m, roam=0, replaced=0, image=1600x900, LOD=1.500, shadows=0, minimap=1
Frame work 47: BVH built/hit/evicted=0/0/0, catalogue/instance/scene builds=0/0/0, cached/scene tiles=113/107, scene 0.0 MiB, selection/detail passes=0/1, fallback ray attempts=0, GPU build/selection/detail=0.000/0.000/0.000 ms, CPU grouping=0.000 ms; atlas installed/evicted=0/0, I/O=0.000 MiB, resident=27/27
Camera preparation: wall 0.001 ms, GPU LOD 0.000 ms, plans/footprints=19/1
LOD plan: sources=1591, changed finer/coarser=0/1, selected LOD-1=23
Frame 48: wall 36.315 ms, GPU producer 34.080 ms, 1 producer submission(s), resident trace and presentation combined; t=9.519, BVH resident/budget 216.4/2048.0 MiB, builds/hits/evictions=113/103/0, scene builds=20
Frame phases 48: pre-render 0.008 ms, prepare 1.894 ms, primary repair 0.000 ms, shadow repair 0.000 ms, producer wait 34.385 ms; observer=2623757.49/1101110.13/3256.80, moved=33.39 m, roam=1, replaced=0, image=1600x900, LOD=1.500, shadows=0, minimap=1
Frame work 48: BVH built/hit/evicted=0/0/0, catalogue/instance/scene builds=1/1/1, cached/scene tiles=113/107, scene 0.0 MiB, selection/detail passes=0/1, fallback ray attempts=0, GPU build/selection/detail=0.449/0.000/0.000 ms, CPU grouping=0.000 ms; atlas installed/evicted=0/0, I/O=0.000 MiB, resident=27/27
Camera preparation: wall 0.246 ms, GPU LOD 0.004 ms, plans/footprints=20/1
Minimap mask: 276x236, 1440000 rays, worker 27.829 ms, GPU 9.766 ms
Minimap publish: request-to-image 28.411 ms
Minimap mask: 276x236, 1440000 rays, worker 2.505 ms, GPU 1.282 ms
Minimap publish: request-to-image 8.094 ms
Frame 49: wall 36.214 ms, GPU producer 35.769 ms, 1 producer submission(s), resident trace and presentation combined; t=9.584, BVH resident/budget 216.4/2048.0 MiB, builds/hits/evictions=113/103/0, scene builds=20
Frame phases 49: pre-render 0.006 ms, prepare 0.086 ms, primary repair 0.000 ms, shadow repair 0.000 ms, producer wait 36.093 ms; observer=2623757.49/1101110.13/3256.80, moved=0.00 m, roam=0, replaced=0, image=1600x900, LOD=1.500, shadows=0, minimap=1
Frame work 49: BVH built/hit/evicted=0/0/0, catalogue/instance/scene builds=0/0/0, cached/scene tiles=113/107, scene 0.0 MiB, selection/detail passes=0/1, fallback ray attempts=0, GPU build/selection/detail=0.000/0.000/0.000 ms, CPU grouping=0.000 ms; atlas installed/evicted=0/0, I/O=0.000 MiB, resident=27/27
Camera preparation: wall 0.001 ms, GPU LOD 0.000 ms, plans/footprints=20/1
LOD plan: sources=1591, changed finer/coarser=1/1, selected LOD-1=23
Minimap mask: 276x236, 1440000 rays, worker 27.681 ms, GPU 5.996 ms
Frame 50: wall 36.204 ms, GPU producer 34.049 ms, 1 producer submission(s), resident trace and presentation combined; t=9.620, BVH resident/budget 216.4/2048.0 MiB, builds/hits/evictions=113/103/0, scene builds=21
Frame phases 50: pre-render 0.008 ms, prepare 1.790 ms, primary repair 0.000 ms, shadow repair 0.000 ms, producer wait 34.378 ms; observer=2623776.81/1101137.11/3247.28, moved=33.18 m, roam=1, replaced=0, image=1600x900, LOD=1.500, shadows=0, minimap=1
Frame work 50: BVH built/hit/evicted=0/0/0, catalogue/instance/scene builds=1/1/1, cached/scene tiles=113/107, scene 0.0 MiB, selection/detail passes=0/1, fallback ray attempts=0, GPU build/selection/detail=0.453/0.000/0.000 ms, CPU grouping=0.000 ms; atlas installed/evicted=0/0, I/O=0.000 MiB, resident=27/27
Camera preparation: wall 0.233 ms, GPU LOD 0.004 ms, plans/footprints=21/1
Minimap publish: request-to-image 27.736 ms
Minimap mask: 276x236, 1440000 rays, worker 3.448 ms, GPU 1.569 ms
Minimap publish: request-to-image 3.494 ms
Frame 51: wall 33.714 ms, GPU producer 33.329 ms, 1 producer submission(s), resident trace and presentation combined; t=9.681, BVH resident/budget 216.4/2048.0 MiB, builds/hits/evictions=113/103/0, scene builds=21
Frame phases 51: pre-render 0.005 ms, prepare 0.082 ms, primary repair 0.000 ms, shadow repair 0.000 ms, producer wait 33.594 ms; observer=2623776.81/1101137.11/3247.28, moved=0.00 m, roam=0, replaced=0, image=1600x900, LOD=1.500, shadows=0, minimap=1
Frame work 51: BVH built/hit/evicted=0/0/0, catalogue/instance/scene builds=0/0/0, cached/scene tiles=113/107, scene 0.0 MiB, selection/detail passes=0/1, fallback ray attempts=0, GPU build/selection/detail=0.000/0.000/0.000 ms, CPU grouping=0.000 ms; atlas installed/evicted=0/0, I/O=0.000 MiB, resident=27/27
Camera preparation: wall 0.001 ms, GPU LOD 0.000 ms, plans/footprints=21/1
LOD plan: sources=1591, changed finer/coarser=1/1, selected LOD-1=23
Minimap mask: 276x236, 1440000 rays, worker 24.779 ms, GPU 7.077 ms
Minimap publish: request-to-image 25.963 ms
Slow stage: primary repair wall 104.464 ms (inclusive)
Slow stage: terrain frame wall 142.053 ms (inclusive)
Frame 52: wall 142.063 ms, GPU producer 34.200 ms, 2 producer submission(s), streaming work excluded from GPU producer timing; t=9.824, BVH resident/budget 216.5/2048.0 MiB, builds/hits/evictions=114/117/0, scene builds=22
Frame phases 52: pre-render 0.017 ms, prepare 1.845 ms, primary repair 104.464 ms, shadow repair 0.000 ms, producer wait 35.630 ms; observer=2623796.31/1101164.08/3237.74, moved=33.28 m, roam=1, replaced=0, image=1600x900, LOD=1.500, shadows=0, minimap=1
Frame work 52: BVH built/hit/evicted=1/14/0, catalogue/instance/scene builds=1/14/1, cached/scene tiles=114/0, scene 0.0 MiB, selection/detail passes=14/15, fallback ray attempts=1388, GPU build/selection/detail=1.461/8.675/32.330 ms, CPU grouping=40.199 ms; atlas installed/evicted=1/1, I/O=0.032 MiB, resident=27/27
Camera preparation: wall 0.236 ms, GPU LOD 0.004 ms, plans/footprints=22/1
Slow stage: worker iteration wall 142.127 ms (inclusive)
LOD plan: sources=1591, changed finer/coarser=2/1, selected LOD-1=23
Minimap mask: 276x236, 1440000 rays, worker 32.297 ms, GPU 8.874 ms
Minimap publish: request-to-image 32.334 ms
Slow stage: primary repair wall 118.011 ms (inclusive)
Slow stage: terrain frame wall 155.464 ms (inclusive)
Frame 54: wall 155.473 ms, GPU producer 34.512 ms, 2 producer submission(s), streaming work excluded from GPU producer timing; t=9.979, BVH resident/budget 217.2/2048.0 MiB, builds/hits/evictions=115/145/0, scene builds=23
Frame phases 54: pre-render 0.016 ms, prepare 1.711 ms, primary repair 118.011 ms, shadow repair 0.000 ms, producer wait 35.646 ms; observer=2623816.10/1101191.19/3228.11, moved=33.57 m, roam=1, replaced=0, image=1600x900, LOD=1.500, shadows=0, minimap=1
Frame work 54: BVH built/hit/evicted=1/28/0, catalogue/instance/scene builds=1/20/1, cached/scene tiles=115/0, scene 0.0 MiB, selection/detail passes=20/21, fallback ray attempts=6510, GPU build/selection/detail=2.309/12.187/33.518 ms, CPU grouping=44.458 ms; atlas installed/evicted=1/1, I/O=0.126 MiB, resident=27/27
Camera preparation: wall 0.198 ms, GPU LOD 0.004 ms, plans/footprints=23/1
Slow stage: worker iteration wall 155.546 ms (inclusive)
LOD plan: sources=1591, changed finer/coarser=1/0, selected LOD-1=23
Frame 58: wall 35.649 ms, GPU producer 33.882 ms, 1 producer submission(s), resident trace and presentation combined; t=10.015, BVH resident/budget 217.2/2048.0 MiB, builds/hits/evictions=115/145/0, scene builds=24
Frame phases 58: pre-render 0.005 ms, prepare 1.509 ms, primary repair 0.000 ms, shadow repair 0.000 ms, producer wait 34.113 ms; observer=2623855.66/1101244.54/3209.07, moved=66.41 m, roam=1, replaced=0, image=1600x900, LOD=1.500, shadows=0, minimap=1
Frame work 58: BVH built/hit/evicted=0/0/0, catalogue/instance/scene builds=1/1/1, cached/scene tiles=115/107, scene 0.0 MiB, selection/detail passes=0/1, fallback ray attempts=0, GPU build/selection/detail=0.455/0.000/0.000 ms, CPU grouping=0.000 ms; atlas installed/evicted=0/0, I/O=0.000 MiB, resident=27/27
Camera preparation: wall 0.215 ms, GPU LOD 0.004 ms, plans/footprints=24/1
Minimap mask: 276x236, 1440000 rays, worker 22.609 ms, GPU 7.705 ms
Minimap publish: request-to-image 22.673 ms
Minimap mask: 276x236, 1440000 rays, worker 2.319 ms, GPU 1.392 ms
Minimap publish: request-to-image 2.728 ms
Frame 59: wall 34.015 ms, GPU producer 33.574 ms, 1 producer submission(s), resident trace and presentation combined; t=10.082, BVH resident/budget 217.2/2048.0 MiB, builds/hits/evictions=115/145/0, scene builds=24
Frame phases 59: pre-render 0.004 ms, prepare 0.075 ms, primary repair 0.000 ms, shadow repair 0.000 ms, producer wait 33.910 ms; observer=2623855.66/1101244.54/3209.07, moved=0.00 m, roam=0, replaced=0, image=1600x900, LOD=1.500, shadows=0, minimap=1
Frame work 59: BVH built/hit/evicted=0/0/0, catalogue/instance/scene builds=0/0/0, cached/scene tiles=115/107, scene 0.0 MiB, selection/detail passes=0/1, fallback ray attempts=0, GPU build/selection/detail=0.000/0.000/0.000 ms, CPU grouping=0.000 ms; atlas installed/evicted=0/0, I/O=0.000 MiB, resident=27/27
Camera preparation: wall 0.000 ms, GPU LOD 0.000 ms, plans/footprints=24/1
LOD plan: sources=1591, changed finer/coarser=1/1, selected LOD-1=23
Health t=10.104: memory ok footprint/resident 672.9/399.3 MiB, Metal allocated/recommended 547.2/18186.2 MiB, thermal=0
Health t=10.104: worker stage=render age=21.5 ms, calls=114 revision=59, submitted/completed/presented=0/0/0, stale=0 unavailable=0 refreshed=0
Health t=10.104: display stage=idle age=11.7 ms, calls=280 revision=59, submitted/completed/presented=280/279/278, stale=0 unavailable=0 refreshed=0
Health t=10.104: minimap stage=mask-gpu age=12.1 ms, calls=48 revision=0, submitted/completed/presented=48/47/47, stale=0 unavailable=0 refreshed=52
Health t=10.104: terrain stage=producer wait age=19.9 ms
Frame 60: wall 35.268 ms, GPU producer 33.405 ms, 1 producer submission(s), resident trace and presentation combined; t=10.117, BVH resident/budget 217.2/2048.0 MiB, builds/hits/evictions=115/145/0, scene builds=25
Frame phases 60: pre-render 0.006 ms, prepare 1.574 ms, primary repair 0.000 ms, shadow repair 0.000 ms, producer wait 33.667 ms; observer=2623875.70/1101271.12/3199.53, moved=33.28 m, roam=1, replaced=0, image=1600x900, LOD=1.500, shadows=0, minimap=1
Frame work 60: BVH built/hit/evicted=0/0/0, catalogue/instance/scene builds=1/1/1, cached/scene tiles=115/107, scene 0.0 MiB, selection/detail passes=0/1, fallback ray attempts=0, GPU build/selection/detail=0.468/0.000/0.000 ms, CPU grouping=0.000 ms; atlas installed/evicted=0/0, I/O=0.000 MiB, resident=27/27
Camera preparation: wall 0.214 ms, GPU LOD 0.004 ms, plans/footprints=25/1
Minimap mask: 276x236, 1440000 rays, worker 25.954 ms, GPU 5.965 ms
Minimap publish: request-to-image 28.420 ms
Minimap mask: 276x236, 1440000 rays, worker 2.403 ms, GPU 1.302 ms
Minimap publish: request-to-image 2.443 ms
Frame 61: wall 35.575 ms, GPU producer 32.890 ms, 1 producer submission(s), resident trace and presentation combined; t=10.184, BVH resident/budget 217.2/2048.0 MiB, builds/hits/evictions=115/145/0, scene builds=25
Frame phases 61: pre-render 0.005 ms, prepare 0.085 ms, primary repair 0.000 ms, shadow repair 0.000 ms, producer wait 35.456 ms; observer=2623875.70/1101271.12/3199.53, moved=0.00 m, roam=0, replaced=0, image=1600x900, LOD=1.500, shadows=0, minimap=1
Frame work 61: BVH built/hit/evicted=0/0/0, catalogue/instance/scene builds=0/0/0, cached/scene tiles=115/107, scene 0.0 MiB, selection/detail passes=0/1, fallback ray attempts=0, GPU build/selection/detail=0.000/0.000/0.000 ms, CPU grouping=0.000 ms; atlas installed/evicted=0/0, I/O=0.000 MiB, resident=27/27
Camera preparation: wall 0.001 ms, GPU LOD 0.000 ms, plans/footprints=25/1
LOD plan: sources=1591, changed finer/coarser=1/1, selected LOD-1=23
Minimap mask: 276x236, 1440000 rays, worker 27.885 ms, GPU 9.902 ms
Minimap publish: request-to-image 27.949 ms
Slow stage: primary repair wall 114.298 ms (inclusive)
Slow stage: terrain frame wall 151.917 ms (inclusive)
Frame 62: wall 151.924 ms, GPU producer 34.599 ms, 2 producer submission(s), streaming work excluded from GPU producer timing; t=10.336, BVH resident/budget 219.7/2048.0 MiB, builds/hits/evictions=116/162/0, scene builds=26
Frame phases 62: pre-render 0.012 ms, prepare 1.657 ms, primary repair 114.298 ms, shadow repair 0.000 ms, producer wait 35.845 ms; observer=2623895.89/1101297.57/3189.98, moved=33.28 m, roam=1, replaced=0, image=1600x900, LOD=1.500, shadows=0, minimap=1
Frame work 62: BVH built/hit/evicted=1/17/0, catalogue/instance/scene builds=1/17/1, cached/scene tiles=116/0, scene 0.0 MiB, selection/detail passes=17/18, fallback ray attempts=2848, GPU build/selection/detail=2.418/10.098/32.713 ms, CPU grouping=44.962 ms; atlas installed/evicted=1/1, I/O=0.502 MiB, resident=27/27
Camera preparation: wall 0.222 ms, GPU LOD 0.004 ms, plans/footprints=26/1
Slow stage: worker iteration wall 151.985 ms (inclusive)
LOD plan: sources=1591, changed finer/coarser=3/1, selected LOD-1=22
Minimap mask: 276x236, 1440000 rays, worker 13.523 ms, GPU 8.474 ms
Frame 64: wall 38.634 ms, GPU producer 34.372 ms, 1 producer submission(s), resident trace and presentation combined; t=10.374, BVH resident/budget 219.7/2048.0 MiB, builds/hits/evictions=116/162/0, scene builds=27
Frame phases 64: pre-render 0.024 ms, prepare 3.977 ms, primary repair 0.000 ms, shadow repair 0.000 ms, producer wait 34.593 ms; observer=2623916.35/1101324.04/3180.39, moved=33.46 m, roam=1, replaced=0, image=1600x900, LOD=1.500, shadows=0, minimap=1
Frame work 64: BVH built/hit/evicted=0/0/0, catalogue/instance/scene builds=1/1/1, cached/scene tiles=116/106, scene 0.0 MiB, selection/detail passes=0/1, fallback ray attempts=0, GPU build/selection/detail=0.455/0.000/0.000 ms, CPU grouping=0.000 ms; atlas installed/evicted=0/0, I/O=0.000 MiB, resident=27/27
Camera preparation: wall 0.175 ms, GPU LOD 0.004 ms, plans/footprints=27/1
Minimap publish: request-to-image 13.556 ms
LOD plan: sources=1591, changed finer/coarser=0/0, selected LOD-1=22
Frame 66: wall 36.044 ms, GPU producer 34.189 ms, 1 producer submission(s), resident trace and presentation combined; t=10.410, BVH resident/budget 219.7/2048.0 MiB, builds/hits/evictions=116/162/0, scene builds=28
Frame phases 66: pre-render 0.005 ms, prepare 1.564 ms, primary repair 0.000 ms, shadow repair 0.000 ms, producer wait 34.448 ms; observer=2623936.86/1101350.26/3170.84, moved=33.29 m, roam=1, replaced=0, image=1600x900, LOD=1.500, shadows=0, minimap=1
Frame work 66: BVH built/hit/evicted=0/0/0, catalogue/instance/scene builds=1/1/1, cached/scene tiles=116/106, scene 0.0 MiB, selection/detail passes=0/1, fallback ray attempts=0, GPU build/selection/detail=0.444/0.000/0.000 ms, CPU grouping=0.000 ms; atlas installed/evicted=0/0, I/O=0.000 MiB, resident=27/27
Camera preparation: wall 0.197 ms, GPU LOD 0.004 ms, plans/footprints=28/1
Minimap mask: 276x236, 1440000 rays, worker 15.567 ms, GPU 8.790 ms
Minimap publish: request-to-image 15.646 ms
Minimap mask: 276x236, 1440000 rays, worker 3.349 ms, GPU 1.203 ms
Minimap publish: request-to-image 6.876 ms
Frame 67: wall 34.862 ms, GPU producer 34.031 ms, 1 producer submission(s), resident trace and presentation combined; t=10.483, BVH resident/budget 219.7/2048.0 MiB, builds/hits/evictions=116/162/0, scene builds=28
Frame phases 67: pre-render 0.010 ms, prepare 0.124 ms, primary repair 0.000 ms, shadow repair 0.000 ms, producer wait 34.694 ms; observer=2623936.86/1101350.26/3170.84, moved=0.00 m, roam=0, replaced=0, image=1600x900, LOD=1.500, shadows=0, minimap=1
Frame work 67: BVH built/hit/evicted=0/0/0, catalogue/instance/scene builds=0/0/0, cached/scene tiles=116/106, scene 0.0 MiB, selection/detail passes=0/1, fallback ray attempts=0, GPU build/selection/detail=0.000/0.000/0.000 ms, CPU grouping=0.000 ms; atlas installed/evicted=0/0, I/O=0.000 MiB, resident=27/27
Camera preparation: wall 0.001 ms, GPU LOD 0.000 ms, plans/footprints=28/1
LOD plan: sources=1591, changed finer/coarser=2/3, selected LOD-1=22
Minimap mask: 276x236, 1440000 rays, worker 26.656 ms, GPU 7.406 ms
Minimap publish: request-to-image 27.508 ms
Slow stage: terrain frame wall 118.699 ms (inclusive)
Frame 68: wall 118.707 ms, GPU producer 34.580 ms, 2 producer submission(s), streaming work excluded from GPU producer timing; t=10.602, BVH resident/budget 222.3/2048.0 MiB, builds/hits/evictions=117/172/0, scene builds=29
Frame phases 68: pre-render 0.011 ms, prepare 1.772 ms, primary repair 81.010 ms, shadow repair 0.000 ms, producer wait 35.777 ms; observer=2623957.45/1101376.25/3161.33, moved=33.16 m, roam=1, replaced=0, image=1600x900, LOD=1.500, shadows=0, minimap=1
Frame work 68: BVH built/hit/evicted=1/10/0, catalogue/instance/scene builds=1/9/1, cached/scene tiles=117/0, scene 0.0 MiB, selection/detail passes=9/10, fallback ray attempts=24564, GPU build/selection/detail=2.298/4.809/33.963 ms, CPU grouping=24.582 ms; atlas installed/evicted=1/1, I/O=0.502 MiB, resident=27/27
Camera preparation: wall 0.229 ms, GPU LOD 0.004 ms, plans/footprints=29/1
Slow stage: worker iteration wall 118.770 ms (inclusive)
LOD plan: sources=1591, changed finer/coarser=1/0, selected LOD-1=22
Frame 70: wall 35.528 ms, GPU producer 33.767 ms, 1 producer submission(s), resident trace and presentation combined; t=10.637, BVH resident/budget 222.3/2048.0 MiB, builds/hits/evictions=117/172/0, scene builds=30
Frame phases 70: pre-render 0.006 ms, prepare 1.497 ms, primary repair 0.000 ms, shadow repair 0.000 ms, producer wait 34.004 ms; observer=2623978.35/1101402.31/3151.76, moved=33.40 m, roam=1, replaced=0, image=1600x900, LOD=1.500, shadows=0, minimap=1
Frame work 70: BVH built/hit/evicted=0/0/0, catalogue/instance/scene builds=1/1/1, cached/scene tiles=117/106, scene 0.0 MiB, selection/detail passes=0/1, fallback ray attempts=0, GPU build/selection/detail=0.445/0.000/0.000 ms, CPU grouping=0.000 ms; atlas installed/evicted=0/0, I/O=0.000 MiB, resident=27/27
Camera preparation: wall 0.180 ms, GPU LOD 0.004 ms, plans/footprints=30/1
Minimap mask: 276x236, 1440000 rays, worker 10.301 ms, GPU 6.802 ms
Minimap publish: request-to-image 10.377 ms
Frame 71: wall 34.973 ms, GPU producer 34.159 ms, 1 producer submission(s), resident trace and presentation combined; t=10.684, BVH resident/budget 222.3/2048.0 MiB, builds/hits/evictions=117/172/0, scene builds=30
Frame phases 71: pre-render 0.018 ms, prepare 0.115 ms, primary repair 0.000 ms, shadow repair 0.000 ms, producer wait 34.797 ms; observer=2623978.35/1101402.31/3151.76, moved=0.00 m, roam=0, replaced=0, image=1600x900, LOD=1.500, shadows=0, minimap=1
Frame work 71: BVH built/hit/evicted=0/0/0, catalogue/instance/scene builds=0/0/0, cached/scene tiles=117/106, scene 0.0 MiB, selection/detail passes=0/1, fallback ray attempts=0, GPU build/selection/detail=0.000/0.000/0.000 ms, CPU grouping=0.000 ms; atlas installed/evicted=0/0, I/O=0.000 MiB, resident=27/27
Camera preparation: wall 0.001 ms, GPU LOD 0.000 ms, plans/footprints=30/1
Minimap mask: 276x236, 1440000 rays, worker 22.581 ms, GPU 6.674 ms
LOD plan: sources=1591, changed finer/coarser=3/0, selected LOD-1=23
Minimap publish: request-to-image 23.980 ms
Minimap mask: 276x236, 1440000 rays, worker 27.117 ms, GPU 5.451 ms
Minimap publish: request-to-image 27.730 ms
Slow stage: primary repair wall 156.716 ms (inclusive)
Slow stage: terrain frame wall 194.037 ms (inclusive)
Frame 72: wall 194.042 ms, GPU producer 34.388 ms, 2 producer submission(s), streaming work excluded from GPU producer timing; t=10.878, BVH resident/budget 235.1/2048.0 MiB, builds/hits/evictions=119/213/0, scene builds=31
Frame phases 72: pre-render 0.009 ms, prepare 1.569 ms, primary repair 156.716 ms, shadow repair 0.000 ms, producer wait 35.658 ms; observer=2623999.34/1101428.16/3142.21, moved=33.30 m, roam=1, replaced=0, image=1600x900, LOD=1.500, shadows=0, minimap=1
Frame work 72: BVH built/hit/evicted=2/41/0, catalogue/instance/scene builds=1/23/1, cached/scene tiles=119/0, scene 0.0 MiB, selection/detail passes=23/24, fallback ray attempts=132506, GPU build/selection/detail=7.022/13.878/35.929 ms, CPU grouping=56.955 ms; atlas installed/evicted=2/2, I/O=2.506 MiB, resident=27/27
Camera preparation: wall 0.207 ms, GPU LOD 0.004 ms, plans/footprints=31/1
Slow stage: worker iteration wall 194.100 ms (inclusive)
LOD plan: sources=1591, changed finer/coarser=1/2, selected LOD-1=23
Minimap mask: 276x236, 1440000 rays, worker 19.221 ms, GPU 5.756 ms
Minimap publish: request-to-image 19.255 ms
Slow stage: primary repair wall 115.906 ms (inclusive)
Slow stage: terrain frame wall 152.228 ms (inclusive)
Frame 76: wall 152.233 ms, GPU producer 33.731 ms, 2 producer submission(s), streaming work excluded from GPU producer timing; t=11.030, BVH resident/budget 235.3/2048.0 MiB, builds/hits/evictions=120/231/0, scene builds=32
Frame phases 76: pre-render 0.008 ms, prepare 1.563 ms, primary repair 115.906 ms, shadow repair 0.000 ms, producer wait 34.682 ms; observer=2624041.76/1101479.45/3123.12, moved=66.57 m, roam=1, replaced=0, image=1600x900, LOD=1.500, shadows=0, minimap=1
Frame work 76: BVH built/hit/evicted=1/18/0, catalogue/instance/scene builds=1/19/1, cached/scene tiles=120/0, scene 0.0 MiB, selection/detail passes=19/20, fallback ray attempts=612, GPU build/selection/detail=1.743/11.695/33.094 ms, CPU grouping=42.217 ms; atlas installed/evicted=1/1, I/O=0.032 MiB, resident=27/27
Camera preparation: wall 0.188 ms, GPU LOD 0.003 ms, plans/footprints=32/1
Slow stage: worker iteration wall 152.287 ms (inclusive)
LOD plan: sources=1591, changed finer/coarser=0/0, selected LOD-1=23
Frame 78: wall 36.943 ms, GPU producer 32.715 ms, 1 producer submission(s), resident trace and presentation combined; t=11.067, BVH resident/budget 235.3/2048.0 MiB, builds/hits/evictions=120/231/0, scene builds=33
Frame phases 78: pre-render 0.005 ms, prepare 3.981 ms, primary repair 0.000 ms, shadow repair 0.000 ms, producer wait 32.938 ms; observer=2624063.07/1101504.76/3113.63, moved=33.09 m, roam=1, replaced=0, image=1600x900, LOD=1.500, shadows=0, minimap=1
Frame work 78: BVH built/hit/evicted=0/0/0, catalogue/instance/scene builds=1/1/1, cached/scene tiles=120/106, scene 0.0 MiB, selection/detail passes=0/1, fallback ray attempts=0, GPU build/selection/detail=0.476/0.000/0.000 ms, CPU grouping=0.000 ms; atlas installed/evicted=0/0, I/O=0.000 MiB, resident=27/27
Camera preparation: wall 0.165 ms, GPU LOD 0.004 ms, plans/footprints=33/1
Minimap mask: 276x236, 1440000 rays, worker 5.664 ms, GPU 4.241 ms
LOD plan: sources=1591, changed finer/coarser=0/0, selected LOD-1=23
Minimap publish: request-to-image 7.028 ms
Minimap mask: 276x236, 1440000 rays, worker 9.420 ms, GPU 7.244 ms
Minimap publish: request-to-image 9.458 ms
Health t=11.107: memory ok footprint/resident 683.0/408.3 MiB, Metal allocated/recommended 567.5/18186.2 MiB, thermal=0
Health t=11.107: worker stage=render age=40.4 ms, calls=127 revision=78, submitted/completed/presented=0/0/0, stale=0 unavailable=0 refreshed=0
Health t=11.107: display stage=idle age=11.9 ms, calls=310 revision=78, submitted/completed/presented=310/310/309, stale=0 unavailable=0 refreshed=0
Health t=11.107: minimap stage=idle age=3.0 ms, calls=60 revision=0, submitted/completed/presented=60/60/60, stale=0 unavailable=0 refreshed=68
Health t=11.107: terrain stage=BVH detail encode/traverse age=3.0 ms
Slow stage: terrain frame wall 105.181 ms (inclusive)
Frame 80: wall 105.186 ms, GPU producer 36.341 ms, 2 producer submission(s), streaming work excluded from GPU producer timing; t=11.172, BVH resident/budget 236.6/2048.0 MiB, builds/hits/evictions=122/234/0, scene builds=34
Frame phases 80: pre-render 0.008 ms, prepare 1.440 ms, primary repair 66.060 ms, shadow repair 0.000 ms, producer wait 37.600 ms; observer=2624084.69/1101530.12/3104.08, moved=33.32 m, roam=1, replaced=0, image=1600x900, LOD=1.500, shadows=0, minimap=1
Frame work 80: BVH built/hit/evicted=2/3/0, catalogue/instance/scene builds=1/6/1, cached/scene tiles=122/0, scene 0.0 MiB, selection/detail passes=6/7, fallback ray attempts=2, GPU build/selection/detail=1.831/2.852/33.025 ms, CPU grouping=15.237 ms; atlas installed/evicted=2/2, I/O=0.252 MiB, resident=27/27
Camera preparation: wall 0.174 ms, GPU LOD 0.004 ms, plans/footprints=34/1
Slow stage: worker iteration wall 105.242 ms (inclusive)
LOD plan: sources=1591, changed finer/coarser=0/0, selected LOD-1=23
Frame 82: wall 34.563 ms, GPU producer 32.772 ms, 1 producer submission(s), resident trace and presentation combined; t=11.207, BVH resident/budget 236.6/2048.0 MiB, builds/hits/evictions=122/234/0, scene builds=35
Frame phases 82: pre-render 0.005 ms, prepare 1.528 ms, primary repair 0.000 ms, shadow repair 0.000 ms, producer wait 33.010 ms; observer=2624106.53/1101555.44/3094.49, moved=33.44 m, roam=1, replaced=0, image=1600x900, LOD=1.500, shadows=0, minimap=1
Frame work 82: BVH built/hit/evicted=0/0/0, catalogue/instance/scene builds=1/1/1, cached/scene tiles=122/108, scene 0.0 MiB, selection/detail passes=0/1, fallback ray attempts=0, GPU build/selection/detail=0.462/0.000/0.000 ms, CPU grouping=0.000 ms; atlas installed/evicted=0/0, I/O=0.000 MiB, resident=27/27
Camera preparation: wall 0.201 ms, GPU LOD 0.004 ms, plans/footprints=35/1
Minimap mask: 276x236, 1440000 rays, worker 11.923 ms, GPU 6.826 ms
Minimap publish: request-to-image 11.990 ms
Minimap mask: 276x236, 1440000 rays, worker 2.327 ms, GPU 1.299 ms
Minimap publish: request-to-image 4.264 ms
Frame 83: wall 34.949 ms, GPU producer 34.177 ms, 1 producer submission(s), resident trace and presentation combined; t=11.283, BVH resident/budget 236.6/2048.0 MiB, builds/hits/evictions=122/234/0, scene builds=35
Frame phases 83: pre-render 0.006 ms, prepare 0.138 ms, primary repair 0.000 ms, shadow repair 0.000 ms, producer wait 34.767 ms; observer=2624106.53/1101555.44/3094.49, moved=0.00 m, roam=0, replaced=0, image=1600x900, LOD=1.500, shadows=0, minimap=1
Frame work 83: BVH built/hit/evicted=0/0/0, catalogue/instance/scene builds=0/0/0, cached/scene tiles=122/108, scene 0.0 MiB, selection/detail passes=0/1, fallback ray attempts=0, GPU build/selection/detail=0.000/0.000/0.000 ms, CPU grouping=0.000 ms; atlas installed/evicted=0/0, I/O=0.000 MiB, resident=27/27
Camera preparation: wall 0.001 ms, GPU LOD 0.000 ms, plans/footprints=35/1
LOD plan: sources=1591, changed finer/coarser=2/1, selected LOD-1=24
Minimap mask: 276x236, 1440000 rays, worker 26.833 ms, GPU 7.301 ms
Minimap publish: request-to-image 26.988 ms
Slow stage: primary repair wall 143.285 ms (inclusive)
Slow stage: terrain frame wall 181.037 ms (inclusive)
Frame 84: wall 181.044 ms, GPU producer 34.626 ms, 2 producer submission(s), streaming work excluded from GPU producer timing; t=11.464, BVH resident/budget 249.4/2048.0 MiB, builds/hits/evictions=124/275/0, scene builds=36
Frame phases 84: pre-render 0.012 ms, prepare 1.794 ms, primary repair 143.285 ms, shadow repair 0.000 ms, producer wait 35.863 ms; observer=2624128.40/1101580.48/3084.96, moved=33.24 m, roam=1, replaced=0, image=1600x900, LOD=1.500, shadows=0, minimap=1
Frame work 84: BVH built/hit/evicted=2/41/0, catalogue/instance/scene builds=1/21/1, cached/scene tiles=124/0, scene 0.0 MiB, selection/detail passes=21/22, fallback ray attempts=190868, GPU build/selection/detail=7.151/12.142/35.058 ms, CPU grouping=54.742 ms; atlas installed/evicted=2/2, I/O=2.506 MiB, resident=27/27
Camera preparation: wall 0.240 ms, GPU LOD 0.004 ms, plans/footprints=36/1
Slow stage: worker iteration wall 181.118 ms (inclusive)
LOD plan: sources=1591, changed finer/coarser=2/1, selected LOD-1=25
Minimap mask: 276x236, 1440000 rays, worker 6.710 ms, GPU 5.060 ms
Minimap publish: request-to-image 6.745 ms
Slow stage: terrain frame wall 105.038 ms (inclusive)
Frame 88: wall 105.045 ms, GPU producer 34.690 ms, 2 producer submission(s), streaming work excluded from GPU producer timing; t=11.570, BVH resident/budget 259.6/2048.0 MiB, builds/hits/evictions=125/279/0, scene builds=37
Frame phases 88: pre-render 0.011 ms, prepare 1.458 ms, primary repair 67.600 ms, shadow repair 0.000 ms, producer wait 35.910 ms; observer=2624172.66/1101630.25/3065.86, moved=66.61 m, roam=1, replaced=0, image=1600x900, LOD=1.500, shadows=0, minimap=1
Frame work 88: BVH built/hit/evicted=1/4/0, catalogue/instance/scene builds=1/6/1, cached/scene tiles=125/0, scene 0.0 MiB, selection/detail passes=6/7, fallback ray attempts=4972, GPU build/selection/detail=4.705/2.885/32.371 ms, CPU grouping=13.990 ms; atlas installed/evicted=1/1, I/O=2.004 MiB, resident=27/27
Camera preparation: wall 0.186 ms, GPU LOD 0.004 ms, plans/footprints=37/1
Slow stage: worker iteration wall 105.106 ms (inclusive)
LOD plan: sources=1591, changed finer/coarser=1/1, selected LOD-1=25
Minimap mask: 276x236, 1440000 rays, worker 9.201 ms, GPU 6.233 ms
Minimap publish: request-to-image 9.235 ms
Slow stage: primary repair wall 130.381 ms (inclusive)
Slow stage: terrain frame wall 167.283 ms (inclusive)
Frame 90: wall 167.290 ms, GPU producer 33.219 ms, 2 producer submission(s), streaming work excluded from GPU producer timing; t=11.737, BVH resident/budget 260.3/2048.0 MiB, builds/hits/evictions=126/313/0, scene builds=38
Frame phases 90: pre-render 0.013 ms, prepare 1.595 ms, primary repair 130.381 ms, shadow repair 0.000 ms, producer wait 35.228 ms; observer=2624194.90/1101654.81/3056.36, moved=33.12 m, roam=1, replaced=0, image=1600x900, LOD=1.500, shadows=0, minimap=1
Frame work 90: BVH built/hit/evicted=1/34/0, catalogue/instance/scene builds=1/23/1, cached/scene tiles=126/0, scene 0.0 MiB, selection/detail passes=23/24, fallback ray attempts=7936, GPU build/selection/detail=2.435/13.805/33.556 ms, CPU grouping=50.347 ms; atlas installed/evicted=1/1, I/O=0.126 MiB, resident=27/27
Camera preparation: wall 0.212 ms, GPU LOD 0.004 ms, plans/footprints=38/1
Slow stage: worker iteration wall 167.334 ms (inclusive)
LOD plan: sources=1591, changed finer/coarser=1/0, selected LOD-1=25
Minimap mask: 276x236, 1440000 rays, worker 12.789 ms, GPU 9.018 ms
Minimap publish: request-to-image 12.824 ms
Frame 92: wall 95.413 ms, GPU producer 34.524 ms, 2 producer submission(s), streaming work excluded from GPU producer timing; t=11.832, BVH resident/budget 260.4/2048.0 MiB, builds/hits/evictions=127/319/0, scene builds=39
Frame phases 92: pre-render 0.011 ms, prepare 2.323 ms, primary repair 57.411 ms, shadow repair 0.000 ms, producer wait 35.599 ms; observer=2624217.50/1101679.47/3046.77, moved=33.45 m, roam=1, replaced=0, image=1600x900, LOD=1.500, shadows=0, minimap=1
Frame work 92: BVH built/hit/evicted=1/6/0, catalogue/instance/scene builds=1/6/1, cached/scene tiles=127/0, scene 0.0 MiB, selection/detail passes=6/7, fallback ray attempts=140, GPU build/selection/detail=0.986/2.973/32.161 ms, CPU grouping=13.311 ms; atlas installed/evicted=1/1, I/O=0.032 MiB, resident=27/27
Camera preparation: wall 0.886 ms, GPU LOD 0.005 ms, plans/footprints=39/1
LOD plan: sources=1591, changed finer/coarser=0/1, selected LOD-1=25
Minimap mask: 276x236, 1440000 rays, worker 5.638 ms, GPU 4.060 ms
Frame 94: wall 34.544 ms, GPU producer 32.559 ms, 1 producer submission(s), resident trace and presentation combined; t=11.867, BVH resident/budget 260.4/2048.0 MiB, builds/hits/evictions=127/319/0, scene builds=40
Frame phases 94: pre-render 0.029 ms, prepare 1.636 ms, primary repair 0.000 ms, shadow repair 0.000 ms, producer wait 32.852 ms; observer=2624240.14/1101703.88/3037.22, moved=33.29 m, roam=1, replaced=0, image=1600x900, LOD=1.500, shadows=0, minimap=1
Frame work 94: BVH built/hit/evicted=0/0/0, catalogue/instance/scene builds=1/1/1, cached/scene tiles=127/107, scene 0.0 MiB, selection/detail passes=0/1, fallback ray attempts=0, GPU build/selection/detail=0.470/0.000/0.000 ms, CPU grouping=0.000 ms; atlas installed/evicted=0/0, I/O=0.000 MiB, resident=27/27
Camera preparation: wall 0.209 ms, GPU LOD 0.004 ms, plans/footprints=40/1
LOD plan: sources=1591, changed finer/coarser=1/0, selected LOD-1=25
Minimap publish: request-to-image 7.486 ms
Frame 96: wall 37.284 ms, GPU producer 33.599 ms, 1 producer submission(s), resident trace and presentation combined; t=11.904, BVH resident/budget 260.4/2048.0 MiB, builds/hits/evictions=127/319/0, scene builds=41
Frame phases 96: pre-render 0.005 ms, prepare 1.724 ms, primary repair 0.000 ms, shadow repair 0.000 ms, producer wait 35.528 ms; observer=2624262.92/1101728.14/3027.68, moved=33.28 m, roam=1, replaced=0, image=1600x900, LOD=1.500, shadows=0, minimap=1
Frame work 96: BVH built/hit/evicted=0/0/0, catalogue/instance/scene builds=1/1/1, cached/scene tiles=127/107, scene 0.0 MiB, selection/detail passes=0/1, fallback ray attempts=0, GPU build/selection/detail=0.404/0.000/0.000 ms, CPU grouping=0.000 ms; atlas installed/evicted=0/0, I/O=0.000 MiB, resident=27/27
Camera preparation: wall 0.199 ms, GPU LOD 0.004 ms, plans/footprints=41/1
Minimap mask: 276x236, 1440000 rays, worker 10.029 ms, GPU 7.331 ms
Minimap publish: request-to-image 10.105 ms
Minimap mask: 276x236, 1440000 rays, worker 2.221 ms, GPU 1.293 ms
Minimap publish: request-to-image 2.257 ms
Frame 97: wall 33.951 ms, GPU producer 33.423 ms, 1 producer submission(s), resident trace and presentation combined; t=11.981, BVH resident/budget 260.4/2048.0 MiB, builds/hits/evictions=127/319/0, scene builds=41
Frame phases 97: pre-render 0.004 ms, prepare 0.152 ms, primary repair 0.000 ms, shadow repair 0.000 ms, producer wait 33.741 ms; observer=2624262.92/1101728.14/3027.68, moved=0.00 m, roam=0, replaced=0, image=1600x900, LOD=1.500, shadows=0, minimap=1
Frame work 97: BVH built/hit/evicted=0/0/0, catalogue/instance/scene builds=0/0/0, cached/scene tiles=127/107, scene 0.0 MiB, selection/detail passes=0/1, fallback ray attempts=0, GPU build/selection/detail=0.000/0.000/0.000 ms, CPU grouping=0.000 ms; atlas installed/evicted=0/0, I/O=0.000 MiB, resident=27/27
Camera preparation: wall 0.000 ms, GPU LOD 0.000 ms, plans/footprints=41/1
LOD plan: sources=1591, changed finer/coarser=3/0, selected LOD-1=26
Minimap mask: 276x236, 1440000 rays, worker 25.401 ms, GPU 10.227 ms
Minimap publish: request-to-image 26.114 ms
Health t=12.112: memory ok footprint/resident 716.7/421.3 MiB, Metal allocated/recommended 601.1/18186.2 MiB, thermal=0
Health t=12.112: worker stage=render age=130.9 ms, calls=137 revision=97, submitted/completed/presented=0/0/0, stale=0 unavailable=0 refreshed=0
Health t=12.112: display stage=idle age=21.7 ms, calls=340 revision=97, submitted/completed/presented=340/340/340, stale=0 unavailable=0 refreshed=0
Health t=12.112: minimap stage=idle age=94.8 ms, calls=70 revision=0, submitted/completed/presented=70/70/70, stale=0 unavailable=0 refreshed=83
Health t=12.112: terrain stage=primary repair age=94.9 ms
Slow stage: primary repair wall 119.632 ms (inclusive)
Slow stage: terrain frame wall 157.567 ms (inclusive)
Frame 98: wall 157.573 ms, GPU producer 34.666 ms, 2 producer submission(s), streaming work excluded from GPU producer timing; t=12.139, BVH resident/budget 270.7/2048.0 MiB, builds/hits/evictions=128/341/0, scene builds=42
Frame phases 98: pre-render 0.009 ms, prepare 1.579 ms, primary repair 119.632 ms, shadow repair 0.000 ms, producer wait 36.248 ms; observer=2624285.61/1101752.03/3018.23, moved=32.94 m, roam=1, replaced=0, image=1600x900, LOD=1.500, shadows=0, minimap=1
Frame work 98: BVH built/hit/evicted=1/22/0, catalogue/instance/scene builds=1/16/1, cached/scene tiles=128/0, scene 0.0 MiB, selection/detail passes=16/17, fallback ray attempts=74748, GPU build/selection/detail=5.340/9.435/34.945 ms, CPU grouping=43.370 ms; atlas installed/evicted=1/1, I/O=2.004 MiB, resident=27/27
Camera preparation: wall 0.226 ms, GPU LOD 0.007 ms, plans/footprints=42/1
Slow stage: worker iteration wall 157.633 ms (inclusive)
LOD plan: sources=1591, changed finer/coarser=2/0, selected LOD-1=26
Frame 100: wall 37.219 ms, GPU producer 33.559 ms, 1 producer submission(s), resident trace and presentation combined; t=12.176, BVH resident/budget 270.7/2048.0 MiB, builds/hits/evictions=128/341/0, scene builds=43
Frame phases 100: pre-render 0.006 ms, prepare 3.342 ms, primary repair 0.000 ms, shadow repair 0.000 ms, producer wait 33.849 ms; observer=2624308.81/1101776.16/3008.63, moved=33.47 m, roam=1, replaced=0, image=1600x900, LOD=1.500, shadows=0, minimap=1
Frame work 100: BVH built/hit/evicted=0/0/0, catalogue/instance/scene builds=1/1/1, cached/scene tiles=128/107, scene 0.0 MiB, selection/detail passes=0/1, fallback ray attempts=0, GPU build/selection/detail=0.488/0.000/0.000 ms, CPU grouping=0.000 ms; atlas installed/evicted=0/0, I/O=0.000 MiB, resident=27/27
Camera preparation: wall 1.826 ms, GPU LOD 0.004 ms, plans/footprints=43/1
Minimap mask: 276x236, 1440000 rays, worker 16.432 ms, GPU 8.316 ms
Minimap publish: request-to-image 16.472 ms
LOD plan: sources=1591, changed finer/coarser=0/0, selected LOD-1=26
Frame 102: wall 35.899 ms, GPU producer 33.981 ms, 1 producer submission(s), resident trace and presentation combined; t=12.212, BVH resident/budget 270.7/2048.0 MiB, builds/hits/evictions=128/341/0, scene builds=44
Frame phases 102: pre-render 0.004 ms, prepare 1.628 ms, primary repair 0.000 ms, shadow repair 0.000 ms, producer wait 34.246 ms; observer=2624332.12/1101800.12/2999.04, moved=33.43 m, roam=1, replaced=0, image=1600x900, LOD=1.500, shadows=0, minimap=1
Frame work 102: BVH built/hit/evicted=0/0/0, catalogue/instance/scene builds=1/1/1, cached/scene tiles=128/107, scene 0.0 MiB, selection/detail passes=0/1, fallback ray attempts=0, GPU build/selection/detail=0.434/0.000/0.000 ms, CPU grouping=0.000 ms; atlas installed/evicted=0/0, I/O=0.000 MiB, resident=27/27
Camera preparation: wall 0.197 ms, GPU LOD 0.004 ms, plans/footprints=44/1
Minimap mask: 276x236, 1440000 rays, worker 17.860 ms, GPU 7.211 ms
Minimap publish: request-to-image 19.119 ms
Minimap mask: 276x236, 1440000 rays, worker 3.934 ms, GPU 1.232 ms
Minimap publish: request-to-image 7.344 ms
Frame 103: wall 34.579 ms, GPU producer 33.732 ms, 1 producer submission(s), resident trace and presentation combined; t=12.283, BVH resident/budget 270.7/2048.0 MiB, builds/hits/evictions=128/341/0, scene builds=44
Frame phases 103: pre-render 0.005 ms, prepare 0.130 ms, primary repair 0.000 ms, shadow repair 0.000 ms, producer wait 34.409 ms; observer=2624332.12/1101800.12/2999.04, moved=0.00 m, roam=0, replaced=0, image=1600x900, LOD=1.500, shadows=0, minimap=1
Frame work 103: BVH built/hit/evicted=0/0/0, catalogue/instance/scene builds=0/0/0, cached/scene tiles=128/107, scene 0.0 MiB, selection/detail passes=0/1, fallback ray attempts=0, GPU build/selection/detail=0.000/0.000/0.000 ms, CPU grouping=0.000 ms; atlas installed/evicted=0/0, I/O=0.000 MiB, resident=27/27
Camera preparation: wall 0.001 ms, GPU LOD 0.000 ms, plans/footprints=44/1
LOD plan: sources=1591, changed finer/coarser=0/0, selected LOD-1=26
Frame 104: wall 36.116 ms, GPU producer 34.090 ms, 1 producer submission(s), resident trace and presentation combined; t=12.319, BVH resident/budget 270.7/2048.0 MiB, builds/hits/evictions=128/341/0, scene builds=45
Frame phases 104: pre-render 0.016 ms, prepare 1.721 ms, primary repair 0.000 ms, shadow repair 0.000 ms, producer wait 34.353 ms; observer=2624355.37/1101823.72/2989.54, moved=33.14 m, roam=1, replaced=0, image=1600x900, LOD=1.500, shadows=0, minimap=1
Frame work 104: BVH built/hit/evicted=0/0/0, catalogue/instance/scene builds=1/1/1, cached/scene tiles=128/107, scene 0.0 MiB, selection/detail passes=0/1, fallback ray attempts=0, GPU build/selection/detail=0.474/0.000/0.000 ms, CPU grouping=0.000 ms; atlas installed/evicted=0/0, I/O=0.000 MiB, resident=27/27
Camera preparation: wall 0.202 ms, GPU LOD 0.004 ms, plans/footprints=45/1
Minimap mask: 276x236, 1440000 rays, worker 26.531 ms, GPU 8.749 ms
Minimap publish: request-to-image 27.590 ms
Minimap mask: 276x236, 1440000 rays, worker 2.426 ms, GPU 1.293 ms
Minimap publish: request-to-image 2.463 ms
Frame 105: wall 33.869 ms, GPU producer 33.527 ms, 1 producer submission(s), resident trace and presentation combined; t=12.382, BVH resident/budget 270.7/2048.0 MiB, builds/hits/evictions=128/341/0, scene builds=45
Frame phases 105: pre-render 0.005 ms, prepare 0.081 ms, primary repair 0.000 ms, shadow repair 0.000 ms, producer wait 33.756 ms; observer=2624355.37/1101823.72/2989.54, moved=0.00 m, roam=0, replaced=0, image=1600x900, LOD=1.500, shadows=0, minimap=1
Frame work 105: BVH built/hit/evicted=0/0/0, catalogue/instance/scene builds=0/0/0, cached/scene tiles=128/107, scene 0.0 MiB, selection/detail passes=0/1, fallback ray attempts=0, GPU build/selection/detail=0.000/0.000/0.000 ms, CPU grouping=0.000 ms; atlas installed/evicted=0/0, I/O=0.000 MiB, resident=27/27
Camera preparation: wall 0.001 ms, GPU LOD 0.000 ms, plans/footprints=45/1
LOD plan: sources=1591, changed finer/coarser=0/0, selected LOD-1=26
Frame 106: wall 35.839 ms, GPU producer 32.801 ms, 1 producer submission(s), resident trace and presentation combined; t=12.418, BVH resident/budget 270.7/2048.0 MiB, builds/hits/evictions=128/341/0, scene builds=46
Frame phases 106: pre-render 0.827 ms, prepare 1.879 ms, primary repair 0.000 ms, shadow repair 0.000 ms, producer wait 33.101 ms; observer=2624378.97/1101847.40/2979.96, moved=33.43 m, roam=1, replaced=0, image=1600x900, LOD=1.500, shadows=0, minimap=1
Frame work 106: BVH built/hit/evicted=0/0/0, catalogue/instance/scene builds=1/1/1, cached/scene tiles=128/107, scene 0.0 MiB, selection/detail passes=0/1, fallback ray attempts=0, GPU build/selection/detail=0.455/0.000/0.000 ms, CPU grouping=0.000 ms; atlas installed/evicted=0/0, I/O=2.004 MiB, resident=27/27
Camera preparation: wall 0.238 ms, GPU LOD 0.004 ms, plans/footprints=46/1
Minimap mask: 276x236, 1440000 rays, worker 25.708 ms, GPU 4.748 ms
Minimap publish: request-to-image 25.809 ms
Minimap mask: 276x236, 1440000 rays, worker 2.397 ms, GPU 1.338 ms
Minimap publish: request-to-image 2.594 ms
Frame 107: wall 32.139 ms, GPU producer 31.516 ms, 1 producer submission(s), resident trace and presentation combined; t=12.480, BVH resident/budget 270.7/2048.0 MiB, builds/hits/evictions=128/341/0, scene builds=46
Frame phases 107: pre-render 0.003 ms, prepare 0.074 ms, primary repair 0.000 ms, shadow repair 0.000 ms, producer wait 32.029 ms; observer=2624378.97/1101847.40/2979.96, moved=0.00 m, roam=0, replaced=0, image=1600x900, LOD=1.500, shadows=0, minimap=1
Frame work 107: BVH built/hit/evicted=0/0/0, catalogue/instance/scene builds=0/0/0, cached/scene tiles=128/107, scene 0.0 MiB, selection/detail passes=0/1, fallback ray attempts=0, GPU build/selection/detail=0.000/0.000/0.000 ms, CPU grouping=0.000 ms; atlas installed/evicted=0/0, I/O=0.000 MiB, resident=27/27
Camera preparation: wall 0.001 ms, GPU LOD 0.000 ms, plans/footprints=46/1
LOD plan: sources=1591, changed finer/coarser=0/1, selected LOD-1=26
Frame 108: wall 34.303 ms, GPU producer 32.145 ms, 1 producer submission(s), resident trace and presentation combined; t=12.514, BVH resident/budget 270.7/2048.0 MiB, builds/hits/evictions=128/341/0, scene builds=47
Frame phases 108: pre-render 0.007 ms, prepare 1.882 ms, primary repair 0.000 ms, shadow repair 0.000 ms, producer wait 32.386 ms; observer=2624402.45/1101870.67/2970.48, moved=33.06 m, roam=1, replaced=0, image=1600x900, LOD=1.500, shadows=0, minimap=1
Frame work 108: BVH built/hit/evicted=0/0/0, catalogue/instance/scene builds=1/1/1, cached/scene tiles=128/107, scene 0.0 MiB, selection/detail passes=0/1, fallback ray attempts=0, GPU build/selection/detail=0.407/0.000/0.000 ms, CPU grouping=0.000 ms; atlas installed/evicted=0/0, I/O=0.000 MiB, resident=27/27
Minimap mask: 276x236, 1440000 rays, worker 21.839 ms, GPU 7.246 ms
Camera preparation: wall 0.204 ms, GPU LOD 0.003 ms, plans/footprints=47/1
Minimap publish: request-to-image 21.889 ms
Minimap mask: 276x236, 1440000 rays, worker 1.997 ms, GPU 1.178 ms
Minimap publish: request-to-image 2.040 ms
Frame 109: wall 32.710 ms, GPU producer 32.200 ms, 1 producer submission(s), resident trace and presentation combined; t=12.593, BVH resident/budget 270.7/2048.0 MiB, builds/hits/evictions=128/341/0, scene builds=47
Frame phases 109: pre-render 0.006 ms, prepare 0.120 ms, primary repair 0.000 ms, shadow repair 0.000 ms, producer wait 32.538 ms; observer=2624402.45/1101870.67/2970.48, moved=0.00 m, roam=0, replaced=0, image=1600x900, LOD=1.500, shadows=0, minimap=1
Frame work 109: BVH built/hit/evicted=0/0/0, catalogue/instance/scene builds=0/0/0, cached/scene tiles=128/107, scene 0.0 MiB, selection/detail passes=0/1, fallback ray attempts=0, GPU build/selection/detail=0.000/0.000/0.000 ms, CPU grouping=0.000 ms; atlas installed/evicted=0/0, I/O=0.000 MiB, resident=27/27
Camera preparation: wall 0.001 ms, GPU LOD 0.000 ms, plans/footprints=47/1
LOD plan: sources=1591, changed finer/coarser=3/2, selected LOD-1=26
Minimap mask: 276x236, 1440000 rays, worker 2.658 ms, GPU 1.431 ms
Minimap publish: request-to-image 8.271 ms
Slow stage: primary repair wall 154.076 ms (inclusive)
Slow stage: terrain frame wall 191.848 ms (inclusive)
Frame 110: wall 191.858 ms, GPU producer 34.429 ms, 2 producer submission(s), streaming work excluded from GPU producer timing; t=12.785, BVH resident/budget 273.4/2048.0 MiB, builds/hits/evictions=130/398/0, scene builds=48
Frame phases 110: pre-render 0.016 ms, prepare 2.083 ms, primary repair 154.076 ms, shadow repair 0.000 ms, producer wait 35.580 ms; observer=2624429.22/1101896.86/2959.74, moved=37.46 m, roam=1, replaced=0, image=1600x900, LOD=1.500, shadows=0, minimap=1
Frame work 110: BVH built/hit/evicted=2/57/0, catalogue/instance/scene builds=1/25/1, cached/scene tiles=130/0, scene 0.0 MiB, selection/detail passes=25/26, fallback ray attempts=31198, GPU build/selection/detail=3.806/14.842/32.524 ms, CPU grouping=60.467 ms; atlas installed/evicted=2/2, I/O=0.534 MiB, resident=27/27
Camera preparation: wall 0.262 ms, GPU LOD 0.004 ms, plans/footprints=48/1
Slow stage: worker iteration wall 191.915 ms (inclusive)
LOD plan: sources=1591, changed finer/coarser=2/1, selected LOD-1=26
Minimap mask: 276x236, 1440000 rays, worker 24.699 ms, GPU 7.035 ms
Minimap publish: request-to-image 25.042 ms
Frame 114: wall 96.431 ms, GPU producer 31.669 ms, 2 producer submission(s), streaming work excluded from GPU producer timing; t=12.881, BVH resident/budget 274.1/2048.0 MiB, builds/hits/evictions=131/402/0, scene builds=49
Frame phases 114: pre-render 0.012 ms, prepare 1.584 ms, primary repair 61.866 ms, shadow repair 0.000 ms, producer wait 32.897 ms; observer=2624474.37/1101940.28/2941.78, moved=62.64 m, roam=1, replaced=0, image=1600x900, LOD=1.500, shadows=0, minimap=1
Frame work 114: BVH built/hit/evicted=1/4/0, catalogue/instance/scene builds=1/6/1, cached/scene tiles=131/0, scene 0.0 MiB, selection/detail passes=6/7, fallback ray attempts=2, GPU build/selection/detail=1.279/3.503/30.594 ms, CPU grouping=13.487 ms; atlas installed/evicted=1/1, I/O=0.126 MiB, resident=27/27
Camera preparation: wall 0.189 ms, GPU LOD 0.004 ms, plans/footprints=49/1
LOD plan: sources=1591, changed finer/coarser=0/1, selected LOD-1=26
Frame 116: wall 32.947 ms, GPU producer 31.123 ms, 1 producer submission(s), resident trace and presentation combined; t=12.914, BVH resident/budget 274.1/2048.0 MiB, builds/hits/evictions=131/402/0, scene builds=50
Frame phases 116: pre-render 0.005 ms, prepare 1.489 ms, primary repair 0.000 ms, shadow repair 0.000 ms, producer wait 31.427 ms; observer=2624498.57/1101963.14/2932.23, moved=33.29 m, roam=1, replaced=0, image=1600x900, LOD=1.500, shadows=0, minimap=1
Frame work 116: BVH built/hit/evicted=0/0/0, catalogue/instance/scene builds=1/1/1, cached/scene tiles=131/108, scene 0.0 MiB, selection/detail passes=0/1, fallback ray attempts=0, GPU build/selection/detail=0.478/0.000/0.000 ms, CPU grouping=0.000 ms; atlas installed/evicted=0/0, I/O=0.000 MiB, resident=27/27
Camera preparation: wall 0.210 ms, GPU LOD 0.004 ms, plans/footprints=50/1
Minimap mask: 276x236, 1440000 rays, worker 20.121 ms, GPU 6.136 ms
Minimap publish: request-to-image 20.191 ms
Minimap mask: 276x236, 1440000 rays, worker 1.803 ms, GPU 1.186 ms
Minimap publish: request-to-image 1.835 ms
Frame 117: wall 32.533 ms, GPU producer 32.116 ms, 1 producer submission(s), resident trace and presentation combined; t=12.980, BVH resident/budget 274.1/2048.0 MiB, builds/hits/evictions=131/402/0, scene builds=50
Frame phases 117: pre-render 0.004 ms, prepare 0.099 ms, primary repair 0.000 ms, shadow repair 0.000 ms, producer wait 32.406 ms; observer=2624498.57/1101963.14/2932.23, moved=0.00 m, roam=0, replaced=0, image=1600x900, LOD=1.500, shadows=0, minimap=1
Frame work 117: BVH built/hit/evicted=0/0/0, catalogue/instance/scene builds=0/0/0, cached/scene tiles=131/108, scene 0.0 MiB, selection/detail passes=0/1, fallback ray attempts=0, GPU build/selection/detail=0.000/0.000/0.000 ms, CPU grouping=0.000 ms; atlas installed/evicted=0/0, I/O=0.000 MiB, resident=27/27
Camera preparation: wall 0.001 ms, GPU LOD 0.000 ms, plans/footprints=50/1
LOD plan: sources=1591, changed finer/coarser=0/3, selected LOD-1=24
Frame 118: wall 36.043 ms, GPU producer 34.119 ms, 1 producer submission(s), resident trace and presentation combined; t=13.016, BVH resident/budget 274.1/2048.0 MiB, builds/hits/evictions=131/402/0, scene builds=51
Frame phases 118: pre-render 0.008 ms, prepare 1.585 ms, primary repair 0.000 ms, shadow repair 0.000 ms, producer wait 34.428 ms; observer=2624522.73/1101985.71/2922.75, moved=33.06 m, roam=1, replaced=0, image=1600x900, LOD=1.500, shadows=0, minimap=1
Frame work 118: BVH built/hit/evicted=0/0/0, catalogue/instance/scene builds=1/1/1, cached/scene tiles=131/108, scene 0.0 MiB, selection/detail passes=0/1, fallback ray attempts=0, GPU build/selection/detail=0.458/0.000/0.000 ms, CPU grouping=0.000 ms; atlas installed/evicted=0/0, I/O=0.000 MiB, resident=27/27
Camera preparation: wall 0.184 ms, GPU LOD 0.004 ms, plans/footprints=51/1
Minimap mask: 276x236, 1440000 rays, worker 24.334 ms, GPU 10.650 ms
Minimap publish: request-to-image 26.216 ms
Minimap mask: 276x236, 1440000 rays, worker 2.393 ms, GPU 1.352 ms
Minimap publish: request-to-image 2.605 ms
Frame 119: wall 32.977 ms, GPU producer 31.624 ms, 1 producer submission(s), resident trace and presentation combined; t=13.081, BVH resident/budget 274.1/2048.0 MiB, builds/hits/evictions=131/402/0, scene builds=51
Frame phases 119: pre-render 0.004 ms, prepare 0.081 ms, primary repair 0.000 ms, shadow repair 0.000 ms, producer wait 32.862 ms; observer=2624522.73/1101985.71/2922.75, moved=0.00 m, roam=0, replaced=0, image=1600x900, LOD=1.500, shadows=0, minimap=1
Frame work 119: BVH built/hit/evicted=0/0/0, catalogue/instance/scene builds=0/0/0, cached/scene tiles=131/108, scene 0.0 MiB, selection/detail passes=0/1, fallback ray attempts=0, GPU build/selection/detail=0.000/0.000/0.000 ms, CPU grouping=0.000 ms; atlas installed/evicted=0/0, I/O=0.000 MiB, resident=27/27
Camera preparation: wall 0.000 ms, GPU LOD 0.000 ms, plans/footprints=51/1
LOD plan: sources=1591, changed finer/coarser=0/0, selected LOD-1=24
Health t=13.114: memory ok footprint/resident 724.9/419.5 MiB, Metal allocated/recommended 601.5/18186.2 MiB, thermal=0
Health t=13.114: worker stage=render age=33.0 ms, calls=153 revision=119, submitted/completed/presented=0/0/0, stale=0 unavailable=0 refreshed=0
Health t=13.114: display stage=idle age=20.3 ms, calls=370 revision=119, submitted/completed/presented=370/369/369, stale=0 unavailable=0 refreshed=0
Health t=13.114: minimap stage=mask-gpu age=20.9 ms, calls=86 revision=0, submitted/completed/presented=86/85/85, stale=0 unavailable=0 refreshed=102
Health t=13.114: terrain stage=producer wait age=31.0 ms
Frame 120: wall 34.832 ms, GPU producer 32.546 ms, 1 producer submission(s), resident trace and presentation combined; t=13.116, BVH resident/budget 274.1/2048.0 MiB, builds/hits/evictions=131/402/0, scene builds=52
Frame phases 120: pre-render 0.006 ms, prepare 1.990 ms, primary repair 0.000 ms, shadow repair 0.000 ms, producer wait 32.809 ms; observer=2624547.14/1102008.22/2913.23, moved=33.21 m, roam=1, replaced=0, image=1600x900, LOD=1.500, shadows=0, minimap=1
Frame work 120: BVH built/hit/evicted=0/0/0, catalogue/instance/scene builds=1/1/1, cached/scene tiles=131/108, scene 0.0 MiB, selection/detail passes=0/1, fallback ray attempts=0, GPU build/selection/detail=0.459/0.000/0.000 ms, CPU grouping=0.000 ms; atlas installed/evicted=0/0, I/O=0.000 MiB, resident=27/27
Camera preparation: wall 0.195 ms, GPU LOD 0.004 ms, plans/footprints=52/1
Minimap mask: 276x236, 1440000 rays, worker 22.757 ms, GPU 9.037 ms
Minimap publish: request-to-image 25.614 ms
Minimap mask: 276x236, 1440000 rays, worker 1.990 ms, GPU 1.197 ms
Minimap publish: request-to-image 2.032 ms
Frame 121: wall 32.454 ms, GPU producer 32.043 ms, 1 producer submission(s), resident trace and presentation combined; t=13.181, BVH resident/budget 274.1/2048.0 MiB, builds/hits/evictions=131/402/0, scene builds=52
Frame phases 121: pre-render 0.005 ms, prepare 0.085 ms, primary repair 0.000 ms, shadow repair 0.000 ms, producer wait 32.331 ms; observer=2624547.14/1102008.22/2913.23, moved=0.00 m, roam=0, replaced=0, image=1600x900, LOD=1.500, shadows=0, minimap=1
Frame work 121: BVH built/hit/evicted=0/0/0, catalogue/instance/scene builds=0/0/0, cached/scene tiles=131/108, scene 0.0 MiB, selection/detail passes=0/1, fallback ray attempts=0, GPU build/selection/detail=0.000/0.000/0.000 ms, CPU grouping=0.000 ms; atlas installed/evicted=0/0, I/O=0.000 MiB, resident=27/27
Camera preparation: wall 0.001 ms, GPU LOD 0.000 ms, plans/footprints=52/1
LOD plan: sources=1591, changed finer/coarser=1/2, selected LOD-1=24
Frame 122: wall 34.901 ms, GPU producer 32.891 ms, 1 producer submission(s), resident trace and presentation combined; t=13.216, BVH resident/budget 274.1/2048.0 MiB, builds/hits/evictions=131/402/0, scene builds=53
Frame phases 122: pre-render 0.007 ms, prepare 1.741 ms, primary repair 0.000 ms, shadow repair 0.000 ms, producer wait 33.124 ms; observer=2624571.96/1102030.84/2903.60, moved=33.58 m, roam=1, replaced=0, image=1600x900, LOD=1.500, shadows=0, minimap=1
Frame work 122: BVH built/hit/evicted=0/0/0, catalogue/instance/scene builds=1/1/1, cached/scene tiles=131/108, scene 0.0 MiB, selection/detail passes=0/1, fallback ray attempts=0, GPU build/selection/detail=0.450/0.000/0.000 ms, CPU grouping=0.000 ms; atlas installed/evicted=0/0, I/O=0.000 MiB, resident=27/27
Camera preparation: wall 0.206 ms, GPU LOD 0.004 ms, plans/footprints=53/1
Minimap mask: 276x236, 1440000 rays, worker 23.415 ms, GPU 11.097 ms
Minimap publish: request-to-image 25.878 ms
Minimap mask: 276x236, 1440000 rays, worker 2.360 ms, GPU 1.370 ms
Minimap publish: request-to-image 2.863 ms
Frame 123: wall 32.653 ms, GPU producer 31.948 ms, 1 producer submission(s), resident trace and presentation combined; t=13.280, BVH resident/budget 274.1/2048.0 MiB, builds/hits/evictions=131/402/0, scene builds=53
Frame phases 123: pre-render 0.003 ms, prepare 0.084 ms, primary repair 0.000 ms, shadow repair 0.000 ms, producer wait 32.528 ms; observer=2624571.96/1102030.84/2903.60, moved=0.00 m, roam=0, replaced=0, image=1600x900, LOD=1.500, shadows=0, minimap=1
Frame work 123: BVH built/hit/evicted=0/0/0, catalogue/instance/scene builds=0/0/0, cached/scene tiles=131/108, scene 0.0 MiB, selection/detail passes=0/1, fallback ray attempts=0, GPU build/selection/detail=0.000/0.000/0.000 ms, CPU grouping=0.000 ms; atlas installed/evicted=0/0, I/O=0.000 MiB, resident=27/27
Camera preparation: wall 0.000 ms, GPU LOD 0.000 ms, plans/footprints=53/1
LOD plan: sources=1591, changed finer/coarser=1/2, selected LOD-1=24
Frame 124: wall 34.274 ms, GPU producer 32.045 ms, 1 producer submission(s), resident trace and presentation combined; t=13.315, BVH resident/budget 274.1/2048.0 MiB, builds/hits/evictions=131/402/0, scene builds=54
Frame phases 124: pre-render 0.018 ms, prepare 1.924 ms, primary repair 0.000 ms, shadow repair 0.000 ms, producer wait 32.305 ms; observer=2624596.45/1102052.91/2894.15, moved=32.97 m, roam=1, replaced=0, image=1600x900, LOD=1.500, shadows=0, minimap=1
Frame work 124: BVH built/hit/evicted=0/0/0, catalogue/instance/scene builds=1/1/1, cached/scene tiles=131/108, scene 0.0 MiB, selection/detail passes=0/1, fallback ray attempts=0, GPU build/selection/detail=0.648/0.000/0.000 ms, CPU grouping=0.000 ms; atlas installed/evicted=0/0, I/O=0.000 MiB, resident=27/27
Camera preparation: wall 0.194 ms, GPU LOD 0.004 ms, plans/footprints=54/1
Minimap mask: 276x236, 1440000 rays, worker 22.012 ms, GPU 7.308 ms
Minimap publish: request-to-image 22.110 ms
Minimap mask: 276x236, 1440000 rays, worker 1.950 ms, GPU 1.192 ms
Minimap publish: request-to-image 1.992 ms
Slow stage: primary repair wall 101.971 ms (inclusive)
Slow stage: terrain frame wall 136.292 ms (inclusive)
Frame 125: wall 136.295 ms, GPU producer 32.769 ms, 2 producer submission(s), streaming work excluded from GPU producer timing; t=13.485, BVH resident/budget 274.2/2048.0 MiB, builds/hits/evictions=132/413/0, scene builds=54
Frame phases 125: pre-render 0.007 ms, prepare 0.088 ms, primary repair 101.971 ms, shadow repair 0.000 ms, producer wait 34.082 ms; observer=2624596.45/1102052.91/2894.15, moved=0.00 m, roam=0, replaced=0, image=1600x900, LOD=1.500, shadows=0, minimap=1
Frame work 125: BVH built/hit/evicted=1/11/0, catalogue/instance/scene builds=0/12/0, cached/scene tiles=132/0, scene 0.0 MiB, selection/detail passes=13/14, fallback ray attempts=2, GPU build/selection/detail=0.960/7.277/30.691 ms, CPU grouping=37.800 ms; atlas installed/evicted=1/1, I/O=0.032 MiB, resident=27/27
Camera preparation: wall 0.000 ms, GPU LOD 0.000 ms, plans/footprints=54/1
Slow stage: worker iteration wall 136.342 ms (inclusive)
LOD plan: sources=1591, changed finer/coarser=2/2, selected LOD-1=23
Minimap mask: 276x236, 1440000 rays, worker 26.028 ms, GPU 7.058 ms
Minimap publish: request-to-image 26.074 ms
Slow stage: primary repair wall 110.449 ms (inclusive)
Slow stage: terrain frame wall 144.903 ms (inclusive)
Frame 128: wall 144.911 ms, GPU producer 31.546 ms, 2 producer submission(s), streaming work excluded from GPU producer timing; t=13.630, BVH resident/budget 274.5/2048.0 MiB, builds/hits/evictions=134/431/0, scene builds=55
Frame phases 128: pre-render 0.010 ms, prepare 1.655 ms, primary repair 110.449 ms, shadow repair 0.000 ms, producer wait 32.715 ms; observer=2624646.56/1102097.23/2874.96, moved=66.90 m, roam=1, replaced=0, image=1600x900, LOD=1.500, shadows=0, minimap=1
Frame work 128: BVH built/hit/evicted=2/18/0, catalogue/instance/scene builds=1/17/1, cached/scene tiles=134/0, scene 0.0 MiB, selection/detail passes=17/18, fallback ray attempts=322, GPU build/selection/detail=2.095/10.169/31.295 ms, CPU grouping=40.717 ms; atlas installed/evicted=2/2, I/O=0.063 MiB, resident=27/27
Camera preparation: wall 0.203 ms, GPU LOD 0.004 ms, plans/footprints=55/1
Slow stage: worker iteration wall 144.962 ms (inclusive)
LOD plan: sources=1591, changed finer/coarser=0/1, selected LOD-1=23
Frame 130: wall 35.724 ms, GPU producer 31.515 ms, 1 producer submission(s), resident trace and presentation combined; t=13.666, BVH resident/budget 274.5/2048.0 MiB, builds/hits/evictions=134/431/0, scene builds=56
Frame phases 130: pre-render 0.006 ms, prepare 1.407 ms, primary repair 0.000 ms, shadow repair 0.000 ms, producer wait 34.293 ms; observer=2624671.69/1102119.05/2865.42, moved=33.28 m, roam=1, replaced=0, image=1600x900, LOD=1.500, shadows=0, minimap=1
Frame work 130: BVH built/hit/evicted=0/0/0, catalogue/instance/scene builds=1/1/1, cached/scene tiles=134/110, scene 0.0 MiB, selection/detail passes=0/1, fallback ray attempts=0, GPU build/selection/detail=0.446/0.000/0.000 ms, CPU grouping=0.000 ms; atlas installed/evicted=0/0, I/O=0.000 MiB, resident=27/27
Camera preparation: wall 0.176 ms, GPU LOD 0.004 ms, plans/footprints=56/1
Minimap mask: 276x236, 1440000 rays, worker 4.546 ms, GPU 3.081 ms
LOD plan: sources=1591, changed finer/coarser=0/0, selected LOD-1=23
Minimap publish: request-to-image 7.851 ms
Frame 132: wall 34.175 ms, GPU producer 32.384 ms, 1 producer submission(s), resident trace and presentation combined; t=13.700, BVH resident/budget 274.5/2048.0 MiB, builds/hits/evictions=134/431/0, scene builds=57
Frame phases 132: pre-render 0.006 ms, prepare 1.512 ms, primary repair 0.000 ms, shadow repair 0.000 ms, producer wait 32.635 ms; observer=2624696.95/1102140.73/2855.88, moved=33.30 m, roam=1, replaced=0, image=1600x900, LOD=1.500, shadows=0, minimap=1
Frame work 132: BVH built/hit/evicted=0/0/0, catalogue/instance/scene builds=1/1/1, cached/scene tiles=134/110, scene 0.0 MiB, selection/detail passes=0/1, fallback ray attempts=0, GPU build/selection/detail=0.404/0.000/0.000 ms, CPU grouping=0.000 ms; atlas installed/evicted=0/0, I/O=0.000 MiB, resident=27/27
Camera preparation: wall 0.198 ms, GPU LOD 0.004 ms, plans/footprints=57/1
Minimap mask: 276x236, 1440000 rays, worker 5.144 ms, GPU 3.666 ms
Minimap publish: request-to-image 7.361 ms
Minimap mask: 276x236, 1440000 rays, worker 2.284 ms, GPU 1.307 ms
Minimap publish: request-to-image 2.320 ms
Frame 133: wall 32.390 ms, GPU producer 31.922 ms, 1 producer submission(s), resident trace and presentation combined; t=13.780, BVH resident/budget 274.5/2048.0 MiB, builds/hits/evictions=134/431/0, scene builds=57
Frame phases 133: pre-render 0.005 ms, prepare 0.084 ms, primary repair 0.000 ms, shadow repair 0.000 ms, producer wait 32.265 ms; observer=2624696.95/1102140.73/2855.88, moved=0.00 m, roam=0, replaced=0, image=1600x900, LOD=1.500, shadows=0, minimap=1
Frame work 133: BVH built/hit/evicted=0/0/0, catalogue/instance/scene builds=0/0/0, cached/scene tiles=134/110, scene 0.0 MiB, selection/detail passes=0/1, fallback ray attempts=0, GPU build/selection/detail=0.000/0.000/0.000 ms, CPU grouping=0.000 ms; atlas installed/evicted=0/0, I/O=0.000 MiB, resident=27/27
Camera preparation: wall 0.001 ms, GPU LOD 0.000 ms, plans/footprints=57/1
LOD plan: sources=1591, changed finer/coarser=0/0, selected LOD-1=23
Frame 134: wall 34.817 ms, GPU producer 32.709 ms, 1 producer submission(s), resident trace and presentation combined; t=13.815, BVH resident/budget 274.5/2048.0 MiB, builds/hits/evictions=134/431/0, scene builds=58
Frame phases 134: pre-render 0.016 ms, prepare 1.650 ms, primary repair 0.000 ms, shadow repair 0.000 ms, producer wait 33.121 ms; observer=2624722.21/1102162.14/2846.38, moved=33.11 m, roam=1, replaced=0, image=1600x900, LOD=1.500, shadows=0, minimap=1
Frame work 134: BVH built/hit/evicted=0/0/0, catalogue/instance/scene builds=1/1/1, cached/scene tiles=134/110, scene 0.0 MiB, selection/detail passes=0/1, fallback ray attempts=0, GPU build/selection/detail=0.451/0.000/0.000 ms, CPU grouping=0.000 ms; atlas installed/evicted=0/0, I/O=0.000 MiB, resident=27/27
Camera preparation: wall 0.217 ms, GPU LOD 0.004 ms, plans/footprints=58/1
Minimap mask: 276x236, 1440000 rays, worker 22.888 ms, GPU 5.199 ms
Minimap publish: request-to-image 25.981 ms
Minimap mask: 276x236, 1440000 rays, worker 2.280 ms, GPU 1.216 ms
Minimap publish: request-to-image 2.881 ms
Frame 135: wall 32.621 ms, GPU producer 31.382 ms, 1 producer submission(s), resident trace and presentation combined; t=13.880, BVH resident/budget 274.5/2048.0 MiB, builds/hits/evictions=134/431/0, scene builds=58
Frame phases 135: pre-render 0.008 ms, prepare 0.084 ms, primary repair 0.000 ms, shadow repair 0.000 ms, producer wait 32.496 ms; observer=2624722.21/1102162.14/2846.38, moved=0.00 m, roam=0, replaced=0, image=1600x900, LOD=1.500, shadows=0, minimap=1
Frame work 135: BVH built/hit/evicted=0/0/0, catalogue/instance/scene builds=0/0/0, cached/scene tiles=134/110, scene 0.0 MiB, selection/detail passes=0/1, fallback ray attempts=0, GPU build/selection/detail=0.000/0.000/0.000 ms, CPU grouping=0.000 ms; atlas installed/evicted=0/0, I/O=0.000 MiB, resident=27/27
Camera preparation: wall 0.000 ms, GPU LOD 0.000 ms, plans/footprints=58/1
LOD plan: sources=1591, changed finer/coarser=1/2, selected LOD-1=23
Minimap mask: 276x236, 1440000 rays, worker 22.962 ms, GPU 6.580 ms
Minimap publish: request-to-image 23.016 ms
Slow stage: terrain frame wall 102.216 ms (inclusive)
Frame 136: wall 102.223 ms, GPU producer 32.417 ms, 2 producer submission(s), streaming work excluded from GPU producer timing; t=13.983, BVH resident/budget 275.2/2048.0 MiB, builds/hits/evictions=135/437/0, scene builds=59
Frame phases 136: pre-render 0.010 ms, prepare 1.937 ms, primary repair 66.757 ms, shadow repair 0.000 ms, producer wait 33.421 ms; observer=2624747.66/1102183.46/2836.86, moved=33.20 m, roam=1, replaced=0, image=1600x900, LOD=1.500, shadows=0, minimap=1
Frame work 136: BVH built/hit/evicted=1/6/0, catalogue/instance/scene builds=1/8/1, cached/scene tiles=135/0, scene 0.0 MiB, selection/detail passes=8/9, fallback ray attempts=4, GPU build/selection/detail=1.200/3.386/30.285 ms, CPU grouping=21.579 ms; atlas installed/evicted=1/1, I/O=0.126 MiB, resident=27/27
Camera preparation: wall 0.200 ms, GPU LOD 0.004 ms, plans/footprints=59/1
Slow stage: worker iteration wall 102.279 ms (inclusive)
LOD plan: sources=1591, changed finer/coarser=1/2, selected LOD-1=23
Minimap mask: 276x236, 1440000 rays, worker 23.650 ms, GPU 9.551 ms
Minimap publish: request-to-image 25.945 ms
Health t=14.119: memory ok footprint/resident 718.7/423.0 MiB, Metal allocated/recommended 606.5/18186.2 MiB, thermal=0
Health t=14.119: worker stage=render age=136.0 ms, calls=170 revision=136, submitted/completed/presented=0/0/0, stale=0 unavailable=0 refreshed=0
Health t=14.119: display stage=idle age=28.0 ms, calls=400 revision=136, submitted/completed/presented=400/400/400, stale=0 unavailable=0 refreshed=0
Health t=14.119: minimap stage=idle age=102.7 ms, calls=99 revision=0, submitted/completed/presented=99/99/99, stale=0 unavailable=0 refreshed=118
Health t=14.119: terrain stage=primary repair age=102.8 ms
Slow stage: primary repair wall 120.780 ms (inclusive)
Slow stage: terrain frame wall 155.659 ms (inclusive)
Frame 138: wall 155.665 ms, GPU producer 32.190 ms, 2 producer submission(s), streaming work excluded from GPU producer timing; t=14.138, BVH resident/budget 275.8/2048.0 MiB, builds/hits/evictions=136/459/0, scene builds=60
Frame phases 138: pre-render 0.009 ms, prepare 1.528 ms, primary repair 120.780 ms, shadow repair 0.000 ms, producer wait 33.245 ms; observer=2624773.36/1102204.75/2827.29, moved=33.37 m, roam=1, replaced=0, image=1600x900, LOD=1.500, shadows=0, minimap=1
Frame work 138: BVH built/hit/evicted=1/22/0, catalogue/instance/scene builds=1/20/1, cached/scene tiles=136/0, scene 0.0 MiB, selection/detail passes=20/21, fallback ray attempts=952, GPU build/selection/detail=2.200/12.452/31.333 ms, CPU grouping=49.592 ms; atlas installed/evicted=1/1, I/O=0.126 MiB, resident=27/27
Camera preparation: wall 0.190 ms, GPU LOD 0.004 ms, plans/footprints=60/1
Slow stage: worker iteration wall 155.716 ms (inclusive)
LOD plan: sources=1591, changed finer/coarser=0/0, selected LOD-1=23
Frame 140: wall 34.898 ms, GPU producer 31.187 ms, 1 producer submission(s), resident trace and presentation combined; t=14.173, BVH resident/budget 275.8/2048.0 MiB, builds/hits/evictions=136/459/0, scene builds=61
Frame phases 140: pre-render 0.006 ms, prepare 3.427 ms, primary repair 0.000 ms, shadow repair 0.000 ms, producer wait 31.445 ms; observer=2624799.06/1102225.91/2817.75, moved=33.28 m, roam=1, replaced=0, image=1600x900, LOD=1.500, shadows=0, minimap=1
Frame work 140: BVH built/hit/evicted=0/0/0, catalogue/instance/scene builds=1/1/1, cached/scene tiles=136/111, scene 0.0 MiB, selection/detail passes=0/1, fallback ray attempts=0, GPU build/selection/detail=0.449/0.000/0.000 ms, CPU grouping=0.000 ms; atlas installed/evicted=0/0, I/O=0.000 MiB, resident=27/27
Camera preparation: wall 0.180 ms, GPU LOD 0.004 ms, plans/footprints=61/1
Minimap mask: 276x236, 1440000 rays, worker 14.529 ms, GPU 6.732 ms
Minimap publish: request-to-image 14.597 ms
LOD plan: sources=1591, changed finer/coarser=0/2, selected LOD-1=23
Frame 142: wall 33.607 ms, GPU producer 31.746 ms, 1 producer submission(s), resident trace and presentation combined; t=14.207, BVH resident/budget 275.8/2048.0 MiB, builds/hits/evictions=136/459/0, scene builds=62
Frame phases 142: pre-render 0.012 ms, prepare 1.616 ms, primary repair 0.000 ms, shadow repair 0.000 ms, producer wait 31.958 ms; observer=2624824.79/1102247.01/2808.20, moved=33.28 m, roam=1, replaced=0, image=1600x900, LOD=1.500, shadows=0, minimap=1
Frame work 142: BVH built/hit/evicted=0/0/0, catalogue/instance/scene builds=1/1/1, cached/scene tiles=136/111, scene 0.0 MiB, selection/detail passes=0/1, fallback ray attempts=0, GPU build/selection/detail=0.471/0.000/0.000 ms, CPU grouping=0.000 ms; atlas installed/evicted=0/0, I/O=0.000 MiB, resident=27/27
Camera preparation: wall 0.217 ms, GPU LOD 0.004 ms, plans/footprints=62/1
Minimap mask: 276x236, 1440000 rays, worker 14.745 ms, GPU 7.712 ms
Minimap publish: request-to-image 14.818 ms
Minimap mask: 276x236, 1440000 rays, worker 3.346 ms, GPU 1.607 ms
Minimap publish: request-to-image 3.382 ms
Frame 143: wall 32.545 ms, GPU producer 31.672 ms, 1 producer submission(s), resident trace and presentation combined; t=14.281, BVH resident/budget 275.8/2048.0 MiB, builds/hits/evictions=136/459/0, scene builds=62
Frame phases 143: pre-render 0.004 ms, prepare 0.125 ms, primary repair 0.000 ms, shadow repair 0.000 ms, producer wait 32.323 ms; observer=2624824.79/1102247.01/2808.20, moved=0.00 m, roam=0, replaced=0, image=1600x900, LOD=1.500, shadows=0, minimap=1
Frame work 143: BVH built/hit/evicted=0/0/0, catalogue/instance/scene builds=0/0/0, cached/scene tiles=136/111, scene 0.0 MiB, selection/detail passes=0/1, fallback ray attempts=0, GPU build/selection/detail=0.000/0.000/0.000 ms, CPU grouping=0.000 ms; atlas installed/evicted=0/0, I/O=0.000 MiB, resident=27/27
Camera preparation: wall 0.001 ms, GPU LOD 0.000 ms, plans/footprints=62/1
LOD plan: sources=1591, changed finer/coarser=0/1, selected LOD-1=23
Frame 144: wall 34.179 ms, GPU producer 32.055 ms, 1 producer submission(s), resident trace and presentation combined; t=14.315, BVH resident/budget 275.8/2048.0 MiB, builds/hits/evictions=136/459/0, scene builds=63
Frame phases 144: pre-render 0.006 ms, prepare 1.834 ms, primary repair 0.000 ms, shadow repair 0.000 ms, producer wait 32.310 ms; observer=2624850.56/1102268.12/2798.65, moved=33.31 m, roam=1, replaced=0, image=1600x900, LOD=1.500, shadows=0, minimap=1
Frame work 144: BVH built/hit/evicted=0/0/0, catalogue/instance/scene builds=1/1/1, cached/scene tiles=136/111, scene 0.0 MiB, selection/detail passes=0/1, fallback ray attempts=0, GPU build/selection/detail=0.428/0.000/0.000 ms, CPU grouping=0.000 ms; atlas installed/evicted=0/0, I/O=0.000 MiB, resident=27/27
Camera preparation: wall 0.200 ms, GPU LOD 0.004 ms, plans/footprints=63/1
Minimap mask: 276x236, 1440000 rays, worker 23.287 ms, GPU 6.188 ms
Minimap publish: request-to-image 23.342 ms
Minimap mask: 276x236, 1440000 rays, worker 2.298 ms, GPU 1.217 ms
Minimap publish: request-to-image 2.340 ms
Frame 145: wall 32.468 ms, GPU producer 31.615 ms, 1 producer submission(s), resident trace and presentation combined; t=14.381, BVH resident/budget 275.8/2048.0 MiB, builds/hits/evictions=136/459/0, scene builds=63
Frame phases 145: pre-render 0.006 ms, prepare 0.123 ms, primary repair 0.000 ms, shadow repair 0.000 ms, producer wait 32.262 ms; observer=2624850.56/1102268.12/2798.65, moved=0.00 m, roam=0, replaced=0, image=1600x900, LOD=1.500, shadows=0, minimap=1
Frame work 145: BVH built/hit/evicted=0/0/0, catalogue/instance/scene builds=0/0/0, cached/scene tiles=136/111, scene 0.0 MiB, selection/detail passes=0/1, fallback ray attempts=0, GPU build/selection/detail=0.000/0.000/0.000 ms, CPU grouping=0.000 ms; atlas installed/evicted=0/0, I/O=0.000 MiB, resident=27/27
Camera preparation: wall 0.001 ms, GPU LOD 0.000 ms, plans/footprints=63/1
LOD plan: sources=1591, changed finer/coarser=1/1, selected LOD-1=23
Frame 146: wall 35.058 ms, GPU producer 32.909 ms, 1 producer submission(s), resident trace and presentation combined; t=14.416, BVH resident/budget 275.8/2048.0 MiB, builds/hits/evictions=136/459/0, scene builds=64
Frame phases 146: pre-render 0.008 ms, prepare 1.859 ms, primary repair 0.000 ms, shadow repair 0.000 ms, producer wait 33.161 ms; observer=2624876.29/1102289.20/2789.09, moved=33.27 m, roam=1, replaced=0, image=1600x900, LOD=1.500, shadows=0, minimap=1
Frame work 146: BVH built/hit/evicted=0/0/0, catalogue/instance/scene builds=1/1/1, cached/scene tiles=136/111, scene 0.0 MiB, selection/detail passes=0/1, fallback ray attempts=0, GPU build/selection/detail=0.449/0.000/0.000 ms, CPU grouping=0.000 ms; atlas installed/evicted=0/0, I/O=0.000 MiB, resident=27/27
Camera preparation: wall 0.228 ms, GPU LOD 0.004 ms, plans/footprints=64/1
Minimap mask: 276x236, 1440000 rays, worker 24.792 ms, GPU 6.519 ms
Minimap publish: request-to-image 24.877 ms
Minimap mask: 276x236, 1440000 rays, worker 4.033 ms, GPU 1.216 ms
Minimap publish: request-to-image 6.794 ms
Frame 147: wall 32.078 ms, GPU producer 31.674 ms, 1 producer submission(s), resident trace and presentation combined; t=14.480, BVH resident/budget 275.8/2048.0 MiB, builds/hits/evictions=136/459/0, scene builds=64
Frame phases 147: pre-render 0.004 ms, prepare 0.099 ms, primary repair 0.000 ms, shadow repair 0.000 ms, producer wait 31.937 ms; observer=2624876.29/1102289.20/2789.09, moved=0.00 m, roam=0, replaced=0, image=1600x900, LOD=1.500, shadows=0, minimap=1
Frame work 147: BVH built/hit/evicted=0/0/0, catalogue/instance/scene builds=0/0/0, cached/scene tiles=136/111, scene 0.0 MiB, selection/detail passes=0/1, fallback ray attempts=0, GPU build/selection/detail=0.000/0.000/0.000 ms, CPU grouping=0.000 ms; atlas installed/evicted=0/0, I/O=0.000 MiB, resident=27/27
Camera preparation: wall 0.000 ms, GPU LOD 0.000 ms, plans/footprints=64/1
LOD plan: sources=1591, changed finer/coarser=1/0, selected LOD-1=23
Frame 148: wall 33.890 ms, GPU producer 31.559 ms, 1 producer submission(s), resident trace and presentation combined; t=14.514, BVH resident/budget 275.8/2048.0 MiB, builds/hits/evictions=136/459/0, scene builds=65
Frame phases 148: pre-render 0.008 ms, prepare 1.983 ms, primary repair 0.000 ms, shadow repair 0.000 ms, producer wait 31.861 ms; observer=2624902.06/1102310.32/2779.50, moved=33.31 m, roam=1, replaced=0, image=1600x900, LOD=1.500, shadows=0, minimap=1
Frame work 148: BVH built/hit/evicted=0/0/0, catalogue/instance/scene builds=1/1/1, cached/scene tiles=136/111, scene 0.0 MiB, selection/detail passes=0/1, fallback ray attempts=0, GPU build/selection/detail=0.418/0.000/0.000 ms, CPU grouping=0.000 ms; atlas installed/evicted=0/0, I/O=0.000 MiB, resident=27/27
Camera preparation: wall 0.219 ms, GPU LOD 0.004 ms, plans/footprints=65/1
Minimap mask: 276x236, 1440000 rays, worker 22.250 ms, GPU 5.571 ms
Minimap publish: request-to-image 22.341 ms
Minimap mask: 276x236, 1440000 rays, worker 2.005 ms, GPU 1.167 ms
Minimap publish: request-to-image 2.047 ms
Frame 149: wall 32.445 ms, GPU producer 32.023 ms, 1 producer submission(s), resident trace and presentation combined; t=14.581, BVH resident/budget 275.8/2048.0 MiB, builds/hits/evictions=136/459/0, scene builds=65
Frame phases 149: pre-render 0.003 ms, prepare 0.111 ms, primary repair 0.000 ms, shadow repair 0.000 ms, producer wait 32.295 ms; observer=2624902.06/1102310.32/2779.50, moved=0.00 m, roam=0, replaced=0, image=1600x900, LOD=1.500, shadows=0, minimap=1
Frame work 149: BVH built/hit/evicted=0/0/0, catalogue/instance/scene builds=0/0/0, cached/scene tiles=136/111, scene 0.0 MiB, selection/detail passes=0/1, fallback ray attempts=0, GPU build/selection/detail=0.000/0.000/0.000 ms, CPU grouping=0.000 ms; atlas installed/evicted=0/0, I/O=0.000 MiB, resident=27/27
Camera preparation: wall 0.001 ms, GPU LOD 0.000 ms, plans/footprints=65/1
LOD plan: sources=1591, changed finer/coarser=1/0, selected LOD-1=23
Minimap mask: 276x236, 1440000 rays, worker 23.972 ms, GPU 6.380 ms
Minimap publish: request-to-image 24.020 ms
Slow stage: terrain frame wall 109.002 ms (inclusive)
Frame 150: wall 109.010 ms, GPU producer 32.470 ms, 2 producer submission(s), streaming work excluded from GPU producer timing; t=14.690, BVH resident/budget 276.5/2048.0 MiB, builds/hits/evictions=137/466/0, scene builds=66
Frame phases 150: pre-render 0.017 ms, prepare 1.676 ms, primary repair 73.402 ms, shadow repair 0.000 ms, producer wait 33.803 ms; observer=2624927.89/1102331.47/2769.88, moved=33.38 m, roam=1, replaced=0, image=1600x900, LOD=1.500, shadows=0, minimap=1
Frame work 150: BVH built/hit/evicted=1/7/0, catalogue/instance/scene builds=1/9/1, cached/scene tiles=137/0, scene 0.0 MiB, selection/detail passes=9/10, fallback ray attempts=2, GPU build/selection/detail=1.471/4.404/29.948 ms, CPU grouping=24.537 ms; atlas installed/evicted=1/1, I/O=0.126 MiB, resident=27/27
Camera preparation: wall 0.223 ms, GPU LOD 0.004 ms, plans/footprints=66/1
Slow stage: worker iteration wall 109.073 ms (inclusive)
LOD plan: sources=1591, changed finer/coarser=1/2, selected LOD-1=23
Frame 152: wall 35.034 ms, GPU producer 32.824 ms, 1 producer submission(s), resident trace and presentation combined; t=14.725, BVH resident/budget 276.5/2048.0 MiB, builds/hits/evictions=137/466/0, scene builds=67
Minimap mask: 276x236, 1440000 rays, worker 33.131 ms, GPU 1.255 ms
Frame phases 152: pre-render 0.006 ms, prepare 1.876 ms, primary repair 0.000 ms, shadow repair 0.000 ms, producer wait 33.126 ms; observer=2624953.63/1102352.56/2760.28, moved=33.27 m, roam=1, replaced=0, image=1600x900, LOD=1.500, shadows=0, minimap=1
Frame work 152: BVH built/hit/evicted=0/0/0, catalogue/instance/scene builds=1/1/1, cached/scene tiles=137/112, scene 0.0 MiB, selection/detail passes=0/1, fallback ray attempts=0, GPU build/selection/detail=0.542/0.000/0.000 ms, CPU grouping=0.000 ms; atlas installed/evicted=0/0, I/O=0.000 MiB, resident=27/27
Camera preparation: wall 0.217 ms, GPU LOD 0.004 ms, plans/footprints=67/1
Minimap publish: request-to-image 33.177 ms
Frame 153: wall 32.503 ms, GPU producer 31.849 ms, 1 producer submission(s), resident trace and presentation combined; t=14.781, BVH resident/budget 276.5/2048.0 MiB, builds/hits/evictions=137/466/0, scene builds=67
Frame phases 153: pre-render 0.018 ms, prepare 0.131 ms, primary repair 0.000 ms, shadow repair 0.000 ms, producer wait 32.315 ms; observer=2624953.63/1102352.56/2760.28, moved=0.00 m, roam=0, replaced=0, image=1600x900, LOD=1.500, shadows=0, minimap=1
Frame work 153: BVH built/hit/evicted=0/0/0, catalogue/instance/scene builds=0/0/0, cached/scene tiles=137/112, scene 0.0 MiB, selection/detail passes=0/1, fallback ray attempts=0, GPU build/selection/detail=0.000/0.000/0.000 ms, CPU grouping=0.000 ms; atlas installed/evicted=0/0, I/O=0.000 MiB, resident=27/27
Camera preparation: wall 0.001 ms, GPU LOD 0.000 ms, plans/footprints=67/1
Minimap mask: 276x236, 1440000 rays, worker 19.698 ms, GPU 13.375 ms
Minimap publish: request-to-image 19.805 ms
LOD plan: sources=1591, changed finer/coarser=0/3, selected LOD-1=22
Frame 154: wall 34.345 ms, GPU producer 31.930 ms, 1 producer submission(s), resident trace and presentation combined; t=14.815, BVH resident/budget 276.5/2048.0 MiB, builds/hits/evictions=137/466/0, scene builds=68
Frame phases 154: pre-render 0.006 ms, prepare 1.796 ms, primary repair 0.000 ms, shadow repair 0.000 ms, producer wait 32.512 ms; observer=2624979.35/1102373.64/2750.66, moved=33.26 m, roam=1, replaced=0, image=1600x900, LOD=1.500, shadows=0, minimap=1
Frame work 154: BVH built/hit/evicted=0/0/0, catalogue/instance/scene builds=1/1/1, cached/scene tiles=137/112, scene 0.0 MiB, selection/detail passes=0/1, fallback ray attempts=0, GPU build/selection/detail=0.434/0.000/0.000 ms, CPU grouping=0.000 ms; atlas installed/evicted=0/0, I/O=0.000 MiB, resident=27/27
Camera preparation: wall 0.238 ms, GPU LOD 0.004 ms, plans/footprints=68/1
Minimap mask: 276x236, 1440000 rays, worker 23.638 ms, GPU 5.406 ms
Minimap publish: request-to-image 27.909 ms
Minimap mask: 276x236, 1440000 rays, worker 2.265 ms, GPU 1.202 ms
Minimap publish: request-to-image 2.599 ms
Health t=15.124: memory ok footprint/resident 708.1/419.8 MiB, Metal allocated/recommended 592.1/18186.2 MiB, thermal=0
Health t=15.124: worker stage=idle age=8.6 ms, calls=198 revision=154, submitted/completed/presented=0/0/0, stale=0 unavailable=0 refreshed=0
Health t=15.124: display stage=idle age=30.5 ms, calls=430 revision=154, submitted/completed/presented=430/430/430, stale=0 unavailable=0 refreshed=0
Health t=15.124: minimap stage=idle age=293.9 ms, calls=113 revision=0, submitted/completed/presented=113/113/113, stale=0 unavailable=0 refreshed=133
Health t=15.124: terrain stage=idle age=15123.9 ms
Health t=16.128: memory ok footprint/resident 701.6/417.8 MiB, Metal allocated/recommended 592.1/18186.2 MiB, thermal=0
Health t=16.128: worker stage=idle age=779.2 ms, calls=214 revision=154, submitted/completed/presented=0/0/0, stale=0 unavailable=0 refreshed=0
Health t=16.128: display stage=idle age=3.6 ms, calls=461 revision=154, submitted/completed/presented=461/461/460, stale=0 unavailable=0 refreshed=0
Health t=16.128: minimap stage=idle age=1297.8 ms, calls=113 revision=0, submitted/completed/presented=113/113/113, stale=0 unavailable=0 refreshed=133
Health t=16.128: terrain stage=idle age=16127.9 ms
Health t=17.133: memory ok footprint/resident 698.2/417.8 MiB, Metal allocated/recommended 592.1/18186.2 MiB, thermal=0
Health t=17.133: worker stage=idle age=1784.4 ms, calls=214 revision=154, submitted/completed/presented=0/0/0, stale=0 unavailable=0 refreshed=0
Health t=17.133: display stage=idle age=8.7 ms, calls=491 revision=154, submitted/completed/presented=491/491/490, stale=0 unavailable=0 refreshed=0
Health t=17.133: minimap stage=idle age=2303.0 ms, calls=113 revision=0, submitted/completed/presented=113/113/113, stale=0 unavailable=0 refreshed=133
Health t=17.133: terrain stage=idle age=17133.1 ms
Health t=18.138: memory ok footprint/resident 698.2/417.8 MiB, Metal allocated/recommended 592.1/18186.2 MiB, thermal=0
Health t=18.138: worker stage=idle age=2789.0 ms, calls=214 revision=154, submitted/completed/presented=0/0/0, stale=0 unavailable=0 refreshed=0
Health t=18.138: display stage=idle age=13.4 ms, calls=521 revision=154, submitted/completed/presented=521/521/520, stale=0 unavailable=0 refreshed=0
Health t=18.138: minimap stage=idle age=3307.6 ms, calls=113 revision=0, submitted/completed/presented=113/113/113, stale=0 unavailable=0 refreshed=133
Health t=18.138: terrain stage=idle age=18137.7 ms
Health t=19.142: memory ok footprint/resident 698.2/417.8 MiB, Metal allocated/recommended 592.1/18186.2 MiB, thermal=0
Health t=19.142: worker stage=idle age=3793.1 ms, calls=214 revision=154, submitted/completed/presented=0/0/0, stale=0 unavailable=0 refreshed=0
Health t=19.142: display stage=idle age=17.5 ms, calls=551 revision=154, submitted/completed/presented=551/551/550, stale=0 unavailable=0 refreshed=0
Health t=19.142: minimap stage=idle age=4311.7 ms, calls=113 revision=0, submitted/completed/presented=113/113/113, stale=0 unavailable=0 refreshed=133
Health t=19.142: terrain stage=idle age=19141.8 ms
Health t=20.147: memory ok footprint/resident 701.6/417.6 MiB, Metal allocated/recommended 592.1/18186.2 MiB, thermal=0
Health t=20.147: worker stage=idle age=148.2 ms, calls=228 revision=154, submitted/completed/presented=0/0/0, stale=0 unavailable=0 refreshed=0
Health t=20.147: display stage=idle age=22.6 ms, calls=581 revision=154, submitted/completed/presented=581/581/580, stale=0 unavailable=0 refreshed=0
Health t=20.147: minimap stage=idle age=5316.9 ms, calls=113 revision=0, submitted/completed/presented=113/113/113, stale=0 unavailable=0 refreshed=133
Health t=20.147: terrain stage=idle age=20146.9 ms
LOD plan: sources=1591, changed finer/coarser=1/1, selected LOD-1=22
Slow stage: terrain frame wall 169.228 ms (inclusive)
Frame 155: wall 169.244 ms, GPU producer 64.003 ms, 2 producer submission(s), streaming work excluded from GPU producer timing; t=20.457, BVH resident/budget 279.0/2048.0 MiB, builds/hits/evictions=138/473/0, scene builds=69
Frame phases 155: pre-render 0.018 ms, prepare 17.048 ms, primary repair 86.857 ms, shadow repair 0.000 ms, producer wait 65.187 ms; observer=2624985.19/1102378.42/2748.48, moved=7.55 m, roam=1, replaced=0, image=1600x900, LOD=1.500, shadows=0, minimap=1
Frame work 155: BVH built/hit/evicted=1/7/0, catalogue/instance/scene builds=1/9/1, cached/scene tiles=138/0, scene 0.0 MiB, selection/detail passes=9/10, fallback ray attempts=3396, GPU build/selection/detail=2.822/4.501/30.638 ms, CPU grouping=28.135 ms; atlas installed/evicted=1/1, I/O=0.502 MiB, resident=27/27
Camera preparation: wall 5.749 ms, GPU LOD 0.015 ms, plans/footprints=69/1
Slow stage: worker iteration wall 169.322 ms (inclusive)
LOD plan: sources=1591, changed finer/coarser=5/1, selected LOD-1=23
Minimap mask: 276x236, 1440000 rays, worker 26.905 ms, GPU 8.392 ms
Minimap publish: request-to-image 26.945 ms
Slow stage: primary repair wall 111.045 ms (inclusive)
Slow stage: terrain frame wall 145.275 ms (inclusive)
Frame 164: wall 145.289 ms, GPU producer 31.205 ms, 2 producer submission(s), streaming work excluded from GPU producer timing; t=20.603, BVH resident/budget 289.3/2048.0 MiB, builds/hits/evictions=139/498/0, scene builds=70
Frame phases 164: pre-render 0.019 ms, prepare 1.978 ms, primary repair 111.045 ms, shadow repair 0.000 ms, producer wait 32.178 ms; observer=2625028.01/1102413.25/2732.25, moved=55.19 m, roam=1, replaced=0, image=1600x900, LOD=1.500, shadows=0, minimap=1
Frame work 164: BVH built/hit/evicted=1/25/0, catalogue/instance/scene builds=1/18/1, cached/scene tiles=139/0, scene 0.0 MiB, selection/detail passes=18/19, fallback ray attempts=108802, GPU build/selection/detail=5.160/7.651/31.660 ms, CPU grouping=39.898 ms; atlas installed/evicted=1/1, I/O=2.004 MiB, resident=27/27
Camera preparation: wall 0.244 ms, GPU LOD 0.004 ms, plans/footprints=70/1
Slow stage: worker iteration wall 145.364 ms (inclusive)
LOD plan: sources=1591, changed finer/coarser=0/1, selected LOD-1=23
Frame 172: wall 34.014 ms, GPU producer 32.335 ms, 1 producer submission(s), resident trace and presentation combined; t=20.637, BVH resident/budget 289.3/2048.0 MiB, builds/hits/evictions=139/498/0, scene builds=71
Frame phases 172: pre-render 0.007 ms, prepare 1.413 ms, primary repair 0.000 ms, shadow repair 0.000 ms, producer wait 32.577 ms; observer=2625062.46/1102440.89/2718.79, moved=44.17 m, roam=1, replaced=0, image=1600x900, LOD=1.500, shadows=0, minimap=1
Frame work 172: BVH built/hit/evicted=0/0/0, catalogue/instance/scene builds=1/1/1, cached/scene tiles=139/112, scene 0.0 MiB, selection/detail passes=0/1, fallback ray attempts=0, GPU build/selection/detail=0.403/0.000/0.000 ms, CPU grouping=0.000 ms; atlas installed/evicted=0/0, I/O=0.000 MiB, resident=27/27
Camera preparation: wall 0.184 ms, GPU LOD 0.004 ms, plans/footprints=71/1
Minimap mask: 276x236, 1440000 rays, worker 10.777 ms, GPU 6.079 ms
Minimap publish: request-to-image 10.882 ms
LOD plan: sources=1591, changed finer/coarser=0/0, selected LOD-1=23
Minimap mask: 276x236, 1440000 rays, worker 10.974 ms, GPU 6.573 ms
Frame 174: wall 34.288 ms, GPU producer 32.391 ms, 1 producer submission(s), resident trace and presentation combined; t=20.671, BVH resident/budget 289.3/2048.0 MiB, builds/hits/evictions=139/498/0, scene builds=72
Frame phases 174: pre-render 0.009 ms, prepare 1.593 ms, primary repair 0.000 ms, shadow repair 0.000 ms, producer wait 32.648 ms; observer=2625071.07/1102447.76/2715.37, moved=11.02 m, roam=1, replaced=0, image=1600x900, LOD=1.500, shadows=0, minimap=1
Frame work 174: BVH built/hit/evicted=0/0/0, catalogue/instance/scene builds=1/1/1, cached/scene tiles=139/112, scene 0.0 MiB, selection/detail passes=0/1, fallback ray attempts=0, GPU build/selection/detail=0.441/0.000/0.000 ms, CPU grouping=0.000 ms; atlas installed/evicted=0/0, I/O=0.000 MiB, resident=27/27
Camera preparation: wall 0.196 ms, GPU LOD 0.004 ms, plans/footprints=72/1
Minimap publish: request-to-image 11.010 ms
LOD plan: sources=1591, changed finer/coarser=0/0, selected LOD-1=23
Frame 176: wall 33.797 ms, GPU producer 32.039 ms, 1 producer submission(s), resident trace and presentation combined; t=20.705, BVH resident/budget 289.3/2048.0 MiB, builds/hits/evictions=139/498/0, scene builds=73
Frame phases 176: pre-render 0.015 ms, prepare 1.469 ms, primary repair 0.000 ms, shadow repair 0.000 ms, producer wait 32.292 ms; observer=2625079.69/1102454.63/2711.93, moved=11.02 m, roam=1, replaced=0, image=1600x900, LOD=1.500, shadows=0, minimap=1
Frame work 176: BVH built/hit/evicted=0/0/0, catalogue/instance/scene builds=1/1/1, cached/scene tiles=139/112, scene 0.0 MiB, selection/detail passes=0/1, fallback ray attempts=0, GPU build/selection/detail=0.460/0.000/0.000 ms, CPU grouping=0.000 ms; atlas installed/evicted=0/0, I/O=0.000 MiB, resident=27/27
Camera preparation: wall 0.187 ms, GPU LOD 0.004 ms, plans/footprints=73/1
Minimap mask: 276x236, 1440000 rays, worker 9.844 ms, GPU 6.093 ms
Minimap publish: request-to-image 9.940 ms
LOD plan: sources=1591, changed finer/coarser=0/0, selected LOD-1=23
Frame 178: wall 35.516 ms, GPU producer 33.607 ms, 1 producer submission(s), resident trace and presentation combined; t=20.741, BVH resident/budget 289.3/2048.0 MiB, builds/hits/evictions=139/498/0, scene builds=74
Frame phases 178: pre-render 0.007 ms, prepare 1.599 ms, primary repair 0.000 ms, shadow repair 0.000 ms, producer wait 33.888 ms; observer=2625088.12/1102461.33/2708.54, moved=10.77 m, roam=1, replaced=0, image=1600x900, LOD=1.500, shadows=0, minimap=1
Frame work 178: BVH built/hit/evicted=0/0/0, catalogue/instance/scene builds=1/1/1, cached/scene tiles=139/112, scene 0.0 MiB, selection/detail passes=0/1, fallback ray attempts=0, GPU build/selection/detail=0.461/0.000/0.000 ms, CPU grouping=0.000 ms; atlas installed/evicted=0/0, I/O=0.000 MiB, resident=27/27
Camera preparation: wall 0.232 ms, GPU LOD 0.004 ms, plans/footprints=74/1
Minimap mask: 276x236, 1440000 rays, worker 12.202 ms, GPU 7.172 ms
Minimap publish: request-to-image 12.291 ms
LOD plan: sources=1591, changed finer/coarser=0/0, selected LOD-1=23
Frame 180: wall 34.208 ms, GPU producer 32.310 ms, 1 producer submission(s), resident trace and presentation combined; t=20.775, BVH resident/budget 289.3/2048.0 MiB, builds/hits/evictions=139/498/0, scene builds=75
Frame phases 180: pre-render 0.016 ms, prepare 1.592 ms, primary repair 0.000 ms, shadow repair 0.000 ms, producer wait 32.574 ms; observer=2625096.93/1102468.32/2704.97, moved=11.24 m, roam=1, replaced=0, image=1600x900, LOD=1.500, shadows=0, minimap=1
Frame work 180: BVH built/hit/evicted=0/0/0, catalogue/instance/scene builds=1/1/1, cached/scene tiles=139/112, scene 0.0 MiB, selection/detail passes=0/1, fallback ray attempts=0, GPU build/selection/detail=0.429/0.000/0.000 ms, CPU grouping=0.000 ms; atlas installed/evicted=0/0, I/O=0.000 MiB, resident=27/27
Camera preparation: wall 0.185 ms, GPU LOD 0.004 ms, plans/footprints=75/1
Minimap mask: 276x236, 1440000 rays, worker 13.653 ms, GPU 6.187 ms
LOD plan: sources=1591, changed finer/coarser=0/0, selected LOD-1=23
Minimap publish: request-to-image 28.265 ms
Frame 182: wall 34.228 ms, GPU producer 32.379 ms, 1 producer submission(s), resident trace and presentation combined; t=20.809, BVH resident/budget 289.3/2048.0 MiB, builds/hits/evictions=139/498/0, scene builds=76
Frame phases 182: pre-render 0.006 ms, prepare 1.582 ms, primary repair 0.000 ms, shadow repair 0.000 ms, producer wait 32.617 ms; observer=2625105.38/1102475.01/2701.53, moved=10.78 m, roam=1, replaced=0, image=1600x900, LOD=1.500, shadows=0, minimap=1
Frame work 182: BVH built/hit/evicted=0/0/0, catalogue/instance/scene builds=1/1/1, cached/scene tiles=139/112, scene 0.0 MiB, selection/detail passes=0/1, fallback ray attempts=0, GPU build/selection/detail=0.426/0.000/0.000 ms, CPU grouping=0.000 ms; atlas installed/evicted=0/0, I/O=0.000 MiB, resident=27/27
Camera preparation: wall 0.170 ms, GPU LOD 0.004 ms, plans/footprints=76/1
Minimap mask: 276x236, 1440000 rays, worker 12.579 ms, GPU 5.318 ms
Minimap publish: request-to-image 12.633 ms
LOD plan: sources=1591, changed finer/coarser=1/0, selected LOD-1=23
Frame 184: wall 33.727 ms, GPU producer 31.827 ms, 1 producer submission(s), resident trace and presentation combined; t=20.843, BVH resident/budget 289.3/2048.0 MiB, builds/hits/evictions=139/498/0, scene builds=77
Frame phases 184: pre-render 0.010 ms, prepare 1.656 ms, primary repair 0.000 ms, shadow repair 0.000 ms, producer wait 32.039 ms; observer=2625114.67/1102482.35/2697.73, moved=11.84 m, roam=1, replaced=0, image=1600x900, LOD=1.500, shadows=0, minimap=1
Frame work 184: BVH built/hit/evicted=0/0/0, catalogue/instance/scene builds=1/1/1, cached/scene tiles=139/112, scene 0.0 MiB, selection/detail passes=0/1, fallback ray attempts=0, GPU build/selection/detail=0.443/0.000/0.000 ms, CPU grouping=0.000 ms; atlas installed/evicted=0/0, I/O=0.000 MiB, resident=27/27
Camera preparation: wall 0.231 ms, GPU LOD 0.004 ms, plans/footprints=77/1
Minimap mask: 276x236, 1440000 rays, worker 17.122 ms, GPU 8.085 ms
LOD plan: sources=1591, changed finer/coarser=0/0, selected LOD-1=23
Minimap publish: request-to-image 32.316 ms
Frame 186: wall 34.394 ms, GPU producer 32.581 ms, 1 producer submission(s), resident trace and presentation combined; t=20.878, BVH resident/budget 289.3/2048.0 MiB, builds/hits/evictions=139/498/0, scene builds=78
Frame phases 186: pre-render 0.006 ms, prepare 1.554 ms, primary repair 0.000 ms, shadow repair 0.000 ms, producer wait 32.813 ms; observer=2625122.62/1102488.63/2694.45, moved=10.13 m, roam=1, replaced=0, image=1600x900, LOD=1.500, shadows=0, minimap=1
Frame work 186: BVH built/hit/evicted=0/0/0, catalogue/instance/scene builds=1/1/1, cached/scene tiles=139/112, scene 0.0 MiB, selection/detail passes=0/1, fallback ray attempts=0, GPU build/selection/detail=0.415/0.000/0.000 ms, CPU grouping=0.000 ms; atlas installed/evicted=0/0, I/O=0.000 MiB, resident=27/27
Camera preparation: wall 0.217 ms, GPU LOD 0.004 ms, plans/footprints=78/1
Minimap mask: 276x236, 1440000 rays, worker 16.549 ms, GPU 6.976 ms
Minimap publish: request-to-image 16.620 ms
LOD plan: sources=1591, changed finer/coarser=0/0, selected LOD-1=23
Frame 188: wall 35.860 ms, GPU producer 33.948 ms, 1 producer submission(s), resident trace and presentation combined; t=20.914, BVH resident/budget 289.3/2048.0 MiB, builds/hits/evictions=139/498/0, scene builds=79
Frame phases 188: pre-render 0.007 ms, prepare 1.644 ms, primary repair 0.000 ms, shadow repair 0.000 ms, producer wait 34.183 ms; observer=2625131.90/1102495.93/2690.61, moved=11.81 m, roam=1, replaced=0, image=1600x900, LOD=1.500, shadows=0, minimap=1
Frame work 188: BVH built/hit/evicted=0/0/0, catalogue/instance/scene builds=1/1/1, cached/scene tiles=139/112, scene 0.0 MiB, selection/detail passes=0/1, fallback ray attempts=0, GPU build/selection/detail=0.445/0.000/0.000 ms, CPU grouping=0.000 ms; atlas installed/evicted=0/0, I/O=0.000 MiB, resident=27/27
Camera preparation: wall 0.228 ms, GPU LOD 0.004 ms, plans/footprints=79/1
Minimap mask: 276x236, 1440000 rays, worker 20.784 ms, GPU 6.082 ms
LOD plan: sources=1591, changed finer/coarser=1/1, selected LOD-1=23
Minimap publish: request-to-image 32.342 ms
Frame 190: wall 35.559 ms, GPU producer 33.715 ms, 1 producer submission(s), resident trace and presentation combined; t=20.949, BVH resident/budget 289.3/2048.0 MiB, builds/hits/evictions=139/498/0, scene builds=80
Minimap mask: 276x236, 1440000 rays, worker 21.056 ms, GPU 3.837 ms
Frame phases 190: pre-render 0.012 ms, prepare 1.573 ms, primary repair 0.000 ms, shadow repair 0.000 ms, producer wait 33.952 ms; observer=2625139.83/1102502.18/2687.30, moved=10.10 m, roam=1, replaced=0, image=1600x900, LOD=1.500, shadows=0, minimap=1
Frame work 190: BVH built/hit/evicted=0/0/0, catalogue/instance/scene builds=1/1/1, cached/scene tiles=139/112, scene 0.0 MiB, selection/detail passes=0/1, fallback ray attempts=0, GPU build/selection/detail=0.440/0.000/0.000 ms, CPU grouping=0.000 ms; atlas installed/evicted=0/0, I/O=0.000 MiB, resident=27/27
Camera preparation: wall 0.207 ms, GPU LOD 0.004 ms, plans/footprints=80/1
LOD plan: sources=1591, changed finer/coarser=0/0, selected LOD-1=23
Minimap publish: request-to-image 24.851 ms
Frame 192: wall 34.862 ms, GPU producer 32.747 ms, 1 producer submission(s), resident trace and presentation combined; t=20.984, BVH resident/budget 289.3/2048.0 MiB, builds/hits/evictions=139/498/0, scene builds=81
Frame phases 192: pre-render 0.011 ms, prepare 1.797 ms, primary repair 0.000 ms, shadow repair 0.000 ms, producer wait 33.031 ms; observer=2625149.13/1102509.51/2683.41, moved=11.84 m, roam=1, replaced=0, image=1600x900, LOD=1.500, shadows=0, minimap=1
Frame work 192: BVH built/hit/evicted=0/0/0, catalogue/instance/scene builds=1/1/1, cached/scene tiles=139/112, scene 0.0 MiB, selection/detail passes=0/1, fallback ray attempts=0, GPU build/selection/detail=0.663/0.000/0.000 ms, CPU grouping=0.000 ms; atlas installed/evicted=0/0, I/O=0.000 MiB, resident=27/27
Camera preparation: wall 0.195 ms, GPU LOD 0.003 ms, plans/footprints=81/1
Minimap mask: 276x236, 1440000 rays, worker 24.706 ms, GPU 7.420 ms
LOD plan: sources=1591, changed finer/coarser=1/0, selected LOD-1=23
Minimap publish: request-to-image 25.473 ms
Frame 194: wall 36.160 ms, GPU producer 33.759 ms, 1 producer submission(s), resident trace and presentation combined; t=21.020, BVH resident/budget 289.3/2048.0 MiB, builds/hits/evictions=139/498/0, scene builds=82
Frame phases 194: pre-render 0.007 ms, prepare 1.577 ms, primary repair 0.000 ms, shadow repair 0.000 ms, producer wait 34.551 ms; observer=2625157.04/1102515.75/2680.08, moved=10.08 m, roam=1, replaced=0, image=1600x900, LOD=1.500, shadows=0, minimap=1
Frame work 194: BVH built/hit/evicted=0/0/0, catalogue/instance/scene builds=1/1/1, cached/scene tiles=139/112, scene 0.0 MiB, selection/detail passes=0/1, fallback ray attempts=0, GPU build/selection/detail=0.429/0.000/0.000 ms, CPU grouping=0.000 ms; atlas installed/evicted=0/0, I/O=0.000 MiB, resident=27/27
Camera preparation: wall 0.194 ms, GPU LOD 0.004 ms, plans/footprints=82/1
Minimap mask: 276x236, 1440000 rays, worker 27.673 ms, GPU 10.849 ms
Minimap publish: request-to-image 27.704 ms
LOD plan: sources=1591, changed finer/coarser=1/1, selected LOD-1=23
Minimap mask: 276x236, 1440000 rays, worker 32.709 ms, GPU 8.890 ms
Minimap publish: request-to-image 32.745 ms
Slow stage: terrain frame wall 129.289 ms (inclusive)
Frame 196: wall 129.296 ms, GPU producer 34.855 ms, 2 producer submission(s), streaming work excluded from GPU producer timing; t=21.150, BVH resident/budget 291.9/2048.0 MiB, builds/hits/evictions=140/512/0, scene builds=83
Frame phases 196: pre-render 0.009 ms, prepare 3.561 ms, primary repair 89.624 ms, shadow repair 0.000 ms, producer wait 36.006 ms; observer=2625165.85/1102522.69/2676.36, moved=11.21 m, roam=1, replaced=0, image=1600x900, LOD=1.500, shadows=0, minimap=1
Frame work 196: BVH built/hit/evicted=1/14/0, catalogue/instance/scene builds=1/13/1, cached/scene tiles=140/0, scene 0.0 MiB, selection/detail passes=13/14, fallback ray attempts=7454, GPU build/selection/detail=2.222/6.563/30.771 ms, CPU grouping=28.152 ms; atlas installed/evicted=1/1, I/O=0.502 MiB, resident=27/27
Camera preparation: wall 1.976 ms, GPU LOD 0.077 ms, plans/footprints=83/1
Slow stage: worker iteration wall 129.365 ms (inclusive)
LOD plan: sources=1591, changed finer/coarser=0/2, selected LOD-1=23
Health t=21.152: memory ok footprint/resident 745.8/425.4 MiB, Metal allocated/recommended 629.6/18186.2 MiB, thermal=0
Health t=21.152: worker stage=render age=2.2 ms, calls=254 revision=196, submitted/completed/presented=0/0/0, stale=0 unavailable=0 refreshed=0
Health t=21.152: display stage=idle age=27.9 ms, calls=611 revision=194, submitted/completed/presented=611/611/611, stale=0 unavailable=0 refreshed=0
Health t=21.152: minimap stage=idle age=93.5 ms, calls=127 revision=0, submitted/completed/presented=127/127/127, stale=0 unavailable=0 refreshed=152
Health t=21.152: terrain stage=producer wait age=0.7 ms
Frame 204: wall 34.099 ms, GPU producer 32.283 ms, 1 producer submission(s), resident trace and presentation combined; t=21.184, BVH resident/budget 291.9/2048.0 MiB, builds/hits/evictions=140/512/0, scene builds=84
Frame phases 204: pre-render 0.014 ms, prepare 1.495 ms, primary repair 0.000 ms, shadow repair 0.000 ms, producer wait 32.567 ms; observer=2625200.24/1102549.79/2661.73, moved=43.79 m, roam=1, replaced=0, image=1600x900, LOD=1.500, shadows=0, minimap=1
Minimap mask: 276x236, 1440000 rays, worker 25.023 ms, GPU 7.563 ms
Frame work 204: BVH built/hit/evicted=0/0/0, catalogue/instance/scene builds=1/1/1, cached/scene tiles=140/112, scene 0.0 MiB, selection/detail passes=0/1, fallback ray attempts=0, GPU build/selection/detail=0.447/0.000/0.000 ms, CPU grouping=0.000 ms; atlas installed/evicted=0/0, I/O=0.000 MiB, resident=27/27
Camera preparation: wall 0.178 ms, GPU LOD 0.004 ms, plans/footprints=84/1
LOD plan: sources=1591, changed finer/coarser=0/0, selected LOD-1=23
Minimap publish: request-to-image 26.050 ms
Frame 206: wall 34.702 ms, GPU producer 32.608 ms, 1 producer submission(s), resident trace and presentation combined; t=21.219, BVH resident/budget 291.9/2048.0 MiB, builds/hits/evictions=140/512/0, scene builds=85
Frame phases 206: pre-render 0.008 ms, prepare 1.660 ms, primary repair 0.000 ms, shadow repair 0.000 ms, producer wait 33.011 ms; observer=2625208.85/1102556.57/2658.06, moved=10.95 m, roam=1, replaced=0, image=1600x900, LOD=1.500, shadows=0, minimap=1
Frame work 206: BVH built/hit/evicted=0/0/0, catalogue/instance/scene builds=1/1/1, cached/scene tiles=140/112, scene 0.0 MiB, selection/detail passes=0/1, fallback ray attempts=0, GPU build/selection/detail=0.437/0.000/0.000 ms, CPU grouping=0.000 ms; atlas installed/evicted=0/0, I/O=0.000 MiB, resident=27/27
Camera preparation: wall 0.222 ms, GPU LOD 0.003 ms, plans/footprints=85/1
Minimap mask: 276x236, 1440000 rays, worker 26.209 ms, GPU 11.822 ms
Minimap publish: request-to-image 27.194 ms
LOD plan: sources=1591, changed finer/coarser=0/0, selected LOD-1=23
Minimap mask: 276x236, 1440000 rays, worker 29.318 ms, GPU 5.701 ms
Frame 208: wall 36.159 ms, GPU producer 32.470 ms, 1 producer submission(s), resident trace and presentation combined; t=21.255, BVH resident/budget 291.9/2048.0 MiB, builds/hits/evictions=140/512/0, scene builds=86
Frame phases 208: pre-render 0.066 ms, prepare 3.371 ms, primary repair 0.000 ms, shadow repair 0.000 ms, producer wait 32.693 ms; observer=2625217.24/1102563.18/2654.48, moved=10.68 m, roam=1, replaced=0, image=1600x900, LOD=1.500, shadows=0, minimap=1
Frame work 208: BVH built/hit/evicted=0/0/0, catalogue/instance/scene builds=1/1/1, cached/scene tiles=140/112, scene 0.0 MiB, selection/detail passes=0/1, fallback ray attempts=0, GPU build/selection/detail=0.488/0.000/0.000 ms, CPU grouping=0.000 ms; atlas installed/evicted=0/0, I/O=0.000 MiB, resident=27/27
Camera preparation: wall 1.778 ms, GPU LOD 0.097 ms, plans/footprints=86/1
LOD plan: sources=1591, changed finer/coarser=0/1, selected LOD-1=23
Minimap publish: request-to-image 32.914 ms
Frame 210: wall 36.507 ms, GPU producer 34.542 ms, 1 producer submission(s), resident trace and presentation combined; t=21.292, BVH resident/budget 291.9/2048.0 MiB, builds/hits/evictions=140/512/0, scene builds=87
Frame phases 210: pre-render 0.018 ms, prepare 1.593 ms, primary repair 0.000 ms, shadow repair 0.000 ms, producer wait 34.874 ms; observer=2625225.82/1102569.95/2650.81, moved=10.93 m, roam=1, replaced=0, image=1600x900, LOD=1.500, shadows=0, minimap=1
Frame work 210: BVH built/hit/evicted=0/0/0, catalogue/instance/scene builds=1/1/1, cached/scene tiles=140/112, scene 0.0 MiB, selection/detail passes=0/1, fallback ray attempts=0, GPU build/selection/detail=0.434/0.000/0.000 ms, CPU grouping=0.000 ms; atlas installed/evicted=0/0, I/O=0.000 MiB, resident=27/27
Minimap mask: 276x236, 1440000 rays, worker 30.690 ms, GPU 8.335 ms
Minimap publish: request-to-image 30.781 ms
Camera preparation: wall 0.205 ms, GPU LOD 0.004 ms, plans/footprints=87/1
LOD plan: sources=1591, changed finer/coarser=1/0, selected LOD-1=23
Minimap mask: 276x236, 1440000 rays, worker 1.961 ms, GPU 1.221 ms
Minimap publish: request-to-image 2.004 ms
Frame 214: wall 36.768 ms, GPU producer 34.717 ms, 1 producer submission(s), resident trace and presentation combined; t=21.328, BVH resident/budget 291.9/2048.0 MiB, builds/hits/evictions=140/512/0, scene builds=88
Frame phases 214: pre-render 0.011 ms, prepare 1.676 ms, primary repair 0.000 ms, shadow repair 0.000 ms, producer wait 35.050 ms; observer=2625243.23/1102583.66/2643.37, moved=22.16 m, roam=1, replaced=0, image=1600x900, LOD=1.500, shadows=0, minimap=1
Frame work 214: BVH built/hit/evicted=0/0/0, catalogue/instance/scene builds=1/1/1, cached/scene tiles=140/112, scene 0.0 MiB, selection/detail passes=0/1, fallback ray attempts=0, GPU build/selection/detail=0.435/0.000/0.000 ms, CPU grouping=0.000 ms; atlas installed/evicted=0/0, I/O=0.000 MiB, resident=27/27
Camera preparation: wall 0.217 ms, GPU LOD 0.004 ms, plans/footprints=88/1
LOD plan: sources=1591, changed finer/coarser=0/0, selected LOD-1=23
Frame 216: wall 36.615 ms, GPU producer 34.450 ms, 1 producer submission(s), resident trace and presentation combined; t=21.365, BVH resident/budget 291.9/2048.0 MiB, builds/hits/evictions=140/512/0, scene builds=89
Frame phases 216: pre-render 0.009 ms, prepare 1.889 ms, primary repair 0.000 ms, shadow repair 0.000 ms, producer wait 34.688 ms; observer=2625251.81/1102590.43/2639.70, moved=10.93 m, roam=1, replaced=0, image=1600x900, LOD=1.500, shadows=0, minimap=1
Frame work 216: BVH built/hit/evicted=0/0/0, catalogue/instance/scene builds=1/1/1, cached/scene tiles=140/112, scene 0.0 MiB, selection/detail passes=0/1, fallback ray attempts=0, GPU build/selection/detail=0.448/0.000/0.000 ms, CPU grouping=0.000 ms; atlas installed/evicted=0/0, I/O=0.000 MiB, resident=27/27
Camera preparation: wall 0.223 ms, GPU LOD 0.004 ms, plans/footprints=89/1
Minimap mask: 276x236, 1440000 rays, worker 5.762 ms, GPU 4.340 ms
LOD plan: sources=1591, changed finer/coarser=0/0, selected LOD-1=23
Minimap publish: request-to-image 8.947 ms
Frame 218: wall 34.956 ms, GPU producer 33.077 ms, 1 producer submission(s), resident trace and presentation combined; t=21.400, BVH resident/budget 291.9/2048.0 MiB, builds/hits/evictions=140/512/0, scene builds=90
Frame phases 218: pre-render 0.008 ms, prepare 1.560 ms, primary repair 0.000 ms, shadow repair 0.000 ms, producer wait 33.362 ms; observer=2625260.40/1102597.20/2636.03, moved=10.94 m, roam=1, replaced=0, image=1600x900, LOD=1.500, shadows=0, minimap=1
Frame work 218: BVH built/hit/evicted=0/0/0, catalogue/instance/scene builds=1/1/1, cached/scene tiles=140/112, scene 0.0 MiB, selection/detail passes=0/1, fallback ray attempts=0, GPU build/selection/detail=0.404/0.000/0.000 ms, CPU grouping=0.000 ms; atlas installed/evicted=0/0, I/O=0.000 MiB, resident=27/27
Camera preparation: wall 0.194 ms, GPU LOD 0.004 ms, plans/footprints=90/1
Minimap mask: 276x236, 1440000 rays, worker 6.786 ms, GPU 5.256 ms
LOD plan: sources=1591, changed finer/coarser=0/0, selected LOD-1=23
Minimap publish: request-to-image 8.268 ms
Frame 220: wall 36.862 ms, GPU producer 34.878 ms, 1 producer submission(s), resident trace and presentation combined; t=21.437, BVH resident/budget 291.9/2048.0 MiB, builds/hits/evictions=140/512/0, scene builds=91
Frame phases 220: pre-render 0.008 ms, prepare 1.696 ms, primary repair 0.000 ms, shadow repair 0.000 ms, producer wait 35.135 ms; observer=2625269.00/1102603.99/2632.35, moved=10.96 m, roam=1, replaced=0, image=1600x900, LOD=1.500, shadows=0, minimap=1
Frame work 220: BVH built/hit/evicted=0/0/0, catalogue/instance/scene builds=1/1/1, cached/scene tiles=140/112, scene 0.0 MiB, selection/detail passes=0/1, fallback ray attempts=0, GPU build/selection/detail=0.403/0.000/0.000 ms, CPU grouping=0.000 ms; atlas installed/evicted=0/0, I/O=0.000 MiB, resident=27/27
Camera preparation: wall 0.193 ms, GPU LOD 0.004 ms, plans/footprints=91/1
Minimap mask: 276x236, 1440000 rays, worker 10.815 ms, GPU 6.228 ms
Minimap publish: request-to-image 10.942 ms
LOD plan: sources=1591, changed finer/coarser=1/1, selected LOD-1=24
Minimap mask: 276x236, 1440000 rays, worker 12.967 ms, GPU 4.646 ms
Minimap publish: request-to-image 13.001 ms
Slow stage: terrain frame wall 109.017 ms (inclusive)
Frame 222: wall 109.028 ms, GPU producer 34.302 ms, 2 producer submission(s), streaming work excluded from GPU producer timing; t=21.546, BVH resident/budget 302.1/2048.0 MiB, builds/hits/evictions=141/519/0, scene builds=92
Frame phases 222: pre-render 0.017 ms, prepare 1.652 ms, primary repair 71.757 ms, shadow repair 0.000 ms, producer wait 35.513 ms; observer=2625277.58/1102610.77/2628.68, moved=10.93 m, roam=1, replaced=0, image=1600x900, LOD=1.500, shadows=0, minimap=1
Frame work 222: BVH built/hit/evicted=1/7/0, catalogue/instance/scene builds=1/6/1, cached/scene tiles=141/0, scene 0.0 MiB, selection/detail passes=6/7, fallback ray attempts=127240, GPU build/selection/detail=4.612/3.107/32.584 ms, CPU grouping=16.630 ms; atlas installed/evicted=1/1, I/O=2.004 MiB, resident=27/27
Camera preparation: wall 0.199 ms, GPU LOD 0.004 ms, plans/footprints=92/1
Slow stage: worker iteration wall 109.096 ms (inclusive)
LOD plan: sources=1591, changed finer/coarser=0/1, selected LOD-1=24
Frame 228: wall 33.449 ms, GPU producer 31.471 ms, 1 producer submission(s), resident trace and presentation combined; t=21.580, BVH resident/budget 302.1/2048.0 MiB, builds/hits/evictions=141/519/0, scene builds=93
Frame phases 228: pre-render 0.007 ms, prepare 1.586 ms, primary repair 0.000 ms, shadow repair 0.000 ms, producer wait 31.832 ms; observer=2625303.34/1102631.14/2617.65, moved=32.84 m, roam=1, replaced=0, image=1600x900, LOD=1.500, shadows=0, minimap=1
Frame work 228: BVH built/hit/evicted=0/0/0, catalogue/instance/scene builds=1/1/1, cached/scene tiles=141/112, scene 0.0 MiB, selection/detail passes=0/1, fallback ray attempts=0, GPU build/selection/detail=0.450/0.000/0.000 ms, CPU grouping=0.000 ms; atlas installed/evicted=0/0, I/O=0.000 MiB, resident=27/27
Camera preparation: wall 0.190 ms, GPU LOD 0.004 ms, plans/footprints=93/1
Minimap mask: 276x236, 1440000 rays, worker 20.264 ms, GPU 6.715 ms
Minimap publish: request-to-image 20.327 ms
LOD plan: sources=1591, changed finer/coarser=1/0, selected LOD-1=24
Minimap mask: 276x236, 1440000 rays, worker 24.462 ms, GPU 11.269 ms
Frame 230: wall 37.502 ms, GPU producer 33.215 ms, 1 producer submission(s), resident trace and presentation combined; t=21.617, BVH resident/budget 302.1/2048.0 MiB, builds/hits/evictions=141/519/0, scene builds=94
Frame phases 230: pre-render 0.009 ms, prepare 3.911 ms, primary repair 0.000 ms, shadow repair 0.000 ms, producer wait 33.503 ms; observer=2625311.81/1102637.85/2614.02, moved=10.81 m, roam=1, replaced=0, image=1600x900, LOD=1.500, shadows=0, minimap=1
Frame work 230: BVH built/hit/evicted=0/0/0, catalogue/instance/scene builds=1/1/1, cached/scene tiles=141/112, scene 0.0 MiB, selection/detail passes=0/1, fallback ray attempts=0, GPU build/selection/detail=0.431/0.000/0.000 ms, CPU grouping=0.000 ms; atlas installed/evicted=0/0, I/O=0.000 MiB, resident=27/27
Camera preparation: wall 0.178 ms, GPU LOD 0.004 ms, plans/footprints=94/1
LOD plan: sources=1591, changed finer/coarser=0/1, selected LOD-1=24
Minimap publish: request-to-image 27.055 ms
Frame 232: wall 38.755 ms, GPU producer 36.727 ms, 1 producer submission(s), resident trace and presentation combined; t=21.656, BVH resident/budget 302.1/2048.0 MiB, builds/hits/evictions=141/519/0, scene builds=95
Frame phases 232: pre-render 0.007 ms, prepare 1.702 ms, primary repair 0.000 ms, shadow repair 0.000 ms, producer wait 37.021 ms; observer=2625320.44/1102644.69/2610.32, moved=11.02 m, roam=1, replaced=0, image=1600x900, LOD=1.500, shadows=0, minimap=1
Frame work 232: BVH built/hit/evicted=0/0/0, catalogue/instance/scene builds=1/1/1, cached/scene tiles=141/112, scene 0.0 MiB, selection/detail passes=0/1, fallback ray attempts=0, GPU build/selection/detail=0.408/0.000/0.000 ms, CPU grouping=0.000 ms; atlas installed/evicted=0/0, I/O=0.000 MiB, resident=27/27
Camera preparation: wall 0.211 ms, GPU LOD 0.004 ms, plans/footprints=95/1
Minimap mask: 276x236, 1440000 rays, worker 29.552 ms, GPU 9.288 ms
LOD plan: sources=1591, changed finer/coarser=0/0, selected LOD-1=24
Minimap publish: request-to-image 30.340 ms
Minimap mask: 276x236, 1440000 rays, worker 34.534 ms, GPU 7.641 ms
Frame 236: wall 38.207 ms, GPU producer 35.846 ms, 1 producer submission(s), resident trace and presentation combined; t=21.694, BVH resident/budget 302.1/2048.0 MiB, builds/hits/evictions=141/519/0, scene builds=96
Frame phases 236: pre-render 0.038 ms, prepare 1.983 ms, primary repair 0.000 ms, shadow repair 0.000 ms, producer wait 36.144 ms; observer=2625337.41/1102658.17/2603.04, moved=21.67 m, roam=1, replaced=0, image=1600x900, LOD=1.500, shadows=0, minimap=1
Frame work 236: BVH built/hit/evicted=0/0/0, catalogue/instance/scene builds=1/1/1, cached/scene tiles=141/112, scene 0.0 MiB, selection/detail passes=0/1, fallback ray attempts=0, GPU build/selection/detail=0.454/0.000/0.000 ms, CPU grouping=0.000 ms; atlas installed/evicted=0/0, I/O=0.000 MiB, resident=27/27
Camera preparation: wall 0.190 ms, GPU LOD 0.004 ms, plans/footprints=96/1
Minimap publish: request-to-image 34.574 ms
LOD plan: sources=1591, changed finer/coarser=0/0, selected LOD-1=24
Minimap mask: 276x236, 1440000 rays, worker 5.597 ms, GPU 4.243 ms
Frame 238: wall 37.366 ms, GPU producer 35.384 ms, 1 producer submission(s), resident trace and presentation combined; t=21.732, BVH resident/budget 302.1/2048.0 MiB, builds/hits/evictions=141/519/0, scene builds=97
Frame phases 238: pre-render 0.016 ms, prepare 1.694 ms, primary repair 0.000 ms, shadow repair 0.000 ms, producer wait 35.627 ms; observer=2625346.17/1102665.15/2599.28, moved=11.20 m, roam=1, replaced=0, image=1600x900, LOD=1.500, shadows=0, minimap=1
Frame work 238: BVH built/hit/evicted=0/0/0, catalogue/instance/scene builds=1/1/1, cached/scene tiles=141/112, scene 0.0 MiB, selection/detail passes=0/1, fallback ray attempts=0, GPU build/selection/detail=0.409/0.000/0.000 ms, CPU grouping=0.000 ms; atlas installed/evicted=0/0, I/O=0.000 MiB, resident=27/27
Camera preparation: wall 0.235 ms, GPU LOD 0.004 ms, plans/footprints=97/1
LOD plan: sources=1591, changed finer/coarser=1/0, selected LOD-1=25
Minimap publish: request-to-image 8.636 ms
Minimap mask: 276x236, 1440000 rays, worker 9.520 ms, GPU 5.489 ms
Minimap publish: request-to-image 9.557 ms
Slow stage: terrain frame wall 107.465 ms (inclusive)
Frame 240: wall 107.478 ms, GPU producer 35.684 ms, 2 producer submission(s), streaming work excluded from GPU producer timing; t=21.840, BVH resident/budget 312.4/2048.0 MiB, builds/hits/evictions=142/523/0, scene builds=98
Frame phases 240: pre-render 0.026 ms, prepare 1.741 ms, primary repair 68.805 ms, shadow repair 0.000 ms, producer wait 36.808 ms; observer=2625354.73/1102671.97/2595.61, moved=10.94 m, roam=1, replaced=0, image=1600x900, LOD=1.500, shadows=0, minimap=1
Frame work 240: BVH built/hit/evicted=1/4/0, catalogue/instance/scene builds=1/6/1, cached/scene tiles=142/0, scene 0.0 MiB, selection/detail passes=6/7, fallback ray attempts=1456, GPU build/selection/detail=4.698/3.126/31.898 ms, CPU grouping=16.116 ms; atlas installed/evicted=1/1, I/O=2.004 MiB, resident=27/27
Camera preparation: wall 0.201 ms, GPU LOD 0.003 ms, plans/footprints=98/1
Slow stage: worker iteration wall 107.551 ms (inclusive)
LOD plan: sources=1591, changed finer/coarser=0/0, selected LOD-1=25
Frame 246: wall 35.685 ms, GPU producer 33.603 ms, 1 producer submission(s), resident trace and presentation combined; t=21.875, BVH resident/budget 312.4/2048.0 MiB, builds/hits/evictions=142/523/0, scene builds=99
Frame phases 246: pre-render 0.009 ms, prepare 1.741 ms, primary repair 0.000 ms, shadow repair 0.000 ms, producer wait 33.911 ms; observer=2625380.36/1102692.49/2584.58, moved=32.84 m, roam=1, replaced=0, image=1600x900, LOD=1.500, shadows=0, minimap=1
Frame work 246: BVH built/hit/evicted=0/0/0, catalogue/instance/scene builds=1/1/1, cached/scene tiles=142/112, scene 0.0 MiB, selection/detail passes=0/1, fallback ray attempts=0, GPU build/selection/detail=0.470/0.000/0.000 ms, CPU grouping=0.000 ms; atlas installed/evicted=0/0, I/O=0.000 MiB, resident=27/27
Camera preparation: wall 0.199 ms, GPU LOD 0.004 ms, plans/footprints=99/1
Minimap mask: 276x236, 1440000 rays, worker 15.416 ms, GPU 8.076 ms
Minimap publish: request-to-image 15.502 ms
LOD plan: sources=1591, changed finer/coarser=0/0, selected LOD-1=25
Frame 248: wall 35.691 ms, GPU producer 33.484 ms, 1 producer submission(s), resident trace and presentation combined; t=21.911, BVH resident/budget 312.4/2048.0 MiB, builds/hits/evictions=142/523/0, scene builds=100
Frame phases 248: pre-render 0.006 ms, prepare 1.792 ms, primary repair 0.000 ms, shadow repair 0.000 ms, producer wait 33.867 ms; observer=2625388.88/1102699.34/2580.91, moved=10.93 m, roam=1, replaced=0, image=1600x900, LOD=1.500, shadows=0, minimap=1
Frame work 248: BVH built/hit/evicted=0/0/0, catalogue/instance/scene builds=1/1/1, cached/scene tiles=142/112, scene 0.0 MiB, selection/detail passes=0/1, fallback ray attempts=0, GPU build/selection/detail=0.447/0.000/0.000 ms, CPU grouping=0.000 ms; atlas installed/evicted=0/0, I/O=0.000 MiB, resident=27/27
Camera preparation: wall 0.186 ms, GPU LOD 0.004 ms, plans/footprints=100/1
Minimap mask: 276x236, 1440000 rays, worker 15.590 ms, GPU 8.566 ms
Minimap publish: request-to-image 15.720 ms
LOD plan: sources=1591, changed finer/coarser=0/0, selected LOD-1=25
Minimap mask: 276x236, 1440000 rays, worker 18.320 ms, GPU 7.865 ms
Frame 250: wall 35.551 ms, GPU producer 33.519 ms, 1 producer submission(s), resident trace and presentation combined; t=21.947, BVH resident/budget 312.4/2048.0 MiB, builds/hits/evictions=142/523/0, scene builds=101
Frame phases 250: pre-render 0.058 ms, prepare 1.636 ms, primary repair 0.000 ms, shadow repair 0.000 ms, producer wait 33.830 ms; observer=2625397.30/1102706.12/2577.28, moved=10.80 m, roam=1, replaced=0, image=1600x900, LOD=1.500, shadows=0, minimap=1
Frame work 250: BVH built/hit/evicted=0/0/0, catalogue/instance/scene builds=1/1/1, cached/scene tiles=142/112, scene 0.0 MiB, selection/detail passes=0/1, fallback ray attempts=0, GPU build/selection/detail=0.442/0.000/0.000 ms, CPU grouping=0.000 ms; atlas installed/evicted=0/0, I/O=0.000 MiB, resident=27/27
Camera preparation: wall 0.208 ms, GPU LOD 0.004 ms, plans/footprints=101/1
Minimap publish: request-to-image 18.354 ms
LOD plan: sources=1591, changed finer/coarser=0/0, selected LOD-1=25
Frame 252: wall 35.683 ms, GPU producer 33.844 ms, 1 producer submission(s), resident trace and presentation combined; t=21.982, BVH resident/budget 312.4/2048.0 MiB, builds/hits/evictions=142/523/0, scene builds=102
Frame phases 252: pre-render 0.013 ms, prepare 1.573 ms, primary repair 0.000 ms, shadow repair 0.000 ms, producer wait 34.077 ms; observer=2625405.92/1102713.08/2573.56, moved=11.09 m, roam=1, replaced=0, image=1600x900, LOD=1.500, shadows=0, minimap=1
Frame work 252: BVH built/hit/evicted=0/0/0, catalogue/instance/scene builds=1/1/1, cached/scene tiles=142/112, scene 0.0 MiB, selection/detail passes=0/1, fallback ray attempts=0, GPU build/selection/detail=0.443/0.000/0.000 ms, CPU grouping=0.000 ms; atlas installed/evicted=0/0, I/O=0.000 MiB, resident=27/27
Camera preparation: wall 0.202 ms, GPU LOD 0.004 ms, plans/footprints=102/1
Minimap mask: 276x236, 1440000 rays, worker 21.052 ms, GPU 8.117 ms
LOD plan: sources=1591, changed finer/coarser=0/0, selected LOD-1=25
Minimap publish: request-to-image 23.614 ms
Minimap mask: 276x236, 1440000 rays, worker 23.445 ms, GPU 9.957 ms
Frame 254: wall 35.564 ms, GPU producer 33.741 ms, 1 producer submission(s), resident trace and presentation combined; t=22.018, BVH resident/budget 312.4/2048.0 MiB, builds/hits/evictions=142/523/0, scene builds=103
Frame phases 254: pre-render 0.009 ms, prepare 1.514 ms, primary repair 0.000 ms, shadow repair 0.000 ms, producer wait 33.972 ms; observer=2625414.35/1102719.90/2569.92, moved=10.83 m, roam=1, replaced=0, image=1600x900, LOD=1.500, shadows=0, minimap=1
Frame work 254: BVH built/hit/evicted=0/0/0, catalogue/instance/scene builds=1/1/1, cached/scene tiles=142/112, scene 0.0 MiB, selection/detail passes=0/1, fallback ray attempts=0, GPU build/selection/detail=0.431/0.000/0.000 ms, CPU grouping=0.000 ms; atlas installed/evicted=0/0, I/O=0.000 MiB, resident=27/27
Camera preparation: wall 0.185 ms, GPU LOD 0.004 ms, plans/footprints=103/1
LOD plan: sources=1591, changed finer/coarser=1/0, selected LOD-1=26
Minimap publish: request-to-image 24.890 ms
Minimap mask: 276x236, 1440000 rays, worker 27.612 ms, GPU 11.520 ms
Minimap publish: request-to-image 28.720 ms
Slow stage: terrain frame wall 115.492 ms (inclusive)
Frame 256: wall 115.498 ms, GPU producer 33.682 ms, 2 producer submission(s), streaming work excluded from GPU producer timing; t=22.134, BVH resident/budget 322.6/2048.0 MiB, builds/hits/evictions=143/530/0, scene builds=104
Frame phases 256: pre-render 0.009 ms, prepare 3.459 ms, primary repair 76.020 ms, shadow repair 0.000 ms, producer wait 35.903 ms; observer=2625422.93/1102726.85/2566.21, moved=11.04 m, roam=1, replaced=0, image=1600x900, LOD=1.500, shadows=0, minimap=1
Frame work 256: BVH built/hit/evicted=1/7/0, catalogue/instance/scene builds=1/7/1, cached/scene tiles=143/0, scene 0.0 MiB, selection/detail passes=7/8, fallback ray attempts=104080, GPU build/selection/detail=5.375/3.485/34.845 ms, CPU grouping=18.543 ms; atlas installed/evicted=1/1, I/O=2.004 MiB, resident=27/27
Camera preparation: wall 0.203 ms, GPU LOD 0.004 ms, plans/footprints=104/1
Slow stage: worker iteration wall 115.553 ms (inclusive)
LOD plan: sources=1591, changed finer/coarser=0/0, selected LOD-1=26
Health t=22.156: memory ok footprint/resident 775.6/437.9 MiB, Metal allocated/recommended 660.4/18186.2 MiB, thermal=0
Health t=22.156: worker stage=render age=22.5 ms, calls=275 revision=256, submitted/completed/presented=0/0/0, stale=0 unavailable=0 refreshed=0
Health t=22.156: display stage=idle age=32.0 ms, calls=641 revision=254, submitted/completed/presented=641/641/640, stale=0 unavailable=0 refreshed=0
Health t=22.156: minimap stage=idle age=100.4 ms, calls=148 revision=0, submitted/completed/presented=148/148/148, stale=0 unavailable=0 refreshed=176
Health t=22.156: terrain stage=producer wait age=21.1 ms
Frame 264: wall 35.121 ms, GPU producer 33.471 ms, 1 producer submission(s), resident trace and presentation combined; t=22.169, BVH resident/budget 322.6/2048.0 MiB, builds/hits/evictions=143/530/0, scene builds=105
Frame phases 264: pre-render 0.009 ms, prepare 1.404 ms, primary repair 0.000 ms, shadow repair 0.000 ms, producer wait 33.690 ms; observer=2625456.85/1102754.50/2551.52, moved=43.76 m, roam=1, replaced=0, image=1600x900, LOD=1.500, shadows=0, minimap=1
Frame work 264: BVH built/hit/evicted=0/0/0, catalogue/instance/scene builds=1/1/1, cached/scene tiles=143/112, scene 0.0 MiB, selection/detail passes=0/1, fallback ray attempts=0, GPU build/selection/detail=0.412/0.000/0.000 ms, CPU grouping=0.000 ms; atlas installed/evicted=0/0, I/O=0.000 MiB, resident=27/27
Camera preparation: wall 0.172 ms, GPU LOD 0.004 ms, plans/footprints=105/1
Minimap mask: 276x236, 1440000 rays, worker 9.240 ms, GPU 6.688 ms
Minimap publish: request-to-image 9.302 ms
LOD plan: sources=1591, changed finer/coarser=0/0, selected LOD-1=26
Frame 266: wall 35.814 ms, GPU producer 33.897 ms, 1 producer submission(s), resident trace and presentation combined; t=22.205, BVH resident/budget 322.6/2048.0 MiB, builds/hits/evictions=143/530/0, scene builds=106
Frame phases 266: pre-render 0.005 ms, prepare 1.616 ms, primary repair 0.000 ms, shadow repair 0.000 ms, producer wait 34.170 ms; observer=2625465.32/1102761.43/2547.84, moved=10.95 m, roam=1, replaced=0, image=1600x900, LOD=1.500, shadows=0, minimap=1
Frame work 266: BVH built/hit/evicted=0/0/0, catalogue/instance/scene builds=1/1/1, cached/scene tiles=143/112, scene 0.0 MiB, selection/detail passes=0/1, fallback ray attempts=0, GPU build/selection/detail=0.443/0.000/0.000 ms, CPU grouping=0.000 ms; atlas installed/evicted=0/0, I/O=0.000 MiB, resident=27/27
Camera preparation: wall 0.224 ms, GPU LOD 0.004 ms, plans/footprints=106/1
Minimap mask: 276x236, 1440000 rays, worker 12.075 ms, GPU 7.119 ms
Minimap publish: request-to-image 12.145 ms
LOD plan: sources=1591, changed finer/coarser=1/1, selected LOD-1=26
Frame 268: wall 35.752 ms, GPU producer 33.838 ms, 1 producer submission(s), resident trace and presentation combined; t=22.240, BVH resident/budget 322.6/2048.0 MiB, builds/hits/evictions=143/530/0, scene builds=107
Frame phases 268: pre-render 0.009 ms, prepare 1.625 ms, primary repair 0.000 ms, shadow repair 0.000 ms, producer wait 34.093 ms; observer=2625473.54/1102768.16/2544.28, moved=10.61 m, roam=1, replaced=0, image=1600x900, LOD=1.500, shadows=0, minimap=1
Frame work 268: BVH built/hit/evicted=0/0/0, catalogue/instance/scene builds=1/1/1, cached/scene tiles=143/112, scene 0.0 MiB, selection/detail passes=0/1, fallback ray attempts=0, GPU build/selection/detail=0.444/0.000/0.000 ms, CPU grouping=0.000 ms; atlas installed/evicted=0/0, I/O=0.000 MiB, resident=27/27
Camera preparation: wall 0.193 ms, GPU LOD 0.004 ms, plans/footprints=107/1
Minimap mask: 276x236, 1440000 rays, worker 11.733 ms, GPU 6.998 ms
Minimap publish: request-to-image 11.821 ms
LOD plan: sources=1591, changed finer/coarser=0/1, selected LOD-1=26
Minimap mask: 276x236, 1440000 rays, worker 15.321 ms, GPU 7.744 ms
Frame 270: wall 36.293 ms, GPU producer 34.424 ms, 1 producer submission(s), resident trace and presentation combined; t=22.277, BVH resident/budget 322.6/2048.0 MiB, builds/hits/evictions=143/530/0, scene builds=108
Frame phases 270: pre-render 0.018 ms, prepare 1.486 ms, primary repair 0.000 ms, shadow repair 0.000 ms, producer wait 34.758 ms; observer=2625482.04/1102775.12/2540.58, moved=11.00 m, roam=1, replaced=0, image=1600x900, LOD=1.500, shadows=0, minimap=1
Frame work 270: BVH built/hit/evicted=0/0/0, catalogue/instance/scene builds=1/1/1, cached/scene tiles=143/112, scene 0.0 MiB, selection/detail passes=0/1, fallback ray attempts=0, GPU build/selection/detail=0.433/0.000/0.000 ms, CPU grouping=0.000 ms; atlas installed/evicted=0/0, I/O=0.000 MiB, resident=27/27
Camera preparation: wall 0.187 ms, GPU LOD 0.004 ms, plans/footprints=108/1
Minimap publish: request-to-image 15.353 ms
LOD plan: sources=1591, changed finer/coarser=0/2, selected LOD-1=26
Minimap mask: 276x236, 1440000 rays, worker 18.292 ms, GPU 8.358 ms
Minimap publish: request-to-image 18.329 ms
Frame 272: wall 36.117 ms, GPU producer 34.071 ms, 1 producer submission(s), resident trace and presentation combined; t=22.313, BVH resident/budget 322.6/2048.0 MiB, builds/hits/evictions=143/530/0, scene builds=109
Frame phases 272: pre-render 0.034 ms, prepare 1.663 ms, primary repair 0.000 ms, shadow repair 0.000 ms, producer wait 34.391 ms; observer=2625490.66/1102782.19/2536.84, moved=11.14 m, roam=1, replaced=0, image=1600x900, LOD=1.500, shadows=0, minimap=1
Frame work 272: BVH built/hit/evicted=0/0/0, catalogue/instance/scene builds=1/1/1, cached/scene tiles=143/111, scene 0.0 MiB, selection/detail passes=0/1, fallback ray attempts=0, GPU build/selection/detail=0.478/0.000/0.000 ms, CPU grouping=0.000 ms; atlas installed/evicted=0/0, I/O=0.000 MiB, resident=27/27
Camera preparation: wall 0.225 ms, GPU LOD 0.007 ms, plans/footprints=109/1
LOD plan: sources=1591, changed finer/coarser=0/1, selected LOD-1=26
Frame 274: wall 36.004 ms, GPU producer 33.993 ms, 1 producer submission(s), resident trace and presentation combined; t=22.349, BVH resident/budget 322.6/2048.0 MiB, builds/hits/evictions=143/530/0, scene builds=110
Frame phases 274: pre-render 0.012 ms, prepare 1.705 ms, primary repair 0.000 ms, shadow repair 0.000 ms, producer wait 34.261 ms; observer=2625499.11/1102789.13/2533.17, moved=10.94 m, roam=1, replaced=0, image=1600x900, LOD=1.500, shadows=0, minimap=1
Frame work 274: BVH built/hit/evicted=0/0/0, catalogue/instance/scene builds=1/1/1, cached/scene tiles=143/111, scene 0.0 MiB, selection/detail passes=0/1, fallback ray attempts=0, GPU build/selection/detail=0.468/0.000/0.000 ms, CPU grouping=0.000 ms; atlas installed/evicted=0/0, I/O=0.000 MiB, resident=27/27
Camera preparation: wall 0.190 ms, GPU LOD 0.004 ms, plans/footprints=110/1
Minimap mask: 276x236, 1440000 rays, worker 20.863 ms, GPU 10.805 ms
LOD plan: sources=1591, changed finer/coarser=0/0, selected LOD-1=26
Minimap publish: request-to-image 24.434 ms
Frame 276: wall 35.716 ms, GPU producer 34.033 ms, 1 producer submission(s), resident trace and presentation combined; t=22.385, BVH resident/budget 322.6/2048.0 MiB, builds/hits/evictions=143/530/0, scene builds=111
Frame phases 276: pre-render 0.012 ms, prepare 1.376 ms, primary repair 0.000 ms, shadow repair 0.000 ms, producer wait 34.308 ms; observer=2625507.63/1102796.12/2529.47, moved=11.02 m, roam=1, replaced=0, image=1600x900, LOD=1.500, shadows=0, minimap=1
Frame work 276: BVH built/hit/evicted=0/0/0, catalogue/instance/scene builds=1/1/1, cached/scene tiles=143/111, scene 0.0 MiB, selection/detail passes=0/1, fallback ray attempts=0, GPU build/selection/detail=0.402/0.000/0.000 ms, CPU grouping=0.000 ms; atlas installed/evicted=0/0, I/O=0.000 MiB, resident=27/27
Camera preparation: wall 0.175 ms, GPU LOD 0.004 ms, plans/footprints=111/1
Minimap mask: 276x236, 1440000 rays, worker 23.985 ms, GPU 9.527 ms
LOD plan: sources=1591, changed finer/coarser=0/0, selected LOD-1=26
Minimap publish: request-to-image 29.198 ms
Frame 278: wall 37.697 ms, GPU producer 35.757 ms, 1 producer submission(s), resident trace and presentation combined; t=22.423, BVH resident/budget 322.6/2048.0 MiB, builds/hits/evictions=143/530/0, scene builds=112
Frame phases 278: pre-render 0.006 ms, prepare 1.648 ms, primary repair 0.000 ms, shadow repair 0.000 ms, producer wait 36.019 ms; observer=2625516.05/1102803.04/2525.81, moved=10.90 m, roam=1, replaced=0, image=1600x900, LOD=1.500, shadows=0, minimap=1
Frame work 278: BVH built/hit/evicted=0/0/0, catalogue/instance/scene builds=1/1/1, cached/scene tiles=143/111, scene 0.0 MiB, selection/detail passes=0/1, fallback ray attempts=0, GPU build/selection/detail=0.471/0.000/0.000 ms, CPU grouping=0.000 ms; atlas installed/evicted=0/0, I/O=0.000 MiB, resident=27/27
Camera preparation: wall 0.227 ms, GPU LOD 0.004 ms, plans/footprints=112/1
Minimap mask: 276x236, 1440000 rays, worker 25.830 ms, GPU 10.100 ms
Minimap publish: request-to-image 25.914 ms
LOD plan: sources=1591, changed finer/coarser=3/2, selected LOD-1=26
Minimap mask: 276x236, 1440000 rays, worker 32.318 ms, GPU 12.562 ms
Minimap publish: request-to-image 32.354 ms
Slow stage: terrain frame wall 119.391 ms (inclusive)
Frame 282: wall 119.400 ms, GPU producer 36.184 ms, 2 producer submission(s), streaming work excluded from GPU producer timing; t=22.542, BVH resident/budget 323.3/2048.0 MiB, builds/hits/evictions=144/539/0, scene builds=113
Frame phases 282: pre-render 0.012 ms, prepare 1.816 ms, primary repair 79.321 ms, shadow repair 0.000 ms, producer wait 38.184 ms; observer=2625532.80/1102816.83/2518.53, moved=21.69 m, roam=1, replaced=0, image=1600x900, LOD=1.500, shadows=0, minimap=1
Frame work 282: BVH built/hit/evicted=1/9/0, catalogue/instance/scene builds=1/11/1, cached/scene tiles=144/0, scene 0.0 MiB, selection/detail passes=11/12, fallback ray attempts=908, GPU build/selection/detail=1.536/5.359/31.761 ms, CPU grouping=23.648 ms; atlas installed/evicted=1/1, I/O=0.126 MiB, resident=27/27
Camera preparation: wall 0.204 ms, GPU LOD 0.004 ms, plans/footprints=113/1
Slow stage: worker iteration wall 119.458 ms (inclusive)
LOD plan: sources=1591, changed finer/coarser=1/1, selected LOD-1=26
Frame 288: wall 32.293 ms, GPU producer 29.889 ms, 1 producer submission(s), resident trace and presentation combined; t=22.574, BVH resident/budget 323.3/2048.0 MiB, builds/hits/evictions=144/539/0, scene builds=114
Frame phases 288: pre-render 0.628 ms, prepare 1.516 ms, primary repair 0.000 ms, shadow repair 0.000 ms, producer wait 30.118 ms; observer=2625558.28/1102837.87/2507.43, moved=33.05 m, roam=1, replaced=0, image=1600x900, LOD=1.500, shadows=0, minimap=1
Frame work 288: BVH built/hit/evicted=0/0/0, catalogue/instance/scene builds=1/1/1, cached/scene tiles=144/110, scene 0.0 MiB, selection/detail passes=0/1, fallback ray attempts=0, GPU build/selection/detail=0.482/0.000/0.000 ms, CPU grouping=0.000 ms; atlas installed/evicted=0/0, I/O=2.004 MiB, resident=27/27
Camera preparation: wall 0.187 ms, GPU LOD 0.004 ms, plans/footprints=114/1
Minimap mask: 276x236, 1440000 rays, worker 14.975 ms, GPU 5.842 ms
Minimap publish: request-to-image 15.059 ms
LOD plan: sources=1591, changed finer/coarser=1/0, selected LOD-1=26
Minimap mask: 276x236, 1440000 rays, worker 16.344 ms, GPU 7.333 ms
Frame 290: wall 34.482 ms, GPU producer 32.559 ms, 1 producer submission(s), resident trace and presentation combined; t=22.609, BVH resident/budget 323.3/2048.0 MiB, builds/hits/evictions=144/539/0, scene builds=115
Frame phases 290: pre-render 0.029 ms, prepare 1.566 ms, primary repair 0.000 ms, shadow repair 0.000 ms, producer wait 32.862 ms; observer=2625566.70/1102844.86/2503.75, moved=10.94 m, roam=1, replaced=0, image=1600x900, LOD=1.500, shadows=0, minimap=1
Frame work 290: BVH built/hit/evicted=0/0/0, catalogue/instance/scene builds=1/1/1, cached/scene tiles=144/110, scene 0.0 MiB, selection/detail passes=0/1, fallback ray attempts=0, GPU build/selection/detail=0.421/0.000/0.000 ms, CPU grouping=0.000 ms; atlas installed/evicted=0/0, I/O=0.000 MiB, resident=27/27
Camera preparation: wall 0.199 ms, GPU LOD 0.004 ms, plans/footprints=115/1
Minimap publish: request-to-image 16.380 ms
LOD plan: sources=1591, changed finer/coarser=0/0, selected LOD-1=26
Frame 292: wall 33.388 ms, GPU producer 31.507 ms, 1 producer submission(s), resident trace and presentation combined; t=22.643, BVH resident/budget 323.3/2048.0 MiB, builds/hits/evictions=144/539/0, scene builds=116
Frame phases 292: pre-render 0.005 ms, prepare 1.658 ms, primary repair 0.000 ms, shadow repair 0.000 ms, producer wait 31.700 ms; observer=2625575.09/1102851.89/2500.08, moved=10.94 m, roam=1, replaced=0, image=1600x900, LOD=1.500, shadows=0, minimap=1
Frame work 292: BVH built/hit/evicted=0/0/0, catalogue/instance/scene builds=1/1/1, cached/scene tiles=144/110, scene 0.0 MiB, selection/detail passes=0/1, fallback ray attempts=0, GPU build/selection/detail=0.478/0.000/0.000 ms, CPU grouping=0.000 ms; atlas installed/evicted=0/0, I/O=0.000 MiB, resident=27/27
Camera preparation: wall 0.241 ms, GPU LOD 0.003 ms, plans/footprints=116/1
Minimap mask: 276x236, 1440000 rays, worker 16.440 ms, GPU 6.895 ms
LOD plan: sources=1591, changed finer/coarser=0/0, selected LOD-1=26
Minimap publish: request-to-image 17.773 ms
Minimap mask: 276x236, 1440000 rays, worker 17.551 ms, GPU 6.881 ms
Minimap publish: request-to-image 17.577 ms
Frame 294: wall 34.392 ms, GPU producer 32.303 ms, 1 producer submission(s), resident trace and presentation combined; t=22.677, BVH resident/budget 323.3/2048.0 MiB, builds/hits/evictions=144/539/0, scene builds=117
Frame phases 294: pre-render 0.007 ms, prepare 1.686 ms, primary repair 0.000 ms, shadow repair 0.000 ms, producer wait 32.668 ms; observer=2625583.45/1102858.94/2496.41, moved=10.94 m, roam=1, replaced=0, image=1600x900, LOD=1.500, shadows=0, minimap=1
Frame work 294: BVH built/hit/evicted=0/0/0, catalogue/instance/scene builds=1/1/1, cached/scene tiles=144/110, scene 0.0 MiB, selection/detail passes=0/1, fallback ray attempts=0, GPU build/selection/detail=0.408/0.000/0.000 ms, CPU grouping=0.000 ms; atlas installed/evicted=0/0, I/O=0.000 MiB, resident=27/27
Camera preparation: wall 0.196 ms, GPU LOD 0.004 ms, plans/footprints=117/1
LOD plan: sources=1591, changed finer/coarser=0/0, selected LOD-1=26
Frame 296: wall 34.099 ms, GPU producer 32.126 ms, 1 producer submission(s), resident trace and presentation combined; t=22.711, BVH resident/budget 323.3/2048.0 MiB, builds/hits/evictions=144/539/0, scene builds=118
Frame phases 296: pre-render 0.006 ms, prepare 1.676 ms, primary repair 0.000 ms, shadow repair 0.000 ms, producer wait 32.390 ms; observer=2625591.78/1102866.05/2492.73, moved=10.95 m, roam=1, replaced=0, image=1600x900, LOD=1.500, shadows=0, minimap=1
Frame work 296: BVH built/hit/evicted=0/0/0, catalogue/instance/scene builds=1/1/1, cached/scene tiles=144/110, scene 0.0 MiB, selection/detail passes=0/1, fallback ray attempts=0, GPU build/selection/detail=0.445/0.000/0.000 ms, CPU grouping=0.000 ms; atlas installed/evicted=0/0, I/O=0.000 MiB, resident=27/27
Minimap mask: 276x236, 1440000 rays, worker 18.084 ms, GPU 5.776 ms
Minimap publish: request-to-image 18.178 ms
Camera preparation: wall 0.209 ms, GPU LOD 0.004 ms, plans/footprints=118/1
LOD plan: sources=1591, changed finer/coarser=0/0, selected LOD-1=26
Frame 298: wall 35.291 ms, GPU producer 31.910 ms, 1 producer submission(s), resident trace and presentation combined; t=22.747, BVH resident/budget 323.3/2048.0 MiB, builds/hits/evictions=144/539/0, scene builds=119
Frame phases 298: pre-render 0.007 ms, prepare 1.632 ms, primary repair 0.000 ms, shadow repair 0.000 ms, producer wait 33.622 ms; observer=2625600.05/1102873.20/2489.06, moved=10.93 m, roam=1, replaced=0, image=1600x900, LOD=1.500, shadows=0, minimap=1
Frame work 298: BVH built/hit/evicted=0/0/0, catalogue/instance/scene builds=1/1/1, cached/scene tiles=144/110, scene 0.0 MiB, selection/detail passes=0/1, fallback ray attempts=0, GPU build/selection/detail=0.408/0.000/0.000 ms, CPU grouping=0.000 ms; atlas installed/evicted=0/0, I/O=0.000 MiB, resident=27/27
Camera preparation: wall 0.196 ms, GPU LOD 0.004 ms, plans/footprints=119/1
Minimap mask: 276x236, 1440000 rays, worker 20.376 ms, GPU 5.030 ms
Minimap publish: request-to-image 20.444 ms
LOD plan: sources=1591, changed finer/coarser=0/2, selected LOD-1=26
Frame 300: wall 34.931 ms, GPU producer 32.820 ms, 1 producer submission(s), resident trace and presentation combined; t=22.782, BVH resident/budget 323.3/2048.0 MiB, builds/hits/evictions=144/539/0, scene builds=120
Frame phases 300: pre-render 0.007 ms, prepare 1.780 ms, primary repair 0.000 ms, shadow repair 0.000 ms, producer wait 33.105 ms; observer=2625608.28/1102880.43/2485.38, moved=10.95 m, roam=1, replaced=0, image=1600x900, LOD=1.500, shadows=0, minimap=1
Frame work 300: BVH built/hit/evicted=0/0/0, catalogue/instance/scene builds=1/1/1, cached/scene tiles=144/110, scene 0.0 MiB, selection/detail passes=0/1, fallback ray attempts=0, GPU build/selection/detail=0.448/0.000/0.000 ms, CPU grouping=0.000 ms; atlas installed/evicted=0/0, I/O=0.000 MiB, resident=27/27
Camera preparation: wall 0.216 ms, GPU LOD 0.004 ms, plans/footprints=120/1
Minimap mask: 276x236, 1440000 rays, worker 22.065 ms, GPU 7.654 ms
LOD plan: sources=1591, changed finer/coarser=0/0, selected LOD-1=26
Minimap publish: request-to-image 33.896 ms
Minimap mask: 276x236, 1440000 rays, worker 19.424 ms, GPU 8.159 ms
Minimap publish: request-to-image 21.057 ms
Frame 302: wall 99.345 ms, GPU producer 33.343 ms, 2 producer submission(s), streaming work excluded from GPU producer timing; t=22.881, BVH resident/budget 323.9/2048.0 MiB, builds/hits/evictions=145/543/0, scene builds=121
Frame phases 302: pre-render 0.006 ms, prepare 1.717 ms, primary repair 62.887 ms, shadow repair 0.000 ms, producer wait 34.642 ms; observer=2625616.38/1102887.65/2481.73, moved=10.86 m, roam=1, replaced=0, image=1600x900, LOD=1.500, shadows=0, minimap=1
Frame work 302: BVH built/hit/evicted=1/4/0, catalogue/instance/scene builds=1/6/1, cached/scene tiles=145/0, scene 0.0 MiB, selection/detail passes=6/7, fallback ray attempts=6, GPU build/selection/detail=1.204/2.903/30.256 ms, CPU grouping=14.724 ms; atlas installed/evicted=1/1, I/O=0.126 MiB, resident=27/27
Camera preparation: wall 0.228 ms, GPU LOD 0.004 ms, plans/footprints=121/1
LOD plan: sources=1591, changed finer/coarser=0/3, selected LOD-1=26
Frame 308: wall 33.255 ms, GPU producer 31.256 ms, 1 producer submission(s), resident trace and presentation combined; t=22.914, BVH resident/budget 323.9/2048.0 MiB, builds/hits/evictions=145/543/0, scene builds=122
Frame phases 308: pre-render 0.006 ms, prepare 1.596 ms, primary repair 0.000 ms, shadow repair 0.000 ms, producer wait 31.631 ms; observer=2625640.57/1102909.95/2470.69, moved=32.90 m, roam=1, replaced=0, image=1600x900, LOD=1.500, shadows=0, minimap=1
Frame work 308: BVH built/hit/evicted=0/0/0, catalogue/instance/scene builds=1/1/1, cached/scene tiles=145/111, scene 0.0 MiB, selection/detail passes=0/1, fallback ray attempts=0, GPU build/selection/detail=0.428/0.000/0.000 ms, CPU grouping=0.000 ms; atlas installed/evicted=0/0, I/O=0.000 MiB, resident=27/27
Camera preparation: wall 0.211 ms, GPU LOD 0.004 ms, plans/footprints=122/1
Minimap mask: 276x236, 1440000 rays, worker 22.402 ms, GPU 7.739 ms
Minimap publish: request-to-image 22.475 ms
LOD plan: sources=1591, changed finer/coarser=1/0, selected LOD-1=26
Minimap mask: 276x236, 1440000 rays, worker 22.007 ms, GPU 10.433 ms
Minimap publish: request-to-image 24.758 ms
Slow stage: primary repair wall 102.838 ms (inclusive)
Slow stage: terrain frame wall 139.061 ms (inclusive)
Frame 310: wall 139.070 ms, GPU producer 33.226 ms, 2 producer submission(s), streaming work excluded from GPU producer timing; t=23.053, BVH resident/budget 324.5/2048.0 MiB, builds/hits/evictions=146/564/0, scene builds=123
Frame phases 310: pre-render 0.016 ms, prepare 1.693 ms, primary repair 102.838 ms, shadow repair 0.000 ms, producer wait 34.435 ms; observer=2625648.49/1102917.52/2467.01, moved=10.95 m, roam=1, replaced=0, image=1600x900, LOD=1.500, shadows=0, minimap=1
Frame work 310: BVH built/hit/evicted=1/21/0, catalogue/instance/scene builds=1/15/1, cached/scene tiles=146/0, scene 0.0 MiB, selection/detail passes=15/16, fallback ray attempts=3000, GPU build/selection/detail=1.869/8.140/31.031 ms, CPU grouping=36.393 ms; atlas installed/evicted=1/1, I/O=0.126 MiB, resident=27/27
Camera preparation: wall 0.188 ms, GPU LOD 0.004 ms, plans/footprints=123/1
Slow stage: worker iteration wall 139.146 ms (inclusive)
LOD plan: sources=1591, changed finer/coarser=1/1, selected LOD-1=25
Minimap mask: 276x236, 1440000 rays, worker 26.388 ms, GPU 7.924 ms
Minimap publish: request-to-image 26.421 ms
Frame 318: wall 32.360 ms, GPU producer 30.474 ms, 1 producer submission(s), resident trace and presentation combined; t=23.086, BVH resident/budget 324.5/2048.0 MiB, builds/hits/evictions=146/564/0, scene builds=124
Frame phases 318: pre-render 0.054 ms, prepare 1.525 ms, primary repair 0.000 ms, shadow repair 0.000 ms, producer wait 30.742 ms; observer=2625679.39/1102948.51/2452.33, moved=43.76 m, roam=1, replaced=0, image=1600x900, LOD=1.500, shadows=0, minimap=1
Frame work 318: BVH built/hit/evicted=0/0/0, catalogue/instance/scene builds=1/1/1, cached/scene tiles=146/111, scene 0.0 MiB, selection/detail passes=0/1, fallback ray attempts=0, GPU build/selection/detail=0.456/0.000/0.000 ms, CPU grouping=0.000 ms; atlas installed/evicted=0/0, I/O=0.000 MiB, resident=27/27
Camera preparation: wall 0.197 ms, GPU LOD 0.004 ms, plans/footprints=124/1
LOD plan: sources=1591, changed finer/coarser=0/0, selected LOD-1=25
Frame 320: wall 37.367 ms, GPU producer 33.516 ms, 1 producer submission(s), resident trace and presentation combined; t=23.123, BVH resident/budget 324.5/2048.0 MiB, builds/hits/evictions=146/564/0, scene builds=125
Frame phases 320: pre-render 0.016 ms, prepare 3.542 ms, primary repair 0.000 ms, shadow repair 0.000 ms, producer wait 33.783 ms; observer=2625686.92/1102956.45/2448.68, moved=10.95 m, roam=1, replaced=0, image=1600x900, LOD=1.500, shadows=0, minimap=1
Minimap mask: 276x236, 1440000 rays, worker 30.697 ms, GPU 9.130 ms
Frame work 320: BVH built/hit/evicted=0/0/0, catalogue/instance/scene builds=1/1/1, cached/scene tiles=146/111, scene 0.0 MiB, selection/detail passes=0/1, fallback ray attempts=0, GPU build/selection/detail=0.438/0.000/0.000 ms, CPU grouping=0.000 ms; atlas installed/evicted=0/0, I/O=0.000 MiB, resident=27/27
Camera preparation: wall 2.071 ms, GPU LOD 0.004 ms, plans/footprints=125/1
LOD plan: sources=1591, changed finer/coarser=0/0, selected LOD-1=25
Minimap publish: request-to-image 31.616 ms
Health t=23.156: memory ok footprint/resident 770.5/442.6 MiB, Metal allocated/recommended 653.5/18186.2 MiB, thermal=0
Health t=23.156: worker stage=render age=32.8 ms, calls=296 revision=320, submitted/completed/presented=0/0/0, stale=0 unavailable=0 refreshed=0
Health t=23.156: display stage=idle age=29.5 ms, calls=671 revision=320, submitted/completed/presented=671/671/670, stale=0 unavailable=0 refreshed=0
Health t=23.156: minimap stage=mask-gpu age=29.5 ms, calls=170 revision=0, submitted/completed/presented=170/169/169, stale=0 unavailable=0 refreshed=200
Health t=23.156: terrain stage=producer wait age=30.7 ms
Minimap mask: 276x236, 1440000 rays, worker 32.793 ms, GPU 8.231 ms
Frame 324: wall 35.824 ms, GPU producer 33.404 ms, 1 producer submission(s), resident trace and presentation combined; t=23.159, BVH resident/budget 324.5/2048.0 MiB, builds/hits/evictions=146/564/0, scene builds=126
Frame phases 324: pre-render 0.010 ms, prepare 2.092 ms, primary repair 0.000 ms, shadow repair 0.000 ms, producer wait 33.691 ms; observer=2625701.76/1102972.58/2441.38, moved=21.92 m, roam=1, replaced=0, image=1600x900, LOD=1.500, shadows=0, minimap=1
Frame work 324: BVH built/hit/evicted=0/0/0, catalogue/instance/scene builds=1/1/1, cached/scene tiles=146/111, scene 0.0 MiB, selection/detail passes=0/1, fallback ray attempts=0, GPU build/selection/detail=0.565/0.000/0.000 ms, CPU grouping=0.000 ms; atlas installed/evicted=0/0, I/O=0.000 MiB, resident=27/27
Camera preparation: wall 0.186 ms, GPU LOD 0.004 ms, plans/footprints=126/1
Minimap publish: request-to-image 32.825 ms
LOD plan: sources=1591, changed finer/coarser=0/0, selected LOD-1=25
Frame 326: wall 36.832 ms, GPU producer 34.847 ms, 1 producer submission(s), resident trace and presentation combined; t=23.196, BVH resident/budget 324.5/2048.0 MiB, builds/hits/evictions=146/564/0, scene builds=127
Frame phases 326: pre-render 0.015 ms, prepare 1.645 ms, primary repair 0.000 ms, shadow repair 0.000 ms, producer wait 35.142 ms; observer=2625709.03/1102980.75/2437.75, moved=10.94 m, roam=1, replaced=0, image=1600x900, LOD=1.500, shadows=0, minimap=1
Frame work 326: BVH built/hit/evicted=0/0/0, catalogue/instance/scene builds=1/1/1, cached/scene tiles=146/111, scene 0.0 MiB, selection/detail passes=0/1, fallback ray attempts=0, GPU build/selection/detail=0.462/0.000/0.000 ms, CPU grouping=0.000 ms; atlas installed/evicted=0/0, I/O=0.000 MiB, resident=27/27
Camera preparation: wall 0.218 ms, GPU LOD 0.004 ms, plans/footprints=127/1
Minimap mask: 276x236, 1440000 rays, worker 3.324 ms, GPU 1.876 ms
Minimap publish: request-to-image 3.412 ms
LOD plan: sources=1591, changed finer/coarser=0/1, selected LOD-1=24
Minimap mask: 276x236, 1440000 rays, worker 6.999 ms, GPU 5.113 ms
Frame 328: wall 36.016 ms, GPU producer 33.786 ms, 1 producer submission(s), resident trace and presentation combined; t=23.232, BVH resident/budget 324.5/2048.0 MiB, builds/hits/evictions=146/564/0, scene builds=128
Frame phases 328: pre-render 0.036 ms, prepare 1.821 ms, primary repair 0.000 ms, shadow repair 0.000 ms, producer wait 34.131 ms; observer=2625716.23/1102989.01/2434.12, moved=10.96 m, roam=1, replaced=0, image=1600x900, LOD=1.500, shadows=0, minimap=1
Frame work 328: BVH built/hit/evicted=0/0/0, catalogue/instance/scene builds=1/1/1, cached/scene tiles=146/110, scene 0.0 MiB, selection/detail passes=0/1, fallback ray attempts=0, GPU build/selection/detail=0.446/0.000/0.000 ms, CPU grouping=0.000 ms; atlas installed/evicted=0/0, I/O=0.000 MiB, resident=27/27
Camera preparation: wall 0.221 ms, GPU LOD 0.003 ms, plans/footprints=128/1
LOD plan: sources=1591, changed finer/coarser=0/1, selected LOD-1=24
Minimap publish: request-to-image 9.960 ms
Minimap mask: 276x236, 1440000 rays, worker 7.623 ms, GPU 5.791 ms
Frame 330: wall 34.940 ms, GPU producer 33.090 ms, 1 producer submission(s), resident trace and presentation combined; t=23.267, BVH resident/budget 324.5/2048.0 MiB, builds/hits/evictions=146/564/0, scene builds=129
Frame phases 330: pre-render 0.006 ms, prepare 1.526 ms, primary repair 0.000 ms, shadow repair 0.000 ms, producer wait 33.333 ms; observer=2625723.34/1102997.36/2430.51, moved=10.96 m, roam=1, replaced=0, image=1600x900, LOD=1.500, shadows=0, minimap=1
Frame work 330: BVH built/hit/evicted=0/0/0, catalogue/instance/scene builds=1/1/1, cached/scene tiles=146/110, scene 0.0 MiB, selection/detail passes=0/1, fallback ray attempts=0, GPU build/selection/detail=0.402/0.000/0.000 ms, CPU grouping=0.000 ms; atlas installed/evicted=0/0, I/O=0.000 MiB, resident=27/27
Camera preparation: wall 0.184 ms, GPU LOD 0.003 ms, plans/footprints=129/1
LOD plan: sources=1591, changed finer/coarser=0/0, selected LOD-1=24
Minimap publish: request-to-image 8.529 ms
Frame 332: wall 36.386 ms, GPU producer 34.468 ms, 1 producer submission(s), resident trace and presentation combined; t=23.304, BVH resident/budget 324.5/2048.0 MiB, builds/hits/evictions=146/564/0, scene builds=130
Frame phases 332: pre-render 0.013 ms, prepare 1.666 ms, primary repair 0.000 ms, shadow repair 0.000 ms, producer wait 34.683 ms; observer=2625730.32/1103005.74/2426.93, moved=10.91 m, roam=1, replaced=0, image=1600x900, LOD=1.500, shadows=0, minimap=1
Frame work 332: BVH built/hit/evicted=0/0/0, catalogue/instance/scene builds=1/1/1, cached/scene tiles=146/110, scene 0.0 MiB, selection/detail passes=0/1, fallback ray attempts=0, GPU build/selection/detail=0.419/0.000/0.000 ms, CPU grouping=0.000 ms; atlas installed/evicted=0/0, I/O=0.000 MiB, resident=27/27
Camera preparation: wall 0.203 ms, GPU LOD 0.004 ms, plans/footprints=130/1
Minimap mask: 276x236, 1440000 rays, worker 11.422 ms, GPU 7.270 ms
Minimap publish: request-to-image 11.500 ms
LOD plan: sources=1591, changed finer/coarser=0/1, selected LOD-1=24
Frame 334: wall 35.005 ms, GPU producer 33.115 ms, 1 producer submission(s), resident trace and presentation combined; t=23.339, BVH resident/budget 324.5/2048.0 MiB, builds/hits/evictions=146/564/0, scene builds=131
Frame phases 334: pre-render 0.007 ms, prepare 1.545 ms, primary repair 0.000 ms, shadow repair 0.000 ms, producer wait 33.430 ms; observer=2625737.29/1103014.30/2423.32, moved=11.04 m, roam=1, replaced=0, image=1600x900, LOD=1.500, shadows=0, minimap=1
Frame work 334: BVH built/hit/evicted=0/0/0, catalogue/instance/scene builds=1/1/1, cached/scene tiles=146/110, scene 0.0 MiB, selection/detail passes=0/1, fallback ray attempts=0, GPU build/selection/detail=0.454/0.000/0.000 ms, CPU grouping=0.000 ms; atlas installed/evicted=0/0, I/O=0.000 MiB, resident=27/27
Camera preparation: wall 0.194 ms, GPU LOD 0.004 ms, plans/footprints=131/1
Minimap mask: 276x236, 1440000 rays, worker 12.515 ms, GPU 6.579 ms
Minimap publish: request-to-image 12.589 ms
LOD plan: sources=1591, changed finer/coarser=0/1, selected LOD-1=24
Frame 336: wall 35.370 ms, GPU producer 33.541 ms, 1 producer submission(s), resident trace and presentation combined; t=23.374, BVH resident/budget 324.5/2048.0 MiB, builds/hits/evictions=146/564/0, scene builds=132
Frame phases 336: pre-render 0.005 ms, prepare 1.598 ms, primary repair 0.000 ms, shadow repair 0.000 ms, producer wait 33.746 ms; observer=2625744.12/1103022.88/2419.74, moved=10.97 m, roam=1, replaced=0, image=1600x900, LOD=1.500, shadows=0, minimap=1
Frame work 336: BVH built/hit/evicted=0/0/0, catalogue/instance/scene builds=1/1/1, cached/scene tiles=146/110, scene 0.0 MiB, selection/detail passes=0/1, fallback ray attempts=0, GPU build/selection/detail=0.437/0.000/0.000 ms, CPU grouping=0.000 ms; atlas installed/evicted=0/0, I/O=0.000 MiB, resident=27/27
Camera preparation: wall 0.203 ms, GPU LOD 0.003 ms, plans/footprints=132/1
Minimap mask: 276x236, 1440000 rays, worker 14.688 ms, GPU 6.440 ms
Minimap publish: request-to-image 14.741 ms
LOD plan: sources=1591, changed finer/coarser=0/0, selected LOD-1=24
Minimap mask: 276x236, 1440000 rays, worker 16.058 ms, GPU 7.092 ms
Frame 338: wall 35.340 ms, GPU producer 33.260 ms, 1 producer submission(s), resident trace and presentation combined; t=23.410, BVH resident/budget 324.5/2048.0 MiB, builds/hits/evictions=146/564/0, scene builds=133
Frame phases 338: pre-render 0.007 ms, prepare 1.683 ms, primary repair 0.000 ms, shadow repair 0.000 ms, producer wait 33.621 ms; observer=2625750.85/1103031.54/2416.18, moved=10.98 m, roam=1, replaced=0, image=1600x900, LOD=1.500, shadows=0, minimap=1
Frame work 338: BVH built/hit/evicted=0/0/0, catalogue/instance/scene builds=1/1/1, cached/scene tiles=146/110, scene 0.0 MiB, selection/detail passes=0/1, fallback ray attempts=0, GPU build/selection/detail=0.455/0.000/0.000 ms, CPU grouping=0.000 ms; atlas installed/evicted=0/0, I/O=0.000 MiB, resident=27/27
Camera preparation: wall 0.206 ms, GPU LOD 0.004 ms, plans/footprints=133/1
Minimap publish: request-to-image 16.092 ms
LOD plan: sources=1591, changed finer/coarser=0/0, selected LOD-1=24
Frame 340: wall 35.924 ms, GPU producer 33.822 ms, 1 producer submission(s), resident trace and presentation combined; t=23.446, BVH resident/budget 324.5/2048.0 MiB, builds/hits/evictions=146/564/0, scene builds=134
Frame phases 340: pre-render 0.006 ms, prepare 1.780 ms, primary repair 0.000 ms, shadow repair 0.000 ms, producer wait 34.111 ms; observer=2625757.50/1103040.30/2412.63, moved=10.99 m, roam=1, replaced=0, image=1600x900, LOD=1.500, shadows=0, minimap=1
Frame work 340: BVH built/hit/evicted=0/0/0, catalogue/instance/scene builds=1/1/1, cached/scene tiles=146/110, scene 0.0 MiB, selection/detail passes=0/1, fallback ray attempts=0, GPU build/selection/detail=0.437/0.000/0.000 ms, CPU grouping=0.000 ms; atlas installed/evicted=0/0, I/O=0.000 MiB, resident=27/27
Camera preparation: wall 0.206 ms, GPU LOD 0.004 ms, plans/footprints=134/1
Minimap mask: 276x236, 1440000 rays, worker 20.248 ms, GPU 9.105 ms
Minimap publish: request-to-image 20.321 ms
LOD plan: sources=1591, changed finer/coarser=0/0, selected LOD-1=24
Frame 342: wall 36.924 ms, GPU producer 35.084 ms, 1 producer submission(s), resident trace and presentation combined; t=23.483, BVH resident/budget 324.5/2048.0 MiB, builds/hits/evictions=146/564/0, scene builds=135
Frame phases 342: pre-render 0.007 ms, prepare 1.526 ms, primary repair 0.000 ms, shadow repair 0.000 ms, producer wait 35.355 ms; observer=2625764.05/1103049.12/2409.10, moved=10.99 m, roam=1, replaced=0, image=1600x900, LOD=1.500, shadows=0, minimap=1
Frame work 342: BVH built/hit/evicted=0/0/0, catalogue/instance/scene builds=1/1/1, cached/scene tiles=146/110, scene 0.0 MiB, selection/detail passes=0/1, fallback ray attempts=0, GPU build/selection/detail=0.440/0.000/0.000 ms, CPU grouping=0.000 ms; atlas installed/evicted=0/0, I/O=0.000 MiB, resident=27/27
Camera preparation: wall 0.193 ms, GPU LOD 0.004 ms, plans/footprints=135/1
Minimap mask: 276x236, 1440000 rays, worker 23.027 ms, GPU 10.839 ms
LOD plan: sources=1591, changed finer/coarser=0/1, selected LOD-1=24
Minimap publish: request-to-image 27.184 ms
Frame 344: wall 37.070 ms, GPU producer 35.015 ms, 1 producer submission(s), resident trace and presentation combined; t=23.520, BVH resident/budget 324.5/2048.0 MiB, builds/hits/evictions=146/564/0, scene builds=136
Frame phases 344: pre-render 0.007 ms, prepare 1.732 ms, primary repair 0.000 ms, shadow repair 0.000 ms, producer wait 35.304 ms; observer=2625770.50/1103058.03/2405.58, moved=11.00 m, roam=1, replaced=0, image=1600x900, LOD=1.500, shadows=0, minimap=1
Frame work 344: BVH built/hit/evicted=0/0/0, catalogue/instance/scene builds=1/1/1, cached/scene tiles=146/110, scene 0.0 MiB, selection/detail passes=0/1, fallback ray attempts=0, GPU build/selection/detail=0.405/0.000/0.000 ms, CPU grouping=0.000 ms; atlas installed/evicted=0/0, I/O=0.000 MiB, resident=27/27
Camera preparation: wall 0.207 ms, GPU LOD 0.004 ms, plans/footprints=136/1
Minimap mask: 276x236, 1440000 rays, worker 26.851 ms, GPU 6.488 ms
Minimap publish: request-to-image 26.939 ms
LOD plan: sources=1591, changed finer/coarser=0/0, selected LOD-1=24
Frame 346: wall 36.256 ms, GPU producer 34.259 ms, 1 producer submission(s), resident trace and presentation combined; t=23.556, BVH resident/budget 324.5/2048.0 MiB, builds/hits/evictions=146/564/0, scene builds=137
Frame phases 346: pre-render 0.007 ms, prepare 1.715 ms, primary repair 0.000 ms, shadow repair 0.000 ms, producer wait 34.509 ms; observer=2625776.84/1103067.00/2402.08, moved=10.99 m, roam=1, replaced=0, image=1600x900, LOD=1.500, shadows=0, minimap=1
Frame work 346: BVH built/hit/evicted=0/0/0, catalogue/instance/scene builds=1/1/1, cached/scene tiles=146/110, scene 0.0 MiB, selection/detail passes=0/1, fallback ray attempts=0, GPU build/selection/detail=0.447/0.000/0.000 ms, CPU grouping=0.000 ms; atlas installed/evicted=0/0, I/O=0.000 MiB, resident=27/27
Camera preparation: wall 0.221 ms, GPU LOD 0.004 ms, plans/footprints=137/1
Minimap mask: 276x236, 1440000 rays, worker 29.444 ms, GPU 9.831 ms
Minimap publish: request-to-image 29.548 ms
LOD plan: sources=1591, changed finer/coarser=0/0, selected LOD-1=24
Frame 350: wall 36.832 ms, GPU producer 34.626 ms, 1 producer submission(s), resident trace and presentation combined; t=23.593, BVH resident/budget 324.5/2048.0 MiB, builds/hits/evictions=146/564/0, scene builds=138
Frame phases 350: pre-render 0.006 ms, prepare 1.898 ms, primary repair 0.000 ms, shadow repair 0.000 ms, producer wait 34.903 ms; observer=2625789.26/1103085.18/2395.13, moved=22.01 m, roam=1, replaced=0, image=1600x900, LOD=1.500, shadows=0, minimap=1
Frame work 350: BVH built/hit/evicted=0/0/0, catalogue/instance/scene builds=1/1/1, cached/scene tiles=146/110, scene 0.0 MiB, selection/detail passes=0/1, fallback ray attempts=0, GPU build/selection/detail=0.428/0.000/0.000 ms, CPU grouping=0.000 ms; atlas installed/evicted=0/0, I/O=0.000 MiB, resident=27/27
Camera preparation: wall 0.232 ms, GPU LOD 0.004 ms, plans/footprints=138/1
Minimap mask: 276x236, 1440000 rays, worker 33.258 ms, GPU 10.866 ms
Minimap publish: request-to-image 33.344 ms
LOD plan: sources=1591, changed finer/coarser=0/0, selected LOD-1=24
Frame 352: wall 37.736 ms, GPU producer 33.787 ms, 1 producer submission(s), resident trace and presentation combined; t=23.631, BVH resident/budget 324.5/2048.0 MiB, builds/hits/evictions=146/564/0, scene builds=139
Frame phases 352: pre-render 0.007 ms, prepare 3.600 ms, primary repair 0.000 ms, shadow repair 0.000 ms, producer wait 34.101 ms; observer=2625795.34/1103094.38/2391.69, moved=11.03 m, roam=1, replaced=0, image=1600x900, LOD=1.500, shadows=0, minimap=1
Frame work 352: BVH built/hit/evicted=0/0/0, catalogue/instance/scene builds=1/1/1, cached/scene tiles=146/110, scene 0.0 MiB, selection/detail passes=0/1, fallback ray attempts=0, GPU build/selection/detail=0.450/0.000/0.000 ms, CPU grouping=0.000 ms; atlas installed/evicted=0/0, I/O=0.000 MiB, resident=27/27
Minimap mask: 276x236, 1440000 rays, worker 4.488 ms, GPU 3.023 ms
Camera preparation: wall 1.955 ms, GPU LOD 0.004 ms, plans/footprints=139/1
Minimap publish: request-to-image 4.554 ms
LOD plan: sources=1591, changed finer/coarser=0/0, selected LOD-1=24
Frame 354: wall 38.746 ms, GPU producer 34.314 ms, 1 producer submission(s), resident trace and presentation combined; t=23.670, BVH resident/budget 324.5/2048.0 MiB, builds/hits/evictions=146/564/0, scene builds=140
Frame phases 354: pre-render 0.011 ms, prepare 4.117 ms, primary repair 0.000 ms, shadow repair 0.000 ms, producer wait 34.593 ms; observer=2625801.14/1103103.36/2388.37, moved=10.69 m, roam=1, replaced=0, image=1600x900, LOD=1.500, shadows=0, minimap=1
Frame work 354: BVH built/hit/evicted=0/0/0, catalogue/instance/scene builds=1/1/1, cached/scene tiles=146/110, scene 0.0 MiB, selection/detail passes=0/1, fallback ray attempts=0, GPU build/selection/detail=0.415/0.000/0.000 ms, CPU grouping=0.000 ms; atlas installed/evicted=0/0, I/O=0.000 MiB, resident=27/27
Camera preparation: wall 0.203 ms, GPU LOD 0.004 ms, plans/footprints=140/1
Minimap mask: 276x236, 1440000 rays, worker 10.147 ms, GPU 6.363 ms
LOD plan: sources=1591, changed finer/coarser=0/2, selected LOD-1=23
Minimap publish: request-to-image 11.171 ms
Frame 356: wall 36.289 ms, GPU producer 34.279 ms, 1 producer submission(s), resident trace and presentation combined; t=23.706, BVH resident/budget 324.5/2048.0 MiB, builds/hits/evictions=146/564/0, scene builds=141
Frame phases 356: pre-render 0.008 ms, prepare 1.714 ms, primary repair 0.000 ms, shadow repair 0.000 ms, producer wait 34.523 ms; observer=2625807.21/1103112.97/2384.88, moved=11.36 m, roam=1, replaced=0, image=1600x900, LOD=1.500, shadows=0, minimap=1
Frame work 356: BVH built/hit/evicted=0/0/0, catalogue/instance/scene builds=1/1/1, cached/scene tiles=146/109, scene 0.0 MiB, selection/detail passes=0/1, fallback ray attempts=0, GPU build/selection/detail=0.452/0.000/0.000 ms, CPU grouping=0.000 ms; atlas installed/evicted=0/0, I/O=0.000 MiB, resident=27/27
Camera preparation: wall 0.188 ms, GPU LOD 0.004 ms, plans/footprints=141/1
Minimap mask: 276x236, 1440000 rays, worker 13.408 ms, GPU 6.440 ms
Minimap publish: request-to-image 13.486 ms
LOD plan: sources=1591, changed finer/coarser=0/0, selected LOD-1=23
Frame 358: wall 36.784 ms, GPU producer 34.865 ms, 1 producer submission(s), resident trace and presentation combined; t=23.743, BVH resident/budget 324.5/2048.0 MiB, builds/hits/evictions=146/564/0, scene builds=142
Frame phases 358: pre-render 0.010 ms, prepare 1.604 ms, primary repair 0.000 ms, shadow repair 0.000 ms, producer wait 35.143 ms; observer=2625813.00/1103122.35/2381.52, moved=11.03 m, roam=1, replaced=0, image=1600x900, LOD=1.500, shadows=0, minimap=1
Frame work 358: BVH built/hit/evicted=0/0/0, catalogue/instance/scene builds=1/1/1, cached/scene tiles=146/109, scene 0.0 MiB, selection/detail passes=0/1, fallback ray attempts=0, GPU build/selection/detail=0.446/0.000/0.000 ms, CPU grouping=0.000 ms; atlas installed/evicted=0/0, I/O=0.000 MiB, resident=27/27
Camera preparation: wall 0.200 ms, GPU LOD 0.004 ms, plans/footprints=142/1
Minimap mask: 276x236, 1440000 rays, worker 15.949 ms, GPU 8.049 ms
Minimap publish: request-to-image 16.022 ms
LOD plan: sources=1591, changed finer/coarser=0/0, selected LOD-1=23
Frame 360: wall 36.827 ms, GPU producer 34.781 ms, 1 producer submission(s), resident trace and presentation combined; t=23.780, BVH resident/budget 324.5/2048.0 MiB, builds/hits/evictions=146/564/0, scene builds=143
Frame phases 360: pre-render 0.023 ms, prepare 1.686 ms, primary repair 0.000 ms, shadow repair 0.000 ms, producer wait 35.090 ms; observer=2625818.72/1103131.81/2378.18, moved=11.06 m, roam=1, replaced=0, image=1600x900, LOD=1.500, shadows=0, minimap=1
Frame work 360: BVH built/hit/evicted=0/0/0, catalogue/instance/scene builds=1/1/1, cached/scene tiles=146/109, scene 0.0 MiB, selection/detail passes=0/1, fallback ray attempts=0, GPU build/selection/detail=0.467/0.000/0.000 ms, CPU grouping=0.000 ms; atlas installed/evicted=0/0, I/O=0.000 MiB, resident=27/27
Camera preparation: wall 0.199 ms, GPU LOD 0.004 ms, plans/footprints=143/1
Minimap mask: 276x236, 1440000 rays, worker 21.187 ms, GPU 8.047 ms
LOD plan: sources=1591, changed finer/coarser=0/0, selected LOD-1=23
Minimap publish: request-to-image 34.888 ms
Frame 362: wall 36.648 ms, GPU producer 34.579 ms, 1 producer submission(s), resident trace and presentation combined; t=23.817, BVH resident/budget 324.5/2048.0 MiB, builds/hits/evictions=146/564/0, scene builds=144
Frame phases 362: pre-render 0.006 ms, prepare 1.764 ms, primary repair 0.000 ms, shadow repair 0.000 ms, producer wait 34.852 ms; observer=2625824.31/1103141.26/2374.90, moved=10.98 m, roam=1, replaced=0, image=1600x900, LOD=1.500, shadows=0, minimap=1
Frame work 362: BVH built/hit/evicted=0/0/0, catalogue/instance/scene builds=1/1/1, cached/scene tiles=146/109, scene 0.0 MiB, selection/detail passes=0/1, fallback ray attempts=0, GPU build/selection/detail=0.467/0.000/0.000 ms, CPU grouping=0.000 ms; atlas installed/evicted=0/0, I/O=0.000 MiB, resident=27/27
Camera preparation: wall 0.215 ms, GPU LOD 0.004 ms, plans/footprints=144/1
Minimap mask: 276x236, 1440000 rays, worker 19.665 ms, GPU 8.374 ms
LOD plan: sources=1591, changed finer/coarser=0/1, selected LOD-1=23
Minimap publish: request-to-image 20.977 ms
Frame 364: wall 36.681 ms, GPU producer 34.285 ms, 1 producer submission(s), resident trace and presentation combined; t=23.854, BVH resident/budget 324.5/2048.0 MiB, builds/hits/evictions=146/564/0, scene builds=145
Frame phases 364: pre-render 0.020 ms, prepare 2.103 ms, primary repair 0.000 ms, shadow repair 0.000 ms, producer wait 34.534 ms; observer=2625830.39/1103151.79/2371.30, moved=12.16 m, roam=1, replaced=0, image=1600x900, LOD=1.500, shadows=0, minimap=1
Frame work 364: BVH built/hit/evicted=0/0/0, catalogue/instance/scene builds=1/1/1, cached/scene tiles=146/109, scene 0.0 MiB, selection/detail passes=0/1, fallback ray attempts=0, GPU build/selection/detail=0.534/0.000/0.000 ms, CPU grouping=0.000 ms; atlas installed/evicted=0/0, I/O=0.000 MiB, resident=27/27
Camera preparation: wall 0.226 ms, GPU LOD 0.004 ms, plans/footprints=145/1
Minimap mask: 276x236, 1440000 rays, worker 27.254 ms, GPU 6.326 ms
Minimap publish: request-to-image 27.345 ms
LOD plan: sources=1591, changed finer/coarser=0/0, selected LOD-1=23
Frame 366: wall 36.671 ms, GPU producer 34.684 ms, 1 producer submission(s), resident trace and presentation combined; t=23.890, BVH resident/budget 324.5/2048.0 MiB, builds/hits/evictions=146/564/0, scene builds=146
Frame phases 366: pre-render 0.006 ms, prepare 1.715 ms, primary repair 0.000 ms, shadow repair 0.000 ms, producer wait 34.924 ms; observer=2625835.22/1103160.34/2368.42, moved=9.82 m, roam=1, replaced=0, image=1600x900, LOD=1.500, shadows=0, minimap=1
Frame work 366: BVH built/hit/evicted=0/0/0, catalogue/instance/scene builds=1/1/1, cached/scene tiles=146/109, scene 0.0 MiB, selection/detail passes=0/1, fallback ray attempts=0, GPU build/selection/detail=0.444/0.000/0.000 ms, CPU grouping=0.000 ms; atlas installed/evicted=0/0, I/O=0.000 MiB, resident=27/27
Camera preparation: wall 0.232 ms, GPU LOD 0.004 ms, plans/footprints=146/1
Minimap mask: 276x236, 1440000 rays, worker 29.774 ms, GPU 10.411 ms
Minimap publish: request-to-image 29.864 ms
LOD plan: sources=1591, changed finer/coarser=0/0, selected LOD-1=23
Frame 370: wall 37.031 ms, GPU producer 34.694 ms, 1 producer submission(s), resident trace and presentation combined; t=23.927, BVH resident/budget 324.5/2048.0 MiB, builds/hits/evictions=146/564/0, scene builds=147
Frame phases 370: pre-render 0.008 ms, prepare 1.622 ms, primary repair 0.000 ms, shadow repair 0.000 ms, producer wait 35.356 ms; observer=2625845.88/1103179.77/2362.04, moved=22.16 m, roam=1, replaced=0, image=1600x900, LOD=1.500, shadows=0, minimap=1
Frame work 370: BVH built/hit/evicted=0/0/0, catalogue/instance/scene builds=1/1/1, cached/scene tiles=146/109, scene 0.0 MiB, selection/detail passes=0/1, fallback ray attempts=0, GPU build/selection/detail=0.468/0.000/0.000 ms, CPU grouping=0.000 ms; atlas installed/evicted=0/0, I/O=0.000 MiB, resident=27/27
Camera preparation: wall 0.174 ms, GPU LOD 0.004 ms, plans/footprints=147/1
LOD plan: sources=1591, changed finer/coarser=0/0, selected LOD-1=23
Minimap mask: 276x236, 1440000 rays, worker 3.182 ms, GPU 1.526 ms
Minimap publish: request-to-image 3.220 ms
Minimap mask: 276x236, 1440000 rays, worker 9.051 ms, GPU 5.700 ms
Frame 372: wall 40.527 ms, GPU producer 35.522 ms, 1 producer submission(s), resident trace and presentation combined; t=23.968, BVH resident/budget 324.5/2048.0 MiB, builds/hits/evictions=146/564/0, scene builds=148
Frame phases 372: pre-render 0.007 ms, prepare 4.188 ms, primary repair 0.000 ms, shadow repair 0.000 ms, producer wait 36.271 ms; observer=2625851.09/1103189.59/2358.89, moved=11.12 m, roam=1, replaced=0, image=1600x900, LOD=1.500, shadows=0, minimap=1
Frame work 372: BVH built/hit/evicted=0/0/0, catalogue/instance/scene builds=1/1/1, cached/scene tiles=146/109, scene 0.0 MiB, selection/detail passes=0/1, fallback ray attempts=0, GPU build/selection/detail=0.461/0.000/0.000 ms, CPU grouping=0.000 ms; atlas installed/evicted=0/0, I/O=0.000 MiB, resident=27/27
Camera preparation: wall 2.463 ms, GPU LOD 1.200 ms, plans/footprints=148/1
Minimap publish: request-to-image 9.477 ms
LOD plan: sources=1591, changed finer/coarser=1/0, selected LOD-1=23
Frame 374: wall 38.486 ms, GPU producer 35.801 ms, 1 producer submission(s), resident trace and presentation combined; t=24.007, BVH resident/budget 324.5/2048.0 MiB, builds/hits/evictions=146/564/0, scene builds=149
Frame phases 374: pre-render 0.007 ms, prepare 1.991 ms, primary repair 0.000 ms, shadow repair 0.000 ms, producer wait 36.455 ms; observer=2625856.34/1103199.68/2355.71, moved=11.37 m, roam=1, replaced=0, image=1600x900, LOD=1.500, shadows=0, minimap=1
Frame work 374: BVH built/hit/evicted=0/0/0, catalogue/instance/scene builds=1/1/1, cached/scene tiles=146/109, scene 0.0 MiB, selection/detail passes=0/1, fallback ray attempts=0, GPU build/selection/detail=0.438/0.000/0.000 ms, CPU grouping=0.000 ms; atlas installed/evicted=0/0, I/O=0.000 MiB, resident=27/27
Camera preparation: wall 0.512 ms, GPU LOD 0.005 ms, plans/footprints=149/1
Minimap mask: 276x236, 1440000 rays, worker 13.301 ms, GPU 3.973 ms
Minimap publish: request-to-image 13.386 ms
LOD plan: sources=1591, changed finer/coarser=0/1, selected LOD-1=23
Frame 376: wall 36.560 ms, GPU producer 34.607 ms, 1 producer submission(s), resident trace and presentation combined; t=24.043, BVH resident/budget 324.5/2048.0 MiB, builds/hits/evictions=146/564/0, scene builds=150
Frame phases 376: pre-render 0.005 ms, prepare 1.705 ms, primary repair 0.000 ms, shadow repair 0.000 ms, producer wait 34.829 ms; observer=2625861.39/1103209.60/2352.64, moved=11.13 m, roam=1, replaced=0, image=1600x900, LOD=1.500, shadows=0, minimap=1
Frame work 376: BVH built/hit/evicted=0/0/0, catalogue/instance/scene builds=1/1/1, cached/scene tiles=146/109, scene 0.0 MiB, selection/detail passes=0/1, fallback ray attempts=0, GPU build/selection/detail=0.455/0.000/0.000 ms, CPU grouping=0.000 ms; atlas installed/evicted=0/0, I/O=0.000 MiB, resident=27/27
Camera preparation: wall 0.337 ms, GPU LOD 0.004 ms, plans/footprints=150/1
Minimap mask: 276x236, 1440000 rays, worker 17.898 ms, GPU 8.679 ms
LOD plan: sources=1591, changed finer/coarser=1/0, selected LOD-1=23
Minimap publish: request-to-image 18.994 ms
Minimap mask: 276x236, 1440000 rays, worker 19.724 ms, GPU 7.334 ms
Minimap publish: request-to-image 19.756 ms
Health t=24.161: memory ok footprint/resident 770.8/444.8 MiB, Metal allocated/recommended 656.1/18186.2 MiB, thermal=0
Health t=24.161: worker stage=render age=118.1 ms, calls=321 revision=376, submitted/completed/presented=0/0/0, stale=0 unavailable=0 refreshed=0
Health t=24.161: display stage=idle age=4.0 ms, calls=702 revision=376, submitted/completed/presented=702/702/700, stale=0 unavailable=0 refreshed=0
Health t=24.161: minimap stage=idle age=81.7 ms, calls=195 revision=0, submitted/completed/presented=195/195/195, stale=0 unavailable=0 refreshed=225
Health t=24.161: terrain stage=BVH streaming tile selection age=0.8 ms
Slow stage: primary repair wall 115.072 ms (inclusive)
Slow stage: terrain frame wall 153.239 ms (inclusive)
Frame 378: wall 153.244 ms, GPU producer 35.316 ms, 2 producer submission(s), streaming work excluded from GPU producer timing; t=24.197, BVH resident/budget 325.2/2048.0 MiB, builds/hits/evictions=147/589/0, scene builds=151
Frame phases 378: pre-render 0.008 ms, prepare 1.518 ms, primary repair 115.072 ms, shadow repair 0.000 ms, producer wait 36.553 ms; observer=2625866.36/1103219.55/2349.61, moved=11.13 m, roam=1, replaced=0, image=1600x900, LOD=1.500, shadows=0, minimap=1
Frame work 378: BVH built/hit/evicted=1/25/0, catalogue/instance/scene builds=1/18/1, cached/scene tiles=147/0, scene 0.0 MiB, selection/detail passes=18/19, fallback ray attempts=2922, GPU build/selection/detail=2.161/10.848/33.217 ms, CPU grouping=42.458 ms; atlas installed/evicted=1/1, I/O=0.126 MiB, resident=27/27
Camera preparation: wall 0.179 ms, GPU LOD 0.004 ms, plans/footprints=151/1
Slow stage: worker iteration wall 153.311 ms (inclusive)
LOD plan: sources=1591, changed finer/coarser=0/0, selected LOD-1=23
Minimap mask: 276x236, 1440000 rays, worker 6.551 ms, GPU 5.116 ms
Frame 388: wall 35.965 ms, GPU producer 34.172 ms, 1 producer submission(s), resident trace and presentation combined; t=24.233, BVH resident/budget 325.2/2048.0 MiB, builds/hits/evictions=147/589/0, scene builds=152
Frame phases 388: pre-render 0.073 ms, prepare 1.481 ms, primary repair 0.000 ms, shadow repair 0.000 ms, producer wait 34.393 ms; observer=2625890.24/1103270.04/2335.06, moved=55.85 m, roam=1, replaced=0, image=1600x900, LOD=1.500, shadows=0, minimap=1
Frame work 388: BVH built/hit/evicted=0/0/0, catalogue/instance/scene builds=1/1/1, cached/scene tiles=147/109, scene 0.0 MiB, selection/detail passes=0/1, fallback ray attempts=0, GPU build/selection/detail=0.468/0.000/0.000 ms, CPU grouping=0.000 ms; atlas installed/evicted=0/0, I/O=0.000 MiB, resident=27/27
Camera preparation: wall 0.174 ms, GPU LOD 0.004 ms, plans/footprints=152/1
LOD plan: sources=1591, changed finer/coarser=0/0, selected LOD-1=23
Minimap publish: request-to-image 8.691 ms
Minimap mask: 276x236, 1440000 rays, worker 9.151 ms, GPU 5.946 ms
Frame 390: wall 36.561 ms, GPU producer 34.687 ms, 1 producer submission(s), resident trace and presentation combined; t=24.269, BVH resident/budget 325.2/2048.0 MiB, builds/hits/evictions=147/589/0, scene builds=153
Frame phases 390: pre-render 0.005 ms, prepare 1.515 ms, primary repair 0.000 ms, shadow repair 0.000 ms, producer wait 35.017 ms; observer=2625894.83/1103280.26/2332.26, moved=11.20 m, roam=1, replaced=0, image=1600x900, LOD=1.500, shadows=0, minimap=1
Frame work 390: BVH built/hit/evicted=0/0/0, catalogue/instance/scene builds=1/1/1, cached/scene tiles=147/109, scene 0.0 MiB, selection/detail passes=0/1, fallback ray attempts=0, GPU build/selection/detail=0.403/0.000/0.000 ms, CPU grouping=0.000 ms; atlas installed/evicted=0/0, I/O=0.000 MiB, resident=27/27
Camera preparation: wall 0.191 ms, GPU LOD 0.004 ms, plans/footprints=153/1
LOD plan: sources=1591, changed finer/coarser=0/0, selected LOD-1=23
Minimap publish: request-to-image 10.926 ms
Frame 392: wall 36.410 ms, GPU producer 34.374 ms, 1 producer submission(s), resident trace and presentation combined; t=24.306, BVH resident/budget 325.2/2048.0 MiB, builds/hits/evictions=147/589/0, scene builds=154
Frame phases 392: pre-render 0.021 ms, prepare 1.710 ms, primary repair 0.000 ms, shadow repair 0.000 ms, producer wait 34.652 ms; observer=2625899.33/1103290.44/2329.53, moved=11.13 m, roam=1, replaced=0, image=1600x900, LOD=1.500, shadows=0, minimap=1
Frame work 392: BVH built/hit/evicted=0/0/0, catalogue/instance/scene builds=1/1/1, cached/scene tiles=147/109, scene 0.0 MiB, selection/detail passes=0/1, fallback ray attempts=0, GPU build/selection/detail=0.405/0.000/0.000 ms, CPU grouping=0.000 ms; atlas installed/evicted=0/0, I/O=0.000 MiB, resident=27/27
Camera preparation: wall 0.186 ms, GPU LOD 0.004 ms, plans/footprints=154/1
Minimap mask: 276x236, 1440000 rays, worker 12.596 ms, GPU 7.028 ms
Minimap publish: request-to-image 12.663 ms
LOD plan: sources=1591, changed finer/coarser=0/0, selected LOD-1=23
Frame 394: wall 37.061 ms, GPU producer 35.050 ms, 1 producer submission(s), resident trace and presentation combined; t=24.343, BVH resident/budget 325.2/2048.0 MiB, builds/hits/evictions=147/589/0, scene builds=155
Frame phases 394: pre-render 0.039 ms, prepare 1.633 ms, primary repair 0.000 ms, shadow repair 0.000 ms, producer wait 35.366 ms; observer=2625903.84/1103300.79/2326.81, moved=11.28 m, roam=1, replaced=0, image=1600x900, LOD=1.500, shadows=0, minimap=1
Frame work 394: BVH built/hit/evicted=0/0/0, catalogue/instance/scene builds=1/1/1, cached/scene tiles=147/109, scene 0.0 MiB, selection/detail passes=0/1, fallback ray attempts=0, GPU build/selection/detail=0.451/0.000/0.000 ms, CPU grouping=0.000 ms; atlas installed/evicted=0/0, I/O=0.000 MiB, resident=27/27
Camera preparation: wall 0.195 ms, GPU LOD 0.004 ms, plans/footprints=155/1
Minimap mask: 276x236, 1440000 rays, worker 17.126 ms, GPU 7.036 ms
Minimap publish: request-to-image 17.219 ms
LOD plan: sources=1591, changed finer/coarser=1/0, selected LOD-1=23
Frame 396: wall 37.114 ms, GPU producer 35.197 ms, 1 producer submission(s), resident trace and presentation combined; t=24.380, BVH resident/budget 325.2/2048.0 MiB, builds/hits/evictions=147/589/0, scene builds=156
Frame phases 396: pre-render 0.006 ms, prepare 1.564 ms, primary repair 0.000 ms, shadow repair 0.000 ms, producer wait 35.516 ms; observer=2625908.28/1103311.12/2324.14, moved=11.25 m, roam=1, replaced=0, image=1600x900, LOD=1.500, shadows=0, minimap=1
Frame work 396: BVH built/hit/evicted=0/0/0, catalogue/instance/scene builds=1/1/1, cached/scene tiles=147/109, scene 0.0 MiB, selection/detail passes=0/1, fallback ray attempts=0, GPU build/selection/detail=0.445/0.000/0.000 ms, CPU grouping=0.000 ms; atlas installed/evicted=0/0, I/O=0.000 MiB, resident=27/27
Camera preparation: wall 0.177 ms, GPU LOD 0.003 ms, plans/footprints=156/1
Minimap mask: 276x236, 1440000 rays, worker 20.857 ms, GPU 4.830 ms
Minimap publish: request-to-image 20.949 ms
LOD plan: sources=1591, changed finer/coarser=0/0, selected LOD-1=23
Frame 398: wall 38.291 ms, GPU producer 36.444 ms, 1 producer submission(s), resident trace and presentation combined; t=24.418, BVH resident/budget 325.2/2048.0 MiB, builds/hits/evictions=147/589/0, scene builds=157
Frame phases 398: pre-render 0.005 ms, prepare 1.557 ms, primary repair 0.000 ms, shadow repair 0.000 ms, producer wait 36.706 ms; observer=2625912.66/1103321.46/2321.51, moved=11.23 m, roam=1, replaced=0, image=1600x900, LOD=1.500, shadows=0, minimap=1
Frame work 398: BVH built/hit/evicted=0/0/0, catalogue/instance/scene builds=1/1/1, cached/scene tiles=147/109, scene 0.0 MiB, selection/detail passes=0/1, fallback ray attempts=0, GPU build/selection/detail=0.436/0.000/0.000 ms, CPU grouping=0.000 ms; atlas installed/evicted=0/0, I/O=0.000 MiB, resident=27/27
Camera preparation: wall 0.191 ms, GPU LOD 0.004 ms, plans/footprints=157/1
Minimap mask: 276x236, 1440000 rays, worker 24.398 ms, GPU 9.181 ms
LOD plan: sources=1591, changed finer/coarser=0/1, selected LOD-1=23
Minimap publish: request-to-image 26.278 ms
Frame 400: wall 38.196 ms, GPU producer 36.137 ms, 1 producer submission(s), resident trace and presentation combined; t=24.457, BVH resident/budget 325.2/2048.0 MiB, builds/hits/evictions=147/589/0, scene builds=158
Frame phases 400: pre-render 0.017 ms, prepare 1.702 ms, primary repair 0.000 ms, shadow repair 0.000 ms, producer wait 36.445 ms; observer=2625917.00/1103331.85/2318.92, moved=11.26 m, roam=1, replaced=0, image=1600x900, LOD=1.500, shadows=0, minimap=1
Frame work 400: BVH built/hit/evicted=0/0/0, catalogue/instance/scene builds=1/1/1, cached/scene tiles=147/109, scene 0.0 MiB, selection/detail passes=0/1, fallback ray attempts=0, GPU build/selection/detail=0.408/0.000/0.000 ms, CPU grouping=0.000 ms; atlas installed/evicted=0/0, I/O=0.000 MiB, resident=27/27
Camera preparation: wall 0.205 ms, GPU LOD 0.004 ms, plans/footprints=158/1
Minimap mask: 276x236, 1440000 rays, worker 28.074 ms, GPU 9.401 ms
LOD plan: sources=1591, changed finer/coarser=2/0, selected LOD-1=23
Minimap publish: request-to-image 29.383 ms
Minimap mask: 276x236, 1440000 rays, worker 33.042 ms, GPU 8.999 ms
Minimap publish: request-to-image 33.083 ms
Slow stage: terrain frame wall 134.757 ms (inclusive)
Frame 404: wall 134.765 ms, GPU producer 37.232 ms, 2 producer submission(s), streaming work excluded from GPU producer timing; t=24.591, BVH resident/budget 330.3/2048.0 MiB, builds/hits/evictions=149/609/0, scene builds=159
Frame phases 404: pre-render 0.010 ms, prepare 1.970 ms, primary repair 94.234 ms, shadow repair 0.000 ms, producer wait 38.441 ms; observer=2625925.50/1103352.62/2313.89, moved=22.44 m, roam=1, replaced=0, image=1600x900, LOD=1.500, shadows=0, minimap=1
Frame work 404: BVH built/hit/evicted=2/20/0, catalogue/instance/scene builds=1/13/1, cached/scene tiles=149/0, scene 0.0 MiB, selection/detail passes=13/14, fallback ray attempts=31600, GPU build/selection/detail=3.305/5.563/35.000 ms, CPU grouping=31.048 ms; atlas installed/evicted=2/2, I/O=1.004 MiB, resident=27/27
Camera preparation: wall 0.227 ms, GPU LOD 0.004 ms, plans/footprints=159/1
Slow stage: worker iteration wall 134.826 ms (inclusive)
LOD plan: sources=1591, changed finer/coarser=2/2, selected LOD-1=22
Frame 412: wall 38.080 ms, GPU producer 34.352 ms, 1 producer submission(s), resident trace and presentation combined; t=24.630, BVH resident/budget 330.3/2048.0 MiB, builds/hits/evictions=149/609/0, scene builds=160
Frame phases 412: pre-render 0.006 ms, prepare 1.548 ms, primary repair 0.000 ms, shadow repair 0.000 ms, producer wait 36.497 ms; observer=2625942.00/1103394.73/2304.25, moved=45.23 m, roam=1, replaced=0, image=1600x900, LOD=1.500, shadows=0, minimap=1
Frame work 412: BVH built/hit/evicted=0/0/0, catalogue/instance/scene builds=1/1/1, cached/scene tiles=149/108, scene 0.0 MiB, selection/detail passes=0/1, fallback ray attempts=0, GPU build/selection/detail=0.404/0.000/0.000 ms, CPU grouping=0.000 ms; atlas installed/evicted=0/0, I/O=0.000 MiB, resident=27/27
Camera preparation: wall 0.180 ms, GPU LOD 0.004 ms, plans/footprints=160/1
Minimap mask: 276x236, 1440000 rays, worker 3.713 ms, GPU 2.440 ms
Minimap publish: request-to-image 3.779 ms
LOD plan: sources=1591, changed finer/coarser=1/0, selected LOD-1=22
Minimap mask: 276x236, 1440000 rays, worker 6.909 ms, GPU 4.473 ms
Frame 414: wall 37.423 ms, GPU producer 35.553 ms, 1 producer submission(s), resident trace and presentation combined; t=24.667, BVH resident/budget 330.3/2048.0 MiB, builds/hits/evictions=149/609/0, scene builds=161
Frame phases 414: pre-render 0.006 ms, prepare 1.557 ms, primary repair 0.000 ms, shadow repair 0.000 ms, producer wait 35.841 ms; observer=2625946.01/1103405.31/2301.95, moved=11.32 m, roam=1, replaced=0, image=1600x900, LOD=1.500, shadows=0, minimap=1
Frame work 414: BVH built/hit/evicted=0/0/0, catalogue/instance/scene builds=1/1/1, cached/scene tiles=149/108, scene 0.0 MiB, selection/detail passes=0/1, fallback ray attempts=0, GPU build/selection/detail=0.444/0.000/0.000 ms, CPU grouping=0.000 ms; atlas installed/evicted=0/0, I/O=0.000 MiB, resident=27/27
Camera preparation: wall 0.206 ms, GPU LOD 0.004 ms, plans/footprints=161/1
LOD plan: sources=1591, changed finer/coarser=0/0, selected LOD-1=22
Minimap publish: request-to-image 7.989 ms
Frame 416: wall 38.294 ms, GPU producer 36.331 ms, 1 producer submission(s), resident trace and presentation combined; t=24.705, BVH resident/budget 330.3/2048.0 MiB, builds/hits/evictions=149/609/0, scene builds=162
Frame phases 416: pre-render 0.018 ms, prepare 1.684 ms, primary repair 0.000 ms, shadow repair 0.000 ms, producer wait 36.564 ms; observer=2625949.86/1103415.64/2299.75, moved=11.02 m, roam=1, replaced=0, image=1600x900, LOD=1.500, shadows=0, minimap=1
Frame work 416: BVH built/hit/evicted=0/0/0, catalogue/instance/scene builds=1/1/1, cached/scene tiles=149/108, scene 0.0 MiB, selection/detail passes=0/1, fallback ray attempts=0, GPU build/selection/detail=0.422/0.000/0.000 ms, CPU grouping=0.000 ms; atlas installed/evicted=0/0, I/O=0.000 MiB, resident=27/27
Camera preparation: wall 0.196 ms, GPU LOD 0.004 ms, plans/footprints=162/1
Minimap mask: 276x236, 1440000 rays, worker 12.682 ms, GPU 6.916 ms
Minimap publish: request-to-image 12.770 ms
LOD plan: sources=1591, changed finer/coarser=0/0, selected LOD-1=22
Minimap mask: 276x236, 1440000 rays, worker 16.292 ms, GPU 8.411 ms
Frame 418: wall 37.679 ms, GPU producer 35.711 ms, 1 producer submission(s), resident trace and presentation combined; t=24.743, BVH resident/budget 330.3/2048.0 MiB, builds/hits/evictions=149/609/0, scene builds=163
Frame phases 418: pre-render 0.046 ms, prepare 1.582 ms, primary repair 0.000 ms, shadow repair 0.000 ms, producer wait 36.026 ms; observer=2625953.88/1103426.54/2297.47, moved=11.62 m, roam=1, replaced=0, image=1600x900, LOD=1.500, shadows=0, minimap=1
Frame work 418: BVH built/hit/evicted=0/0/0, catalogue/instance/scene builds=1/1/1, cached/scene tiles=149/108, scene 0.0 MiB, selection/detail passes=0/1, fallback ray attempts=0, GPU build/selection/detail=0.423/0.000/0.000 ms, CPU grouping=0.000 ms; atlas installed/evicted=0/0, I/O=0.000 MiB, resident=27/27
Camera preparation: wall 0.245 ms, GPU LOD 0.003 ms, plans/footprints=163/1
Minimap publish: request-to-image 16.326 ms
LOD plan: sources=1591, changed finer/coarser=1/0, selected LOD-1=22
Minimap mask: 276x236, 1440000 rays, worker 20.582 ms, GPU 8.696 ms
Minimap publish: request-to-image 20.621 ms
Slow stage: terrain frame wall 116.659 ms (inclusive)
Frame 420: wall 116.667 ms, GPU producer 35.526 ms, 2 producer submission(s), streaming work excluded from GPU producer timing; t=24.860, BVH resident/budget 333.5/2048.0 MiB, builds/hits/evictions=151/614/0, scene builds=164
Frame phases 420: pre-render 0.011 ms, prepare 1.763 ms, primary repair 78.229 ms, shadow repair 0.000 ms, producer wait 36.589 ms; observer=2625957.76/1103437.20/2295.29, moved=11.34 m, roam=1, replaced=0, image=1600x900, LOD=1.500, shadows=0, minimap=1
Frame work 420: BVH built/hit/evicted=2/5/0, catalogue/instance/scene builds=1/7/1, cached/scene tiles=151/0, scene 0.0 MiB, selection/detail passes=7/8, fallback ray attempts=2862, GPU build/selection/detail=2.414/3.692/33.548 ms, CPU grouping=19.119 ms; atlas installed/evicted=2/2, I/O=0.628 MiB, resident=27/27
Camera preparation: wall 0.193 ms, GPU LOD 0.003 ms, plans/footprints=164/1
Slow stage: worker iteration wall 116.727 ms (inclusive)
LOD plan: sources=1591, changed finer/coarser=0/1, selected LOD-1=22
Frame 428: wall 38.659 ms, GPU producer 36.876 ms, 1 producer submission(s), resident trace and presentation combined; t=24.899, BVH resident/budget 333.5/2048.0 MiB, builds/hits/evictions=151/614/0, scene builds=165
Frame phases 428: pre-render 0.024 ms, prepare 1.502 ms, primary repair 0.000 ms, shadow repair 0.000 ms, producer wait 37.107 ms; observer=2625972.90/1103480.00/2286.99, moved=45.40 m, roam=1, replaced=0, image=1600x900, LOD=1.500, shadows=0, minimap=1
Frame work 428: BVH built/hit/evicted=0/0/0, catalogue/instance/scene builds=1/1/1, cached/scene tiles=151/109, scene 0.0 MiB, selection/detail passes=0/1, fallback ray attempts=0, GPU build/selection/detail=0.404/0.000/0.000 ms, CPU grouping=0.000 ms; atlas installed/evicted=0/0, I/O=0.000 MiB, resident=27/27
Camera preparation: wall 0.184 ms, GPU LOD 0.004 ms, plans/footprints=165/1
Minimap mask: 276x236, 1440000 rays, worker 5.610 ms, GPU 4.226 ms
LOD plan: sources=1591, changed finer/coarser=1/0, selected LOD-1=22
Minimap publish: request-to-image 8.650 ms
Minimap mask: 276x236, 1440000 rays, worker 8.120 ms, GPU 6.253 ms
Minimap publish: request-to-image 8.154 ms
Slow stage: primary repair wall 122.910 ms (inclusive)
Slow stage: terrain frame wall 160.788 ms (inclusive)
Frame 430: wall 160.795 ms, GPU producer 35.234 ms, 2 producer submission(s), streaming work excluded from GPU producer timing; t=25.060, BVH resident/budget 336.1/2048.0 MiB, builds/hits/evictions=152/646/0, scene builds=166
Frame phases 430: pre-render 0.011 ms, prepare 1.582 ms, primary repair 122.910 ms, shadow repair 0.000 ms, producer wait 36.220 ms; observer=2625976.61/1103490.77/2285.02, moved=11.38 m, roam=1, replaced=0, image=1600x900, LOD=1.500, shadows=0, minimap=1
Frame work 430: BVH built/hit/evicted=1/32/0, catalogue/instance/scene builds=1/20/1, cached/scene tiles=152/0, scene 0.0 MiB, selection/detail passes=20/21, fallback ray attempts=15646, GPU build/selection/detail=2.856/11.732/36.118 ms, CPU grouping=41.840 ms; atlas installed/evicted=1/1, I/O=0.502 MiB, resident=27/27
Camera preparation: wall 0.205 ms, GPU LOD 0.004 ms, plans/footprints=166/1
Slow stage: worker iteration wall 160.853 ms (inclusive)
LOD plan: sources=1591, changed finer/coarser=2/1, selected LOD-1=23
Minimap mask: 276x236, 1440000 rays, worker 4.343 ms, GPU 3.058 ms
Minimap publish: request-to-image 4.372 ms
Health t=25.167: memory ok footprint/resident 791.5/452.0 MiB, Metal allocated/recommended 675.4/18186.2 MiB, thermal=0
Health t=25.167: worker stage=render age=106.9 ms, calls=337 revision=430, submitted/completed/presented=0/0/0, stale=0 unavailable=0 refreshed=0
Health t=25.167: display stage=idle age=9.1 ms, calls=732 revision=430, submitted/completed/presented=732/732/731, stale=0 unavailable=0 refreshed=0
Health t=25.167: minimap stage=idle age=69.6 ms, calls=211 revision=0, submitted/completed/presented=211/211/211, stale=0 unavailable=0 refreshed=246
Health t=25.167: terrain stage=producer wait age=0.1 ms
Slow stage: terrain frame wall 110.058 ms (inclusive)
Frame 440: wall 110.066 ms, GPU producer 34.702 ms, 2 producer submission(s), streaming work excluded from GPU producer timing; t=25.170, BVH resident/budget 346.3/2048.0 MiB, builds/hits/evictions=153/653/0, scene builds=167
Frame phases 440: pre-render 0.013 ms, prepare 2.828 ms, primary repair 69.498 ms, shadow repair 0.000 ms, producer wait 37.667 ms; observer=2625994.66/1103544.79/2275.78, moved=56.96 m, roam=1, replaced=0, image=1600x900, LOD=1.500, shadows=0, minimap=1
Frame work 440: BVH built/hit/evicted=1/7/0, catalogue/instance/scene builds=1/7/1, cached/scene tiles=153/0, scene 0.0 MiB, selection/detail passes=7/8, fallback ray attempts=152838, GPU build/selection/detail=4.504/2.879/33.735 ms, CPU grouping=16.707 ms; atlas installed/evicted=1/1, I/O=2.004 MiB, resident=27/27
Camera preparation: wall 0.174 ms, GPU LOD 0.004 ms, plans/footprints=167/1
Slow stage: worker iteration wall 110.121 ms (inclusive)
LOD plan: sources=1591, changed finer/coarser=0/0, selected LOD-1=23
Frame 446: wall 35.554 ms, GPU producer 33.756 ms, 1 producer submission(s), resident trace and presentation combined; t=25.205, BVH resident/budget 346.3/2048.0 MiB, builds/hits/evictions=153/653/0, scene builds=168
Frame phases 446: pre-render 0.014 ms, prepare 1.562 ms, primary repair 0.000 ms, shadow repair 0.000 ms, producer wait 33.956 ms; observer=2626005.18/1103577.38/2270.72, moved=34.25 m, roam=1, replaced=0, image=1600x900, LOD=1.500, shadows=0, minimap=1
Frame work 446: BVH built/hit/evicted=0/0/0, catalogue/instance/scene builds=1/1/1, cached/scene tiles=153/109, scene 0.0 MiB, selection/detail passes=0/1, fallback ray attempts=0, GPU build/selection/detail=0.448/0.000/0.000 ms, CPU grouping=0.000 ms; atlas installed/evicted=0/0, I/O=0.000 MiB, resident=27/27
Camera preparation: wall 0.218 ms, GPU LOD 0.004 ms, plans/footprints=168/1
Minimap mask: 276x236, 1440000 rays, worker 12.269 ms, GPU 6.639 ms
Minimap publish: request-to-image 12.344 ms
LOD plan: sources=1591, changed finer/coarser=0/0, selected LOD-1=23
Frame 448: wall 36.222 ms, GPU producer 34.324 ms, 1 producer submission(s), resident trace and presentation combined; t=25.242, BVH resident/budget 346.3/2048.0 MiB, builds/hits/evictions=153/653/0, scene builds=169
Frame phases 448: pre-render 0.006 ms, prepare 1.567 ms, primary repair 0.000 ms, shadow repair 0.000 ms, producer wait 34.625 ms; observer=2626008.63/1103588.28/2269.11, moved=11.43 m, roam=1, replaced=0, image=1600x900, LOD=1.500, shadows=0, minimap=1
Frame work 448: BVH built/hit/evicted=0/0/0, catalogue/instance/scene builds=1/1/1, cached/scene tiles=153/109, scene 0.0 MiB, selection/detail passes=0/1, fallback ray attempts=0, GPU build/selection/detail=0.440/0.000/0.000 ms, CPU grouping=0.000 ms; atlas installed/evicted=0/0, I/O=0.000 MiB, resident=27/27
Camera preparation: wall 0.174 ms, GPU LOD 0.004 ms, plans/footprints=169/1
Minimap mask: 276x236, 1440000 rays, worker 14.133 ms, GPU 6.317 ms
Minimap publish: request-to-image 14.212 ms
LOD plan: sources=1591, changed finer/coarser=0/0, selected LOD-1=23
Frame 450: wall 37.451 ms, GPU producer 35.864 ms, 1 producer submission(s), resident trace and presentation combined; t=25.279, BVH resident/budget 346.3/2048.0 MiB, builds/hits/evictions=153/653/0, scene builds=170
Frame phases 450: pre-render 0.018 ms, prepare 1.306 ms, primary repair 0.000 ms, shadow repair 0.000 ms, producer wait 36.107 ms; observer=2626011.98/1103598.92/2267.58, moved=11.16 m, roam=1, replaced=0, image=1600x900, LOD=1.500, shadows=0, minimap=1
Frame work 450: BVH built/hit/evicted=0/0/0, catalogue/instance/scene builds=1/1/1, cached/scene tiles=153/109, scene 0.0 MiB, selection/detail passes=0/1, fallback ray attempts=0, GPU build/selection/detail=0.413/0.000/0.000 ms, CPU grouping=0.000 ms; atlas installed/evicted=0/0, I/O=0.000 MiB, resident=27/27
Camera preparation: wall 0.166 ms, GPU LOD 0.003 ms, plans/footprints=170/1
Minimap mask: 276x236, 1440000 rays, worker 19.460 ms, GPU 9.455 ms
Minimap publish: request-to-image 19.554 ms
LOD plan: sources=1591, changed finer/coarser=1/0, selected LOD-1=24
Minimap mask: 276x236, 1440000 rays, worker 22.935 ms, GPU 8.050 ms
Minimap publish: request-to-image 24.943 ms
Slow stage: primary repair wall 136.922 ms (inclusive)
Slow stage: terrain frame wall 175.804 ms (inclusive)
Frame 452: wall 175.809 ms, GPU producer 35.803 ms, 2 producer submission(s), streaming work excluded from GPU producer timing; t=25.455, BVH resident/budget 356.6/2048.0 MiB, builds/hits/evictions=154/693/0, scene builds=171
Frame phases 452: pre-render 0.007 ms, prepare 1.647 ms, primary repair 136.922 ms, shadow repair 0.000 ms, producer wait 37.133 ms; observer=2626015.44/1103610.04/2266.03, moved=11.64 m, roam=1, replaced=0, image=1600x900, LOD=1.500, shadows=0, minimap=1
Frame work 452: BVH built/hit/evicted=1/40/0, catalogue/instance/scene builds=1/20/1, cached/scene tiles=154/0, scene 0.0 MiB, selection/detail passes=20/21, fallback ray attempts=86774, GPU build/selection/detail=5.573/10.688/36.473 ms, CPU grouping=50.397 ms; atlas installed/evicted=1/1, I/O=2.004 MiB, resident=27/27
Camera preparation: wall 0.218 ms, GPU LOD 0.007 ms, plans/footprints=171/1
Slow stage: worker iteration wall 175.869 ms (inclusive)
LOD plan: sources=1591, changed finer/coarser=1/1, selected LOD-1=25
Minimap mask: 276x236, 1440000 rays, worker 31.437 ms, GPU 9.983 ms
Minimap publish: request-to-image 31.472 ms
Slow stage: terrain frame wall 113.781 ms (inclusive)
Frame 464: wall 113.788 ms, GPU producer 35.054 ms, 2 producer submission(s), streaming work excluded from GPU producer timing; t=25.569, BVH resident/budget 366.9/2048.0 MiB, builds/hits/evictions=155/701/0, scene builds=172
Frame phases 464: pre-render 0.010 ms, prepare 1.654 ms, primary repair 75.850 ms, shadow repair 0.000 ms, producer wait 36.178 ms; observer=2626035.35/1103675.92/2257.69, moved=68.82 m, roam=1, replaced=0, image=1600x900, LOD=1.500, shadows=0, minimap=1
Frame work 464: BVH built/hit/evicted=1/8/0, catalogue/instance/scene builds=1/7/1, cached/scene tiles=155/0, scene 0.0 MiB, selection/detail passes=7/8, fallback ray attempts=131724, GPU build/selection/detail=4.801/3.722/33.713 ms, CPU grouping=17.605 ms; atlas installed/evicted=1/1, I/O=2.004 MiB, resident=27/27
Camera preparation: wall 0.210 ms, GPU LOD 0.004 ms, plans/footprints=172/1
Slow stage: worker iteration wall 113.848 ms (inclusive)
LOD plan: sources=1591, changed finer/coarser=0/0, selected LOD-1=25
Frame 470: wall 38.783 ms, GPU producer 34.998 ms, 1 producer submission(s), resident trace and presentation combined; t=25.608, BVH resident/budget 366.9/2048.0 MiB, builds/hits/evictions=155/701/0, scene builds=173
Frame phases 470: pre-render 0.007 ms, prepare 3.525 ms, primary repair 0.000 ms, shadow repair 0.000 ms, producer wait 35.231 ms; observer=2626044.97/1103708.99/2254.05, moved=34.44 m, roam=1, replaced=0, image=1600x900, LOD=1.500, shadows=0, minimap=1
Frame work 470: BVH built/hit/evicted=0/0/0, catalogue/instance/scene builds=1/1/1, cached/scene tiles=155/109, scene 0.0 MiB, selection/detail passes=0/1, fallback ray attempts=0, GPU build/selection/detail=0.482/0.000/0.000 ms, CPU grouping=0.000 ms; atlas installed/evicted=0/0, I/O=0.000 MiB, resident=27/27
Camera preparation: wall 0.176 ms, GPU LOD 0.004 ms, plans/footprints=173/1
Minimap mask: 276x236, 1440000 rays, worker 14.711 ms, GPU 5.526 ms
Minimap publish: request-to-image 14.786 ms
LOD plan: sources=1591, changed finer/coarser=1/0, selected LOD-1=25
Frame 472: wall 35.953 ms, GPU producer 33.866 ms, 1 producer submission(s), resident trace and presentation combined; t=25.644, BVH resident/budget 366.9/2048.0 MiB, builds/hits/evictions=155/701/0, scene builds=174
Frame phases 472: pre-render 0.006 ms, prepare 1.785 ms, primary repair 0.000 ms, shadow repair 0.000 ms, producer wait 34.135 ms; observer=2626048.14/1103720.04/2252.91, moved=11.49 m, roam=1, replaced=0, image=1600x900, LOD=1.500, shadows=0, minimap=1
Frame work 472: BVH built/hit/evicted=0/0/0, catalogue/instance/scene builds=1/1/1, cached/scene tiles=155/108, scene 0.0 MiB, selection/detail passes=0/1, fallback ray attempts=0, GPU build/selection/detail=0.448/0.000/0.000 ms, CPU grouping=0.000 ms; atlas installed/evicted=0/0, I/O=0.000 MiB, resident=27/27
Minimap mask: 276x236, 1440000 rays, worker 17.339 ms, GPU 8.189 ms
Camera preparation: wall 0.199 ms, GPU LOD 0.004 ms, plans/footprints=174/1
LOD plan: sources=1591, changed finer/coarser=1/0, selected LOD-1=25
Minimap publish: request-to-image 18.895 ms
Frame 474: wall 37.745 ms, GPU producer 35.683 ms, 1 producer submission(s), resident trace and presentation combined; t=25.682, BVH resident/budget 366.9/2048.0 MiB, builds/hits/evictions=155/701/0, scene builds=175
Frame phases 474: pre-render 0.007 ms, prepare 1.760 ms, primary repair 0.000 ms, shadow repair 0.000 ms, producer wait 35.954 ms; observer=2626051.20/1103730.80/2251.85, moved=11.19 m, roam=1, replaced=0, image=1600x900, LOD=1.500, shadows=0, minimap=1
Frame work 474: BVH built/hit/evicted=0/0/0, catalogue/instance/scene builds=1/1/1, cached/scene tiles=155/108, scene 0.0 MiB, selection/detail passes=0/1, fallback ray attempts=0, GPU build/selection/detail=0.454/0.000/0.000 ms, CPU grouping=0.000 ms; atlas installed/evicted=0/0, I/O=0.000 MiB, resident=27/27
Camera preparation: wall 0.209 ms, GPU LOD 0.004 ms, plans/footprints=175/1
Minimap mask: 276x236, 1440000 rays, worker 21.143 ms, GPU 10.210 ms
Minimap publish: request-to-image 21.259 ms
LOD plan: sources=1591, changed finer/coarser=2/0, selected LOD-1=25
Minimap mask: 276x236, 1440000 rays, worker 26.264 ms, GPU 9.735 ms
Minimap publish: request-to-image 26.305 ms
Slow stage: primary repair wall 100.199 ms (inclusive)
Slow stage: terrain frame wall 139.618 ms (inclusive)
Frame 476: wall 139.624 ms, GPU producer 36.364 ms, 2 producer submission(s), streaming work excluded from GPU producer timing; t=25.821, BVH resident/budget 367.5/2048.0 MiB, builds/hits/evictions=156/714/0, scene builds=176
Frame phases 476: pre-render 0.008 ms, prepare 1.778 ms, primary repair 100.199 ms, shadow repair 0.000 ms, producer wait 37.541 ms; observer=2626054.41/1103742.14/2250.76, moved=11.79 m, roam=1, replaced=0, image=1600x900, LOD=1.500, shadows=0, minimap=1
Frame work 476: BVH built/hit/evicted=1/13/0, catalogue/instance/scene builds=1/15/1, cached/scene tiles=156/0, scene 0.0 MiB, selection/detail passes=15/16, fallback ray attempts=184, GPU build/selection/detail=1.698/8.448/33.639 ms, CPU grouping=35.232 ms; atlas installed/evicted=1/1, I/O=0.126 MiB, resident=27/27
Camera preparation: wall 0.200 ms, GPU LOD 0.004 ms, plans/footprints=176/1
Slow stage: worker iteration wall 139.687 ms (inclusive)
LOD plan: sources=1591, changed finer/coarser=1/2, selected LOD-1=25
Frame 486: wall 35.159 ms, GPU producer 33.387 ms, 1 producer submission(s), resident trace and presentation combined; t=25.857, BVH resident/budget 367.5/2048.0 MiB, builds/hits/evictions=156/714/0, scene builds=177
Frame phases 486: pre-render 0.007 ms, prepare 1.507 ms, primary repair 0.000 ms, shadow repair 0.000 ms, producer wait 33.625 ms; observer=2626069.71/1103797.34/2246.05, moved=57.28 m, roam=1, replaced=0, image=1600x900, LOD=1.500, shadows=0, minimap=1
Frame work 486: BVH built/hit/evicted=0/0/0, catalogue/instance/scene builds=1/1/1, cached/scene tiles=156/107, scene 0.0 MiB, selection/detail passes=0/1, fallback ray attempts=0, GPU build/selection/detail=0.401/0.000/0.000 ms, CPU grouping=0.000 ms; atlas installed/evicted=0/0, I/O=0.000 MiB, resident=27/27
Camera preparation: wall 0.187 ms, GPU LOD 0.004 ms, plans/footprints=177/1
Minimap mask: 276x236, 1440000 rays, worker 31.089 ms, GPU 7.736 ms
Minimap publish: request-to-image 31.184 ms
LOD plan: sources=1591, changed finer/coarser=0/0, selected LOD-1=25
Frame 488: wall 36.464 ms, GPU producer 34.371 ms, 1 producer submission(s), resident trace and presentation combined; t=25.893, BVH resident/budget 367.5/2048.0 MiB, builds/hits/evictions=156/714/0, scene builds=178
Frame phases 488: pre-render 0.006 ms, prepare 1.730 ms, primary repair 0.000 ms, shadow repair 0.000 ms, producer wait 34.702 ms; observer=2626072.79/1103808.67/2245.19, moved=11.74 m, roam=1, replaced=0, image=1600x900, LOD=1.500, shadows=0, minimap=1
Frame work 488: BVH built/hit/evicted=0/0/0, catalogue/instance/scene builds=1/1/1, cached/scene tiles=156/107, scene 0.0 MiB, selection/detail passes=0/1, fallback ray attempts=0, GPU build/selection/detail=0.411/0.000/0.000 ms, CPU grouping=0.000 ms; atlas installed/evicted=0/0, I/O=0.000 MiB, resident=27/27
Camera preparation: wall 0.213 ms, GPU LOD 0.004 ms, plans/footprints=178/1
Minimap mask: 276x236, 1440000 rays, worker 31.985 ms, GPU 6.193 ms
Minimap publish: request-to-image 32.061 ms
LOD plan: sources=1591, changed finer/coarser=0/0, selected LOD-1=25
Frame 490: wall 37.538 ms, GPU producer 35.495 ms, 1 producer submission(s), resident trace and presentation combined; t=25.931, BVH resident/budget 367.5/2048.0 MiB, builds/hits/evictions=156/714/0, scene builds=179
Frame phases 490: pre-render 0.006 ms, prepare 1.699 ms, primary repair 0.000 ms, shadow repair 0.000 ms, producer wait 35.809 ms; observer=2626075.79/1103819.79/2244.40, moved=11.52 m, roam=1, replaced=0, image=1600x900, LOD=1.500, shadows=0, minimap=1
Frame work 490: BVH built/hit/evicted=0/0/0, catalogue/instance/scene builds=1/1/1, cached/scene tiles=156/107, scene 0.0 MiB, selection/detail passes=0/1, fallback ray attempts=0, GPU build/selection/detail=0.445/0.000/0.000 ms, CPU grouping=0.000 ms; atlas installed/evicted=0/0, I/O=0.000 MiB, resident=27/27
Camera preparation: wall 0.214 ms, GPU LOD 0.004 ms, plans/footprints=179/1
Minimap mask: 276x236, 1440000 rays, worker 3.567 ms, GPU 2.090 ms
Minimap publish: request-to-image 3.672 ms
LOD plan: sources=1591, changed finer/coarser=0/0, selected LOD-1=25
Minimap mask: 276x236, 1440000 rays, worker 7.411 ms, GPU 5.383 ms
Frame 492: wall 36.679 ms, GPU producer 34.569 ms, 1 producer submission(s), resident trace and presentation combined; t=25.967, BVH resident/budget 367.5/2048.0 MiB, builds/hits/evictions=156/714/0, scene builds=180
Frame phases 492: pre-render 0.006 ms, prepare 1.774 ms, primary repair 0.000 ms, shadow repair 0.000 ms, producer wait 34.870 ms; observer=2626078.78/1103830.91/2243.64, moved=11.52 m, roam=1, replaced=0, image=1600x900, LOD=1.500, shadows=0, minimap=1
Frame work 492: BVH built/hit/evicted=0/0/0, catalogue/instance/scene builds=1/1/1, cached/scene tiles=156/107, scene 0.0 MiB, selection/detail passes=0/1, fallback ray attempts=0, GPU build/selection/detail=0.428/0.000/0.000 ms, CPU grouping=0.000 ms; atlas installed/evicted=0/0, I/O=0.000 MiB, resident=27/27
Camera preparation: wall 0.197 ms, GPU LOD 0.004 ms, plans/footprints=180/1
LOD plan: sources=1591, changed finer/coarser=0/0, selected LOD-1=25
Minimap publish: request-to-image 8.465 ms
Frame 494: wall 35.608 ms, GPU producer 33.714 ms, 1 producer submission(s), resident trace and presentation combined; t=26.003, BVH resident/budget 367.5/2048.0 MiB, builds/hits/evictions=156/714/0, scene builds=181
Frame phases 494: pre-render 0.011 ms, prepare 1.625 ms, primary repair 0.000 ms, shadow repair 0.000 ms, producer wait 33.948 ms; observer=2626081.66/1103841.72/2242.93, moved=11.19 m, roam=1, replaced=0, image=1600x900, LOD=1.500, shadows=0, minimap=1
Frame work 494: BVH built/hit/evicted=0/0/0, catalogue/instance/scene builds=1/1/1, cached/scene tiles=156/107, scene 0.0 MiB, selection/detail passes=0/1, fallback ray attempts=0, GPU build/selection/detail=0.404/0.000/0.000 ms, CPU grouping=0.000 ms; atlas installed/evicted=0/0, I/O=0.000 MiB, resident=27/27
Camera preparation: wall 0.195 ms, GPU LOD 0.004 ms, plans/footprints=181/1
Minimap mask: 276x236, 1440000 rays, worker 8.880 ms, GPU 6.669 ms
Minimap publish: request-to-image 8.969 ms
LOD plan: sources=1591, changed finer/coarser=0/0, selected LOD-1=25
Minimap mask: 276x236, 1440000 rays, worker 14.400 ms, GPU 8.700 ms
Frame 496: wall 37.081 ms, GPU producer 35.099 ms, 1 producer submission(s), resident trace and presentation combined; t=26.040, BVH resident/budget 367.5/2048.0 MiB, builds/hits/evictions=156/714/0, scene builds=182
Frame phases 496: pre-render 0.007 ms, prepare 1.659 ms, primary repair 0.000 ms, shadow repair 0.000 ms, producer wait 35.389 ms; observer=2626084.62/1103852.91/2242.24, moved=11.58 m, roam=1, replaced=0, image=1600x900, LOD=1.500, shadows=0, minimap=1
Frame work 496: BVH built/hit/evicted=0/0/0, catalogue/instance/scene builds=1/1/1, cached/scene tiles=156/107, scene 0.0 MiB, selection/detail passes=0/1, fallback ray attempts=0, GPU build/selection/detail=0.404/0.000/0.000 ms, CPU grouping=0.000 ms; atlas installed/evicted=0/0, I/O=0.000 MiB, resident=27/27
Camera preparation: wall 0.196 ms, GPU LOD 0.004 ms, plans/footprints=182/1
Minimap publish: request-to-image 14.439 ms
LOD plan: sources=1591, changed finer/coarser=0/0, selected LOD-1=25
Minimap mask: 276x236, 1440000 rays, worker 14.413 ms, GPU 7.699 ms
Frame 498: wall 34.989 ms, GPU producer 32.996 ms, 1 producer submission(s), resident trace and presentation combined; t=26.075, BVH resident/budget 367.5/2048.0 MiB, builds/hits/evictions=156/714/0, scene builds=183
Frame phases 498: pre-render 0.006 ms, prepare 1.586 ms, primary repair 0.000 ms, shadow repair 0.000 ms, producer wait 33.340 ms; observer=2626087.63/1103864.32/2241.58, moved=11.80 m, roam=1, replaced=0, image=1600x900, LOD=1.500, shadows=0, minimap=1
Frame work 498: BVH built/hit/evicted=0/0/0, catalogue/instance/scene builds=1/1/1, cached/scene tiles=156/107, scene 0.0 MiB, selection/detail passes=0/1, fallback ray attempts=0, GPU build/selection/detail=0.432/0.000/0.000 ms, CPU grouping=0.000 ms; atlas installed/evicted=0/0, I/O=0.000 MiB, resident=27/27
Camera preparation: wall 0.190 ms, GPU LOD 0.004 ms, plans/footprints=183/1
Minimap publish: request-to-image 14.450 ms
LOD plan: sources=1591, changed finer/coarser=1/1, selected LOD-1=25
Minimap mask: 276x236, 1440000 rays, worker 16.027 ms, GPU 7.753 ms
Minimap publish: request-to-image 16.061 ms
Health t=26.171: memory ok footprint/resident 821.4/465.7 MiB, Metal allocated/recommended 709.0/18186.2 MiB, thermal=0
Health t=26.171: worker stage=render age=94.8 ms, calls=354 revision=498, submitted/completed/presented=0/0/0, stale=0 unavailable=0 refreshed=0
Health t=26.171: display stage=idle age=13.4 ms, calls=762 revision=498, submitted/completed/presented=762/762/760, stale=0 unavailable=0 refreshed=0
Health t=26.171: minimap stage=idle age=61.9 ms, calls=228 revision=0, submitted/completed/presented=228/228/228, stale=0 unavailable=0 refreshed=266
Health t=26.171: terrain stage=primary repair age=62.0 ms
Slow stage: primary repair wall 124.750 ms (inclusive)
Slow stage: terrain frame wall 158.920 ms (inclusive)
Frame 500: wall 159.639 ms, GPU producer 31.314 ms, 2 producer submission(s), streaming work excluded from GPU producer timing; t=26.235, BVH resident/budget 377.8/2048.0 MiB, builds/hits/evictions=157/747/0, scene builds=184
Frame phases 500: pre-render 0.722 ms, prepare 1.798 ms, primary repair 124.750 ms, shadow repair 0.000 ms, producer wait 32.288 ms; observer=2626090.55/1103875.49/2240.96, moved=11.54 m, roam=1, replaced=0, image=1600x900, LOD=1.500, shadows=0, minimap=1
Frame work 500: BVH built/hit/evicted=1/33/0, catalogue/instance/scene builds=1/19/1, cached/scene tiles=157/0, scene 0.0 MiB, selection/detail passes=19/20, fallback ray attempts=73350, GPU build/selection/detail=5.697/10.697/31.264 ms, CPU grouping=44.832 ms; atlas installed/evicted=1/1, I/O=4.008 MiB, resident=27/27
Camera preparation: wall 0.210 ms, GPU LOD 0.004 ms, plans/footprints=184/1
Slow stage: worker iteration wall 159.692 ms (inclusive)
LOD plan: sources=1591, changed finer/coarser=0/1, selected LOD-1=25
Frame 510: wall 33.338 ms, GPU producer 29.668 ms, 1 producer submission(s), resident trace and presentation combined; t=26.268, BVH resident/budget 377.8/2048.0 MiB, builds/hits/evictions=157/747/0, scene builds=185
Frame phases 510: pre-render 0.005 ms, prepare 3.380 ms, primary repair 0.000 ms, shadow repair 0.000 ms, producer wait 29.935 ms; observer=2626104.90/1103931.24/2238.38, moved=57.57 m, roam=1, replaced=0, image=1600x900, LOD=1.500, shadows=0, minimap=1
Frame work 510: BVH built/hit/evicted=0/0/0, catalogue/instance/scene builds=1/1/1, cached/scene tiles=157/107, scene 0.0 MiB, selection/detail passes=0/1, fallback ray attempts=0, GPU build/selection/detail=0.422/0.000/0.000 ms, CPU grouping=0.000 ms; atlas installed/evicted=0/0, I/O=0.000 MiB, resident=27/27
Camera preparation: wall 0.169 ms, GPU LOD 0.004 ms, plans/footprints=185/1
Minimap mask: 276x236, 1440000 rays, worker 9.738 ms, GPU 6.400 ms
Minimap publish: request-to-image 9.820 ms
LOD plan: sources=1591, changed finer/coarser=0/0, selected LOD-1=25
Frame 512: wall 34.205 ms, GPU producer 32.392 ms, 1 producer submission(s), resident trace and presentation combined; t=26.303, BVH resident/budget 377.8/2048.0 MiB, builds/hits/evictions=157/747/0, scene builds=186
Frame phases 512: pre-render 0.005 ms, prepare 1.514 ms, primary repair 0.000 ms, shadow repair 0.000 ms, producer wait 32.665 ms; observer=2626107.73/1103942.42/2237.95, moved=11.54 m, roam=1, replaced=0, image=1600x900, LOD=1.500, shadows=0, minimap=1
Frame work 512: BVH built/hit/evicted=0/0/0, catalogue/instance/scene builds=1/1/1, cached/scene tiles=157/107, scene 0.0 MiB, selection/detail passes=0/1, fallback ray attempts=0, GPU build/selection/detail=0.445/0.000/0.000 ms, CPU grouping=0.000 ms; atlas installed/evicted=0/0, I/O=0.000 MiB, resident=27/27
Camera preparation: wall 0.197 ms, GPU LOD 0.004 ms, plans/footprints=186/1
Minimap mask: 276x236, 1440000 rays, worker 10.646 ms, GPU 4.355 ms
Minimap publish: request-to-image 10.726 ms
LOD plan: sources=1591, changed finer/coarser=0/1, selected LOD-1=25
Frame 514: wall 32.794 ms, GPU producer 30.950 ms, 1 producer submission(s), resident trace and presentation combined; t=26.336, BVH resident/budget 377.8/2048.0 MiB, builds/hits/evictions=157/747/0, scene builds=187
Frame phases 514: pre-render 0.011 ms, prepare 1.573 ms, primary repair 0.000 ms, shadow repair 0.000 ms, producer wait 31.177 ms; observer=2626110.57/1103953.67/2237.56, moved=11.60 m, roam=1, replaced=0, image=1600x900, LOD=1.500, shadows=0, minimap=1
Frame work 514: BVH built/hit/evicted=0/0/0, catalogue/instance/scene builds=1/1/1, cached/scene tiles=157/107, scene 0.0 MiB, selection/detail passes=0/1, fallback ray attempts=0, GPU build/selection/detail=0.426/0.000/0.000 ms, CPU grouping=0.000 ms; atlas installed/evicted=0/0, I/O=0.000 MiB, resident=27/27
Camera preparation: wall 0.220 ms, GPU LOD 0.004 ms, plans/footprints=187/1
Minimap mask: 276x236, 1440000 rays, worker 8.103 ms, GPU 5.909 ms
Minimap publish: request-to-image 8.183 ms
LOD plan: sources=1591, changed finer/coarser=0/0, selected LOD-1=25
Frame 516: wall 34.427 ms, GPU producer 32.598 ms, 1 producer submission(s), resident trace and presentation combined; t=26.370, BVH resident/budget 377.8/2048.0 MiB, builds/hits/evictions=157/747/0, scene builds=188
Frame phases 516: pre-render 0.006 ms, prepare 1.540 ms, primary repair 0.000 ms, shadow repair 0.000 ms, producer wait 32.855 ms; observer=2626113.39/1103964.87/2237.20, moved=11.55 m, roam=1, replaced=0, image=1600x900, LOD=1.500, shadows=0, minimap=1
Frame work 516: BVH built/hit/evicted=0/0/0, catalogue/instance/scene builds=1/1/1, cached/scene tiles=157/107, scene 0.0 MiB, selection/detail passes=0/1, fallback ray attempts=0, GPU build/selection/detail=0.436/0.000/0.000 ms, CPU grouping=0.000 ms; atlas installed/evicted=0/0, I/O=0.000 MiB, resident=27/27
Camera preparation: wall 0.188 ms, GPU LOD 0.004 ms, plans/footprints=188/1
Minimap mask: 276x236, 1440000 rays, worker 10.353 ms, GPU 6.806 ms
Minimap publish: request-to-image 10.431 ms
LOD plan: sources=1591, changed finer/coarser=0/0, selected LOD-1=25
Minimap mask: 276x236, 1440000 rays, worker 8.754 ms, GPU 6.155 ms
Minimap publish: request-to-image 8.786 ms
Frame 518: wall 32.979 ms, GPU producer 31.127 ms, 1 producer submission(s), resident trace and presentation combined; t=26.403, BVH resident/budget 377.8/2048.0 MiB, builds/hits/evictions=157/747/0, scene builds=189
Frame phases 518: pre-render 0.006 ms, prepare 1.497 ms, primary repair 0.000 ms, shadow repair 0.000 ms, producer wait 31.454 ms; observer=2626116.19/1103976.06/2236.88, moved=11.53 m, roam=1, replaced=0, image=1600x900, LOD=1.500, shadows=0, minimap=1
Frame work 518: BVH built/hit/evicted=0/0/0, catalogue/instance/scene builds=1/1/1, cached/scene tiles=157/107, scene 0.0 MiB, selection/detail passes=0/1, fallback ray attempts=0, GPU build/selection/detail=0.426/0.000/0.000 ms, CPU grouping=0.000 ms; atlas installed/evicted=0/0, I/O=0.000 MiB, resident=27/27
Camera preparation: wall 0.186 ms, GPU LOD 0.004 ms, plans/footprints=189/1
LOD plan: sources=1591, changed finer/coarser=0/0, selected LOD-1=25
Minimap mask: 276x236, 1440000 rays, worker 11.189 ms, GPU 7.072 ms
Frame 520: wall 34.183 ms, GPU producer 32.411 ms, 1 producer submission(s), resident trace and presentation combined; t=26.437, BVH resident/budget 377.8/2048.0 MiB, builds/hits/evictions=157/747/0, scene builds=190
Frame phases 520: pre-render 0.011 ms, prepare 1.497 ms, primary repair 0.000 ms, shadow repair 0.000 ms, producer wait 32.652 ms; observer=2626118.98/1103987.26/2236.58, moved=11.54 m, roam=1, replaced=0, image=1600x900, LOD=1.500, shadows=0, minimap=1
Frame work 520: BVH built/hit/evicted=0/0/0, catalogue/instance/scene builds=1/1/1, cached/scene tiles=157/107, scene 0.0 MiB, selection/detail passes=0/1, fallback ray attempts=0, GPU build/selection/detail=0.408/0.000/0.000 ms, CPU grouping=0.000 ms; atlas installed/evicted=0/0, I/O=0.000 MiB, resident=27/27
Camera preparation: wall 0.186 ms, GPU LOD 0.004 ms, plans/footprints=190/1
Minimap publish: request-to-image 11.223 ms
LOD plan: sources=1591, changed finer/coarser=0/0, selected LOD-1=25
Frame 522: wall 32.464 ms, GPU producer 30.654 ms, 1 producer submission(s), resident trace and presentation combined; t=26.470, BVH resident/budget 377.8/2048.0 MiB, builds/hits/evictions=157/747/0, scene builds=191
Frame phases 522: pre-render 0.007 ms, prepare 1.477 ms, primary repair 0.000 ms, shadow repair 0.000 ms, producer wait 30.942 ms; observer=2626121.76/1103998.45/2236.31, moved=11.53 m, roam=1, replaced=0, image=1600x900, LOD=1.500, shadows=0, minimap=1
Frame work 522: BVH built/hit/evicted=0/0/0, catalogue/instance/scene builds=1/1/1, cached/scene tiles=157/107, scene 0.0 MiB, selection/detail passes=0/1, fallback ray attempts=0, GPU build/selection/detail=0.414/0.000/0.000 ms, CPU grouping=0.000 ms; atlas installed/evicted=0/0, I/O=0.000 MiB, resident=27/27
Camera preparation: wall 0.187 ms, GPU LOD 0.004 ms, plans/footprints=191/1
Minimap mask: 276x236, 1440000 rays, worker 8.620 ms, GPU 5.583 ms
Minimap publish: request-to-image 8.716 ms
LOD plan: sources=1591, changed finer/coarser=0/1, selected LOD-1=25
Frame 524: wall 34.247 ms, GPU producer 32.306 ms, 1 producer submission(s), resident trace and presentation combined; t=26.504, BVH resident/budget 377.8/2048.0 MiB, builds/hits/evictions=157/747/0, scene builds=192
Frame phases 524: pre-render 0.006 ms, prepare 1.582 ms, primary repair 0.000 ms, shadow repair 0.000 ms, producer wait 32.633 ms; observer=2626124.53/1104009.65/2236.07, moved=11.54 m, roam=1, replaced=0, image=1600x900, LOD=1.500, shadows=0, minimap=1
Frame work 524: BVH built/hit/evicted=0/0/0, catalogue/instance/scene builds=1/1/1, cached/scene tiles=157/107, scene 0.0 MiB, selection/detail passes=0/1, fallback ray attempts=0, GPU build/selection/detail=0.405/0.000/0.000 ms, CPU grouping=0.000 ms; atlas installed/evicted=0/0, I/O=0.000 MiB, resident=27/27
Camera preparation: wall 0.180 ms, GPU LOD 0.004 ms, plans/footprints=192/1
Minimap mask: 276x236, 1440000 rays, worker 11.165 ms, GPU 7.315 ms
Minimap publish: request-to-image 11.230 ms
LOD plan: sources=1591, changed finer/coarser=0/0, selected LOD-1=25
Frame 526: wall 32.632 ms, GPU producer 30.616 ms, 1 producer submission(s), resident trace and presentation combined; t=26.537, BVH resident/budget 377.8/2048.0 MiB, builds/hits/evictions=157/747/0, scene builds=193
Frame phases 526: pre-render 0.006 ms, prepare 1.702 ms, primary repair 0.000 ms, shadow repair 0.000 ms, producer wait 30.898 ms; observer=2626127.30/1104020.86/2235.85, moved=11.54 m, roam=1, replaced=0, image=1600x900, LOD=1.500, shadows=0, minimap=1
Frame work 526: BVH built/hit/evicted=0/0/0, catalogue/instance/scene builds=1/1/1, cached/scene tiles=157/107, scene 0.0 MiB, selection/detail passes=0/1, fallback ray attempts=0, GPU build/selection/detail=0.444/0.000/0.000 ms, CPU grouping=0.000 ms; atlas installed/evicted=0/0, I/O=0.000 MiB, resident=27/27
Camera preparation: wall 0.204 ms, GPU LOD 0.004 ms, plans/footprints=193/1
Minimap mask: 276x236, 1440000 rays, worker 10.817 ms, GPU 6.685 ms
LOD plan: sources=1591, changed finer/coarser=0/0, selected LOD-1=25
Minimap publish: request-to-image 12.067 ms
Frame 528: wall 32.281 ms, GPU producer 30.384 ms, 1 producer submission(s), resident trace and presentation combined; t=26.569, BVH resident/budget 377.8/2048.0 MiB, builds/hits/evictions=157/747/0, scene builds=194
Frame phases 528: pre-render 0.008 ms, prepare 1.623 ms, primary repair 0.000 ms, shadow repair 0.000 ms, producer wait 30.603 ms; observer=2626130.07/1104032.06/2235.66, moved=11.54 m, roam=1, replaced=0, image=1600x900, LOD=1.500, shadows=0, minimap=1
Frame work 528: BVH built/hit/evicted=0/0/0, catalogue/instance/scene builds=1/1/1, cached/scene tiles=157/107, scene 0.0 MiB, selection/detail passes=0/1, fallback ray attempts=0, GPU build/selection/detail=0.410/0.000/0.000 ms, CPU grouping=0.000 ms; atlas installed/evicted=0/0, I/O=0.000 MiB, resident=27/27
Camera preparation: wall 0.202 ms, GPU LOD 0.004 ms, plans/footprints=194/1
Minimap mask: 276x236, 1440000 rays, worker 9.420 ms, GPU 6.339 ms
Minimap publish: request-to-image 9.460 ms
LOD plan: sources=1591, changed finer/coarser=0/1, selected LOD-1=25
Frame 530: wall 32.626 ms, GPU producer 30.659 ms, 1 producer submission(s), resident trace and presentation combined; t=26.602, BVH resident/budget 377.8/2048.0 MiB, builds/hits/evictions=157/747/0, scene builds=195
Frame phases 530: pre-render 0.008 ms, prepare 1.693 ms, primary repair 0.000 ms, shadow repair 0.000 ms, producer wait 30.901 ms; observer=2626132.79/1104043.09/2235.49, moved=11.36 m, roam=1, replaced=0, image=1600x900, LOD=1.500, shadows=0, minimap=1
Frame work 530: BVH built/hit/evicted=0/0/0, catalogue/instance/scene builds=1/1/1, cached/scene tiles=157/107, scene 0.0 MiB, selection/detail passes=0/1, fallback ray attempts=0, GPU build/selection/detail=0.436/0.000/0.000 ms, CPU grouping=0.000 ms; atlas installed/evicted=0/0, I/O=0.000 MiB, resident=27/27
Camera preparation: wall 0.197 ms, GPU LOD 0.004 ms, plans/footprints=195/1
Minimap mask: 276x236, 1440000 rays, worker 6.840 ms, GPU 5.316 ms
Minimap publish: request-to-image 6.926 ms
LOD plan: sources=1591, changed finer/coarser=0/0, selected LOD-1=25
Frame 532: wall 33.705 ms, GPU producer 31.791 ms, 1 producer submission(s), resident trace and presentation combined; t=26.636, BVH resident/budget 377.8/2048.0 MiB, builds/hits/evictions=157/747/0, scene builds=196
Frame phases 532: pre-render 0.006 ms, prepare 1.647 ms, primary repair 0.000 ms, shadow repair 0.000 ms, producer wait 32.029 ms; observer=2626135.59/1104054.48/2235.34, moved=11.73 m, roam=1, replaced=0, image=1600x900, LOD=1.500, shadows=0, minimap=1
Frame work 532: BVH built/hit/evicted=0/0/0, catalogue/instance/scene builds=1/1/1, cached/scene tiles=157/107, scene 0.0 MiB, selection/detail passes=0/1, fallback ray attempts=0, GPU build/selection/detail=0.422/0.000/0.000 ms, CPU grouping=0.000 ms; atlas installed/evicted=0/0, I/O=0.000 MiB, resident=27/27
Camera preparation: wall 0.194 ms, GPU LOD 0.004 ms, plans/footprints=196/1
Minimap mask: 276x236, 1440000 rays, worker 9.242 ms, GPU 5.922 ms
Minimap publish: request-to-image 9.311 ms
LOD plan: sources=1591, changed finer/coarser=1/0, selected LOD-1=25
Frame 534: wall 32.179 ms, GPU producer 30.423 ms, 1 producer submission(s), resident trace and presentation combined; t=26.668, BVH resident/budget 377.8/2048.0 MiB, builds/hits/evictions=157/747/0, scene builds=197
Frame phases 534: pre-render 0.006 ms, prepare 1.510 ms, primary repair 0.000 ms, shadow repair 0.000 ms, producer wait 30.640 ms; observer=2626138.27/1104065.40/2235.22, moved=11.24 m, roam=1, replaced=0, image=1600x900, LOD=1.500, shadows=0, minimap=1
Frame work 534: BVH built/hit/evicted=0/0/0, catalogue/instance/scene builds=1/1/1, cached/scene tiles=157/107, scene 0.0 MiB, selection/detail passes=0/1, fallback ray attempts=0, GPU build/selection/detail=0.440/0.000/0.000 ms, CPU grouping=0.000 ms; atlas installed/evicted=0/0, I/O=0.000 MiB, resident=27/27
Camera preparation: wall 0.199 ms, GPU LOD 0.004 ms, plans/footprints=197/1
Minimap mask: 276x236, 1440000 rays, worker 7.325 ms, GPU 5.646 ms
Minimap publish: request-to-image 7.382 ms
LOD plan: sources=1591, changed finer/coarser=1/0, selected LOD-1=25
Minimap mask: 276x236, 1440000 rays, worker 7.909 ms, GPU 5.622 ms
Minimap publish: request-to-image 8.943 ms
Slow stage: terrain frame wall 126.396 ms (inclusive)
Frame 536: wall 126.404 ms, GPU producer 31.913 ms, 2 producer submission(s), streaming work excluded from GPU producer timing; t=26.794, BVH resident/budget 380.3/2048.0 MiB, builds/hits/evictions=158/762/0, scene builds=198
Frame phases 536: pre-render 0.015 ms, prepare 1.630 ms, primary repair 91.629 ms, shadow repair 0.000 ms, producer wait 32.960 ms; observer=2626141.10/1104076.89/2235.12, moved=11.84 m, roam=1, replaced=0, image=1600x900, LOD=1.500, shadows=0, minimap=1
Frame work 536: BVH built/hit/evicted=1/15/0, catalogue/instance/scene builds=1/14/1, cached/scene tiles=158/0, scene 0.0 MiB, selection/detail passes=14/15, fallback ray attempts=2146, GPU build/selection/detail=2.345/8.182/29.258 ms, CPU grouping=32.711 ms; atlas installed/evicted=1/1, I/O=0.502 MiB, resident=27/27
Camera preparation: wall 0.182 ms, GPU LOD 0.004 ms, plans/footprints=198/1
Slow stage: worker iteration wall 126.463 ms (inclusive)
LOD plan: sources=1591, changed finer/coarser=1/2, selected LOD-1=24
Frame 544: wall 31.189 ms, GPU producer 29.464 ms, 1 producer submission(s), resident trace and presentation combined; t=26.826, BVH resident/budget 380.3/2048.0 MiB, builds/hits/evictions=158/762/0, scene builds=199
Frame phases 544: pre-render 0.005 ms, prepare 1.474 ms, primary repair 0.000 ms, shadow repair 0.000 ms, producer wait 29.694 ms; observer=2626152.11/1104121.72/2234.87, moved=46.16 m, roam=1, replaced=0, image=1600x900, LOD=1.500, shadows=0, minimap=1
Frame work 544: BVH built/hit/evicted=0/0/0, catalogue/instance/scene builds=1/1/1, cached/scene tiles=158/107, scene 0.0 MiB, selection/detail passes=0/1, fallback ray attempts=0, GPU build/selection/detail=0.465/0.000/0.000 ms, CPU grouping=0.000 ms; atlas installed/evicted=0/0, I/O=0.000 MiB, resident=27/27
Camera preparation: wall 0.199 ms, GPU LOD 0.004 ms, plans/footprints=199/1
LOD plan: sources=1591, changed finer/coarser=1/0, selected LOD-1=24
Minimap mask: 276x236, 1440000 rays, worker 1.797 ms, GPU 1.107 ms
Minimap publish: request-to-image 1.827 ms
Frame 546: wall 33.190 ms, GPU producer 30.348 ms, 1 producer submission(s), resident trace and presentation combined; t=26.859, BVH resident/budget 380.3/2048.0 MiB, builds/hits/evictions=158/762/0, scene builds=200
Frame phases 546: pre-render 0.005 ms, prepare 2.592 ms, primary repair 0.000 ms, shadow repair 0.000 ms, producer wait 30.574 ms; observer=2626154.86/1104132.94/2234.83, moved=11.55 m, roam=1, replaced=0, image=1600x900, LOD=1.500, shadows=0, minimap=1
Frame work 546: BVH built/hit/evicted=0/0/0, catalogue/instance/scene builds=1/1/1, cached/scene tiles=158/107, scene 0.0 MiB, selection/detail passes=0/1, fallback ray attempts=0, GPU build/selection/detail=1.334/0.000/0.000 ms, CPU grouping=0.000 ms; atlas installed/evicted=0/0, I/O=0.000 MiB, resident=27/27
Camera preparation: wall 0.196 ms, GPU LOD 0.004 ms, plans/footprints=200/1
LOD plan: sources=1591, changed finer/coarser=0/1, selected LOD-1=23
Minimap mask: 276x236, 1440000 rays, worker 1.986 ms, GPU 1.099 ms
Minimap publish: request-to-image 2.487 ms
Frame 548: wall 33.395 ms, GPU producer 30.135 ms, 1 producer submission(s), resident trace and presentation combined; t=26.892, BVH resident/budget 380.3/2048.0 MiB, builds/hits/evictions=158/762/0, scene builds=201
Frame phases 548: pre-render 0.021 ms, prepare 2.935 ms, primary repair 0.000 ms, shadow repair 0.000 ms, producer wait 30.409 ms; observer=2626157.61/1104144.12/2234.81, moved=11.52 m, roam=1, replaced=0, image=1600x900, LOD=1.500, shadows=0, minimap=1
Frame work 548: BVH built/hit/evicted=0/0/0, catalogue/instance/scene builds=1/1/1, cached/scene tiles=158/107, scene 0.0 MiB, selection/detail passes=0/1, fallback ray attempts=0, GPU build/selection/detail=1.427/0.000/0.000 ms, CPU grouping=0.000 ms; atlas installed/evicted=0/0, I/O=0.000 MiB, resident=27/27
Camera preparation: wall 0.203 ms, GPU LOD 0.004 ms, plans/footprints=201/1
LOD plan: sources=1591, changed finer/coarser=0/0, selected LOD-1=23
Minimap mask: 276x236, 1440000 rays, worker 1.822 ms, GPU 1.092 ms
Minimap publish: request-to-image 1.861 ms
Frame 550: wall 34.639 ms, GPU producer 31.347 ms, 1 producer submission(s), resident trace and presentation combined; t=26.927, BVH resident/budget 380.3/2048.0 MiB, builds/hits/evictions=158/762/0, scene builds=202
Frame phases 550: pre-render 0.007 ms, prepare 2.942 ms, primary repair 0.000 ms, shadow repair 0.000 ms, producer wait 31.663 ms; observer=2626160.36/1104155.35/2234.78, moved=11.57 m, roam=1, replaced=0, image=1600x900, LOD=1.500, shadows=0, minimap=1
Frame work 550: BVH built/hit/evicted=0/0/0, catalogue/instance/scene builds=1/1/1, cached/scene tiles=158/107, scene 0.0 MiB, selection/detail passes=0/1, fallback ray attempts=0, GPU build/selection/detail=0.459/0.000/0.000 ms, CPU grouping=0.000 ms; atlas installed/evicted=0/0, I/O=0.000 MiB, resident=27/27
Camera preparation: wall 1.306 ms, GPU LOD 0.045 ms, plans/footprints=202/1
Minimap mask: 276x236, 1440000 rays, worker 1.995 ms, GPU 1.236 ms
Minimap publish: request-to-image 2.340 ms
LOD plan: sources=1591, changed finer/coarser=0/0, selected LOD-1=23
Frame 552: wall 32.446 ms, GPU producer 30.374 ms, 1 producer submission(s), resident trace and presentation combined; t=26.960, BVH resident/budget 380.3/2048.0 MiB, builds/hits/evictions=158/762/0, scene builds=203
Frame phases 552: pre-render 0.008 ms, prepare 1.785 ms, primary repair 0.000 ms, shadow repair 0.000 ms, producer wait 30.626 ms; observer=2626163.11/1104166.56/2234.77, moved=11.54 m, roam=1, replaced=0, image=1600x900, LOD=1.500, shadows=0, minimap=1
Frame work 552: BVH built/hit/evicted=0/0/0, catalogue/instance/scene builds=1/1/1, cached/scene tiles=158/107, scene 0.0 MiB, selection/detail passes=0/1, fallback ray attempts=0, GPU build/selection/detail=0.430/0.000/0.000 ms, CPU grouping=0.000 ms; atlas installed/evicted=0/0, I/O=0.000 MiB, resident=27/27
Camera preparation: wall 0.257 ms, GPU LOD 0.007 ms, plans/footprints=203/1
LOD plan: sources=1591, changed finer/coarser=1/0, selected LOD-1=23
Minimap mask: 276x236, 1440000 rays, worker 1.934 ms, GPU 1.141 ms
Minimap publish: request-to-image 1.970 ms
Frame 554: wall 33.752 ms, GPU producer 30.877 ms, 1 producer submission(s), resident trace and presentation combined; t=26.993, BVH resident/budget 380.3/2048.0 MiB, builds/hits/evictions=158/762/0, scene builds=204
Frame phases 554: pre-render 0.005 ms, prepare 2.618 ms, primary repair 0.000 ms, shadow repair 0.000 ms, producer wait 31.103 ms; observer=2626165.87/1104177.77/2234.75, moved=11.54 m, roam=1, replaced=0, image=1600x900, LOD=1.500, shadows=0, minimap=1
Frame work 554: BVH built/hit/evicted=0/0/0, catalogue/instance/scene builds=1/1/1, cached/scene tiles=158/107, scene 0.0 MiB, selection/detail passes=0/1, fallback ray attempts=0, GPU build/selection/detail=0.462/0.000/0.000 ms, CPU grouping=0.000 ms; atlas installed/evicted=0/0, I/O=0.000 MiB, resident=27/27
Camera preparation: wall 0.874 ms, GPU LOD 0.569 ms, plans/footprints=204/1
LOD plan: sources=1591, changed finer/coarser=0/0, selected LOD-1=23
Minimap mask: 276x236, 1440000 rays, worker 1.827 ms, GPU 1.091 ms
Minimap publish: request-to-image 2.456 ms
Frame 556: wall 36.492 ms, GPU producer 32.056 ms, 1 producer submission(s), resident trace and presentation combined; t=27.030, BVH resident/budget 380.3/2048.0 MiB, builds/hits/evictions=158/762/0, scene builds=205
Frame phases 556: pre-render 0.008 ms, prepare 4.119 ms, primary repair 0.000 ms, shadow repair 0.000 ms, producer wait 32.340 ms; observer=2626168.55/1104188.70/2234.74, moved=11.26 m, roam=1, replaced=0, image=1600x900, LOD=1.500, shadows=0, minimap=1
Minimap mask: 276x236, 1440000 rays, worker 5.267 ms, GPU 3.801 ms
Frame work 556: BVH built/hit/evicted=0/0/0, catalogue/instance/scene builds=1/1/1, cached/scene tiles=158/107, scene 0.0 MiB, selection/detail passes=0/1, fallback ray attempts=0, GPU build/selection/detail=0.524/0.000/0.000 ms, CPU grouping=0.000 ms; atlas installed/evicted=0/0, I/O=0.000 MiB, resident=27/27
Camera preparation: wall 1.012 ms, GPU LOD 0.683 ms, plans/footprints=205/1
Minimap publish: request-to-image 5.314 ms
LOD plan: sources=1591, changed finer/coarser=0/0, selected LOD-1=23
Frame 558: wall 33.410 ms, GPU producer 31.292 ms, 1 producer submission(s), resident trace and presentation combined; t=27.063, BVH resident/budget 380.3/2048.0 MiB, builds/hits/evictions=158/762/0, scene builds=206
Frame phases 558: pre-render 0.004 ms, prepare 1.759 ms, primary repair 0.000 ms, shadow repair 0.000 ms, producer wait 31.615 ms; observer=2626171.34/1104200.05/2234.74, moved=11.68 m, roam=1, replaced=0, image=1600x900, LOD=1.500, shadows=0, minimap=1
Frame work 558: BVH built/hit/evicted=0/0/0, catalogue/instance/scene builds=1/1/1, cached/scene tiles=158/107, scene 0.0 MiB, selection/detail passes=0/1, fallback ray attempts=0, GPU build/selection/detail=0.406/0.000/0.000 ms, CPU grouping=0.000 ms; atlas installed/evicted=0/0, I/O=0.000 MiB, resident=27/27
Camera preparation: wall 0.207 ms, GPU LOD 0.004 ms, plans/footprints=206/1
Minimap mask: 276x236, 1440000 rays, worker 4.533 ms, GPU 3.065 ms
Minimap publish: request-to-image 4.569 ms
LOD plan: sources=1591, changed finer/coarser=0/0, selected LOD-1=23
Frame 560: wall 33.228 ms, GPU producer 31.116 ms, 1 producer submission(s), resident trace and presentation combined; t=27.097, BVH resident/budget 380.3/2048.0 MiB, builds/hits/evictions=158/762/0, scene builds=207
Frame phases 560: pre-render 0.010 ms, prepare 1.771 ms, primary repair 0.000 ms, shadow repair 0.000 ms, producer wait 31.416 ms; observer=2626174.12/1104211.38/2234.74, moved=11.66 m, roam=1, replaced=0, image=1600x900, LOD=1.500, shadows=0, minimap=1
Frame work 560: BVH built/hit/evicted=0/0/0, catalogue/instance/scene builds=1/1/1, cached/scene tiles=158/107, scene 0.0 MiB, selection/detail passes=0/1, fallback ray attempts=0, GPU build/selection/detail=0.467/0.000/0.000 ms, CPU grouping=0.000 ms; atlas installed/evicted=0/0, I/O=0.000 MiB, resident=27/27
Camera preparation: wall 0.207 ms, GPU LOD 0.004 ms, plans/footprints=207/1
Minimap mask: 276x236, 1440000 rays, worker 4.405 ms, GPU 3.014 ms
Minimap publish: request-to-image 4.481 ms
LOD plan: sources=1591, changed finer/coarser=0/0, selected LOD-1=23
Frame 562: wall 33.452 ms, GPU producer 31.354 ms, 1 producer submission(s), resident trace and presentation combined; t=27.130, BVH resident/budget 380.3/2048.0 MiB, builds/hits/evictions=158/762/0, scene builds=208
Frame phases 562: pre-render 0.005 ms, prepare 1.732 ms, primary repair 0.000 ms, shadow repair 0.000 ms, producer wait 31.688 ms; observer=2626176.87/1104222.60/2234.74, moved=11.56 m, roam=1, replaced=0, image=1600x900, LOD=1.500, shadows=0, minimap=1
Frame work 562: BVH built/hit/evicted=0/0/0, catalogue/instance/scene builds=1/1/1, cached/scene tiles=158/107, scene 0.0 MiB, selection/detail passes=0/1, fallback ray attempts=0, GPU build/selection/detail=0.444/0.000/0.000 ms, CPU grouping=0.000 ms; atlas installed/evicted=0/0, I/O=0.000 MiB, resident=27/27
Minimap mask: 276x236, 1440000 rays, worker 4.426 ms, GPU 2.453 ms
Camera preparation: wall 0.199 ms, GPU LOD 0.004 ms, plans/footprints=208/1
Minimap publish: request-to-image 4.513 ms
LOD plan: sources=1591, changed finer/coarser=0/0, selected LOD-1=23
Frame 564: wall 33.304 ms, GPU producer 31.242 ms, 1 producer submission(s), resident trace and presentation combined; t=27.164, BVH resident/budget 380.3/2048.0 MiB, builds/hits/evictions=158/762/0, scene builds=209
Frame phases 564: pre-render 0.016 ms, prepare 1.676 ms, primary repair 0.000 ms, shadow repair 0.000 ms, producer wait 31.581 ms; observer=2626179.63/1104233.81/2234.75, moved=11.54 m, roam=1, replaced=0, image=1600x900, LOD=1.500, shadows=0, minimap=1
Frame work 564: BVH built/hit/evicted=0/0/0, catalogue/instance/scene builds=1/1/1, cached/scene tiles=158/107, scene 0.0 MiB, selection/detail passes=0/1, fallback ray attempts=0, GPU build/selection/detail=0.454/0.000/0.000 ms, CPU grouping=0.000 ms; atlas installed/evicted=0/0, I/O=0.000 MiB, resident=27/27
Camera preparation: wall 0.208 ms, GPU LOD 0.004 ms, plans/footprints=209/1
Minimap mask: 276x236, 1440000 rays, worker 4.690 ms, GPU 3.268 ms
Minimap publish: request-to-image 4.788 ms
LOD plan: sources=1591, changed finer/coarser=1/0, selected LOD-1=23
Health t=27.173: memory ok footprint/resident 834.4/466.4 MiB, Metal allocated/recommended 722.6/18186.2 MiB, thermal=0
Health t=27.173: worker stage=render age=8.8 ms, calls=380 revision=564, submitted/completed/presented=0/0/0, stale=0 unavailable=0 refreshed=0
Health t=27.173: display stage=idle age=13.2 ms, calls=792 revision=562, submitted/completed/presented=792/792/791, stale=0 unavailable=0 refreshed=0
Health t=27.173: minimap stage=idle age=8.8 ms, calls=253 revision=0, submitted/completed/presented=253/253/253, stale=0 unavailable=0 refreshed=294
Health t=27.173: terrain stage=producer wait age=7.2 ms
Frame 566: wall 33.512 ms, GPU producer 31.563 ms, 1 producer submission(s), resident trace and presentation combined; t=27.197, BVH resident/budget 380.3/2048.0 MiB, builds/hits/evictions=158/762/0, scene builds=210
Frame phases 566: pre-render 0.014 ms, prepare 1.676 ms, primary repair 0.000 ms, shadow repair 0.000 ms, producer wait 31.800 ms; observer=2626182.38/1104245.03/2234.76, moved=11.55 m, roam=1, replaced=0, image=1600x900, LOD=1.500, shadows=0, minimap=1
Frame work 566: BVH built/hit/evicted=0/0/0, catalogue/instance/scene builds=1/1/1, cached/scene tiles=158/107, scene 0.0 MiB, selection/detail passes=0/1, fallback ray attempts=0, GPU build/selection/detail=0.420/0.000/0.000 ms, CPU grouping=0.000 ms; atlas installed/evicted=0/0, I/O=0.000 MiB, resident=27/27
Camera preparation: wall 0.208 ms, GPU LOD 0.004 ms, plans/footprints=210/1
Minimap mask: 276x236, 1440000 rays, worker 5.497 ms, GPU 4.086 ms
Minimap publish: request-to-image 5.569 ms
LOD plan: sources=1591, changed finer/coarser=0/0, selected LOD-1=23
Frame 568: wall 32.902 ms, GPU producer 30.874 ms, 1 producer submission(s), resident trace and presentation combined; t=27.230, BVH resident/budget 380.3/2048.0 MiB, builds/hits/evictions=158/762/0, scene builds=211
Frame phases 568: pre-render 0.014 ms, prepare 1.684 ms, primary repair 0.000 ms, shadow repair 0.000 ms, producer wait 31.181 ms; observer=2626185.13/1104256.23/2234.78, moved=11.54 m, roam=1, replaced=0, image=1600x900, LOD=1.500, shadows=0, minimap=1
Frame work 568: BVH built/hit/evicted=0/0/0, catalogue/instance/scene builds=1/1/1, cached/scene tiles=158/107, scene 0.0 MiB, selection/detail passes=0/1, fallback ray attempts=0, GPU build/selection/detail=0.431/0.000/0.000 ms, CPU grouping=0.000 ms; atlas installed/evicted=0/0, I/O=0.000 MiB, resident=27/27
Camera preparation: wall 0.202 ms, GPU LOD 0.004 ms, plans/footprints=211/1
Minimap mask: 276x236, 1440000 rays, worker 5.144 ms, GPU 3.758 ms
Minimap publish: request-to-image 5.248 ms
LOD plan: sources=1591, changed finer/coarser=0/0, selected LOD-1=23
Frame 570: wall 33.421 ms, GPU producer 31.343 ms, 1 producer submission(s), resident trace and presentation combined; t=27.264, BVH resident/budget 380.3/2048.0 MiB, builds/hits/evictions=158/762/0, scene builds=212
Frame phases 570: pre-render 0.006 ms, prepare 1.694 ms, primary repair 0.000 ms, shadow repair 0.000 ms, producer wait 31.699 ms; observer=2626187.89/1104267.47/2234.80, moved=11.57 m, roam=1, replaced=0, image=1600x900, LOD=1.500, shadows=0, minimap=1
Frame work 570: BVH built/hit/evicted=0/0/0, catalogue/instance/scene builds=1/1/1, cached/scene tiles=158/107, scene 0.0 MiB, selection/detail passes=0/1, fallback ray attempts=0, GPU build/selection/detail=0.427/0.000/0.000 ms, CPU grouping=0.000 ms; atlas installed/evicted=0/0, I/O=0.000 MiB, resident=27/27
Minimap mask: 276x236, 1440000 rays, worker 5.032 ms, GPU 3.587 ms
Camera preparation: wall 0.196 ms, GPU LOD 0.004 ms, plans/footprints=212/1
Minimap publish: request-to-image 5.112 ms
LOD plan: sources=1591, changed finer/coarser=0/0, selected LOD-1=23
Frame 572: wall 33.154 ms, GPU producer 31.165 ms, 1 producer submission(s), resident trace and presentation combined; t=27.297, BVH resident/budget 380.3/2048.0 MiB, builds/hits/evictions=158/762/0, scene builds=213
Frame phases 572: pre-render 0.005 ms, prepare 1.650 ms, primary repair 0.000 ms, shadow repair 0.000 ms, producer wait 31.477 ms; observer=2626190.62/1104278.60/2234.83, moved=11.46 m, roam=1, replaced=0, image=1600x900, LOD=1.500, shadows=0, minimap=1
Frame work 572: BVH built/hit/evicted=0/0/0, catalogue/instance/scene builds=1/1/1, cached/scene tiles=158/107, scene 0.0 MiB, selection/detail passes=0/1, fallback ray attempts=0, GPU build/selection/detail=0.437/0.000/0.000 ms, CPU grouping=0.000 ms; atlas installed/evicted=0/0, I/O=0.000 MiB, resident=27/27
Camera preparation: wall 0.221 ms, GPU LOD 0.004 ms, plans/footprints=213/1
Minimap mask: 276x236, 1440000 rays, worker 4.020 ms, GPU 2.587 ms
Minimap publish: request-to-image 4.092 ms
LOD plan: sources=1591, changed finer/coarser=0/1, selected LOD-1=23
Frame 574: wall 34.239 ms, GPU producer 32.153 ms, 1 producer submission(s), resident trace and presentation combined; t=27.331, BVH resident/budget 380.3/2048.0 MiB, builds/hits/evictions=158/762/0, scene builds=214
Frame phases 574: pre-render 0.004 ms, prepare 1.721 ms, primary repair 0.000 ms, shadow repair 0.000 ms, producer wait 32.488 ms; observer=2626193.39/1104289.87/2234.86, moved=11.61 m, roam=1, replaced=0, image=1600x900, LOD=1.500, shadows=0, minimap=1
Frame work 574: BVH built/hit/evicted=0/0/0, catalogue/instance/scene builds=1/1/1, cached/scene tiles=158/107, scene 0.0 MiB, selection/detail passes=0/1, fallback ray attempts=0, GPU build/selection/detail=0.402/0.000/0.000 ms, CPU grouping=0.000 ms; atlas installed/evicted=0/0, I/O=0.000 MiB, resident=27/27
Camera preparation: wall 0.206 ms, GPU LOD 0.004 ms, plans/footprints=214/1
Minimap mask: 276x236, 1440000 rays, worker 5.793 ms, GPU 4.409 ms
Minimap publish: request-to-image 5.917 ms
LOD plan: sources=1591, changed finer/coarser=0/1, selected LOD-1=23
Minimap mask: 276x236, 1440000 rays, worker 5.490 ms, GPU 4.186 ms
Frame 576: wall 32.988 ms, GPU producer 31.092 ms, 1 producer submission(s), resident trace and presentation combined; t=27.364, BVH resident/budget 380.3/2048.0 MiB, builds/hits/evictions=158/762/0, scene builds=215
Frame phases 576: pre-render 0.005 ms, prepare 1.620 ms, primary repair 0.000 ms, shadow repair 0.000 ms, producer wait 31.335 ms; observer=2626196.14/1104301.08/2234.89, moved=11.54 m, roam=1, replaced=0, image=1600x900, LOD=1.500, shadows=0, minimap=1
Frame work 576: BVH built/hit/evicted=0/0/0, catalogue/instance/scene builds=1/1/1, cached/scene tiles=158/107, scene 0.0 MiB, selection/detail passes=0/1, fallback ray attempts=0, GPU build/selection/detail=0.411/0.000/0.000 ms, CPU grouping=0.000 ms; atlas installed/evicted=0/0, I/O=0.000 MiB, resident=27/27
Camera preparation: wall 0.233 ms, GPU LOD 0.004 ms, plans/footprints=215/1
Minimap publish: request-to-image 5.526 ms
LOD plan: sources=1591, changed finer/coarser=0/0, selected LOD-1=23
Frame 578: wall 33.704 ms, GPU producer 31.766 ms, 1 producer submission(s), resident trace and presentation combined; t=27.398, BVH resident/budget 380.3/2048.0 MiB, builds/hits/evictions=158/762/0, scene builds=216
Frame phases 578: pre-render 0.005 ms, prepare 1.566 ms, primary repair 0.000 ms, shadow repair 0.000 ms, producer wait 32.111 ms; observer=2626198.82/1104312.00/2234.93, moved=11.24 m, roam=1, replaced=0, image=1600x900, LOD=1.500, shadows=0, minimap=1
Frame work 578: BVH built/hit/evicted=0/0/0, catalogue/instance/scene builds=1/1/1, cached/scene tiles=158/107, scene 0.0 MiB, selection/detail passes=0/1, fallback ray attempts=0, GPU build/selection/detail=0.414/0.000/0.000 ms, CPU grouping=0.000 ms; atlas installed/evicted=0/0, I/O=0.000 MiB, resident=27/27
Camera preparation: wall 0.196 ms, GPU LOD 0.004 ms, plans/footprints=216/1
Minimap mask: 276x236, 1440000 rays, worker 5.573 ms, GPU 2.230 ms
Minimap publish: request-to-image 5.606 ms
LOD plan: sources=1591, changed finer/coarser=0/0, selected LOD-1=23
Frame 580: wall 32.703 ms, GPU producer 30.866 ms, 1 producer submission(s), resident trace and presentation combined; t=27.431, BVH resident/budget 380.3/2048.0 MiB, builds/hits/evictions=158/762/0, scene builds=217
Frame phases 580: pre-render 0.014 ms, prepare 1.523 ms, primary repair 0.000 ms, shadow repair 0.000 ms, producer wait 31.140 ms; observer=2626201.64/1104323.49/2234.97, moved=11.84 m, roam=1, replaced=0, image=1600x900, LOD=1.500, shadows=0, minimap=1
Minimap mask: 276x236, 1440000 rays, worker 5.308 ms, GPU 4.012 ms
Frame work 580: BVH built/hit/evicted=0/0/0, catalogue/instance/scene builds=1/1/1, cached/scene tiles=158/107, scene 0.0 MiB, selection/detail passes=0/1, fallback ray attempts=0, GPU build/selection/detail=0.405/0.000/0.000 ms, CPU grouping=0.000 ms; atlas installed/evicted=0/0, I/O=0.000 MiB, resident=27/27
Camera preparation: wall 0.188 ms, GPU LOD 0.004 ms, plans/footprints=217/1
Minimap publish: request-to-image 5.351 ms
LOD plan: sources=1591, changed finer/coarser=0/0, selected LOD-1=23
Minimap mask: 276x236, 1440000 rays, worker 5.064 ms, GPU 3.789 ms
Frame 582: wall 33.173 ms, GPU producer 31.297 ms, 1 producer submission(s), resident trace and presentation combined; t=27.464, BVH resident/budget 380.3/2048.0 MiB, builds/hits/evictions=158/762/0, scene builds=218
Frame phases 582: pre-render 0.044 ms, prepare 1.558 ms, primary repair 0.000 ms, shadow repair 0.000 ms, producer wait 31.551 ms; observer=2626204.40/1104334.70/2235.02, moved=11.54 m, roam=1, replaced=0, image=1600x900, LOD=1.500, shadows=0, minimap=1
Frame work 582: BVH built/hit/evicted=0/0/0, catalogue/instance/scene builds=1/1/1, cached/scene tiles=158/107, scene 0.0 MiB, selection/detail passes=0/1, fallback ray attempts=0, GPU build/selection/detail=0.419/0.000/0.000 ms, CPU grouping=0.000 ms; atlas installed/evicted=0/0, I/O=0.000 MiB, resident=27/27
Camera preparation: wall 0.185 ms, GPU LOD 0.004 ms, plans/footprints=218/1
Minimap publish: request-to-image 5.098 ms
LOD plan: sources=1591, changed finer/coarser=0/1, selected LOD-1=23
Frame 584: wall 33.040 ms, GPU producer 31.184 ms, 1 producer submission(s), resident trace and presentation combined; t=27.497, BVH resident/budget 380.3/2048.0 MiB, builds/hits/evictions=158/762/0, scene builds=219
Frame phases 584: pre-render 0.006 ms, prepare 1.548 ms, primary repair 0.000 ms, shadow repair 0.000 ms, producer wait 31.454 ms; observer=2626207.15/1104345.90/2235.07, moved=11.53 m, roam=1, replaced=0, image=1600x900, LOD=1.500, shadows=0, minimap=1
Frame work 584: BVH built/hit/evicted=0/0/0, catalogue/instance/scene builds=1/1/1, cached/scene tiles=158/107, scene 0.0 MiB, selection/detail passes=0/1, fallback ray attempts=0, GPU build/selection/detail=0.419/0.000/0.000 ms, CPU grouping=0.000 ms; atlas installed/evicted=0/0, I/O=0.000 MiB, resident=27/27
Camera preparation: wall 0.198 ms, GPU LOD 0.004 ms, plans/footprints=219/1
Minimap mask: 276x236, 1440000 rays, worker 5.479 ms, GPU 3.488 ms
Minimap publish: request-to-image 5.587 ms
LOD plan: sources=1591, changed finer/coarser=1/0, selected LOD-1=23
Frame 586: wall 33.666 ms, GPU producer 31.628 ms, 1 producer submission(s), resident trace and presentation combined; t=27.531, BVH resident/budget 380.3/2048.0 MiB, builds/hits/evictions=158/762/0, scene builds=220
Frame phases 586: pre-render 0.006 ms, prepare 1.687 ms, primary repair 0.000 ms, shadow repair 0.000 ms, producer wait 31.950 ms; observer=2626209.90/1104357.11/2235.13, moved=11.55 m, roam=1, replaced=0, image=1600x900, LOD=1.500, shadows=0, minimap=1
Frame work 586: BVH built/hit/evicted=0/0/0, catalogue/instance/scene builds=1/1/1, cached/scene tiles=158/107, scene 0.0 MiB, selection/detail passes=0/1, fallback ray attempts=0, GPU build/selection/detail=0.429/0.000/0.000 ms, CPU grouping=0.000 ms; atlas installed/evicted=0/0, I/O=0.000 MiB, resident=27/27
Camera preparation: wall 0.213 ms, GPU LOD 0.004 ms, plans/footprints=220/1
Minimap mask: 276x236, 1440000 rays, worker 4.728 ms, GPU 2.511 ms
Minimap publish: request-to-image 4.804 ms
LOD plan: sources=1591, changed finer/coarser=0/0, selected LOD-1=23
Frame 588: wall 33.271 ms, GPU producer 31.418 ms, 1 producer submission(s), resident trace and presentation combined; t=27.564, BVH resident/budget 380.3/2048.0 MiB, builds/hits/evictions=158/762/0, scene builds=221
Frame phases 588: pre-render 0.008 ms, prepare 1.587 ms, primary repair 0.000 ms, shadow repair 0.000 ms, producer wait 31.638 ms; observer=2626212.65/1104368.30/2235.19, moved=11.52 m, roam=1, replaced=0, image=1600x900, LOD=1.500, shadows=0, minimap=1
Frame work 588: BVH built/hit/evicted=0/0/0, catalogue/instance/scene builds=1/1/1, cached/scene tiles=158/107, scene 0.0 MiB, selection/detail passes=0/1, fallback ray attempts=0, GPU build/selection/detail=0.433/0.000/0.000 ms, CPU grouping=0.000 ms; atlas installed/evicted=0/0, I/O=0.000 MiB, resident=27/27
Camera preparation: wall 0.192 ms, GPU LOD 0.004 ms, plans/footprints=221/1
Minimap mask: 276x236, 1440000 rays, worker 4.598 ms, GPU 3.145 ms
Minimap publish: request-to-image 4.692 ms
LOD plan: sources=1591, changed finer/coarser=0/1, selected LOD-1=23
Frame 590: wall 33.980 ms, GPU producer 31.997 ms, 1 producer submission(s), resident trace and presentation combined; t=27.598, BVH resident/budget 380.3/2048.0 MiB, builds/hits/evictions=158/762/0, scene builds=222
Frame phases 590: pre-render 0.008 ms, prepare 1.673 ms, primary repair 0.000 ms, shadow repair 0.000 ms, producer wait 32.276 ms; observer=2626215.40/1104379.53/2235.25, moved=11.57 m, roam=1, replaced=0, image=1600x900, LOD=1.500, shadows=0, minimap=1
Frame work 590: BVH built/hit/evicted=0/0/0, catalogue/instance/scene builds=1/1/1, cached/scene tiles=158/107, scene 0.0 MiB, selection/detail passes=0/1, fallback ray attempts=0, GPU build/selection/detail=0.414/0.000/0.000 ms, CPU grouping=0.000 ms; atlas installed/evicted=0/0, I/O=0.000 MiB, resident=27/27
Camera preparation: wall 0.198 ms, GPU LOD 0.004 ms, plans/footprints=222/1
Minimap mask: 276x236, 1440000 rays, worker 6.369 ms, GPU 4.927 ms
Minimap publish: request-to-image 6.473 ms
LOD plan: sources=1591, changed finer/coarser=1/0, selected LOD-1=23
Frame 592: wall 32.832 ms, GPU producer 30.888 ms, 1 producer submission(s), resident trace and presentation combined; t=27.631, BVH resident/budget 380.3/2048.0 MiB, builds/hits/evictions=158/762/0, scene builds=223
Frame phases 592: pre-render 0.007 ms, prepare 1.669 ms, primary repair 0.000 ms, shadow repair 0.000 ms, producer wait 31.127 ms; observer=2626218.15/1104390.72/2235.32, moved=11.52 m, roam=1, replaced=0, image=1600x900, LOD=1.500, shadows=0, minimap=1
Frame work 592: BVH built/hit/evicted=0/0/0, catalogue/instance/scene builds=1/1/1, cached/scene tiles=158/107, scene 0.0 MiB, selection/detail passes=0/1, fallback ray attempts=0, GPU build/selection/detail=0.410/0.000/0.000 ms, CPU grouping=0.000 ms; atlas installed/evicted=0/0, I/O=0.000 MiB, resident=27/27
Camera preparation: wall 0.205 ms, GPU LOD 0.003 ms, plans/footprints=223/1
Minimap mask: 276x236, 1440000 rays, worker 5.290 ms, GPU 3.907 ms
Minimap publish: request-to-image 5.354 ms
LOD plan: sources=1591, changed finer/coarser=0/0, selected LOD-1=23
Frame 594: wall 33.962 ms, GPU producer 31.962 ms, 1 producer submission(s), resident trace and presentation combined; t=27.665, BVH resident/budget 380.3/2048.0 MiB, builds/hits/evictions=158/762/0, scene builds=224
Frame phases 594: pre-render 0.005 ms, prepare 1.659 ms, primary repair 0.000 ms, shadow repair 0.000 ms, producer wait 32.277 ms; observer=2626220.91/1104401.96/2235.40, moved=11.58 m, roam=1, replaced=0, image=1600x900, LOD=1.500, shadows=0, minimap=1
Frame work 594: BVH built/hit/evicted=0/0/0, catalogue/instance/scene builds=1/1/1, cached/scene tiles=158/107, scene 0.0 MiB, selection/detail passes=0/1, fallback ray attempts=0, GPU build/selection/detail=0.407/0.000/0.000 ms, CPU grouping=0.000 ms; atlas installed/evicted=0/0, I/O=0.000 MiB, resident=27/27
Camera preparation: wall 0.186 ms, GPU LOD 0.004 ms, plans/footprints=224/1
Minimap mask: 276x236, 1440000 rays, worker 6.166 ms, GPU 4.613 ms
LOD plan: sources=1591, changed finer/coarser=0/1, selected LOD-1=23
Minimap publish: request-to-image 9.545 ms
Frame 596: wall 33.033 ms, GPU producer 31.115 ms, 1 producer submission(s), resident trace and presentation combined; t=27.698, BVH resident/budget 380.3/2048.0 MiB, builds/hits/evictions=158/762/0, scene builds=225
Frame phases 596: pre-render 0.006 ms, prepare 1.607 ms, primary repair 0.000 ms, shadow repair 0.000 ms, producer wait 31.393 ms; observer=2626223.66/1104413.15/2235.47, moved=11.52 m, roam=1, replaced=0, image=1600x900, LOD=1.500, shadows=0, minimap=1
Frame work 596: BVH built/hit/evicted=0/0/0, catalogue/instance/scene builds=1/1/1, cached/scene tiles=158/107, scene 0.0 MiB, selection/detail passes=0/1, fallback ray attempts=0, GPU build/selection/detail=0.405/0.000/0.000 ms, CPU grouping=0.000 ms; atlas installed/evicted=0/0, I/O=0.000 MiB, resident=27/27
Camera preparation: wall 0.195 ms, GPU LOD 0.004 ms, plans/footprints=225/1
Minimap mask: 276x236, 1440000 rays, worker 5.725 ms, GPU 4.261 ms
Minimap publish: request-to-image 5.839 ms
LOD plan: sources=1591, changed finer/coarser=0/0, selected LOD-1=23
Frame 598: wall 34.391 ms, GPU producer 32.472 ms, 1 producer submission(s), resident trace and presentation combined; t=27.733, BVH resident/budget 380.3/2048.0 MiB, builds/hits/evictions=158/762/0, scene builds=226
Frame phases 598: pre-render 0.006 ms, prepare 1.577 ms, primary repair 0.000 ms, shadow repair 0.000 ms, producer wait 32.784 ms; observer=2626226.41/1104424.38/2235.56, moved=11.57 m, roam=1, replaced=0, image=1600x900, LOD=1.500, shadows=0, minimap=1
Frame work 598: BVH built/hit/evicted=0/0/0, catalogue/instance/scene builds=1/1/1, cached/scene tiles=158/107, scene 0.0 MiB, selection/detail passes=0/1, fallback ray attempts=0, GPU build/selection/detail=0.405/0.000/0.000 ms, CPU grouping=0.000 ms; atlas installed/evicted=0/0, I/O=0.000 MiB, resident=27/27
Camera preparation: wall 0.193 ms, GPU LOD 0.004 ms, plans/footprints=226/1
Minimap mask: 276x236, 1440000 rays, worker 7.049 ms, GPU 3.425 ms
LOD plan: sources=1591, changed finer/coarser=1/0, selected LOD-1=23
Minimap publish: request-to-image 9.558 ms
Frame 600: wall 32.606 ms, GPU producer 30.589 ms, 1 producer submission(s), resident trace and presentation combined; t=27.765, BVH resident/budget 380.3/2048.0 MiB, builds/hits/evictions=158/762/0, scene builds=227
Frame phases 600: pre-render 0.008 ms, prepare 1.745 ms, primary repair 0.000 ms, shadow repair 0.000 ms, producer wait 30.827 ms; observer=2626229.11/1104435.35/2235.64, moved=11.29 m, roam=1, replaced=0, image=1600x900, LOD=1.500, shadows=0, minimap=1
Frame work 600: BVH built/hit/evicted=0/0/0, catalogue/instance/scene builds=1/1/1, cached/scene tiles=158/107, scene 0.0 MiB, selection/detail passes=0/1, fallback ray attempts=0, GPU build/selection/detail=0.410/0.000/0.000 ms, CPU grouping=0.000 ms; atlas installed/evicted=0/0, I/O=0.000 MiB, resident=27/27
Camera preparation: wall 0.206 ms, GPU LOD 0.004 ms, plans/footprints=227/1
Minimap mask: 276x236, 1440000 rays, worker 6.527 ms, GPU 5.126 ms
LOD plan: sources=1591, changed finer/coarser=1/0, selected LOD-1=23
Minimap publish: request-to-image 9.671 ms
Frame 602: wall 32.331 ms, GPU producer 30.335 ms, 1 producer submission(s), resident trace and presentation combined; t=27.798, BVH resident/budget 380.3/2048.0 MiB, builds/hits/evictions=158/762/0, scene builds=228
Frame phases 602: pre-render 0.006 ms, prepare 1.649 ms, primary repair 0.000 ms, shadow repair 0.000 ms, producer wait 30.651 ms; observer=2626231.90/1104446.72/2235.73, moved=11.71 m, roam=1, replaced=0, image=1600x900, LOD=1.500, shadows=0, minimap=1
Frame work 602: BVH built/hit/evicted=0/0/0, catalogue/instance/scene builds=1/1/1, cached/scene tiles=158/107, scene 0.0 MiB, selection/detail passes=0/1, fallback ray attempts=0, GPU build/selection/detail=0.401/0.000/0.000 ms, CPU grouping=0.000 ms; atlas installed/evicted=0/0, I/O=0.000 MiB, resident=27/27
Camera preparation: wall 0.186 ms, GPU LOD 0.004 ms, plans/footprints=228/1
Minimap mask: 276x236, 1440000 rays, worker 5.274 ms, GPU 3.696 ms
Minimap publish: request-to-image 5.357 ms
LOD plan: sources=1591, changed finer/coarser=0/0, selected LOD-1=23
Frame 604: wall 33.146 ms, GPU producer 31.176 ms, 1 producer submission(s), resident trace and presentation combined; t=27.831, BVH resident/budget 380.3/2048.0 MiB, builds/hits/evictions=158/762/0, scene builds=229
Frame phases 604: pre-render 0.016 ms, prepare 1.657 ms, primary repair 0.000 ms, shadow repair 0.000 ms, producer wait 31.437 ms; observer=2626234.66/1104457.98/2235.83, moved=11.59 m, roam=1, replaced=0, image=1600x900, LOD=1.500, shadows=0, minimap=1
Frame work 604: BVH built/hit/evicted=0/0/0, catalogue/instance/scene builds=1/1/1, cached/scene tiles=158/107, scene 0.0 MiB, selection/detail passes=0/1, fallback ray attempts=0, GPU build/selection/detail=0.407/0.000/0.000 ms, CPU grouping=0.000 ms; atlas installed/evicted=0/0, I/O=0.000 MiB, resident=27/27
Camera preparation: wall 0.224 ms, GPU LOD 0.003 ms, plans/footprints=229/1
Minimap mask: 276x236, 1440000 rays, worker 4.935 ms, GPU 3.570 ms
Minimap publish: request-to-image 5.052 ms
LOD plan: sources=1591, changed finer/coarser=0/0, selected LOD-1=23
Frame 606: wall 34.548 ms, GPU producer 32.356 ms, 1 producer submission(s), resident trace and presentation combined; t=27.866, BVH resident/budget 380.3/2048.0 MiB, builds/hits/evictions=158/762/0, scene builds=230
Frame phases 606: pre-render 0.023 ms, prepare 1.840 ms, primary repair 0.000 ms, shadow repair 0.000 ms, producer wait 32.656 ms; observer=2626237.42/1104469.21/2235.93, moved=11.57 m, roam=1, replaced=0, image=1600x900, LOD=1.500, shadows=0, minimap=1
Minimap mask: 276x236, 1440000 rays, worker 6.073 ms, GPU 4.559 ms
Frame work 606: BVH built/hit/evicted=0/0/0, catalogue/instance/scene builds=1/1/1, cached/scene tiles=158/107, scene 0.0 MiB, selection/detail passes=0/1, fallback ray attempts=0, GPU build/selection/detail=0.409/0.000/0.000 ms, CPU grouping=0.000 ms; atlas installed/evicted=0/0, I/O=0.000 MiB, resident=27/27
Camera preparation: wall 0.207 ms, GPU LOD 0.003 ms, plans/footprints=230/1
LOD plan: sources=1591, changed finer/coarser=0/0, selected LOD-1=23
Minimap publish: request-to-image 8.880 ms
Frame 608: wall 32.742 ms, GPU producer 30.882 ms, 1 producer submission(s), resident trace and presentation combined; t=27.899, BVH resident/budget 380.3/2048.0 MiB, builds/hits/evictions=158/762/0, scene builds=231
Frame phases 608: pre-render 0.007 ms, prepare 1.551 ms, primary repair 0.000 ms, shadow repair 0.000 ms, producer wait 31.147 ms; observer=2626240.16/1104480.38/2236.03, moved=11.50 m, roam=1, replaced=0, image=1600x900, LOD=1.500, shadows=0, minimap=1
Frame work 608: BVH built/hit/evicted=0/0/0, catalogue/instance/scene builds=1/1/1, cached/scene tiles=158/107, scene 0.0 MiB, selection/detail passes=0/1, fallback ray attempts=0, GPU build/selection/detail=0.402/0.000/0.000 ms, CPU grouping=0.000 ms; atlas installed/evicted=0/0, I/O=0.000 MiB, resident=27/27
Camera preparation: wall 0.186 ms, GPU LOD 0.003 ms, plans/footprints=231/1
Minimap mask: 276x236, 1440000 rays, worker 5.735 ms, GPU 4.306 ms
LOD plan: sources=1591, changed finer/coarser=0/0, selected LOD-1=23
Minimap publish: request-to-image 9.318 ms
Frame 610: wall 32.565 ms, GPU producer 30.539 ms, 1 producer submission(s), resident trace and presentation combined; t=27.931, BVH resident/budget 380.3/2048.0 MiB, builds/hits/evictions=158/762/0, scene builds=232
Frame phases 610: pre-render 0.007 ms, prepare 1.654 ms, primary repair 0.000 ms, shadow repair 0.000 ms, producer wait 30.877 ms; observer=2626242.93/1104491.63/2236.14, moved=11.59 m, roam=1, replaced=0, image=1600x900, LOD=1.500, shadows=0, minimap=1
Frame work 610: BVH built/hit/evicted=0/0/0, catalogue/instance/scene builds=1/1/1, cached/scene tiles=158/107, scene 0.0 MiB, selection/detail passes=0/1, fallback ray attempts=0, GPU build/selection/detail=0.404/0.000/0.000 ms, CPU grouping=0.000 ms; atlas installed/evicted=0/0, I/O=0.000 MiB, resident=27/27
Camera preparation: wall 0.197 ms, GPU LOD 0.004 ms, plans/footprints=232/1
Minimap mask: 276x236, 1440000 rays, worker 5.188 ms, GPU 3.716 ms
Minimap publish: request-to-image 5.249 ms
LOD plan: sources=1591, changed finer/coarser=1/0, selected LOD-1=23
Frame 612: wall 32.936 ms, GPU producer 31.020 ms, 1 producer submission(s), resident trace and presentation combined; t=27.964, BVH resident/budget 380.3/2048.0 MiB, builds/hits/evictions=158/762/0, scene builds=233
Frame phases 612: pre-render 0.006 ms, prepare 1.599 ms, primary repair 0.000 ms, shadow repair 0.000 ms, producer wait 31.293 ms; observer=2626245.67/1104502.80/2236.25, moved=11.50 m, roam=1, replaced=0, image=1600x900, LOD=1.500, shadows=0, minimap=1
Minimap mask: 276x236, 1440000 rays, worker 4.735 ms, GPU 3.647 ms
Frame work 612: BVH built/hit/evicted=0/0/0, catalogue/instance/scene builds=1/1/1, cached/scene tiles=158/106, scene 0.0 MiB, selection/detail passes=0/1, fallback ray attempts=0, GPU build/selection/detail=0.407/0.000/0.000 ms, CPU grouping=0.000 ms; atlas installed/evicted=0/0, I/O=0.000 MiB, resident=27/27
Camera preparation: wall 0.199 ms, GPU LOD 0.004 ms, plans/footprints=233/1
Minimap publish: request-to-image 4.787 ms
LOD plan: sources=1591, changed finer/coarser=0/0, selected LOD-1=23
Frame 614: wall 34.589 ms, GPU producer 32.494 ms, 1 producer submission(s), resident trace and presentation combined; t=27.999, BVH resident/budget 380.3/2048.0 MiB, builds/hits/evictions=158/762/0, scene builds=234
Frame phases 614: pre-render 0.007 ms, prepare 1.834 ms, primary repair 0.000 ms, shadow repair 0.000 ms, producer wait 32.718 ms; observer=2626248.43/1104514.05/2236.36, moved=11.58 m, roam=1, replaced=0, image=1600x900, LOD=1.500, shadows=0, minimap=1
Frame work 614: BVH built/hit/evicted=0/0/0, catalogue/instance/scene builds=1/1/1, cached/scene tiles=158/106, scene 0.0 MiB, selection/detail passes=0/1, fallback ray attempts=0, GPU build/selection/detail=0.408/0.000/0.000 ms, CPU grouping=0.000 ms; atlas installed/evicted=0/0, I/O=0.000 MiB, resident=27/27
Camera preparation: wall 0.217 ms, GPU LOD 0.004 ms, plans/footprints=234/1
Minimap mask: 276x236, 1440000 rays, worker 6.101 ms, GPU 4.682 ms
LOD plan: sources=1591, changed finer/coarser=1/1, selected LOD-1=23
Minimap publish: request-to-image 8.897 ms
Minimap mask: 276x236, 1440000 rays, worker 5.885 ms, GPU 4.380 ms
Frame 616: wall 33.342 ms, GPU producer 31.516 ms, 1 producer submission(s), resident trace and presentation combined; t=28.032, BVH resident/budget 380.3/2048.0 MiB, builds/hits/evictions=158/762/0, scene builds=235
Frame phases 616: pre-render 0.007 ms, prepare 1.483 ms, primary repair 0.000 ms, shadow repair 0.000 ms, producer wait 31.831 ms; observer=2626251.17/1104525.20/2236.48, moved=11.49 m, roam=1, replaced=0, image=1600x900, LOD=1.500, shadows=0, minimap=1
Frame work 616: BVH built/hit/evicted=0/0/0, catalogue/instance/scene builds=1/1/1, cached/scene tiles=158/106, scene 0.0 MiB, selection/detail passes=0/1, fallback ray attempts=0, GPU build/selection/detail=0.403/0.000/0.000 ms, CPU grouping=0.000 ms; atlas installed/evicted=0/0, I/O=0.000 MiB, resident=27/27
Camera preparation: wall 0.195 ms, GPU LOD 0.004 ms, plans/footprints=235/1
LOD plan: sources=1591, changed finer/coarser=0/0, selected LOD-1=23
Minimap publish: request-to-image 10.267 ms
Minimap mask: 276x236, 1440000 rays, worker 5.687 ms, GPU 2.553 ms
Frame 618: wall 32.758 ms, GPU producer 30.652 ms, 1 producer submission(s), resident trace and presentation combined; t=28.065, BVH resident/budget 380.3/2048.0 MiB, builds/hits/evictions=158/762/0, scene builds=236
Frame phases 618: pre-render 0.008 ms, prepare 1.828 ms, primary repair 0.000 ms, shadow repair 0.000 ms, producer wait 30.894 ms; observer=2626253.93/1104536.47/2236.61, moved=11.60 m, roam=1, replaced=0, image=1600x900, LOD=1.500, shadows=0, minimap=1
Frame work 618: BVH built/hit/evicted=0/0/0, catalogue/instance/scene builds=1/1/1, cached/scene tiles=158/106, scene 0.0 MiB, selection/detail passes=0/1, fallback ray attempts=0, GPU build/selection/detail=0.409/0.000/0.000 ms, CPU grouping=0.000 ms; atlas installed/evicted=0/0, I/O=0.000 MiB, resident=27/27
Camera preparation: wall 0.192 ms, GPU LOD 0.004 ms, plans/footprints=236/1
Minimap publish: request-to-image 5.723 ms
LOD plan: sources=1591, changed finer/coarser=0/0, selected LOD-1=23
Minimap mask: 276x236, 1440000 rays, worker 5.191 ms, GPU 3.757 ms
Frame 620: wall 32.903 ms, GPU producer 30.990 ms, 1 producer submission(s), resident trace and presentation combined; t=28.098, BVH resident/budget 380.3/2048.0 MiB, builds/hits/evictions=158/762/0, scene builds=237
Frame phases 620: pre-render 0.008 ms, prepare 1.575 ms, primary repair 0.000 ms, shadow repair 0.000 ms, producer wait 31.274 ms; observer=2626256.69/1104547.68/2236.74, moved=11.55 m, roam=1, replaced=0, image=1600x900, LOD=1.500, shadows=0, minimap=1
Frame work 620: BVH built/hit/evicted=0/0/0, catalogue/instance/scene builds=1/1/1, cached/scene tiles=158/106, scene 0.0 MiB, selection/detail passes=0/1, fallback ray attempts=0, GPU build/selection/detail=0.404/0.000/0.000 ms, CPU grouping=0.000 ms; atlas installed/evicted=0/0, I/O=0.000 MiB, resident=27/27
Camera preparation: wall 0.196 ms, GPU LOD 0.004 ms, plans/footprints=237/1
Minimap publish: request-to-image 5.226 ms
LOD plan: sources=1591, changed finer/coarser=0/1, selected LOD-1=23
Frame 622: wall 33.839 ms, GPU producer 31.716 ms, 1 producer submission(s), resident trace and presentation combined; t=28.132, BVH resident/budget 380.3/2048.0 MiB, builds/hits/evictions=158/762/0, scene builds=238
Frame phases 622: pre-render 0.007 ms, prepare 1.781 ms, primary repair 0.000 ms, shadow repair 0.000 ms, producer wait 32.024 ms; observer=2626259.44/1104558.88/2236.87, moved=11.53 m, roam=1, replaced=0, image=1600x900, LOD=1.500, shadows=0, minimap=1
Frame work 622: BVH built/hit/evicted=0/0/0, catalogue/instance/scene builds=1/1/1, cached/scene tiles=158/106, scene 0.0 MiB, selection/detail passes=0/1, fallback ray attempts=0, GPU build/selection/detail=0.405/0.000/0.000 ms, CPU grouping=0.000 ms; atlas installed/evicted=0/0, I/O=0.000 MiB, resident=27/27
Camera preparation: wall 0.198 ms, GPU LOD 0.004 ms, plans/footprints=238/1
Minimap mask: 276x236, 1440000 rays, worker 5.885 ms, GPU 4.418 ms
LOD plan: sources=1591, changed finer/coarser=0/1, selected LOD-1=23
Minimap publish: request-to-image 9.054 ms
Frame 624: wall 33.027 ms, GPU producer 31.131 ms, 1 producer submission(s), resident trace and presentation combined; t=28.165, BVH resident/budget 380.3/2048.0 MiB, builds/hits/evictions=158/762/0, scene builds=239
Minimap mask: 276x236, 1440000 rays, worker 5.485 ms, GPU 4.100 ms
Frame phases 624: pre-render 0.006 ms, prepare 1.575 ms, primary repair 0.000 ms, shadow repair 0.000 ms, producer wait 31.418 ms; observer=2626262.12/1104569.79/2237.01, moved=11.24 m, roam=1, replaced=0, image=1600x900, LOD=1.500, shadows=0, minimap=1
Frame work 624: BVH built/hit/evicted=0/0/0, catalogue/instance/scene builds=1/1/1, cached/scene tiles=158/106, scene 0.0 MiB, selection/detail passes=0/1, fallback ray attempts=0, GPU build/selection/detail=0.404/0.000/0.000 ms, CPU grouping=0.000 ms; atlas installed/evicted=0/0, I/O=0.000 MiB, resident=27/27
Minimap publish: request-to-image 5.527 ms
Camera preparation: wall 0.189 ms, GPU LOD 0.004 ms, plans/footprints=239/1
LOD plan: sources=1591, changed finer/coarser=0/0, selected LOD-1=23
Health t=28.174: memory ok footprint/resident 834.3/466.3 MiB, Metal allocated/recommended 722.6/18186.2 MiB, thermal=0
Health t=28.174: worker stage=render age=8.8 ms, calls=410 revision=624, submitted/completed/presented=0/0/0, stale=0 unavailable=0 refreshed=0
Health t=28.174: display stage=idle age=14.0 ms, calls=822 revision=622, submitted/completed/presented=822/822/821, stale=0 unavailable=0 refreshed=0
Health t=28.174: minimap stage=idle age=8.9 ms, calls=283 revision=0, submitted/completed/presented=283/283/283, stale=0 unavailable=0 refreshed=324
Health t=28.174: terrain stage=producer wait age=7.0 ms
Frame 626: wall 32.501 ms, GPU producer 30.358 ms, 1 producer submission(s), resident trace and presentation combined; t=28.198, BVH resident/budget 380.3/2048.0 MiB, builds/hits/evictions=158/762/0, scene builds=240
Frame phases 626: pre-render 0.030 ms, prepare 1.807 ms, primary repair 0.000 ms, shadow repair 0.000 ms, producer wait 30.638 ms; observer=2626264.94/1104581.30/2237.15, moved=11.85 m, roam=1, replaced=0, image=1600x900, LOD=1.500, shadows=0, minimap=1
Frame work 626: BVH built/hit/evicted=0/0/0, catalogue/instance/scene builds=1/1/1, cached/scene tiles=158/106, scene 0.0 MiB, selection/detail passes=0/1, fallback ray attempts=0, GPU build/selection/detail=0.409/0.000/0.000 ms, CPU grouping=0.000 ms; atlas installed/evicted=0/0, I/O=0.000 MiB, resident=27/27
Camera preparation: wall 0.230 ms, GPU LOD 0.004 ms, plans/footprints=240/1
Minimap mask: 276x236, 1440000 rays, worker 5.030 ms, GPU 3.615 ms
Minimap publish: request-to-image 5.114 ms
LOD plan: sources=1591, changed finer/coarser=0/0, selected LOD-1=23
Frame 628: wall 32.820 ms, GPU producer 30.848 ms, 1 producer submission(s), resident trace and presentation combined; t=28.231, BVH resident/budget 380.3/2048.0 MiB, builds/hits/evictions=158/762/0, scene builds=241
Frame phases 628: pre-render 0.016 ms, prepare 1.636 ms, primary repair 0.000 ms, shadow repair 0.000 ms, producer wait 31.147 ms; observer=2626267.68/1104592.47/2237.30, moved=11.50 m, roam=1, replaced=0, image=1600x900, LOD=1.500, shadows=0, minimap=1
Frame work 628: BVH built/hit/evicted=0/0/0, catalogue/instance/scene builds=1/1/1, cached/scene tiles=158/106, scene 0.0 MiB, selection/detail passes=0/1, fallback ray attempts=0, GPU build/selection/detail=0.417/0.000/0.000 ms, CPU grouping=0.000 ms; atlas installed/evicted=0/0, I/O=0.000 MiB, resident=27/27
Camera preparation: wall 0.232 ms, GPU LOD 0.004 ms, plans/footprints=241/1
Minimap mask: 276x236, 1440000 rays, worker 4.361 ms, GPU 2.812 ms
Minimap publish: request-to-image 4.451 ms
LOD plan: sources=1591, changed finer/coarser=0/0, selected LOD-1=23
Frame 630: wall 33.909 ms, GPU producer 31.817 ms, 1 producer submission(s), resident trace and presentation combined; t=28.265, BVH resident/budget 380.3/2048.0 MiB, builds/hits/evictions=158/762/0, scene builds=242
Frame phases 630: pre-render 0.005 ms, prepare 1.736 ms, primary repair 0.000 ms, shadow repair 0.000 ms, producer wait 32.121 ms; observer=2626270.44/1104603.71/2237.45, moved=11.57 m, roam=1, replaced=0, image=1600x900, LOD=1.500, shadows=0, minimap=1
Frame work 630: BVH built/hit/evicted=0/0/0, catalogue/instance/scene builds=1/1/1, cached/scene tiles=158/106, scene 0.0 MiB, selection/detail passes=0/1, fallback ray attempts=0, GPU build/selection/detail=0.406/0.000/0.000 ms, CPU grouping=0.000 ms; atlas installed/evicted=0/0, I/O=0.000 MiB, resident=27/27
Camera preparation: wall 0.224 ms, GPU LOD 0.004 ms, plans/footprints=242/1
Minimap mask: 276x236, 1440000 rays, worker 5.008 ms, GPU 3.392 ms
Minimap publish: request-to-image 5.094 ms
LOD plan: sources=1591, changed finer/coarser=1/2, selected LOD-1=23
Minimap mask: 276x236, 1440000 rays, worker 5.190 ms, GPU 2.234 ms
Minimap publish: request-to-image 5.229 ms
Frame 632: wall 97.578 ms, GPU producer 32.336 ms, 2 producer submission(s), streaming work excluded from GPU producer timing; t=28.362, BVH resident/budget 390.6/2048.0 MiB, builds/hits/evictions=159/765/0, scene builds=243
Frame phases 632: pre-render 0.011 ms, prepare 1.681 ms, primary repair 62.217 ms, shadow repair 0.000 ms, producer wait 33.554 ms; observer=2626273.18/1104614.85/2237.60, moved=11.47 m, roam=1, replaced=0, image=1600x900, LOD=1.500, shadows=0, minimap=1
Frame work 632: BVH built/hit/evicted=1/3/0, catalogue/instance/scene builds=1/5/1, cached/scene tiles=159/0, scene 0.0 MiB, selection/detail passes=5/6, fallback ray attempts=212, GPU build/selection/detail=4.498/2.293/29.845 ms, CPU grouping=12.799 ms; atlas installed/evicted=1/1, I/O=2.004 MiB, resident=27/27
Camera preparation: wall 0.218 ms, GPU LOD 0.003 ms, plans/footprints=243/1
LOD plan: sources=1591, changed finer/coarser=0/1, selected LOD-1=23
Frame 638: wall 33.796 ms, GPU producer 31.010 ms, 1 producer submission(s), resident trace and presentation combined; t=28.396, BVH resident/budget 390.6/2048.0 MiB, builds/hits/evictions=159/765/0, scene builds=244
Frame phases 638: pre-render 0.004 ms, prepare 1.601 ms, primary repair 0.000 ms, shadow repair 0.000 ms, producer wait 32.166 ms; observer=2626281.37/1104648.22/2238.09, moved=34.36 m, roam=1, replaced=0, image=1600x900, LOD=1.500, shadows=0, minimap=1
Frame work 638: BVH built/hit/evicted=0/0/0, catalogue/instance/scene builds=1/1/1, cached/scene tiles=159/106, scene 0.0 MiB, selection/detail passes=0/1, fallback ray attempts=0, GPU build/selection/detail=0.469/0.000/0.000 ms, CPU grouping=0.000 ms; atlas installed/evicted=0/0, I/O=0.000 MiB, resident=27/27
Camera preparation: wall 0.200 ms, GPU LOD 0.004 ms, plans/footprints=244/1
Minimap mask: 276x236, 1440000 rays, worker 3.946 ms, GPU 1.702 ms
Minimap publish: request-to-image 4.009 ms
LOD plan: sources=1591, changed finer/coarser=1/0, selected LOD-1=23
Frame 640: wall 33.618 ms, GPU producer 30.513 ms, 1 producer submission(s), resident trace and presentation combined; t=28.430, BVH resident/budget 390.6/2048.0 MiB, builds/hits/evictions=159/765/0, scene builds=245
Frame phases 640: pre-render 0.018 ms, prepare 2.742 ms, primary repair 0.000 ms, shadow repair 0.000 ms, producer wait 30.835 ms; observer=2626284.21/1104659.76/2238.27, moved=11.89 m, roam=1, replaced=0, image=1600x900, LOD=1.500, shadows=0, minimap=1
Frame work 640: BVH built/hit/evicted=0/0/0, catalogue/instance/scene builds=1/1/1, cached/scene tiles=159/106, scene 0.0 MiB, selection/detail passes=0/1, fallback ray attempts=0, GPU build/selection/detail=0.449/0.000/0.000 ms, CPU grouping=0.000 ms; atlas installed/evicted=0/0, I/O=0.000 MiB, resident=27/27
Camera preparation: wall 1.047 ms, GPU LOD 0.005 ms, plans/footprints=245/1
Minimap mask: 276x236, 1440000 rays, worker 3.754 ms, GPU 2.380 ms
Minimap publish: request-to-image 3.832 ms
LOD plan: sources=1591, changed finer/coarser=1/0, selected LOD-1=23
Minimap mask: 276x236, 1440000 rays, worker 4.622 ms, GPU 2.963 ms
Frame 642: wall 33.999 ms, GPU producer 31.957 ms, 1 producer submission(s), resident trace and presentation combined; t=28.464, BVH resident/budget 390.6/2048.0 MiB, builds/hits/evictions=159/765/0, scene builds=246
Frame phases 642: pre-render 0.005 ms, prepare 1.671 ms, primary repair 0.000 ms, shadow repair 0.000 ms, producer wait 32.302 ms; observer=2626286.96/1104670.96/2238.45, moved=11.53 m, roam=1, replaced=0, image=1600x900, LOD=1.500, shadows=0, minimap=1
Frame work 642: BVH built/hit/evicted=0/0/0, catalogue/instance/scene builds=1/1/1, cached/scene tiles=159/106, scene 0.0 MiB, selection/detail passes=0/1, fallback ray attempts=0, GPU build/selection/detail=0.420/0.000/0.000 ms, CPU grouping=0.000 ms; atlas installed/evicted=0/0, I/O=0.000 MiB, resident=27/27
Camera preparation: wall 0.199 ms, GPU LOD 0.004 ms, plans/footprints=246/1
Minimap publish: request-to-image 4.659 ms
LOD plan: sources=1591, changed finer/coarser=0/0, selected LOD-1=23
Frame 644: wall 33.408 ms, GPU producer 31.366 ms, 1 producer submission(s), resident trace and presentation combined; t=28.497, BVH resident/budget 390.6/2048.0 MiB, builds/hits/evictions=159/765/0, scene builds=247
Frame phases 644: pre-render 0.006 ms, prepare 1.711 ms, primary repair 0.000 ms, shadow repair 0.000 ms, producer wait 31.658 ms; observer=2626289.71/1104682.17/2238.63, moved=11.55 m, roam=1, replaced=0, image=1600x900, LOD=1.500, shadows=0, minimap=1
Frame work 644: BVH built/hit/evicted=0/0/0, catalogue/instance/scene builds=1/1/1, cached/scene tiles=159/106, scene 0.0 MiB, selection/detail passes=0/1, fallback ray attempts=0, GPU build/selection/detail=0.452/0.000/0.000 ms, CPU grouping=0.000 ms; atlas installed/evicted=0/0, I/O=0.000 MiB, resident=27/27
Camera preparation: wall 0.195 ms, GPU LOD 0.004 ms, plans/footprints=247/1
Minimap mask: 276x236, 1440000 rays, worker 4.096 ms, GPU 2.705 ms
Minimap publish: request-to-image 4.191 ms
LOD plan: sources=1591, changed finer/coarser=0/0, selected LOD-1=23
Minimap mask: 276x236, 1440000 rays, worker 5.449 ms, GPU 4.218 ms
Frame 646: wall 34.189 ms, GPU producer 32.093 ms, 1 producer submission(s), resident trace and presentation combined; t=28.531, BVH resident/budget 390.6/2048.0 MiB, builds/hits/evictions=159/765/0, scene builds=248
Frame phases 646: pre-render 0.006 ms, prepare 1.735 ms, primary repair 0.000 ms, shadow repair 0.000 ms, producer wait 32.386 ms; observer=2626292.46/1104693.38/2238.81, moved=11.54 m, roam=1, replaced=0, image=1600x900, LOD=1.500, shadows=0, minimap=1
Frame work 646: BVH built/hit/evicted=0/0/0, catalogue/instance/scene builds=1/1/1, cached/scene tiles=159/106, scene 0.0 MiB, selection/detail passes=0/1, fallback ray attempts=0, GPU build/selection/detail=0.420/0.000/0.000 ms, CPU grouping=0.000 ms; atlas installed/evicted=0/0, I/O=0.000 MiB, resident=27/27
Camera preparation: wall 0.195 ms, GPU LOD 0.004 ms, plans/footprints=248/1
Minimap publish: request-to-image 5.493 ms
LOD plan: sources=1591, changed finer/coarser=1/1, selected LOD-1=23
Frame 648: wall 33.210 ms, GPU producer 31.385 ms, 1 producer submission(s), resident trace and presentation combined; t=28.565, BVH resident/budget 390.6/2048.0 MiB, builds/hits/evictions=159/765/0, scene builds=249
Frame phases 648: pre-render 0.010 ms, prepare 1.565 ms, primary repair 0.000 ms, shadow repair 0.000 ms, producer wait 31.606 ms; observer=2626295.20/1104704.54/2239.00, moved=11.48 m, roam=1, replaced=0, image=1600x900, LOD=1.500, shadows=0, minimap=1
Frame work 648: BVH built/hit/evicted=0/0/0, catalogue/instance/scene builds=1/1/1, cached/scene tiles=159/106, scene 0.0 MiB, selection/detail passes=0/1, fallback ray attempts=0, GPU build/selection/detail=0.402/0.000/0.000 ms, CPU grouping=0.000 ms; atlas installed/evicted=0/0, I/O=0.000 MiB, resident=27/27
Camera preparation: wall 0.195 ms, GPU LOD 0.004 ms, plans/footprints=249/1
Minimap mask: 276x236, 1440000 rays, worker 5.032 ms, GPU 3.729 ms
Minimap publish: request-to-image 5.136 ms
LOD plan: sources=1591, changed finer/coarser=0/1, selected LOD-1=23
Frame 650: wall 34.124 ms, GPU producer 32.190 ms, 1 producer submission(s), resident trace and presentation combined; t=28.599, BVH resident/budget 390.6/2048.0 MiB, builds/hits/evictions=159/765/0, scene builds=250
Frame phases 650: pre-render 0.012 ms, prepare 1.629 ms, primary repair 0.000 ms, shadow repair 0.000 ms, producer wait 32.455 ms; observer=2626297.96/1104715.79/2239.20, moved=11.59 m, roam=1, replaced=0, image=1600x900, LOD=1.500, shadows=0, minimap=1
Frame work 650: BVH built/hit/evicted=0/0/0, catalogue/instance/scene builds=1/1/1, cached/scene tiles=159/106, scene 0.0 MiB, selection/detail passes=0/1, fallback ray attempts=0, GPU build/selection/detail=0.403/0.000/0.000 ms, CPU grouping=0.000 ms; atlas installed/evicted=0/0, I/O=0.000 MiB, resident=27/27
Camera preparation: wall 0.208 ms, GPU LOD 0.004 ms, plans/footprints=250/1
Minimap mask: 276x236, 1440000 rays, worker 6.042 ms, GPU 4.555 ms
LOD plan: sources=1591, changed finer/coarser=0/0, selected LOD-1=23
Minimap publish: request-to-image 9.254 ms
Frame 652: wall 32.898 ms, GPU producer 30.962 ms, 1 producer submission(s), resident trace and presentation combined; t=28.632, BVH resident/budget 390.6/2048.0 MiB, builds/hits/evictions=159/765/0, scene builds=251
Frame phases 652: pre-render 0.007 ms, prepare 1.653 ms, primary repair 0.000 ms, shadow repair 0.000 ms, producer wait 31.197 ms; observer=2626300.70/1104726.96/2239.39, moved=11.50 m, roam=1, replaced=0, image=1600x900, LOD=1.500, shadows=0, minimap=1
Frame work 652: BVH built/hit/evicted=0/0/0, catalogue/instance/scene builds=1/1/1, cached/scene tiles=159/106, scene 0.0 MiB, selection/detail passes=0/1, fallback ray attempts=0, GPU build/selection/detail=0.403/0.000/0.000 ms, CPU grouping=0.000 ms; atlas installed/evicted=0/0, I/O=0.000 MiB, resident=27/27
Camera preparation: wall 0.191 ms, GPU LOD 0.004 ms, plans/footprints=251/1
Minimap mask: 276x236, 1440000 rays, worker 5.622 ms, GPU 4.211 ms
LOD plan: sources=1591, changed finer/coarser=0/0, selected LOD-1=23
Minimap publish: request-to-image 9.036 ms
Frame 654: wall 32.209 ms, GPU producer 30.081 ms, 1 producer submission(s), resident trace and presentation combined; t=28.664, BVH resident/budget 390.6/2048.0 MiB, builds/hits/evictions=159/765/0, scene builds=252
Frame phases 654: pre-render 0.007 ms, prepare 1.719 ms, primary repair 0.000 ms, shadow repair 0.000 ms, producer wait 30.457 ms; observer=2626303.47/1104738.21/2239.60, moved=11.59 m, roam=1, replaced=0, image=1600x900, LOD=1.500, shadows=0, minimap=1
Frame work 654: BVH built/hit/evicted=0/0/0, catalogue/instance/scene builds=1/1/1, cached/scene tiles=159/106, scene 0.0 MiB, selection/detail passes=0/1, fallback ray attempts=0, GPU build/selection/detail=0.401/0.000/0.000 ms, CPU grouping=0.000 ms; atlas installed/evicted=0/0, I/O=0.000 MiB, resident=27/27
Camera preparation: wall 0.196 ms, GPU LOD 0.004 ms, plans/footprints=252/1
Minimap mask: 276x236, 1440000 rays, worker 4.838 ms, GPU 3.336 ms
Minimap publish: request-to-image 4.926 ms
LOD plan: sources=1591, changed finer/coarser=0/0, selected LOD-1=23
Frame 656: wall 33.353 ms, GPU producer 31.370 ms, 1 producer submission(s), resident trace and presentation combined; t=28.698, BVH resident/budget 390.6/2048.0 MiB, builds/hits/evictions=159/765/0, scene builds=253
Frame phases 656: pre-render 0.007 ms, prepare 1.721 ms, primary repair 0.000 ms, shadow repair 0.000 ms, producer wait 31.589 ms; observer=2626306.21/1104749.37/2239.80, moved=11.49 m, roam=1, replaced=0, image=1600x900, LOD=1.500, shadows=0, minimap=1
Frame work 656: BVH built/hit/evicted=0/0/0, catalogue/instance/scene builds=1/1/1, cached/scene tiles=159/106, scene 0.0 MiB, selection/detail passes=0/1, fallback ray attempts=0, GPU build/selection/detail=0.439/0.000/0.000 ms, CPU grouping=0.000 ms; atlas installed/evicted=0/0, I/O=0.000 MiB, resident=27/27
Camera preparation: wall 0.212 ms, GPU LOD 0.004 ms, plans/footprints=253/1
Minimap mask: 276x236, 1440000 rays, worker 4.643 ms, GPU 3.191 ms
Minimap publish: request-to-image 4.739 ms
LOD plan: sources=1591, changed finer/coarser=0/0, selected LOD-1=23
Frame 658: wall 34.076 ms, GPU producer 32.047 ms, 1 producer submission(s), resident trace and presentation combined; t=28.732, BVH resident/budget 390.6/2048.0 MiB, builds/hits/evictions=159/765/0, scene builds=254
Frame phases 658: pre-render 0.007 ms, prepare 1.662 ms, primary repair 0.000 ms, shadow repair 0.000 ms, producer wait 32.382 ms; observer=2626308.97/1104760.63/2240.01, moved=11.59 m, roam=1, replaced=0, image=1600x900, LOD=1.500, shadows=0, minimap=1
Frame work 658: BVH built/hit/evicted=0/0/0, catalogue/instance/scene builds=1/1/1, cached/scene tiles=159/106, scene 0.0 MiB, selection/detail passes=0/1, fallback ray attempts=0, GPU build/selection/detail=0.403/0.000/0.000 ms, CPU grouping=0.000 ms; atlas installed/evicted=0/0, I/O=0.000 MiB, resident=27/27
Minimap mask: 276x236, 1440000 rays, worker 5.562 ms, GPU 3.971 ms
Camera preparation: wall 0.194 ms, GPU LOD 0.004 ms, plans/footprints=254/1
LOD plan: sources=1591, changed finer/coarser=0/0, selected LOD-1=23
Minimap publish: request-to-image 8.693 ms
Frame 660: wall 32.916 ms, GPU producer 31.043 ms, 1 producer submission(s), resident trace and presentation combined; t=28.765, BVH resident/budget 390.6/2048.0 MiB, builds/hits/evictions=159/765/0, scene builds=255
Frame phases 660: pre-render 0.007 ms, prepare 1.528 ms, primary repair 0.000 ms, shadow repair 0.000 ms, producer wait 31.333 ms; observer=2626311.66/1104771.59/2240.23, moved=11.29 m, roam=1, replaced=0, image=1600x900, LOD=1.500, shadows=0, minimap=1
Frame work 660: BVH built/hit/evicted=0/0/0, catalogue/instance/scene builds=1/1/1, cached/scene tiles=159/106, scene 0.0 MiB, selection/detail passes=0/1, fallback ray attempts=0, GPU build/selection/detail=0.403/0.000/0.000 ms, CPU grouping=0.000 ms; atlas installed/evicted=0/0, I/O=0.000 MiB, resident=27/27
Camera preparation: wall 0.183 ms, GPU LOD 0.004 ms, plans/footprints=255/1
Minimap mask: 276x236, 1440000 rays, worker 5.191 ms, GPU 3.237 ms
LOD plan: sources=1591, changed finer/coarser=0/0, selected LOD-1=23
Minimap publish: request-to-image 10.618 ms
Frame 662: wall 34.067 ms, GPU producer 31.740 ms, 1 producer submission(s), resident trace and presentation combined; t=28.799, BVH resident/budget 390.6/2048.0 MiB, builds/hits/evictions=159/765/0, scene builds=256
Frame phases 662: pre-render 0.038 ms, prepare 1.991 ms, primary repair 0.000 ms, shadow repair 0.000 ms, producer wait 31.998 ms; observer=2626314.41/1104782.78/2240.44, moved=11.52 m, roam=1, replaced=0, image=1600x900, LOD=1.500, shadows=0, minimap=1
Frame work 662: BVH built/hit/evicted=0/0/0, catalogue/instance/scene builds=1/1/1, cached/scene tiles=159/106, scene 0.0 MiB, selection/detail passes=0/1, fallback ray attempts=0, GPU build/selection/detail=0.446/0.000/0.000 ms, CPU grouping=0.000 ms; atlas installed/evicted=0/0, I/O=0.000 MiB, resident=27/27
Camera preparation: wall 0.206 ms, GPU LOD 0.004 ms, plans/footprints=256/1
Minimap mask: 276x236, 1440000 rays, worker 5.980 ms, GPU 4.229 ms
LOD plan: sources=1591, changed finer/coarser=1/0, selected LOD-1=23
Minimap publish: request-to-image 8.907 ms
Frame 664: wall 32.776 ms, GPU producer 30.949 ms, 1 producer submission(s), resident trace and presentation combined; t=28.832, BVH resident/budget 390.6/2048.0 MiB, builds/hits/evictions=159/765/0, scene builds=257
Frame phases 664: pre-render 0.008 ms, prepare 1.556 ms, primary repair 0.000 ms, shadow repair 0.000 ms, producer wait 31.187 ms; observer=2626317.23/1104794.25/2240.67, moved=11.82 m, roam=1, replaced=0, image=1600x900, LOD=1.500, shadows=0, minimap=1
Frame work 664: BVH built/hit/evicted=0/0/0, catalogue/instance/scene builds=1/1/1, cached/scene tiles=159/106, scene 0.0 MiB, selection/detail passes=0/1, fallback ray attempts=0, GPU build/selection/detail=0.401/0.000/0.000 ms, CPU grouping=0.000 ms; atlas installed/evicted=0/0, I/O=0.000 MiB, resident=27/27
Minimap mask: 276x236, 1440000 rays, worker 5.463 ms, GPU 4.094 ms
Camera preparation: wall 0.195 ms, GPU LOD 0.004 ms, plans/footprints=257/1
LOD plan: sources=1591, changed finer/coarser=0/0, selected LOD-1=23
Minimap publish: request-to-image 9.173 ms
Frame 666: wall 33.833 ms, GPU producer 31.775 ms, 1 producer submission(s), resident trace and presentation combined; t=28.866, BVH resident/budget 390.6/2048.0 MiB, builds/hits/evictions=159/765/0, scene builds=258
Frame phases 666: pre-render 0.007 ms, prepare 1.710 ms, primary repair 0.000 ms, shadow repair 0.000 ms, producer wait 32.084 ms; observer=2626319.98/1104805.46/2240.90, moved=11.54 m, roam=1, replaced=0, image=1600x900, LOD=1.500, shadows=0, minimap=1
Frame work 666: BVH built/hit/evicted=0/0/0, catalogue/instance/scene builds=1/1/1, cached/scene tiles=159/106, scene 0.0 MiB, selection/detail passes=0/1, fallback ray attempts=0, GPU build/selection/detail=0.403/0.000/0.000 ms, CPU grouping=0.000 ms; atlas installed/evicted=0/0, I/O=0.000 MiB, resident=27/27
Camera preparation: wall 0.191 ms, GPU LOD 0.004 ms, plans/footprints=258/1
Minimap mask: 276x236, 1440000 rays, worker 6.220 ms, GPU 4.478 ms
LOD plan: sources=1591, changed finer/coarser=0/0, selected LOD-1=23
Minimap publish: request-to-image 9.015 ms
Frame 668: wall 33.006 ms, GPU producer 31.116 ms, 1 producer submission(s), resident trace and presentation combined; t=28.899, BVH resident/budget 390.6/2048.0 MiB, builds/hits/evictions=159/765/0, scene builds=259
Frame phases 668: pre-render 0.007 ms, prepare 1.579 ms, primary repair 0.000 ms, shadow repair 0.000 ms, producer wait 31.393 ms; observer=2626322.71/1104816.60/2241.13, moved=11.48 m, roam=1, replaced=0, image=1600x900, LOD=1.500, shadows=0, minimap=1
Frame work 668: BVH built/hit/evicted=0/0/0, catalogue/instance/scene builds=1/1/1, cached/scene tiles=159/106, scene 0.0 MiB, selection/detail passes=0/1, fallback ray attempts=0, GPU build/selection/detail=0.404/0.000/0.000 ms, CPU grouping=0.000 ms; atlas installed/evicted=0/0, I/O=0.000 MiB, resident=27/27
Camera preparation: wall 0.194 ms, GPU LOD 0.004 ms, plans/footprints=259/1
Minimap mask: 276x236, 1440000 rays, worker 5.918 ms, GPU 4.450 ms
LOD plan: sources=1591, changed finer/coarser=0/0, selected LOD-1=23
Minimap publish: request-to-image 9.347 ms
Minimap mask: 276x236, 1440000 rays, worker 5.600 ms, GPU 4.113 ms
Minimap publish: request-to-image 5.639 ms
Slow stage: terrain frame wall 103.089 ms (inclusive)
Frame 670: wall 103.099 ms, GPU producer 31.195 ms, 2 producer submission(s), streaming work excluded from GPU producer timing; t=29.002, BVH resident/budget 391.9/2048.0 MiB, builds/hits/evictions=161/767/0, scene builds=260
Frame phases 670: pre-render 0.015 ms, prepare 1.797 ms, primary repair 68.905 ms, shadow repair 0.000 ms, producer wait 32.306 ms; observer=2626325.48/1104827.88/2241.37, moved=11.61 m, roam=1, replaced=0, image=1600x900, LOD=1.500, shadows=0, minimap=1
Frame work 670: BVH built/hit/evicted=2/2/0, catalogue/instance/scene builds=1/5/1, cached/scene tiles=161/0, scene 0.0 MiB, selection/detail passes=5/6, fallback ray attempts=2, GPU build/selection/detail=1.582/2.243/28.907 ms, CPU grouping=13.010 ms; atlas installed/evicted=2/2, I/O=0.252 MiB, resident=27/27
Camera preparation: wall 0.208 ms, GPU LOD 0.004 ms, plans/footprints=260/1
Slow stage: worker iteration wall 103.158 ms (inclusive)
LOD plan: sources=1591, changed finer/coarser=2/0, selected LOD-1=23
Frame 676: wall 31.511 ms, GPU producer 29.681 ms, 1 producer submission(s), resident trace and presentation combined; t=29.033, BVH resident/budget 391.9/2048.0 MiB, builds/hits/evictions=161/767/0, scene builds=261
Frame phases 676: pre-render 0.007 ms, prepare 1.556 ms, primary repair 0.000 ms, shadow repair 0.000 ms, producer wait 29.927 ms; observer=2626333.72/1104861.43/2242.11, moved=34.55 m, roam=1, replaced=0, image=1600x900, LOD=1.500, shadows=0, minimap=1
Frame work 676: BVH built/hit/evicted=0/0/0, catalogue/instance/scene builds=1/1/1, cached/scene tiles=161/107, scene 0.0 MiB, selection/detail passes=0/1, fallback ray attempts=0, GPU build/selection/detail=0.458/0.000/0.000 ms, CPU grouping=0.000 ms; atlas installed/evicted=0/0, I/O=0.000 MiB, resident=27/27
Camera preparation: wall 0.209 ms, GPU LOD 0.003 ms, plans/footprints=261/1
Minimap mask: 276x236, 1440000 rays, worker 7.236 ms, GPU 5.886 ms
LOD plan: sources=1591, changed finer/coarser=1/1, selected LOD-1=23
Minimap publish: request-to-image 9.253 ms
Frame 678: wall 32.291 ms, GPU producer 30.164 ms, 1 producer submission(s), resident trace and presentation combined; t=29.066, BVH resident/budget 391.9/2048.0 MiB, builds/hits/evictions=161/767/0, scene builds=262
Frame phases 678: pre-render 0.011 ms, prepare 1.890 ms, primary repair 0.000 ms, shadow repair 0.000 ms, producer wait 30.364 ms; observer=2626336.49/1104872.70/2242.36, moved=11.60 m, roam=1, replaced=0, image=1600x900, LOD=1.500, shadows=0, minimap=1
Frame work 678: BVH built/hit/evicted=0/0/0, catalogue/instance/scene builds=1/1/1, cached/scene tiles=161/107, scene 0.0 MiB, selection/detail passes=0/1, fallback ray attempts=0, GPU build/selection/detail=0.409/0.000/0.000 ms, CPU grouping=0.000 ms; atlas installed/evicted=0/0, I/O=0.000 MiB, resident=27/27
Camera preparation: wall 0.191 ms, GPU LOD 0.004 ms, plans/footprints=262/1
Minimap mask: 276x236, 1440000 rays, worker 6.696 ms, GPU 5.326 ms
LOD plan: sources=1591, changed finer/coarser=1/0, selected LOD-1=23
Minimap publish: request-to-image 9.396 ms
Minimap mask: 276x236, 1440000 rays, worker 5.838 ms, GPU 4.463 ms
Frame 680: wall 32.900 ms, GPU producer 30.992 ms, 1 producer submission(s), resident trace and presentation combined; t=29.099, BVH resident/budget 391.9/2048.0 MiB, builds/hits/evictions=161/767/0, scene builds=263
Frame phases 680: pre-render 0.010 ms, prepare 1.564 ms, primary repair 0.000 ms, shadow repair 0.000 ms, producer wait 31.301 ms; observer=2626339.23/1104883.85/2242.62, moved=11.49 m, roam=1, replaced=0, image=1600x900, LOD=1.500, shadows=0, minimap=1
Frame work 680: BVH built/hit/evicted=0/0/0, catalogue/instance/scene builds=1/1/1, cached/scene tiles=161/107, scene 0.0 MiB, selection/detail passes=0/1, fallback ray attempts=0, GPU build/selection/detail=0.403/0.000/0.000 ms, CPU grouping=0.000 ms; atlas installed/evicted=0/0, I/O=0.000 MiB, resident=27/27
Camera preparation: wall 0.196 ms, GPU LOD 0.004 ms, plans/footprints=263/1
LOD plan: sources=1591, changed finer/coarser=0/1, selected LOD-1=23
Minimap publish: request-to-image 9.184 ms
Frame 682: wall 32.782 ms, GPU producer 30.615 ms, 1 producer submission(s), resident trace and presentation combined; t=29.132, BVH resident/budget 391.9/2048.0 MiB, builds/hits/evictions=161/767/0, scene builds=264
Frame phases 682: pre-render 0.007 ms, prepare 1.813 ms, primary repair 0.000 ms, shadow repair 0.000 ms, producer wait 30.930 ms; observer=2626341.99/1104895.12/2242.89, moved=11.60 m, roam=1, replaced=0, image=1600x900, LOD=1.500, shadows=0, minimap=1
Frame work 682: BVH built/hit/evicted=0/0/0, catalogue/instance/scene builds=1/1/1, cached/scene tiles=161/107, scene 0.0 MiB, selection/detail passes=0/1, fallback ray attempts=0, GPU build/selection/detail=0.412/0.000/0.000 ms, CPU grouping=0.000 ms; atlas installed/evicted=0/0, I/O=0.000 MiB, resident=27/27
Camera preparation: wall 0.217 ms, GPU LOD 0.004 ms, plans/footprints=264/1
Minimap mask: 276x236, 1440000 rays, worker 5.681 ms, GPU 2.888 ms
Minimap publish: request-to-image 5.770 ms
LOD plan: sources=1591, changed finer/coarser=1/0, selected LOD-1=23
Frame 684: wall 33.183 ms, GPU producer 31.145 ms, 1 producer submission(s), resident trace and presentation combined; t=29.165, BVH resident/budget 391.9/2048.0 MiB, builds/hits/evictions=161/767/0, scene builds=265
Frame phases 684: pre-render 0.007 ms, prepare 1.719 ms, primary repair 0.000 ms, shadow repair 0.000 ms, producer wait 31.411 ms; observer=2626344.73/1104906.26/2243.15, moved=11.47 m, roam=1, replaced=0, image=1600x900, LOD=1.500, shadows=0, minimap=1
Frame work 684: BVH built/hit/evicted=0/0/0, catalogue/instance/scene builds=1/1/1, cached/scene tiles=161/107, scene 0.0 MiB, selection/detail passes=0/1, fallback ray attempts=0, GPU build/selection/detail=0.405/0.000/0.000 ms, CPU grouping=0.000 ms; atlas installed/evicted=0/0, I/O=0.000 MiB, resident=27/27
Camera preparation: wall 0.207 ms, GPU LOD 0.004 ms, plans/footprints=265/1
Minimap mask: 276x236, 1440000 rays, worker 5.370 ms, GPU 3.958 ms
Minimap publish: request-to-image 5.450 ms
LOD plan: sources=1591, changed finer/coarser=0/0, selected LOD-1=23
Health t=29.178: memory ok footprint/resident 845.8/471.6 MiB, Metal allocated/recommended 734.2/18186.2 MiB, thermal=0
Health t=29.178: worker stage=render age=13.2 ms, calls=436 revision=684, submitted/completed/presented=0/0/0, stale=0 unavailable=0 refreshed=0
Health t=29.178: display stage=idle age=18.2 ms, calls=852 revision=682, submitted/completed/presented=852/852/851, stale=0 unavailable=0 refreshed=0
Health t=29.178: minimap stage=idle age=13.2 ms, calls=309 revision=0, submitted/completed/presented=309/309/309, stale=0 unavailable=0 refreshed=352
Health t=29.178: terrain stage=producer wait age=11.3 ms
Frame 686: wall 34.170 ms, GPU producer 32.038 ms, 1 producer submission(s), resident trace and presentation combined; t=29.199, BVH resident/budget 391.9/2048.0 MiB, builds/hits/evictions=161/767/0, scene builds=266
Frame phases 686: pre-render 0.007 ms, prepare 1.841 ms, primary repair 0.000 ms, shadow repair 0.000 ms, producer wait 32.292 ms; observer=2626347.49/1104917.51/2243.42, moved=11.59 m, roam=1, replaced=0, image=1600x900, LOD=1.500, shadows=0, minimap=1
Frame work 686: BVH built/hit/evicted=0/0/0, catalogue/instance/scene builds=1/1/1, cached/scene tiles=161/107, scene 0.0 MiB, selection/detail passes=0/1, fallback ray attempts=0, GPU build/selection/detail=0.409/0.000/0.000 ms, CPU grouping=0.000 ms; atlas installed/evicted=0/0, I/O=0.000 MiB, resident=27/27
Camera preparation: wall 0.206 ms, GPU LOD 0.004 ms, plans/footprints=266/1
Minimap mask: 276x236, 1440000 rays, worker 6.349 ms, GPU 4.691 ms
LOD plan: sources=1591, changed finer/coarser=0/1, selected LOD-1=23
Minimap publish: request-to-image 9.634 ms
Minimap mask: 276x236, 1440000 rays, worker 5.824 ms, GPU 4.482 ms
Frame 688: wall 33.006 ms, GPU producer 31.007 ms, 1 producer submission(s), resident trace and presentation combined; t=29.232, BVH resident/budget 391.9/2048.0 MiB, builds/hits/evictions=161/767/0, scene builds=267
Frame phases 688: pre-render 0.007 ms, prepare 1.645 ms, primary repair 0.000 ms, shadow repair 0.000 ms, producer wait 31.323 ms; observer=2626350.23/1104928.65/2243.70, moved=11.47 m, roam=1, replaced=0, image=1600x900, LOD=1.500, shadows=0, minimap=1
Frame work 688: BVH built/hit/evicted=0/0/0, catalogue/instance/scene builds=1/1/1, cached/scene tiles=161/107, scene 0.0 MiB, selection/detail passes=0/1, fallback ray attempts=0, GPU build/selection/detail=0.402/0.000/0.000 ms, CPU grouping=0.000 ms; atlas installed/evicted=0/0, I/O=0.000 MiB, resident=27/27
Camera preparation: wall 0.199 ms, GPU LOD 0.003 ms, plans/footprints=267/1
LOD plan: sources=1591, changed finer/coarser=0/2, selected LOD-1=23
Minimap publish: request-to-image 9.110 ms
Frame 690: wall 32.343 ms, GPU producer 30.271 ms, 1 producer submission(s), resident trace and presentation combined; t=29.265, BVH resident/budget 391.9/2048.0 MiB, builds/hits/evictions=161/767/0, scene builds=268
Frame phases 690: pre-render 0.008 ms, prepare 1.687 ms, primary repair 0.000 ms, shadow repair 0.000 ms, producer wait 30.621 ms; observer=2626353.00/1104939.94/2243.98, moved=11.62 m, roam=1, replaced=0, image=1600x900, LOD=1.500, shadows=0, minimap=1
Frame work 690: BVH built/hit/evicted=0/0/0, catalogue/instance/scene builds=1/1/1, cached/scene tiles=161/107, scene 0.0 MiB, selection/detail passes=0/1, fallback ray attempts=0, GPU build/selection/detail=0.404/0.000/0.000 ms, CPU grouping=0.000 ms; atlas installed/evicted=0/0, I/O=0.000 MiB, resident=27/27
Camera preparation: wall 0.202 ms, GPU LOD 0.004 ms, plans/footprints=268/1
Minimap mask: 276x236, 1440000 rays, worker 5.255 ms, GPU 3.804 ms
Minimap publish: request-to-image 5.362 ms
LOD plan: sources=1591, changed finer/coarser=1/0, selected LOD-1=23
Frame 692: wall 33.006 ms, GPU producer 30.938 ms, 1 producer submission(s), resident trace and presentation combined; t=29.298, BVH resident/budget 391.9/2048.0 MiB, builds/hits/evictions=161/767/0, scene builds=269
Frame phases 692: pre-render 0.007 ms, prepare 1.726 ms, primary repair 0.000 ms, shadow repair 0.000 ms, producer wait 31.245 ms; observer=2626355.73/1104951.07/2244.26, moved=11.46 m, roam=1, replaced=0, image=1600x900, LOD=1.500, shadows=0, minimap=1
Frame work 692: BVH built/hit/evicted=0/0/0, catalogue/instance/scene builds=1/1/1, cached/scene tiles=161/107, scene 0.0 MiB, selection/detail passes=0/1, fallback ray attempts=0, GPU build/selection/detail=0.409/0.000/0.000 ms, CPU grouping=0.000 ms; atlas installed/evicted=0/0, I/O=0.000 MiB, resident=27/27
Camera preparation: wall 0.229 ms, GPU LOD 0.004 ms, plans/footprints=269/1
Minimap mask: 276x236, 1440000 rays, worker 4.733 ms, GPU 3.305 ms
Minimap publish: request-to-image 4.832 ms
LOD plan: sources=1591, changed finer/coarser=0/1, selected LOD-1=23
Frame 694: wall 33.947 ms, GPU producer 31.889 ms, 1 producer submission(s), resident trace and presentation combined; t=29.332, BVH resident/budget 391.9/2048.0 MiB, builds/hits/evictions=161/767/0, scene builds=270
Frame phases 694: pre-render 0.008 ms, prepare 1.712 ms, primary repair 0.000 ms, shadow repair 0.000 ms, producer wait 32.198 ms; observer=2626358.50/1104962.35/2244.55, moved=11.61 m, roam=1, replaced=0, image=1600x900, LOD=1.500, shadows=0, minimap=1
Frame work 694: BVH built/hit/evicted=0/0/0, catalogue/instance/scene builds=1/1/1, cached/scene tiles=161/107, scene 0.0 MiB, selection/detail passes=0/1, fallback ray attempts=0, GPU build/selection/detail=0.409/0.000/0.000 ms, CPU grouping=0.000 ms; atlas installed/evicted=0/0, I/O=0.000 MiB, resident=27/27
Camera preparation: wall 0.210 ms, GPU LOD 0.004 ms, plans/footprints=270/1
Minimap mask: 276x236, 1440000 rays, worker 5.600 ms, GPU 4.111 ms
LOD plan: sources=1591, changed finer/coarser=0/0, selected LOD-1=23
Minimap publish: request-to-image 8.796 ms
Frame 696: wall 32.846 ms, GPU producer 31.005 ms, 1 producer submission(s), resident trace and presentation combined; t=29.365, BVH resident/budget 391.9/2048.0 MiB, builds/hits/evictions=161/767/0, scene builds=271
Frame phases 696: pre-render 0.007 ms, prepare 1.545 ms, primary repair 0.000 ms, shadow repair 0.000 ms, producer wait 31.267 ms; observer=2626361.25/1104973.55/2244.85, moved=11.53 m, roam=1, replaced=0, image=1600x900, LOD=1.500, shadows=0, minimap=1
Frame work 696: BVH built/hit/evicted=0/0/0, catalogue/instance/scene builds=1/1/1, cached/scene tiles=161/107, scene 0.0 MiB, selection/detail passes=0/1, fallback ray attempts=0, GPU build/selection/detail=0.403/0.000/0.000 ms, CPU grouping=0.000 ms; atlas installed/evicted=0/0, I/O=0.000 MiB, resident=27/27
Camera preparation: wall 0.193 ms, GPU LOD 0.003 ms, plans/footprints=271/1
Minimap mask: 276x236, 1440000 rays, worker 4.979 ms, GPU 2.817 ms
Minimap publish: request-to-image 5.062 ms
LOD plan: sources=1591, changed finer/coarser=0/0, selected LOD-1=23
Frame 698: wall 32.477 ms, GPU producer 30.291 ms, 1 producer submission(s), resident trace and presentation combined; t=29.397, BVH resident/budget 391.9/2048.0 MiB, builds/hits/evictions=161/767/0, scene builds=272
Frame phases 698: pre-render 0.006 ms, prepare 1.734 ms, primary repair 0.000 ms, shadow repair 0.000 ms, producer wait 30.654 ms; observer=2626364.00/1104984.75/2245.14, moved=11.54 m, roam=1, replaced=0, image=1600x900, LOD=1.500, shadows=0, minimap=1
Frame work 698: BVH built/hit/evicted=0/0/0, catalogue/instance/scene builds=1/1/1, cached/scene tiles=161/107, scene 0.0 MiB, selection/detail passes=0/1, fallback ray attempts=0, GPU build/selection/detail=0.408/0.000/0.000 ms, CPU grouping=0.000 ms; atlas installed/evicted=0/0, I/O=0.000 MiB, resident=27/27
Camera preparation: wall 0.208 ms, GPU LOD 0.004 ms, plans/footprints=272/1
Minimap mask: 276x236, 1440000 rays, worker 4.378 ms, GPU 2.782 ms
Minimap publish: request-to-image 4.443 ms
LOD plan: sources=1591, changed finer/coarser=0/0, selected LOD-1=23
Frame 700: wall 32.989 ms, GPU producer 30.921 ms, 1 producer submission(s), resident trace and presentation combined; t=29.430, BVH resident/budget 391.9/2048.0 MiB, builds/hits/evictions=161/767/0, scene builds=273
Frame phases 700: pre-render 0.006 ms, prepare 1.712 ms, primary repair 0.000 ms, shadow repair 0.000 ms, producer wait 31.241 ms; observer=2626366.73/1104995.90/2245.44, moved=11.47 m, roam=1, replaced=0, image=1600x900, LOD=1.500, shadows=0, minimap=1
Frame work 700: BVH built/hit/evicted=0/0/0, catalogue/instance/scene builds=1/1/1, cached/scene tiles=161/107, scene 0.0 MiB, selection/detail passes=0/1, fallback ray attempts=0, GPU build/selection/detail=0.442/0.000/0.000 ms, CPU grouping=0.000 ms; atlas installed/evicted=0/0, I/O=0.000 MiB, resident=27/27
Camera preparation: wall 0.221 ms, GPU LOD 0.004 ms, plans/footprints=273/1
Minimap mask: 276x236, 1440000 rays, worker 4.122 ms, GPU 2.694 ms
Minimap publish: request-to-image 4.193 ms
LOD plan: sources=1591, changed finer/coarser=0/0, selected LOD-1=23
Minimap mask: 276x236, 1440000 rays, worker 5.686 ms, GPU 4.247 ms
Frame 702: wall 34.064 ms, GPU producer 31.865 ms, 1 producer submission(s), resident trace and presentation combined; t=29.464, BVH resident/budget 391.9/2048.0 MiB, builds/hits/evictions=161/767/0, scene builds=274
Frame phases 702: pre-render 0.006 ms, prepare 1.808 ms, primary repair 0.000 ms, shadow repair 0.000 ms, producer wait 32.225 ms; observer=2626369.44/1105006.89/2245.74, moved=11.32 m, roam=1, replaced=0, image=1600x900, LOD=1.500, shadows=0, minimap=1
Frame work 702: BVH built/hit/evicted=0/0/0, catalogue/instance/scene builds=1/1/1, cached/scene tiles=161/107, scene 0.0 MiB, selection/detail passes=0/1, fallback ray attempts=0, GPU build/selection/detail=0.434/0.000/0.000 ms, CPU grouping=0.000 ms; atlas installed/evicted=0/0, I/O=0.000 MiB, resident=27/27
Camera preparation: wall 0.215 ms, GPU LOD 0.004 ms, plans/footprints=274/1
Minimap publish: request-to-image 5.720 ms
LOD plan: sources=1591, changed finer/coarser=0/1, selected LOD-1=23
Frame 704: wall 32.699 ms, GPU producer 30.779 ms, 1 producer submission(s), resident trace and presentation combined; t=29.497, BVH resident/budget 391.9/2048.0 MiB, builds/hits/evictions=161/767/0, scene builds=275
Frame phases 704: pre-render 0.006 ms, prepare 1.573 ms, primary repair 0.000 ms, shadow repair 0.000 ms, producer wait 31.084 ms; observer=2626372.24/1105018.30/2246.06, moved=11.75 m, roam=1, replaced=0, image=1600x900, LOD=1.500, shadows=0, minimap=1
Frame work 704: BVH built/hit/evicted=0/0/0, catalogue/instance/scene builds=1/1/1, cached/scene tiles=161/107, scene 0.0 MiB, selection/detail passes=0/1, fallback ray attempts=0, GPU build/selection/detail=0.402/0.000/0.000 ms, CPU grouping=0.000 ms; atlas installed/evicted=0/0, I/O=0.000 MiB, resident=27/27
Camera preparation: wall 0.221 ms, GPU LOD 0.004 ms, plans/footprints=275/1
Minimap mask: 276x236, 1440000 rays, worker 4.671 ms, GPU 3.495 ms
Minimap publish: request-to-image 4.766 ms
LOD plan: sources=1591, changed finer/coarser=0/0, selected LOD-1=23
Frame 706: wall 34.095 ms, GPU producer 31.967 ms, 1 producer submission(s), resident trace and presentation combined; t=29.531, BVH resident/budget 391.9/2048.0 MiB, builds/hits/evictions=161/767/0, scene builds=276
Frame phases 706: pre-render 0.005 ms, prepare 1.746 ms, primary repair 0.000 ms, shadow repair 0.000 ms, producer wait 32.317 ms; observer=2626374.93/1105029.28/2246.37, moved=11.30 m, roam=1, replaced=0, image=1600x900, LOD=1.500, shadows=0, minimap=1
Frame work 706: BVH built/hit/evicted=0/0/0, catalogue/instance/scene builds=1/1/1, cached/scene tiles=161/107, scene 0.0 MiB, selection/detail passes=0/1, fallback ray attempts=0, GPU build/selection/detail=0.417/0.000/0.000 ms, CPU grouping=0.000 ms; atlas installed/evicted=0/0, I/O=0.000 MiB, resident=27/27
Camera preparation: wall 0.235 ms, GPU LOD 0.004 ms, plans/footprints=276/1
Minimap mask: 276x236, 1440000 rays, worker 5.406 ms, GPU 3.684 ms
Minimap publish: request-to-image 5.481 ms
LOD plan: sources=1591, changed finer/coarser=1/0, selected LOD-1=23
Frame 708: wall 32.614 ms, GPU producer 30.762 ms, 1 producer submission(s), resident trace and presentation combined; t=29.564, BVH resident/budget 391.9/2048.0 MiB, builds/hits/evictions=161/767/0, scene builds=277
Frame phases 708: pre-render 0.006 ms, prepare 1.542 ms, primary repair 0.000 ms, shadow repair 0.000 ms, producer wait 31.043 ms; observer=2626377.76/1105040.79/2246.70, moved=11.85 m, roam=1, replaced=0, image=1600x900, LOD=1.500, shadows=0, minimap=1
Frame work 708: BVH built/hit/evicted=0/0/0, catalogue/instance/scene builds=1/1/1, cached/scene tiles=161/107, scene 0.0 MiB, selection/detail passes=0/1, fallback ray attempts=0, GPU build/selection/detail=0.403/0.000/0.000 ms, CPU grouping=0.000 ms; atlas installed/evicted=0/0, I/O=0.000 MiB, resident=27/27
Camera preparation: wall 0.200 ms, GPU LOD 0.004 ms, plans/footprints=277/1
Minimap mask: 276x236, 1440000 rays, worker 4.683 ms, GPU 3.392 ms
Minimap publish: request-to-image 4.777 ms
LOD plan: sources=1591, changed finer/coarser=0/0, selected LOD-1=23
Frame 710: wall 34.212 ms, GPU producer 32.115 ms, 1 producer submission(s), resident trace and presentation combined; t=29.598, BVH resident/budget 391.9/2048.0 MiB, builds/hits/evictions=161/767/0, scene builds=278
Frame phases 710: pre-render 0.043 ms, prepare 1.746 ms, primary repair 0.000 ms, shadow repair 0.000 ms, producer wait 32.397 ms; observer=2626380.50/1105051.98/2247.02, moved=11.53 m, roam=1, replaced=0, image=1600x900, LOD=1.500, shadows=0, minimap=1
Frame work 710: BVH built/hit/evicted=0/0/0, catalogue/instance/scene builds=1/1/1, cached/scene tiles=161/107, scene 0.0 MiB, selection/detail passes=0/1, fallback ray attempts=0, GPU build/selection/detail=0.408/0.000/0.000 ms, CPU grouping=0.000 ms; atlas installed/evicted=0/0, I/O=0.000 MiB, resident=27/27
Camera preparation: wall 0.221 ms, GPU LOD 0.004 ms, plans/footprints=278/1
Minimap mask: 276x236, 1440000 rays, worker 5.807 ms, GPU 5.022 ms
Minimap publish: request-to-image 5.890 ms
LOD plan: sources=1591, changed finer/coarser=1/1, selected LOD-1=24
Minimap mask: 276x236, 1440000 rays, worker 4.643 ms, GPU 3.262 ms
Minimap publish: request-to-image 4.678 ms
Slow stage: terrain frame wall 104.529 ms (inclusive)
Frame 712: wall 104.536 ms, GPU producer 31.002 ms, 2 producer submission(s), streaming work excluded from GPU producer timing; t=29.703, BVH resident/budget 402.1/2048.0 MiB, builds/hits/evictions=162/775/0, scene builds=279
Frame phases 712: pre-render 0.010 ms, prepare 1.619 ms, primary repair 70.564 ms, shadow repair 0.000 ms, producer wait 32.242 ms; observer=2626383.24/1105063.13/2247.35, moved=11.48 m, roam=1, replaced=0, image=1600x900, LOD=1.500, shadows=0, minimap=1
Frame work 712: BVH built/hit/evicted=1/8/0, catalogue/instance/scene builds=1/7/1, cached/scene tiles=162/0, scene 0.0 MiB, selection/detail passes=7/8, fallback ray attempts=117498, GPU build/selection/detail=4.677/3.603/29.375 ms, CPU grouping=19.132 ms; atlas installed/evicted=1/1, I/O=2.004 MiB, resident=27/27
Camera preparation: wall 0.216 ms, GPU LOD 0.004 ms, plans/footprints=279/1
Slow stage: worker iteration wall 104.592 ms (inclusive)
LOD plan: sources=1591, changed finer/coarser=2/2, selected LOD-1=23
Frame 718: wall 32.544 ms, GPU producer 28.697 ms, 1 producer submission(s), resident trace and presentation combined; t=29.735, BVH resident/budget 402.1/2048.0 MiB, builds/hits/evictions=162/775/0, scene builds=280
Frame phases 718: pre-render 0.005 ms, prepare 1.393 ms, primary repair 0.000 ms, shadow repair 0.000 ms, producer wait 31.125 ms; observer=2626391.51/1105096.80/2248.36, moved=34.66 m, roam=1, replaced=0, image=1600x900, LOD=1.500, shadows=0, minimap=1
Frame work 718: BVH built/hit/evicted=0/0/0, catalogue/instance/scene builds=1/1/1, cached/scene tiles=162/106, scene 0.0 MiB, selection/detail passes=0/1, fallback ray attempts=0, GPU build/selection/detail=0.448/0.000/0.000 ms, CPU grouping=0.000 ms; atlas installed/evicted=0/0, I/O=0.000 MiB, resident=27/27
Camera preparation: wall 0.171 ms, GPU LOD 0.004 ms, plans/footprints=280/1
Minimap mask: 276x236, 1440000 rays, worker 9.673 ms, GPU 6.898 ms
Minimap publish: request-to-image 9.745 ms
LOD plan: sources=1591, changed finer/coarser=0/0, selected LOD-1=23
Frame 720: wall 32.956 ms, GPU producer 31.123 ms, 1 producer submission(s), resident trace and presentation combined; t=29.769, BVH resident/budget 402.1/2048.0 MiB, builds/hits/evictions=162/775/0, scene builds=281
Frame phases 720: pre-render 0.005 ms, prepare 1.519 ms, primary repair 0.000 ms, shadow repair 0.000 ms, producer wait 31.411 ms; observer=2626394.23/1105107.89/2248.70, moved=11.42 m, roam=1, replaced=0, image=1600x900, LOD=1.500, shadows=0, minimap=1
Frame work 720: BVH built/hit/evicted=0/0/0, catalogue/instance/scene builds=1/1/1, cached/scene tiles=162/106, scene 0.0 MiB, selection/detail passes=0/1, fallback ray attempts=0, GPU build/selection/detail=0.449/0.000/0.000 ms, CPU grouping=0.000 ms; atlas installed/evicted=0/0, I/O=0.000 MiB, resident=27/27
Camera preparation: wall 0.210 ms, GPU LOD 0.004 ms, plans/footprints=281/1
Minimap mask: 276x236, 1440000 rays, worker 9.212 ms, GPU 6.468 ms
LOD plan: sources=1591, changed finer/coarser=0/1, selected LOD-1=23
Minimap publish: request-to-image 11.831 ms
Minimap mask: 276x236, 1440000 rays, worker 8.072 ms, GPU 6.277 ms
Frame 722: wall 32.268 ms, GPU producer 30.051 ms, 1 producer submission(s), resident trace and presentation combined; t=29.801, BVH resident/budget 402.1/2048.0 MiB, builds/hits/evictions=162/775/0, scene builds=282
Frame phases 722: pre-render 0.092 ms, prepare 1.803 ms, primary repair 0.000 ms, shadow repair 0.000 ms, producer wait 30.334 ms; observer=2626396.99/1105119.13/2249.05, moved=11.58 m, roam=1, replaced=0, image=1600x900, LOD=1.500, shadows=0, minimap=1
Frame work 722: BVH built/hit/evicted=0/0/0, catalogue/instance/scene builds=1/1/1, cached/scene tiles=162/106, scene 0.0 MiB, selection/detail passes=0/1, fallback ray attempts=0, GPU build/selection/detail=0.406/0.000/0.000 ms, CPU grouping=0.000 ms; atlas installed/evicted=0/0, I/O=0.000 MiB, resident=27/27
Camera preparation: wall 0.198 ms, GPU LOD 0.004 ms, plans/footprints=282/1
LOD plan: sources=1591, changed finer/coarser=1/0, selected LOD-1=23
Minimap publish: request-to-image 9.229 ms
Minimap mask: 276x236, 1440000 rays, worker 7.671 ms, GPU 3.291 ms
Frame 724: wall 33.214 ms, GPU producer 31.154 ms, 1 producer submission(s), resident trace and presentation combined; t=29.834, BVH resident/budget 402.1/2048.0 MiB, builds/hits/evictions=162/775/0, scene builds=283
Frame phases 724: pre-render 0.007 ms, prepare 1.703 ms, primary repair 0.000 ms, shadow repair 0.000 ms, producer wait 31.406 ms; observer=2626399.76/1105130.42/2249.40, moved=11.63 m, roam=1, replaced=0, image=1600x900, LOD=1.500, shadows=0, minimap=1
Frame work 724: BVH built/hit/evicted=0/0/0, catalogue/instance/scene builds=1/1/1, cached/scene tiles=162/105, scene 0.0 MiB, selection/detail passes=0/1, fallback ray attempts=0, GPU build/selection/detail=0.418/0.000/0.000 ms, CPU grouping=0.000 ms; atlas installed/evicted=0/0, I/O=0.000 MiB, resident=27/27
Camera preparation: wall 0.196 ms, GPU LOD 0.003 ms, plans/footprints=283/1
LOD plan: sources=1591, changed finer/coarser=0/0, selected LOD-1=23
Minimap publish: request-to-image 8.605 ms
Frame 726: wall 32.101 ms, GPU producer 30.088 ms, 1 producer submission(s), resident trace and presentation combined; t=29.866, BVH resident/budget 402.1/2048.0 MiB, builds/hits/evictions=162/775/0, scene builds=284
Frame phases 726: pre-render 0.010 ms, prepare 1.663 ms, primary repair 0.000 ms, shadow repair 0.000 ms, producer wait 30.403 ms; observer=2626402.51/1105141.62/2249.76, moved=11.53 m, roam=1, replaced=0, image=1600x900, LOD=1.500, shadows=0, minimap=1
Frame work 726: BVH built/hit/evicted=0/0/0, catalogue/instance/scene builds=1/1/1, cached/scene tiles=162/105, scene 0.0 MiB, selection/detail passes=0/1, fallback ray attempts=0, GPU build/selection/detail=0.417/0.000/0.000 ms, CPU grouping=0.000 ms; atlas installed/evicted=0/0, I/O=0.000 MiB, resident=27/27
Camera preparation: wall 0.198 ms, GPU LOD 0.003 ms, plans/footprints=284/1
Minimap mask: 276x236, 1440000 rays, worker 7.160 ms, GPU 5.732 ms
LOD plan: sources=1591, changed finer/coarser=0/0, selected LOD-1=23
Minimap publish: request-to-image 9.263 ms
Minimap mask: 276x236, 1440000 rays, worker 6.104 ms, GPU 4.624 ms
Minimap publish: request-to-image 8.462 ms
Frame 728: wall 97.903 ms, GPU producer 31.579 ms, 2 producer submission(s), streaming work excluded from GPU producer timing; t=29.964, BVH resident/budget 404.7/2048.0 MiB, builds/hits/evictions=163/780/0, scene builds=285
Frame phases 728: pre-render 0.013 ms, prepare 1.557 ms, primary repair 63.369 ms, shadow repair 0.000 ms, producer wait 32.870 ms; observer=2626405.25/1105152.76/2250.12, moved=11.47 m, roam=1, replaced=0, image=1600x900, LOD=1.500, shadows=0, minimap=1
Frame work 728: BVH built/hit/evicted=1/5/0, catalogue/instance/scene builds=1/7/1, cached/scene tiles=163/0, scene 0.0 MiB, selection/detail passes=7/8, fallback ray attempts=2, GPU build/selection/detail=2.047/3.408/27.503 ms, CPU grouping=18.250 ms; atlas installed/evicted=1/1, I/O=0.502 MiB, resident=27/27
Camera preparation: wall 0.192 ms, GPU LOD 0.004 ms, plans/footprints=285/1
LOD plan: sources=1591, changed finer/coarser=1/0, selected LOD-1=23
Minimap mask: 276x236, 1440000 rays, worker 6.592 ms, GPU 5.287 ms
Minimap publish: request-to-image 8.782 ms
Slow stage: terrain frame wall 135.850 ms (inclusive)
Frame 734: wall 135.858 ms, GPU producer 33.132 ms, 2 producer submission(s), streaming work excluded from GPU producer timing; t=30.100, BVH resident/budget 405.3/2048.0 MiB, builds/hits/evictions=164/795/0, scene builds=286
Frame phases 734: pre-render 0.015 ms, prepare 1.566 ms, primary repair 99.895 ms, shadow repair 0.000 ms, producer wait 34.283 ms; observer=2626413.45/1105186.17/2251.23, moved=34.41 m, roam=1, replaced=0, image=1600x900, LOD=1.500, shadows=0, minimap=1
Frame work 734: BVH built/hit/evicted=1/15/0, catalogue/instance/scene builds=1/15/1, cached/scene tiles=164/0, scene 0.0 MiB, selection/detail passes=15/16, fallback ray attempts=244, GPU build/selection/detail=1.918/8.605/29.043 ms, CPU grouping=36.742 ms; atlas installed/evicted=1/1, I/O=0.126 MiB, resident=27/27
Camera preparation: wall 0.202 ms, GPU LOD 0.004 ms, plans/footprints=286/1
Slow stage: worker iteration wall 135.917 ms (inclusive)
LOD plan: sources=1591, changed finer/coarser=1/0, selected LOD-1=23
Frame 742: wall 32.282 ms, GPU producer 30.565 ms, 1 producer submission(s), resident trace and presentation combined; t=30.133, BVH resident/budget 405.3/2048.0 MiB, builds/hits/evictions=164/795/0, scene builds=287
Frame phases 742: pre-render 0.028 ms, prepare 1.434 ms, primary repair 0.000 ms, shadow repair 0.000 ms, producer wait 30.797 ms; observer=2626424.52/1105231.24/2252.78, moved=46.41 m, roam=1, replaced=0, image=1600x900, LOD=1.500, shadows=0, minimap=1
Frame work 742: BVH built/hit/evicted=0/0/0, catalogue/instance/scene builds=1/1/1, cached/scene tiles=164/106, scene 0.0 MiB, selection/detail passes=0/1, fallback ray attempts=0, GPU build/selection/detail=0.454/0.000/0.000 ms, CPU grouping=0.000 ms; atlas installed/evicted=0/0, I/O=0.000 MiB, resident=27/27
Camera preparation: wall 0.175 ms, GPU LOD 0.004 ms, plans/footprints=287/1
Minimap mask: 276x236, 1440000 rays, worker 7.069 ms, GPU 5.734 ms
LOD plan: sources=1591, changed finer/coarser=1/0, selected LOD-1=23
Minimap publish: request-to-image 8.726 ms
Frame 744: wall 31.841 ms, GPU producer 29.909 ms, 1 producer submission(s), resident trace and presentation combined; t=30.164, BVH resident/budget 405.3/2048.0 MiB, builds/hits/evictions=164/795/0, scene builds=288
Frame phases 744: pre-render 0.006 ms, prepare 1.617 ms, primary repair 0.000 ms, shadow repair 0.000 ms, producer wait 30.199 ms; observer=2626427.27/1105242.46/2253.18, moved=11.55 m, roam=1, replaced=0, image=1600x900, LOD=1.500, shadows=0, minimap=1
Frame work 744: BVH built/hit/evicted=0/0/0, catalogue/instance/scene builds=1/1/1, cached/scene tiles=164/105, scene 0.0 MiB, selection/detail passes=0/1, fallback ray attempts=0, GPU build/selection/detail=0.404/0.000/0.000 ms, CPU grouping=0.000 ms; atlas installed/evicted=0/0, I/O=0.000 MiB, resident=27/27
Camera preparation: wall 0.193 ms, GPU LOD 0.004 ms, plans/footprints=288/1
Minimap mask: 276x236, 1440000 rays, worker 4.741 ms, GPU 3.309 ms
Minimap publish: request-to-image 4.865 ms
LOD plan: sources=1591, changed finer/coarser=0/0, selected LOD-1=23
Health t=30.183: memory ok footprint/resident 860.6/478.5 MiB, Metal allocated/recommended 747.8/18186.2 MiB, thermal=0
Health t=30.183: worker stage=render age=18.4 ms, calls=459 revision=744, submitted/completed/presented=0/0/0, stale=0 unavailable=0 refreshed=0
Health t=30.183: display stage=idle age=22.7 ms, calls=882 revision=742, submitted/completed/presented=882/882/881, stale=0 unavailable=0 refreshed=0
Health t=30.183: minimap stage=idle age=18.4 ms, calls=332 revision=0, submitted/completed/presented=332/332/332, stale=0 unavailable=0 refreshed=378
Health t=30.183: terrain stage=producer wait age=16.5 ms
Frame 746: wall 33.693 ms, GPU producer 31.558 ms, 1 producer submission(s), resident trace and presentation combined; t=30.198, BVH resident/budget 405.3/2048.0 MiB, builds/hits/evictions=164/795/0, scene builds=289
Frame phases 746: pre-render 0.007 ms, prepare 1.821 ms, primary repair 0.000 ms, shadow repair 0.000 ms, producer wait 31.837 ms; observer=2626430.02/1105253.64/2253.58, moved=11.52 m, roam=1, replaced=0, image=1600x900, LOD=1.500, shadows=0, minimap=1
Frame work 746: BVH built/hit/evicted=0/0/0, catalogue/instance/scene builds=1/1/1, cached/scene tiles=164/105, scene 0.0 MiB, selection/detail passes=0/1, fallback ray attempts=0, GPU build/selection/detail=0.410/0.000/0.000 ms, CPU grouping=0.000 ms; atlas installed/evicted=0/0, I/O=0.000 MiB, resident=27/27
Camera preparation: wall 0.229 ms, GPU LOD 0.004 ms, plans/footprints=289/1
Minimap mask: 276x236, 1440000 rays, worker 5.498 ms, GPU 4.146 ms
Minimap publish: request-to-image 5.577 ms
LOD plan: sources=1591, changed finer/coarser=0/0, selected LOD-1=23
Frame 748: wall 32.925 ms, GPU producer 30.840 ms, 1 producer submission(s), resident trace and presentation combined; t=30.231, BVH resident/budget 405.3/2048.0 MiB, builds/hits/evictions=164/795/0, scene builds=290
Frame phases 748: pre-render 0.008 ms, prepare 1.754 ms, primary repair 0.000 ms, shadow repair 0.000 ms, producer wait 31.132 ms; observer=2626432.77/1105264.85/2253.98, moved=11.54 m, roam=1, replaced=0, image=1600x900, LOD=1.500, shadows=0, minimap=1
Frame work 748: BVH built/hit/evicted=0/0/0, catalogue/instance/scene builds=1/1/1, cached/scene tiles=164/105, scene 0.0 MiB, selection/detail passes=0/1, fallback ray attempts=0, GPU build/selection/detail=0.405/0.000/0.000 ms, CPU grouping=0.000 ms; atlas installed/evicted=0/0, I/O=0.000 MiB, resident=27/27
Camera preparation: wall 0.204 ms, GPU LOD 0.004 ms, plans/footprints=290/1
Minimap mask: 276x236, 1440000 rays, worker 4.849 ms, GPU 3.476 ms
Minimap publish: request-to-image 4.924 ms
LOD plan: sources=1591, changed finer/coarser=1/0, selected LOD-1=23
Frame 750: wall 33.913 ms, GPU producer 31.919 ms, 1 producer submission(s), resident trace and presentation combined; t=30.265, BVH resident/budget 405.3/2048.0 MiB, builds/hits/evictions=164/795/0, scene builds=291
Frame phases 750: pre-render 0.005 ms, prepare 1.618 ms, primary repair 0.000 ms, shadow repair 0.000 ms, producer wait 32.265 ms; observer=2626435.47/1105275.87/2254.38, moved=11.35 m, roam=1, replaced=0, image=1600x900, LOD=1.500, shadows=0, minimap=1
Frame work 750: BVH built/hit/evicted=0/0/0, catalogue/instance/scene builds=1/1/1, cached/scene tiles=164/105, scene 0.0 MiB, selection/detail passes=0/1, fallback ray attempts=0, GPU build/selection/detail=0.402/0.000/0.000 ms, CPU grouping=0.000 ms; atlas installed/evicted=0/0, I/O=0.000 MiB, resident=27/27
Camera preparation: wall 0.219 ms, GPU LOD 0.004 ms, plans/footprints=291/1
Minimap mask: 276x236, 1440000 rays, worker 5.773 ms, GPU 4.438 ms
LOD plan: sources=1591, changed finer/coarser=0/0, selected LOD-1=23
Minimap publish: request-to-image 8.803 ms
Frame 752: wall 32.400 ms, GPU producer 30.487 ms, 1 producer submission(s), resident trace and presentation combined; t=30.298, BVH resident/budget 405.3/2048.0 MiB, builds/hits/evictions=164/795/0, scene builds=292
Frame phases 752: pre-render 0.008 ms, prepare 1.563 ms, primary repair 0.000 ms, shadow repair 0.000 ms, producer wait 30.803 ms; observer=2626438.25/1105287.19/2254.80, moved=11.65 m, roam=1, replaced=0, image=1600x900, LOD=1.500, shadows=0, minimap=1
Frame work 752: BVH built/hit/evicted=0/0/0, catalogue/instance/scene builds=1/1/1, cached/scene tiles=164/105, scene 0.0 MiB, selection/detail passes=0/1, fallback ray attempts=0, GPU build/selection/detail=0.403/0.000/0.000 ms, CPU grouping=0.000 ms; atlas installed/evicted=0/0, I/O=0.000 MiB, resident=27/27
Camera preparation: wall 0.209 ms, GPU LOD 0.003 ms, plans/footprints=292/1
Minimap mask: 276x236, 1440000 rays, worker 4.942 ms, GPU 3.845 ms
Minimap publish: request-to-image 5.037 ms
LOD plan: sources=1591, changed finer/coarser=0/0, selected LOD-1=23
Frame 754: wall 33.758 ms, GPU producer 31.668 ms, 1 producer submission(s), resident trace and presentation combined; t=30.331, BVH resident/budget 405.3/2048.0 MiB, builds/hits/evictions=164/795/0, scene builds=293
Frame phases 754: pre-render 0.006 ms, prepare 1.692 ms, primary repair 0.000 ms, shadow repair 0.000 ms, producer wait 32.035 ms; observer=2626441.02/1105298.46/2255.22, moved=11.61 m, roam=1, replaced=0, image=1600x900, LOD=1.500, shadows=0, minimap=1
Frame work 754: BVH built/hit/evicted=0/0/0, catalogue/instance/scene builds=1/1/1, cached/scene tiles=164/105, scene 0.0 MiB, selection/detail passes=0/1, fallback ray attempts=0, GPU build/selection/detail=0.405/0.000/0.000 ms, CPU grouping=0.000 ms; atlas installed/evicted=0/0, I/O=0.000 MiB, resident=27/27
Camera preparation: wall 0.205 ms, GPU LOD 0.004 ms, plans/footprints=293/1
Minimap mask: 276x236, 1440000 rays, worker 5.409 ms, GPU 3.878 ms
Minimap publish: request-to-image 5.471 ms
LOD plan: sources=1591, changed finer/coarser=0/0, selected LOD-1=23
Frame 756: wall 32.526 ms, GPU producer 30.646 ms, 1 producer submission(s), resident trace and presentation combined; t=30.364, BVH resident/budget 405.3/2048.0 MiB, builds/hits/evictions=164/795/0, scene builds=294
Frame phases 756: pre-render 0.005 ms, prepare 1.559 ms, primary repair 0.000 ms, shadow repair 0.000 ms, producer wait 30.939 ms; observer=2626443.75/1105309.59/2255.64, moved=11.46 m, roam=1, replaced=0, image=1600x900, LOD=1.500, shadows=0, minimap=1
Frame work 756: BVH built/hit/evicted=0/0/0, catalogue/instance/scene builds=1/1/1, cached/scene tiles=164/105, scene 0.0 MiB, selection/detail passes=0/1, fallback ray attempts=0, GPU build/selection/detail=0.403/0.000/0.000 ms, CPU grouping=0.000 ms; atlas installed/evicted=0/0, I/O=0.000 MiB, resident=27/27
Camera preparation: wall 0.209 ms, GPU LOD 0.004 ms, plans/footprints=294/1
Minimap mask: 276x236, 1440000 rays, worker 4.604 ms, GPU 3.241 ms
Minimap publish: request-to-image 4.679 ms
LOD plan: sources=1591, changed finer/coarser=0/0, selected LOD-1=23
Frame 758: wall 33.621 ms, GPU producer 31.702 ms, 1 producer submission(s), resident trace and presentation combined; t=30.398, BVH resident/budget 405.3/2048.0 MiB, builds/hits/evictions=164/795/0, scene builds=295
Frame phases 758: pre-render 0.005 ms, prepare 1.539 ms, primary repair 0.000 ms, shadow repair 0.000 ms, producer wait 32.055 ms; observer=2626446.52/1105320.87/2256.07, moved=11.61 m, roam=1, replaced=0, image=1600x900, LOD=1.500, shadows=0, minimap=1
Frame work 758: BVH built/hit/evicted=0/0/0, catalogue/instance/scene builds=1/1/1, cached/scene tiles=164/105, scene 0.0 MiB, selection/detail passes=0/1, fallback ray attempts=0, GPU build/selection/detail=0.429/0.000/0.000 ms, CPU grouping=0.000 ms; atlas installed/evicted=0/0, I/O=0.000 MiB, resident=27/27
Camera preparation: wall 0.197 ms, GPU LOD 0.004 ms, plans/footprints=295/1
Minimap mask: 276x236, 1440000 rays, worker 4.906 ms, GPU 2.685 ms
Minimap publish: request-to-image 4.977 ms
LOD plan: sources=1591, changed finer/coarser=0/0, selected LOD-1=23
Frame 760: wall 32.526 ms, GPU producer 30.585 ms, 1 producer submission(s), resident trace and presentation combined; t=30.430, BVH resident/budget 405.3/2048.0 MiB, builds/hits/evictions=164/795/0, scene builds=296
Frame phases 760: pre-render 0.009 ms, prepare 1.624 ms, primary repair 0.000 ms, shadow repair 0.000 ms, producer wait 30.863 ms; observer=2626449.26/1105332.00/2256.50, moved=11.46 m, roam=1, replaced=0, image=1600x900, LOD=1.500, shadows=0, minimap=1
Frame work 760: BVH built/hit/evicted=0/0/0, catalogue/instance/scene builds=1/1/1, cached/scene tiles=164/105, scene 0.0 MiB, selection/detail passes=0/1, fallback ray attempts=0, GPU build/selection/detail=0.411/0.000/0.000 ms, CPU grouping=0.000 ms; atlas installed/evicted=0/0, I/O=0.000 MiB, resident=27/27
Camera preparation: wall 0.202 ms, GPU LOD 0.004 ms, plans/footprints=296/1
Minimap mask: 276x236, 1440000 rays, worker 4.012 ms, GPU 2.591 ms
Minimap publish: request-to-image 4.105 ms
LOD plan: sources=1591, changed finer/coarser=0/0, selected LOD-1=23
Minimap mask: 276x236, 1440000 rays, worker 5.055 ms, GPU 2.811 ms
Frame 762: wall 34.278 ms, GPU producer 32.093 ms, 1 producer submission(s), resident trace and presentation combined; t=30.465, BVH resident/budget 405.3/2048.0 MiB, builds/hits/evictions=164/795/0, scene builds=297
Frame phases 762: pre-render 0.007 ms, prepare 1.790 ms, primary repair 0.000 ms, shadow repair 0.000 ms, producer wait 32.420 ms; observer=2626452.02/1105343.26/2256.94, moved=11.60 m, roam=1, replaced=0, image=1600x900, LOD=1.500, shadows=0, minimap=1
Frame work 762: BVH built/hit/evicted=0/0/0, catalogue/instance/scene builds=1/1/1, cached/scene tiles=164/105, scene 0.0 MiB, selection/detail passes=0/1, fallback ray attempts=0, GPU build/selection/detail=0.424/0.000/0.000 ms, CPU grouping=0.000 ms; atlas installed/evicted=0/0, I/O=0.000 MiB, resident=27/27
Camera preparation: wall 0.223 ms, GPU LOD 0.004 ms, plans/footprints=297/1
Minimap publish: request-to-image 5.096 ms
LOD plan: sources=1591, changed finer/coarser=0/0, selected LOD-1=23
Frame 764: wall 32.758 ms, GPU producer 30.869 ms, 1 producer submission(s), resident trace and presentation combined; t=30.498, BVH resident/budget 405.3/2048.0 MiB, builds/hits/evictions=164/795/0, scene builds=298
Frame phases 764: pre-render 0.007 ms, prepare 1.584 ms, primary repair 0.000 ms, shadow repair 0.000 ms, producer wait 31.137 ms; observer=2626454.75/1105354.39/2257.38, moved=11.46 m, roam=1, replaced=0, image=1600x900, LOD=1.500, shadows=0, minimap=1
Frame work 764: BVH built/hit/evicted=0/0/0, catalogue/instance/scene builds=1/1/1, cached/scene tiles=164/105, scene 0.0 MiB, selection/detail passes=0/1, fallback ray attempts=0, GPU build/selection/detail=0.402/0.000/0.000 ms, CPU grouping=0.000 ms; atlas installed/evicted=0/0, I/O=0.000 MiB, resident=27/27
Camera preparation: wall 0.212 ms, GPU LOD 0.004 ms, plans/footprints=298/1
Minimap mask: 276x236, 1440000 rays, worker 4.459 ms, GPU 3.108 ms
Minimap publish: request-to-image 4.563 ms
LOD plan: sources=1591, changed finer/coarser=0/0, selected LOD-1=23
Frame 766: wall 34.382 ms, GPU producer 32.228 ms, 1 producer submission(s), resident trace and presentation combined; t=30.532, BVH resident/budget 405.3/2048.0 MiB, builds/hits/evictions=164/795/0, scene builds=299
Frame phases 766: pre-render 0.007 ms, prepare 1.818 ms, primary repair 0.000 ms, shadow repair 0.000 ms, producer wait 32.531 ms; observer=2626457.52/1105365.67/2257.82, moved=11.61 m, roam=1, replaced=0, image=1600x900, LOD=1.500, shadows=0, minimap=1
Frame work 766: BVH built/hit/evicted=0/0/0, catalogue/instance/scene builds=1/1/1, cached/scene tiles=164/105, scene 0.0 MiB, selection/detail passes=0/1, fallback ray attempts=0, GPU build/selection/detail=0.420/0.000/0.000 ms, CPU grouping=0.000 ms; atlas installed/evicted=0/0, I/O=0.000 MiB, resident=27/27
Camera preparation: wall 0.220 ms, GPU LOD 0.004 ms, plans/footprints=299/1
Minimap mask: 276x236, 1440000 rays, worker 5.699 ms, GPU 4.294 ms
LOD plan: sources=1591, changed finer/coarser=1/0, selected LOD-1=23
Minimap publish: request-to-image 8.840 ms
Frame 768: wall 32.448 ms, GPU producer 30.548 ms, 1 producer submission(s), resident trace and presentation combined; t=30.564, BVH resident/budget 405.3/2048.0 MiB, builds/hits/evictions=164/795/0, scene builds=300
Frame phases 768: pre-render 0.018 ms, prepare 1.566 ms, primary repair 0.000 ms, shadow repair 0.000 ms, producer wait 30.838 ms; observer=2626460.25/1105376.79/2258.27, moved=11.45 m, roam=1, replaced=0, image=1600x900, LOD=1.500, shadows=0, minimap=1
Frame work 768: BVH built/hit/evicted=0/0/0, catalogue/instance/scene builds=1/1/1, cached/scene tiles=164/105, scene 0.0 MiB, selection/detail passes=0/1, fallback ray attempts=0, GPU build/selection/detail=0.404/0.000/0.000 ms, CPU grouping=0.000 ms; atlas installed/evicted=0/0, I/O=0.000 MiB, resident=27/27
Camera preparation: wall 0.194 ms, GPU LOD 0.004 ms, plans/footprints=300/1
Minimap mask: 276x236, 1440000 rays, worker 4.791 ms, GPU 3.333 ms
Minimap publish: request-to-image 4.901 ms
LOD plan: sources=1591, changed finer/coarser=1/0, selected LOD-1=23
Minimap mask: 276x236, 1440000 rays, worker 5.737 ms, GPU 3.165 ms
Minimap publish: request-to-image 8.854 ms
Slow stage: terrain frame wall 114.644 ms (inclusive)
Frame 770: wall 114.655 ms, GPU producer 32.607 ms, 2 producer submission(s), streaming work excluded from GPU producer timing; t=30.679, BVH resident/budget 407.9/2048.0 MiB, builds/hits/evictions=165/809/0, scene builds=301
Frame phases 770: pre-render 0.016 ms, prepare 1.762 ms, primary repair 78.912 ms, shadow repair 0.000 ms, producer wait 33.844 ms; observer=2626463.02/1105388.07/2258.72, moved=11.61 m, roam=1, replaced=0, image=1600x900, LOD=1.500, shadows=0, minimap=1
Frame work 770: BVH built/hit/evicted=1/14/0, catalogue/instance/scene builds=1/10/1, cached/scene tiles=165/0, scene 0.0 MiB, selection/detail passes=10/11, fallback ray attempts=19456, GPU build/selection/detail=2.101/5.175/27.879 ms, CPU grouping=25.465 ms; atlas installed/evicted=1/1, I/O=0.502 MiB, resident=27/27
Camera preparation: wall 0.222 ms, GPU LOD 0.004 ms, plans/footprints=301/1
Slow stage: worker iteration wall 114.724 ms (inclusive)
LOD plan: sources=1591, changed finer/coarser=0/1, selected LOD-1=23
Frame 776: wall 29.892 ms, GPU producer 28.000 ms, 1 producer submission(s), resident trace and presentation combined; t=30.709, BVH resident/budget 407.9/2048.0 MiB, builds/hits/evictions=165/809/0, scene builds=302
Frame phases 776: pre-render 0.008 ms, prepare 1.590 ms, primary repair 0.000 ms, shadow repair 0.000 ms, producer wait 28.274 ms; observer=2626471.27/1105421.68/2260.11, moved=34.60 m, roam=1, replaced=0, image=1600x900, LOD=1.500, shadows=0, minimap=1
Frame work 776: BVH built/hit/evicted=0/0/0, catalogue/instance/scene builds=1/1/1, cached/scene tiles=165/105, scene 0.0 MiB, selection/detail passes=0/1, fallback ray attempts=0, GPU build/selection/detail=0.477/0.000/0.000 ms, CPU grouping=0.000 ms; atlas installed/evicted=0/0, I/O=0.000 MiB, resident=27/27
Camera preparation: wall 0.213 ms, GPU LOD 0.005 ms, plans/footprints=302/1
Minimap mask: 276x236, 1440000 rays, worker 17.359 ms, GPU 6.229 ms
Minimap publish: request-to-image 17.418 ms
LOD plan: sources=1591, changed finer/coarser=0/0, selected LOD-1=23
Frame 778: wall 31.947 ms, GPU producer 29.873 ms, 1 producer submission(s), resident trace and presentation combined; t=30.741, BVH resident/budget 407.9/2048.0 MiB, builds/hits/evictions=165/809/0, scene builds=303
Frame phases 778: pre-render 0.012 ms, prepare 1.745 ms, primary repair 0.000 ms, shadow repair 0.000 ms, producer wait 30.169 ms; observer=2626474.02/1105432.88/2260.58, moved=11.53 m, roam=1, replaced=0, image=1600x900, LOD=1.500, shadows=0, minimap=1
Frame work 778: BVH built/hit/evicted=0/0/0, catalogue/instance/scene builds=1/1/1, cached/scene tiles=165/105, scene 0.0 MiB, selection/detail passes=0/1, fallback ray attempts=0, GPU build/selection/detail=0.447/0.000/0.000 ms, CPU grouping=0.000 ms; atlas installed/evicted=0/0, I/O=0.000 MiB, resident=27/27
Camera preparation: wall 0.200 ms, GPU LOD 0.003 ms, plans/footprints=303/1
Minimap mask: 276x236, 1440000 rays, worker 15.319 ms, GPU 8.724 ms
Minimap publish: request-to-image 15.415 ms
LOD plan: sources=1591, changed finer/coarser=1/0, selected LOD-1=23
Minimap mask: 276x236, 1440000 rays, worker 12.611 ms, GPU 8.218 ms
Minimap publish: request-to-image 12.650 ms
Slow stage: terrain frame wall 108.353 ms (inclusive)
Frame 780: wall 108.361 ms, GPU producer 29.613 ms, 2 producer submission(s), streaming work excluded from GPU producer timing; t=30.850, BVH resident/budget 410.4/2048.0 MiB, builds/hits/evictions=166/818/0, scene builds=304
Frame phases 780: pre-render 0.011 ms, prepare 1.754 ms, primary repair 75.649 ms, shadow repair 0.000 ms, producer wait 30.824 ms; observer=2626476.75/1105443.99/2261.05, moved=11.44 m, roam=1, replaced=0, image=1600x900, LOD=1.500, shadows=0, minimap=1
Frame work 780: BVH built/hit/evicted=1/9/0, catalogue/instance/scene builds=1/9/1, cached/scene tiles=166/0, scene 0.0 MiB, selection/detail passes=9/10, fallback ray attempts=424, GPU build/selection/detail=2.062/4.963/28.161 ms, CPU grouping=23.793 ms; atlas installed/evicted=1/1, I/O=0.502 MiB, resident=27/27
Camera preparation: wall 0.206 ms, GPU LOD 0.004 ms, plans/footprints=304/1
Slow stage: worker iteration wall 108.421 ms (inclusive)
LOD plan: sources=1591, changed finer/coarser=1/0, selected LOD-1=23
Minimap mask: 276x236, 1440000 rays, worker 21.457 ms, GPU 5.681 ms
Minimap publish: request-to-image 21.490 ms
Slow stage: primary repair wall 101.361 ms (inclusive)
Slow stage: terrain frame wall 133.126 ms (inclusive)
Frame 786: wall 133.131 ms, GPU producer 29.101 ms, 2 producer submission(s), streaming work excluded from GPU producer timing; t=30.983, BVH resident/budget 413.0/2048.0 MiB, builds/hits/evictions=167/837/0, scene builds=305
Frame phases 786: pre-render 0.008 ms, prepare 1.547 ms, primary repair 101.361 ms, shadow repair 0.000 ms, producer wait 30.140 ms; observer=2626485.02/1105477.67/2262.50, moved=34.69 m, roam=1, replaced=0, image=1600x900, LOD=1.500, shadows=0, minimap=1
Frame work 786: BVH built/hit/evicted=1/19/0, catalogue/instance/scene builds=1/15/1, cached/scene tiles=167/0, scene 0.0 MiB, selection/detail passes=15/16, fallback ray attempts=14264, GPU build/selection/detail=2.455/8.503/28.725 ms, CPU grouping=35.518 ms; atlas installed/evicted=1/1, I/O=0.502 MiB, resident=27/27
Camera preparation: wall 0.203 ms, GPU LOD 0.004 ms, plans/footprints=305/1
Slow stage: worker iteration wall 133.186 ms (inclusive)
LOD plan: sources=1591, changed finer/coarser=1/1, selected LOD-1=23
Frame 794: wall 31.899 ms, GPU producer 28.781 ms, 1 producer submission(s), resident trace and presentation combined; t=31.015, BVH resident/budget 413.0/2048.0 MiB, builds/hits/evictions=167/837/0, scene builds=306
Frame phases 794: pre-render 0.006 ms, prepare 1.385 ms, primary repair 0.000 ms, shadow repair 0.000 ms, producer wait 30.486 ms; observer=2626495.99/1105522.34/2264.49, moved=46.00 m, roam=1, replaced=0, image=1600x900, LOD=1.500, shadows=0, minimap=1
Frame work 794: BVH built/hit/evicted=0/0/0, catalogue/instance/scene builds=1/1/1, cached/scene tiles=167/104, scene 0.0 MiB, selection/detail passes=0/1, fallback ray attempts=0, GPU build/selection/detail=0.433/0.000/0.000 ms, CPU grouping=0.000 ms; atlas installed/evicted=0/0, I/O=0.000 MiB, resident=27/27
Camera preparation: wall 0.178 ms, GPU LOD 0.004 ms, plans/footprints=306/1
Minimap mask: 276x236, 1440000 rays, worker 22.198 ms, GPU 10.741 ms
Minimap publish: request-to-image 22.285 ms
LOD plan: sources=1591, changed finer/coarser=0/0, selected LOD-1=23
Frame 796: wall 31.080 ms, GPU producer 29.161 ms, 1 producer submission(s), resident trace and presentation combined; t=31.046, BVH resident/budget 413.0/2048.0 MiB, builds/hits/evictions=167/837/0, scene builds=307
Frame phases 796: pre-render 0.023 ms, prepare 1.644 ms, primary repair 0.000 ms, shadow repair 0.000 ms, producer wait 29.387 ms; observer=2626498.69/1105533.36/2264.99, moved=11.35 m, roam=1, replaced=0, image=1600x900, LOD=1.500, shadows=0, minimap=1
Frame work 796: BVH built/hit/evicted=0/0/0, catalogue/instance/scene builds=1/1/1, cached/scene tiles=167/104, scene 0.0 MiB, selection/detail passes=0/1, fallback ray attempts=0, GPU build/selection/detail=0.440/0.000/0.000 ms, CPU grouping=0.000 ms; atlas installed/evicted=0/0, I/O=0.000 MiB, resident=27/27
Camera preparation: wall 0.221 ms, GPU LOD 0.004 ms, plans/footprints=307/1
Minimap mask: 276x236, 1440000 rays, worker 20.024 ms, GPU 10.439 ms
LOD plan: sources=1591, changed finer/coarser=0/0, selected LOD-1=23
Minimap publish: request-to-image 21.219 ms
Minimap mask: 276x236, 1440000 rays, worker 18.273 ms, GPU 9.384 ms
Frame 798: wall 31.934 ms, GPU producer 29.840 ms, 1 producer submission(s), resident trace and presentation combined; t=31.078, BVH resident/budget 413.0/2048.0 MiB, builds/hits/evictions=167/837/0, scene builds=308
Frame phases 798: pre-render 0.015 ms, prepare 1.716 ms, primary repair 0.000 ms, shadow repair 0.000 ms, producer wait 30.178 ms; observer=2626501.52/1105544.85/2265.51, moved=11.84 m, roam=1, replaced=0, image=1600x900, LOD=1.500, shadows=0, minimap=1
Frame work 798: BVH built/hit/evicted=0/0/0, catalogue/instance/scene builds=1/1/1, cached/scene tiles=167/104, scene 0.0 MiB, selection/detail passes=0/1, fallback ray attempts=0, GPU build/selection/detail=0.407/0.000/0.000 ms, CPU grouping=0.000 ms; atlas installed/evicted=0/0, I/O=0.000 MiB, resident=27/27
Camera preparation: wall 0.195 ms, GPU LOD 0.004 ms, plans/footprints=308/1
Minimap publish: request-to-image 18.311 ms
LOD plan: sources=1591, changed finer/coarser=0/0, selected LOD-1=23
Minimap mask: 276x236, 1440000 rays, worker 17.173 ms, GPU 3.448 ms
Frame 800: wall 31.844 ms, GPU producer 29.522 ms, 1 producer submission(s), resident trace and presentation combined; t=31.110, BVH resident/budget 413.0/2048.0 MiB, builds/hits/evictions=167/837/0, scene builds=309
Frame phases 800: pre-render 0.037 ms, prepare 1.873 ms, primary repair 0.000 ms, shadow repair 0.000 ms, producer wait 29.904 ms; observer=2626504.27/1105556.05/2266.03, moved=11.53 m, roam=1, replaced=0, image=1600x900, LOD=1.500, shadows=0, minimap=1
Frame work 800: BVH built/hit/evicted=0/0/0, catalogue/instance/scene builds=1/1/1, cached/scene tiles=167/104, scene 0.0 MiB, selection/detail passes=0/1, fallback ray attempts=0, GPU build/selection/detail=0.445/0.000/0.000 ms, CPU grouping=0.000 ms; atlas installed/evicted=0/0, I/O=0.000 MiB, resident=27/27
Minimap publish: request-to-image 17.207 ms
Camera preparation: wall 0.243 ms, GPU LOD 0.007 ms, plans/footprints=309/1
LOD plan: sources=1591, changed finer/coarser=0/0, selected LOD-1=23
Frame 802: wall 31.763 ms, GPU producer 29.705 ms, 1 producer submission(s), resident trace and presentation combined; t=31.142, BVH resident/budget 413.0/2048.0 MiB, builds/hits/evictions=167/837/0, scene builds=310
Frame phases 802: pre-render 0.007 ms, prepare 1.725 ms, primary repair 0.000 ms, shadow repair 0.000 ms, producer wait 29.973 ms; observer=2626507.02/1105567.26/2266.55, moved=11.53 m, roam=1, replaced=0, image=1600x900, LOD=1.500, shadows=0, minimap=1
Frame work 802: BVH built/hit/evicted=0/0/0, catalogue/instance/scene builds=1/1/1, cached/scene tiles=167/104, scene 0.0 MiB, selection/detail passes=0/1, fallback ray attempts=0, GPU build/selection/detail=0.444/0.000/0.000 ms, CPU grouping=0.000 ms; atlas installed/evicted=0/0, I/O=0.000 MiB, resident=27/27
Camera preparation: wall 0.229 ms, GPU LOD 0.004 ms, plans/footprints=310/1
Minimap mask: 276x236, 1440000 rays, worker 15.687 ms, GPU 9.003 ms
Minimap publish: request-to-image 15.761 ms
LOD plan: sources=1591, changed finer/coarser=1/0, selected LOD-1=23
Frame 804: wall 31.006 ms, GPU producer 28.948 ms, 1 producer submission(s), resident trace and presentation combined; t=31.173, BVH resident/budget 413.0/2048.0 MiB, builds/hits/evictions=167/837/0, scene builds=311
Frame phases 804: pre-render 0.012 ms, prepare 1.733 ms, primary repair 0.000 ms, shadow repair 0.000 ms, producer wait 29.237 ms; observer=2626509.77/1105578.45/2267.08, moved=11.53 m, roam=1, replaced=0, image=1600x900, LOD=1.500, shadows=0, minimap=1
Frame work 804: BVH built/hit/evicted=0/0/0, catalogue/instance/scene builds=1/1/1, cached/scene tiles=167/104, scene 0.0 MiB, selection/detail passes=0/1, fallback ray attempts=0, GPU build/selection/detail=0.448/0.000/0.000 ms, CPU grouping=0.000 ms; atlas installed/evicted=0/0, I/O=0.000 MiB, resident=27/27
Camera preparation: wall 0.229 ms, GPU LOD 0.004 ms, plans/footprints=311/1
Minimap mask: 276x236, 1440000 rays, worker 13.455 ms, GPU 8.777 ms
Minimap publish: request-to-image 13.535 ms
LOD plan: sources=1591, changed finer/coarser=0/0, selected LOD-1=23
Health t=31.188: memory ok footprint/resident 873.0/481.8 MiB, Metal allocated/recommended 755.6/18186.2 MiB, thermal=0
Health t=31.188: worker stage=render age=15.1 ms, calls=482 revision=804, submitted/completed/presented=0/0/0, stale=0 unavailable=0 refreshed=0
Health t=31.188: display stage=idle age=28.3 ms, calls=912 revision=802, submitted/completed/presented=912/912/911, stale=0 unavailable=0 refreshed=0
Health t=31.188: minimap stage=idle age=15.1 ms, calls=355 revision=0, submitted/completed/presented=355/355/355, stale=0 unavailable=0 refreshed=404
Health t=31.188: terrain stage=producer wait age=13.6 ms
Frame 806: wall 31.304 ms, GPU producer 29.424 ms, 1 producer submission(s), resident trace and presentation combined; t=31.204, BVH resident/budget 413.0/2048.0 MiB, builds/hits/evictions=167/837/0, scene builds=312
Frame phases 806: pre-render 0.046 ms, prepare 1.550 ms, primary repair 0.000 ms, shadow repair 0.000 ms, producer wait 29.682 ms; observer=2626512.51/1105589.65/2267.61, moved=11.53 m, roam=1, replaced=0, image=1600x900, LOD=1.500, shadows=0, minimap=1
Frame work 806: BVH built/hit/evicted=0/0/0, catalogue/instance/scene builds=1/1/1, cached/scene tiles=167/104, scene 0.0 MiB, selection/detail passes=0/1, fallback ray attempts=0, GPU build/selection/detail=0.434/0.000/0.000 ms, CPU grouping=0.000 ms; atlas installed/evicted=0/0, I/O=0.000 MiB, resident=27/27
Camera preparation: wall 0.193 ms, GPU LOD 0.004 ms, plans/footprints=312/1
Minimap mask: 276x236, 1440000 rays, worker 11.552 ms, GPU 8.262 ms
Minimap publish: request-to-image 11.643 ms
LOD plan: sources=1591, changed finer/coarser=0/0, selected LOD-1=23
Minimap mask: 276x236, 1440000 rays, worker 10.208 ms, GPU 7.588 ms
Frame 808: wall 32.168 ms, GPU producer 30.372 ms, 1 producer submission(s), resident trace and presentation combined; t=31.236, BVH resident/budget 413.0/2048.0 MiB, builds/hits/evictions=167/837/0, scene builds=313
Frame phases 808: pre-render 0.038 ms, prepare 1.509 ms, primary repair 0.000 ms, shadow repair 0.000 ms, producer wait 30.598 ms; observer=2626515.23/1105600.70/2268.14, moved=11.38 m, roam=1, replaced=0, image=1600x900, LOD=1.500, shadows=0, minimap=1
Frame work 808: BVH built/hit/evicted=0/0/0, catalogue/instance/scene builds=1/1/1, cached/scene tiles=167/104, scene 0.0 MiB, selection/detail passes=0/1, fallback ray attempts=0, GPU build/selection/detail=0.434/0.000/0.000 ms, CPU grouping=0.000 ms; atlas installed/evicted=0/0, I/O=0.000 MiB, resident=27/27
Camera preparation: wall 0.198 ms, GPU LOD 0.004 ms, plans/footprints=313/1
Minimap publish: request-to-image 10.431 ms
LOD plan: sources=1591, changed finer/coarser=2/1, selected LOD-1=23
Frame 810: wall 31.108 ms, GPU producer 29.169 ms, 1 producer submission(s), resident trace and presentation combined; t=31.268, BVH resident/budget 413.0/2048.0 MiB, builds/hits/evictions=167/837/0, scene builds=314
Frame phases 810: pre-render 0.009 ms, prepare 1.643 ms, primary repair 0.000 ms, shadow repair 0.000 ms, producer wait 29.432 ms; observer=2626518.00/1105612.00/2268.68, moved=11.64 m, roam=1, replaced=0, image=1600x900, LOD=1.500, shadows=0, minimap=1
Frame work 810: BVH built/hit/evicted=0/0/0, catalogue/instance/scene builds=1/1/1, cached/scene tiles=167/104, scene 0.0 MiB, selection/detail passes=0/1, fallback ray attempts=0, GPU build/selection/detail=0.421/0.000/0.000 ms, CPU grouping=0.000 ms; atlas installed/evicted=0/0, I/O=0.000 MiB, resident=27/27
Camera preparation: wall 0.254 ms, GPU LOD 0.004 ms, plans/footprints=314/1
Minimap mask: 276x236, 1440000 rays, worker 8.256 ms, GPU 6.873 ms
LOD plan: sources=1591, changed finer/coarser=1/0, selected LOD-1=23
Minimap publish: request-to-image 9.001 ms
Frame 812: wall 31.798 ms, GPU producer 29.969 ms, 1 producer submission(s), resident trace and presentation combined; t=31.299, BVH resident/budget 413.0/2048.0 MiB, builds/hits/evictions=167/837/0, scene builds=315
Frame phases 812: pre-render 0.007 ms, prepare 1.564 ms, primary repair 0.000 ms, shadow repair 0.000 ms, producer wait 30.200 ms; observer=2626520.75/1105623.17/2269.22, moved=11.50 m, roam=1, replaced=0, image=1600x900, LOD=1.500, shadows=0, minimap=1
Frame work 812: BVH built/hit/evicted=0/0/0, catalogue/instance/scene builds=1/1/1, cached/scene tiles=167/104, scene 0.0 MiB, selection/detail passes=0/1, fallback ray attempts=0, GPU build/selection/detail=0.426/0.000/0.000 ms, CPU grouping=0.000 ms; atlas installed/evicted=0/0, I/O=0.000 MiB, resident=27/27
Camera preparation: wall 0.196 ms, GPU LOD 0.004 ms, plans/footprints=315/1
Minimap mask: 276x236, 1440000 rays, worker 6.725 ms, GPU 5.427 ms
LOD plan: sources=1591, changed finer/coarser=1/0, selected LOD-1=23
Minimap publish: request-to-image 9.640 ms
Minimap mask: 276x236, 1440000 rays, worker 5.367 ms, GPU 3.638 ms
Minimap publish: request-to-image 5.417 ms
Slow stage: primary repair wall 103.749 ms (inclusive)
Slow stage: terrain frame wall 137.267 ms (inclusive)
Frame 814: wall 137.273 ms, GPU producer 30.399 ms, 2 producer submission(s), streaming work excluded from GPU producer timing; t=31.437, BVH resident/budget 413.7/2048.0 MiB, builds/hits/evictions=168/856/0, scene builds=316
Frame phases 814: pre-render 0.009 ms, prepare 1.757 ms, primary repair 103.749 ms, shadow repair 0.000 ms, producer wait 31.668 ms; observer=2626523.48/1105634.30/2269.76, moved=11.46 m, roam=1, replaced=0, image=1600x900, LOD=1.500, shadows=0, minimap=1
Frame work 814: BVH built/hit/evicted=1/19/0, catalogue/instance/scene builds=1/16/1, cached/scene tiles=168/0, scene 0.0 MiB, selection/detail passes=16/17, fallback ray attempts=638, GPU build/selection/detail=1.817/9.545/28.145 ms, CPU grouping=38.791 ms; atlas installed/evicted=1/1, I/O=0.126 MiB, resident=27/27
Camera preparation: wall 0.204 ms, GPU LOD 0.004 ms, plans/footprints=316/1
Slow stage: worker iteration wall 137.326 ms (inclusive)
LOD plan: sources=1591, changed finer/coarser=1/0, selected LOD-1=24
Minimap mask: 276x236, 1440000 rays, worker 8.837 ms, GPU 6.073 ms
Minimap publish: request-to-image 8.872 ms
Slow stage: primary repair wall 104.059 ms (inclusive)
Slow stage: terrain frame wall 138.580 ms (inclusive)
Frame 822: wall 138.585 ms, GPU producer 29.614 ms, 2 producer submission(s), streaming work excluded from GPU producer timing; t=31.575, BVH resident/budget 423.9/2048.0 MiB, builds/hits/evictions=169/882/0, scene builds=317
Frame phases 822: pre-render 0.008 ms, prepare 1.399 ms, primary repair 104.059 ms, shadow repair 0.000 ms, producer wait 33.030 ms; observer=2626534.51/1105679.23/2272.01, moved=46.27 m, roam=1, replaced=0, image=1600x900, LOD=1.500, shadows=0, minimap=1
Frame work 822: BVH built/hit/evicted=1/26/0, catalogue/instance/scene builds=1/16/1, cached/scene tiles=169/0, scene 0.0 MiB, selection/detail passes=16/17, fallback ray attempts=77354, GPU build/selection/detail=5.240/9.578/29.846 ms, CPU grouping=36.382 ms; atlas installed/evicted=1/1, I/O=2.004 MiB, resident=27/27
Camera preparation: wall 0.185 ms, GPU LOD 0.004 ms, plans/footprints=317/1
Slow stage: worker iteration wall 138.641 ms (inclusive)
LOD plan: sources=1591, changed finer/coarser=1/0, selected LOD-1=24
Frame 830: wall 29.938 ms, GPU producer 28.079 ms, 1 producer submission(s), resident trace and presentation combined; t=31.605, BVH resident/budget 423.9/2048.0 MiB, builds/hits/evictions=169/882/0, scene builds=318
Frame phases 830: pre-render 0.006 ms, prepare 1.572 ms, primary repair 0.000 ms, shadow repair 0.000 ms, producer wait 28.339 ms; observer=2626545.50/1105724.01/2274.31, moved=46.10 m, roam=1, replaced=0, image=1600x900, LOD=1.500, shadows=0, minimap=1
Frame work 830: BVH built/hit/evicted=0/0/0, catalogue/instance/scene builds=1/1/1, cached/scene tiles=169/104, scene 0.0 MiB, selection/detail passes=0/1, fallback ray attempts=0, GPU build/selection/detail=0.459/0.000/0.000 ms, CPU grouping=0.000 ms; atlas installed/evicted=0/0, I/O=0.000 MiB, resident=27/27
Camera preparation: wall 0.204 ms, GPU LOD 0.004 ms, plans/footprints=318/1
Minimap mask: 276x236, 1440000 rays, worker 13.529 ms, GPU 5.734 ms
Minimap publish: request-to-image 13.607 ms
LOD plan: sources=1591, changed finer/coarser=0/0, selected LOD-1=24
Frame 832: wall 30.809 ms, GPU producer 29.076 ms, 1 producer submission(s), resident trace and presentation combined; t=31.636, BVH resident/budget 423.9/2048.0 MiB, builds/hits/evictions=169/882/0, scene builds=319
Frame phases 832: pre-render 0.005 ms, prepare 1.475 ms, primary repair 0.000 ms, shadow repair 0.000 ms, producer wait 29.309 ms; observer=2626548.25/1105735.20/2274.89, moved=11.53 m, roam=1, replaced=0, image=1600x900, LOD=1.500, shadows=0, minimap=1
Frame work 832: BVH built/hit/evicted=0/0/0, catalogue/instance/scene builds=1/1/1, cached/scene tiles=169/104, scene 0.0 MiB, selection/detail passes=0/1, fallback ray attempts=0, GPU build/selection/detail=0.436/0.000/0.000 ms, CPU grouping=0.000 ms; atlas installed/evicted=0/0, I/O=0.000 MiB, resident=27/27
Camera preparation: wall 0.184 ms, GPU LOD 0.004 ms, plans/footprints=319/1
Minimap mask: 276x236, 1440000 rays, worker 10.431 ms, GPU 8.073 ms
LOD plan: sources=1591, changed finer/coarser=0/0, selected LOD-1=24
Minimap publish: request-to-image 11.331 ms
Frame 834: wall 31.757 ms, GPU producer 29.706 ms, 1 producer submission(s), resident trace and presentation combined; t=31.668, BVH resident/budget 423.9/2048.0 MiB, builds/hits/evictions=169/882/0, scene builds=320
Frame phases 834: pre-render 0.005 ms, prepare 1.761 ms, primary repair 0.000 ms, shadow repair 0.000 ms, producer wait 29.967 ms; observer=2626551.04/1105746.56/2275.49, moved=11.69 m, roam=1, replaced=0, image=1600x900, LOD=1.500, shadows=0, minimap=1
Frame work 834: BVH built/hit/evicted=0/0/0, catalogue/instance/scene builds=1/1/1, cached/scene tiles=169/104, scene 0.0 MiB, selection/detail passes=0/1, fallback ray attempts=0, GPU build/selection/detail=0.460/0.000/0.000 ms, CPU grouping=0.000 ms; atlas installed/evicted=0/0, I/O=0.000 MiB, resident=27/27
Camera preparation: wall 0.194 ms, GPU LOD 0.004 ms, plans/footprints=320/1
Minimap mask: 276x236, 1440000 rays, worker 8.755 ms, GPU 6.069 ms
Minimap publish: request-to-image 8.968 ms
LOD plan: sources=1591, changed finer/coarser=0/0, selected LOD-1=24
Minimap mask: 276x236, 1440000 rays, worker 7.458 ms, GPU 5.202 ms
Frame 836: wall 31.960 ms, GPU producer 30.191 ms, 1 producer submission(s), resident trace and presentation combined; t=31.700, BVH resident/budget 423.9/2048.0 MiB, builds/hits/evictions=169/882/0, scene builds=321
Frame phases 836: pre-render 0.005 ms, prepare 1.474 ms, primary repair 0.000 ms, shadow repair 0.000 ms, producer wait 30.416 ms; observer=2626553.68/1105757.31/2276.06, moved=11.07 m, roam=1, replaced=0, image=1600x900, LOD=1.500, shadows=0, minimap=1
Frame work 836: BVH built/hit/evicted=0/0/0, catalogue/instance/scene builds=1/1/1, cached/scene tiles=169/104, scene 0.0 MiB, selection/detail passes=0/1, fallback ray attempts=0, GPU build/selection/detail=0.457/0.000/0.000 ms, CPU grouping=0.000 ms; atlas installed/evicted=0/0, I/O=0.000 MiB, resident=27/27
Camera preparation: wall 0.179 ms, GPU LOD 0.004 ms, plans/footprints=321/1
LOD plan: sources=1591, changed finer/coarser=1/0, selected LOD-1=24
Minimap publish: request-to-image 10.447 ms
Frame 838: wall 31.584 ms, GPU producer 29.728 ms, 1 producer submission(s), resident trace and presentation combined; t=31.732, BVH resident/budget 423.9/2048.0 MiB, builds/hits/evictions=169/882/0, scene builds=322
Frame phases 838: pre-render 0.004 ms, prepare 1.549 ms, primary repair 0.000 ms, shadow repair 0.000 ms, producer wait 30.010 ms; observer=2626556.49/1105768.76/2276.68, moved=11.79 m, roam=1, replaced=0, image=1600x900, LOD=1.500, shadows=0, minimap=1
Frame work 838: BVH built/hit/evicted=0/0/0, catalogue/instance/scene builds=1/1/1, cached/scene tiles=169/104, scene 0.0 MiB, selection/detail passes=0/1, fallback ray attempts=0, GPU build/selection/detail=0.403/0.000/0.000 ms, CPU grouping=0.000 ms; atlas installed/evicted=0/0, I/O=0.000 MiB, resident=27/27
Camera preparation: wall 0.182 ms, GPU LOD 0.003 ms, plans/footprints=322/1
Minimap mask: 276x236, 1440000 rays, worker 5.851 ms, GPU 4.492 ms
LOD plan: sources=1591, changed finer/coarser=2/0, selected LOD-1=26
Minimap publish: request-to-image 9.221 ms
Minimap mask: 276x236, 1440000 rays, worker 4.084 ms, GPU 2.449 ms
Minimap publish: request-to-image 4.117 ms
Slow stage: primary repair wall 140.922 ms (inclusive)
Slow stage: terrain frame wall 174.468 ms (inclusive)
Frame 840: wall 174.474 ms, GPU producer 30.469 ms, 2 producer submission(s), streaming work excluded from GPU producer timing; t=31.906, BVH resident/budget 444.4/2048.0 MiB, builds/hits/evictions=171/924/0, scene builds=323
Frame phases 840: pre-render 0.012 ms, prepare 1.488 ms, primary repair 140.922 ms, shadow repair 0.000 ms, producer wait 31.970 ms; observer=2626559.21/1105779.83/2277.27, moved=11.40 m, roam=1, replaced=0, image=1600x900, LOD=1.500, shadows=0, minimap=1
Frame work 840: BVH built/hit/evicted=2/42/0, catalogue/instance/scene builds=1/20/1, cached/scene tiles=171/0, scene 0.0 MiB, selection/detail passes=20/21, fallback ray attempts=120330, GPU build/selection/detail=9.681/11.383/30.824 ms, CPU grouping=49.541 ms; atlas installed/evicted=2/2, I/O=4.008 MiB, resident=27/27
Camera preparation: wall 0.198 ms, GPU LOD 0.004 ms, plans/footprints=323/1
Slow stage: worker iteration wall 174.525 ms (inclusive)
LOD plan: sources=1591, changed finer/coarser=1/1, selected LOD-1=26
Frame 850: wall 31.567 ms, GPU producer 28.056 ms, 1 producer submission(s), resident trace and presentation combined; t=31.938, BVH resident/budget 444.4/2048.0 MiB, builds/hits/evictions=171/924/0, scene builds=324
Frame phases 850: pre-render 0.007 ms, prepare 3.211 ms, primary repair 0.000 ms, shadow repair 0.000 ms, producer wait 28.321 ms; observer=2626572.99/1105835.95/2280.36, moved=57.79 m, roam=1, replaced=0, image=1600x900, LOD=1.500, shadows=0, minimap=1
Frame work 850: BVH built/hit/evicted=0/0/0, catalogue/instance/scene builds=1/1/1, cached/scene tiles=171/104, scene 0.0 MiB, selection/detail passes=0/1, fallback ray attempts=0, GPU build/selection/detail=0.489/0.000/0.000 ms, CPU grouping=0.000 ms; atlas installed/evicted=0/0, I/O=0.000 MiB, resident=27/27
Camera preparation: wall 1.701 ms, GPU LOD 0.004 ms, plans/footprints=324/1
Minimap mask: 276x236, 1440000 rays, worker 12.590 ms, GPU 5.613 ms
Minimap publish: request-to-image 12.659 ms
LOD plan: sources=1591, changed finer/coarser=0/0, selected LOD-1=26
Frame 852: wall 31.425 ms, GPU producer 29.711 ms, 1 producer submission(s), resident trace and presentation combined; t=31.969, BVH resident/budget 444.4/2048.0 MiB, builds/hits/evictions=171/924/0, scene builds=325
Frame phases 852: pre-render 0.009 ms, prepare 1.476 ms, primary repair 0.000 ms, shadow repair 0.000 ms, producer wait 29.920 ms; observer=2626575.74/1105847.15/2280.99, moved=11.53 m, roam=1, replaced=0, image=1600x900, LOD=1.500, shadows=0, minimap=1
Frame work 852: BVH built/hit/evicted=0/0/0, catalogue/instance/scene builds=1/1/1, cached/scene tiles=171/104, scene 0.0 MiB, selection/detail passes=0/1, fallback ray attempts=0, GPU build/selection/detail=0.428/0.000/0.000 ms, CPU grouping=0.000 ms; atlas installed/evicted=0/0, I/O=0.000 MiB, resident=27/27
Camera preparation: wall 0.183 ms, GPU LOD 0.004 ms, plans/footprints=325/1
Minimap mask: 276x236, 1440000 rays, worker 10.095 ms, GPU 6.654 ms
LOD plan: sources=1591, changed finer/coarser=0/0, selected LOD-1=26
Minimap publish: request-to-image 10.788 ms
Frame 854: wall 32.364 ms, GPU producer 30.193 ms, 1 producer submission(s), resident trace and presentation combined; t=32.002, BVH resident/budget 444.4/2048.0 MiB, builds/hits/evictions=171/924/0, scene builds=326
Frame phases 854: pre-render 0.006 ms, prepare 1.658 ms, primary repair 0.000 ms, shadow repair 0.000 ms, producer wait 30.678 ms; observer=2626578.52/1105858.50/2281.64, moved=11.69 m, roam=1, replaced=0, image=1600x900, LOD=1.500, shadows=0, minimap=1
Frame work 854: BVH built/hit/evicted=0/0/0, catalogue/instance/scene builds=1/1/1, cached/scene tiles=171/104, scene 0.0 MiB, selection/detail passes=0/1, fallback ray attempts=0, GPU build/selection/detail=0.414/0.000/0.000 ms, CPU grouping=0.000 ms; atlas installed/evicted=0/0, I/O=0.000 MiB, resident=27/27
Minimap mask: 276x236, 1440000 rays, worker 10.051 ms, GPU 6.116 ms
Camera preparation: wall 0.183 ms, GPU LOD 0.004 ms, plans/footprints=326/1
Minimap publish: request-to-image 10.122 ms
LOD plan: sources=1591, changed finer/coarser=1/0, selected LOD-1=26
Minimap mask: 276x236, 1440000 rays, worker 7.919 ms, GPU 6.578 ms
Frame 856: wall 32.197 ms, GPU producer 30.358 ms, 1 producer submission(s), resident trace and presentation combined; t=32.034, BVH resident/budget 444.4/2048.0 MiB, builds/hits/evictions=171/924/0, scene builds=327
Frame phases 856: pre-render 0.007 ms, prepare 1.498 ms, primary repair 0.000 ms, shadow repair 0.000 ms, producer wait 30.628 ms; observer=2626581.15/1105869.21/2282.25, moved=11.03 m, roam=1, replaced=0, image=1600x900, LOD=1.500, shadows=0, minimap=1
Frame work 856: BVH built/hit/evicted=0/0/0, catalogue/instance/scene builds=1/1/1, cached/scene tiles=171/104, scene 0.0 MiB, selection/detail passes=0/1, fallback ray attempts=0, GPU build/selection/detail=0.447/0.000/0.000 ms, CPU grouping=0.000 ms; atlas installed/evicted=0/0, I/O=0.000 MiB, resident=27/27
Camera preparation: wall 0.163 ms, GPU LOD 0.004 ms, plans/footprints=327/1
LOD plan: sources=1591, changed finer/coarser=0/0, selected LOD-1=26
Minimap publish: request-to-image 8.918 ms
Minimap mask: 276x236, 1440000 rays, worker 6.465 ms, GPU 5.143 ms
Frame 858: wall 31.638 ms, GPU producer 29.650 ms, 1 producer submission(s), resident trace and presentation combined; t=32.066, BVH resident/budget 444.4/2048.0 MiB, builds/hits/evictions=171/924/0, scene builds=328
Frame phases 858: pre-render 0.037 ms, prepare 1.636 ms, primary repair 0.000 ms, shadow repair 0.000 ms, producer wait 29.942 ms; observer=2626583.98/1105880.71/2282.91, moved=11.84 m, roam=1, replaced=0, image=1600x900, LOD=1.500, shadows=0, minimap=1
Frame work 858: BVH built/hit/evicted=0/0/0, catalogue/instance/scene builds=1/1/1, cached/scene tiles=171/104, scene 0.0 MiB, selection/detail passes=0/1, fallback ray attempts=0, GPU build/selection/detail=0.424/0.000/0.000 ms, CPU grouping=0.000 ms; atlas installed/evicted=0/0, I/O=0.000 MiB, resident=27/27
Camera preparation: wall 0.218 ms, GPU LOD 0.004 ms, plans/footprints=328/1
LOD plan: sources=1591, changed finer/coarser=0/1, selected LOD-1=26
Minimap publish: request-to-image 8.925 ms
Minimap mask: 276x236, 1440000 rays, worker 5.406 ms, GPU 3.223 ms
Minimap publish: request-to-image 5.447 ms
Frame 860: wall 97.794 ms, GPU producer 31.295 ms, 2 producer submission(s), streaming work excluded from GPU producer timing; t=32.164, BVH resident/budget 447.0/2048.0 MiB, builds/hits/evictions=172/929/0, scene builds=329
Frame phases 860: pre-render 0.012 ms, prepare 1.454 ms, primary repair 63.688 ms, shadow repair 0.000 ms, producer wait 32.542 ms; observer=2626586.70/1105891.82/2283.55, moved=11.44 m, roam=1, replaced=0, image=1600x900, LOD=1.500, shadows=0, minimap=1
Frame work 860: BVH built/hit/evicted=1/5/0, catalogue/instance/scene builds=1/7/1, cached/scene tiles=172/0, scene 0.0 MiB, selection/detail passes=7/8, fallback ray attempts=4, GPU build/selection/detail=2.280/3.948/28.719 ms, CPU grouping=16.501 ms; atlas installed/evicted=1/1, I/O=0.502 MiB, resident=27/27
Camera preparation: wall 0.187 ms, GPU LOD 0.004 ms, plans/footprints=329/1
LOD plan: sources=1591, changed finer/coarser=0/1, selected LOD-1=26
Health t=32.193: memory ok footprint/resident 903.4/488.9 MiB, Metal allocated/recommended 774.6/18186.2 MiB, thermal=0
Health t=32.193: worker stage=render age=28.8 ms, calls=500 revision=860, submitted/completed/presented=0/0/0, stale=0 unavailable=0 refreshed=0
Health t=32.193: display stage=idle age=0.1 ms, calls=943 revision=860, submitted/completed/presented=943/942/942, stale=0 unavailable=0 refreshed=0
Health t=32.193: minimap stage=mask-gpu age=0.1 ms, calls=374 revision=0, submitted/completed/presented=374/373/373, stale=0 unavailable=0 refreshed=426
Health t=32.193: terrain stage=producer wait age=27.2 ms
Frame 866: wall 31.668 ms, GPU producer 29.160 ms, 1 producer submission(s), resident trace and presentation combined; t=32.195, BVH resident/budget 447.0/2048.0 MiB, builds/hits/evictions=172/929/0, scene builds=330
Frame phases 866: pre-render 0.645 ms, prepare 1.570 ms, primary repair 0.000 ms, shadow repair 0.000 ms, producer wait 29.422 ms; observer=2626594.97/1105925.48/2285.52, moved=34.66 m, roam=1, replaced=0, image=1600x900, LOD=1.500, shadows=0, minimap=1
Frame work 866: BVH built/hit/evicted=0/0/0, catalogue/instance/scene builds=1/1/1, cached/scene tiles=172/105, scene 0.0 MiB, selection/detail passes=0/1, fallback ray attempts=0, GPU build/selection/detail=0.455/0.000/0.000 ms, CPU grouping=0.000 ms; atlas installed/evicted=0/0, I/O=2.004 MiB, resident=27/27
Camera preparation: wall 0.197 ms, GPU LOD 0.004 ms, plans/footprints=330/1
Minimap mask: 276x236, 1440000 rays, worker 2.759 ms, GPU 1.422 ms
Minimap publish: request-to-image 2.858 ms
LOD plan: sources=1591, changed finer/coarser=1/0, selected LOD-1=26
Minimap mask: 276x236, 1440000 rays, worker 29.393 ms, GPU 4.847 ms
Minimap publish: request-to-image 29.430 ms
Slow stage: primary repair wall 114.600 ms (inclusive)
Slow stage: terrain frame wall 146.077 ms (inclusive)
Frame 868: wall 146.084 ms, GPU producer 28.330 ms, 2 producer submission(s), streaming work excluded from GPU producer timing; t=32.341, BVH resident/budget 449.5/2048.0 MiB, builds/hits/evictions=173/954/0, scene builds=331
Frame phases 868: pre-render 0.014 ms, prepare 1.800 ms, primary repair 114.600 ms, shadow repair 0.000 ms, producer wait 29.575 ms; observer=2626597.72/1105936.67/2286.18, moved=11.53 m, roam=1, replaced=0, image=1600x900, LOD=1.500, shadows=0, minimap=1
Frame work 868: BVH built/hit/evicted=1/25/0, catalogue/instance/scene builds=1/19/1, cached/scene tiles=173/0, scene 0.0 MiB, selection/detail passes=19/20, fallback ray attempts=7234, GPU build/selection/detail=2.848/10.783/28.517 ms, CPU grouping=43.191 ms; atlas installed/evicted=1/1, I/O=0.502 MiB, resident=27/27
Camera preparation: wall 0.188 ms, GPU LOD 0.004 ms, plans/footprints=331/1
Slow stage: worker iteration wall 146.146 ms (inclusive)
LOD plan: sources=1591, changed finer/coarser=1/3, selected LOD-1=26
Minimap mask: 276x236, 1440000 rays, worker 11.745 ms, GPU 5.464 ms
Minimap publish: request-to-image 11.775 ms
Frame 876: wall 85.495 ms, GPU producer 27.442 ms, 2 producer submission(s), streaming work excluded from GPU producer timing; t=32.427, BVH resident/budget 452.1/2048.0 MiB, builds/hits/evictions=174/958/0, scene builds=332
Frame phases 876: pre-render 0.007 ms, prepare 1.540 ms, primary repair 55.328 ms, shadow repair 0.000 ms, producer wait 28.539 ms; observer=2626608.70/1105981.43/2288.88, moved=46.09 m, roam=1, replaced=0, image=1600x900, LOD=1.500, shadows=0, minimap=1
Frame work 876: BVH built/hit/evicted=1/4/0, catalogue/instance/scene builds=1/6/1, cached/scene tiles=174/0, scene 0.0 MiB, selection/detail passes=6/7, fallback ray attempts=2, GPU build/selection/detail=1.905/3.665/27.953 ms, CPU grouping=13.394 ms; atlas installed/evicted=1/1, I/O=0.502 MiB, resident=27/27
Camera preparation: wall 0.204 ms, GPU LOD 0.004 ms, plans/footprints=332/1
LOD plan: sources=1591, changed finer/coarser=0/1, selected LOD-1=26
Frame 882: wall 30.296 ms, GPU producer 28.445 ms, 1 producer submission(s), resident trace and presentation combined; t=32.457, BVH resident/budget 452.1/2048.0 MiB, builds/hits/evictions=174/958/0, scene builds=333
Frame phases 882: pre-render 0.005 ms, prepare 1.558 ms, primary repair 0.000 ms, shadow repair 0.000 ms, producer wait 28.713 ms; observer=2626616.95/1106014.99/2290.95, moved=34.56 m, roam=1, replaced=0, image=1600x900, LOD=1.500, shadows=0, minimap=1
Frame work 882: BVH built/hit/evicted=0/0/0, catalogue/instance/scene builds=1/1/1, cached/scene tiles=174/106, scene 0.0 MiB, selection/detail passes=0/1, fallback ray attempts=0, GPU build/selection/detail=0.459/0.000/0.000 ms, CPU grouping=0.000 ms; atlas installed/evicted=0/0, I/O=0.000 MiB, resident=27/27
Camera preparation: wall 0.208 ms, GPU LOD 0.004 ms, plans/footprints=333/1
LOD plan: sources=1591, changed finer/coarser=0/0, selected LOD-1=26
Frame 884: wall 30.775 ms, GPU producer 28.844 ms, 1 producer submission(s), resident trace and presentation combined; t=32.488, BVH resident/budget 452.1/2048.0 MiB, builds/hits/evictions=174/958/0, scene builds=334
Frame phases 884: pre-render 0.017 ms, prepare 1.685 ms, primary repair 0.000 ms, shadow repair 0.000 ms, producer wait 29.047 ms; observer=2626619.69/1106026.19/2291.65, moved=11.52 m, roam=1, replaced=0, image=1600x900, LOD=1.500, shadows=0, minimap=1
Frame work 884: BVH built/hit/evicted=0/0/0, catalogue/instance/scene builds=1/1/1, cached/scene tiles=174/106, scene 0.0 MiB, selection/detail passes=0/1, fallback ray attempts=0, GPU build/selection/detail=0.402/0.000/0.000 ms, CPU grouping=0.000 ms; atlas installed/evicted=0/0, I/O=0.000 MiB, resident=27/27
Camera preparation: wall 0.345 ms, GPU LOD 0.016 ms, plans/footprints=334/1
Minimap mask: 276x236, 1440000 rays, worker 29.454 ms, GPU 1.578 ms
Minimap publish: request-to-image 29.548 ms
LOD plan: sources=1591, changed finer/coarser=1/0, selected LOD-1=26
Frame 886: wall 30.086 ms, GPU producer 27.588 ms, 1 producer submission(s), resident trace and presentation combined; t=32.518, BVH resident/budget 452.1/2048.0 MiB, builds/hits/evictions=174/958/0, scene builds=335
Frame phases 886: pre-render 0.006 ms, prepare 2.238 ms, primary repair 0.000 ms, shadow repair 0.000 ms, producer wait 27.818 ms; observer=2626622.48/1106037.53/2292.36, moved=11.68 m, roam=1, replaced=0, image=1600x900, LOD=1.500, shadows=0, minimap=1
Frame work 886: BVH built/hit/evicted=0/0/0, catalogue/instance/scene builds=1/1/1, cached/scene tiles=174/106, scene 0.0 MiB, selection/detail passes=0/1, fallback ray attempts=0, GPU build/selection/detail=0.446/0.000/0.000 ms, CPU grouping=0.000 ms; atlas installed/evicted=0/0, I/O=0.000 MiB, resident=27/27
Camera preparation: wall 0.691 ms, GPU LOD 0.026 ms, plans/footprints=335/1
Minimap mask: 276x236, 1440000 rays, worker 25.564 ms, GPU 6.796 ms
Minimap publish: request-to-image 25.641 ms
Frame 887: wall 29.115 ms, GPU producer 28.732 ms, 1 producer submission(s), resident trace and presentation combined; t=32.550, BVH resident/budget 452.1/2048.0 MiB, builds/hits/evictions=174/958/0, scene builds=335
Frame phases 887: pre-render 0.002 ms, prepare 0.069 ms, primary repair 0.000 ms, shadow repair 0.000 ms, producer wait 29.014 ms; observer=2626622.48/1106037.53/2292.36, moved=0.00 m, roam=0, replaced=0, image=1600x900, LOD=1.500, shadows=0, minimap=1
Frame work 887: BVH built/hit/evicted=0/0/0, catalogue/instance/scene builds=0/0/0, cached/scene tiles=174/106, scene 0.0 MiB, selection/detail passes=0/1, fallback ray attempts=0, GPU build/selection/detail=0.000/0.000/0.000 ms, CPU grouping=0.000 ms; atlas installed/evicted=0/0, I/O=0.000 MiB, resident=27/27
Camera preparation: wall 0.000 ms, GPU LOD 0.000 ms, plans/footprints=335/1
Minimap mask: 276x236, 1440000 rays, worker 23.909 ms, GPU 5.634 ms
LOD plan: sources=1591, changed finer/coarser=1/0, selected LOD-1=26
Minimap publish: request-to-image 25.311 ms
Frame 888: wall 30.857 ms, GPU producer 28.771 ms, 1 producer submission(s), resident trace and presentation combined; t=32.581, BVH resident/budget 452.1/2048.0 MiB, builds/hits/evictions=174/958/0, scene builds=336
Frame phases 888: pre-render 0.007 ms, prepare 1.795 ms, primary repair 0.000 ms, shadow repair 0.000 ms, producer wait 29.028 ms; observer=2626625.19/1106048.56/2293.06, moved=11.36 m, roam=1, replaced=0, image=1600x900, LOD=1.500, shadows=0, minimap=1
Frame work 888: BVH built/hit/evicted=0/0/0, catalogue/instance/scene builds=1/1/1, cached/scene tiles=174/106, scene 0.0 MiB, selection/detail passes=0/1, fallback ray attempts=0, GPU build/selection/detail=0.449/0.000/0.000 ms, CPU grouping=0.000 ms; atlas installed/evicted=0/0, I/O=0.000 MiB, resident=27/27
Camera preparation: wall 0.232 ms, GPU LOD 0.004 ms, plans/footprints=336/1
Minimap mask: 276x236, 1440000 rays, worker 23.575 ms, GPU 6.853 ms
Minimap publish: request-to-image 23.666 ms
LOD plan: sources=1591, changed finer/coarser=0/1, selected LOD-1=25
Frame 890: wall 33.331 ms, GPU producer 31.283 ms, 1 producer submission(s), resident trace and presentation combined; t=32.614, BVH resident/budget 452.1/2048.0 MiB, builds/hits/evictions=174/958/0, scene builds=337
Frame phases 890: pre-render 0.010 ms, prepare 1.716 ms, primary repair 0.000 ms, shadow repair 0.000 ms, producer wait 31.564 ms; observer=2626627.94/1106059.77/2293.77, moved=11.54 m, roam=1, replaced=0, image=1600x900, LOD=1.500, shadows=0, minimap=1
Frame work 890: BVH built/hit/evicted=0/0/0, catalogue/instance/scene builds=1/1/1, cached/scene tiles=174/105, scene 0.0 MiB, selection/detail passes=0/1, fallback ray attempts=0, GPU build/selection/detail=0.404/0.000/0.000 ms, CPU grouping=0.000 ms; atlas installed/evicted=0/0, I/O=0.000 MiB, resident=27/27
Camera preparation: wall 0.244 ms, GPU LOD 0.004 ms, plans/footprints=337/1
Minimap mask: 276x236, 1440000 rays, worker 21.807 ms, GPU 7.345 ms
Minimap publish: request-to-image 21.900 ms
LOD plan: sources=1591, changed finer/coarser=0/0, selected LOD-1=25
Frame 892: wall 30.573 ms, GPU producer 28.482 ms, 1 producer submission(s), resident trace and presentation combined; t=32.645, BVH resident/budget 452.1/2048.0 MiB, builds/hits/evictions=174/958/0, scene builds=338
Frame phases 892: pre-render 0.007 ms, prepare 1.811 ms, primary repair 0.000 ms, shadow repair 0.000 ms, producer wait 28.729 ms; observer=2626630.68/1106070.95/2294.48, moved=11.51 m, roam=1, replaced=0, image=1600x900, LOD=1.500, shadows=0, minimap=1
Frame work 892: BVH built/hit/evicted=0/0/0, catalogue/instance/scene builds=1/1/1, cached/scene tiles=174/105, scene 0.0 MiB, selection/detail passes=0/1, fallback ray attempts=0, GPU build/selection/detail=0.446/0.000/0.000 ms, CPU grouping=0.000 ms; atlas installed/evicted=0/0, I/O=0.000 MiB, resident=27/27
Camera preparation: wall 0.233 ms, GPU LOD 0.004 ms, plans/footprints=338/1
Minimap mask: 276x236, 1440000 rays, worker 18.652 ms, GPU 9.327 ms
Minimap publish: request-to-image 18.777 ms
LOD plan: sources=1591, changed finer/coarser=0/1, selected LOD-1=24
Frame 894: wall 31.935 ms, GPU producer 29.844 ms, 1 producer submission(s), resident trace and presentation combined; t=32.677, BVH resident/budget 452.1/2048.0 MiB, builds/hits/evictions=174/958/0, scene builds=339
Frame phases 894: pre-render 0.007 ms, prepare 1.780 ms, primary repair 0.000 ms, shadow repair 0.000 ms, producer wait 30.120 ms; observer=2626633.44/1106082.17/2295.20, moved=11.55 m, roam=1, replaced=0, image=1600x900, LOD=1.500, shadows=0, minimap=1
Frame work 894: BVH built/hit/evicted=0/0/0, catalogue/instance/scene builds=1/1/1, cached/scene tiles=174/104, scene 0.0 MiB, selection/detail passes=0/1, fallback ray attempts=0, GPU build/selection/detail=0.421/0.000/0.000 ms, CPU grouping=0.000 ms; atlas installed/evicted=0/0, I/O=0.000 MiB, resident=27/27
Camera preparation: wall 0.221 ms, GPU LOD 0.004 ms, plans/footprints=339/1
Minimap mask: 276x236, 1440000 rays, worker 17.458 ms, GPU 4.565 ms
Minimap publish: request-to-image 17.542 ms
LOD plan: sources=1591, changed finer/coarser=0/0, selected LOD-1=24
Frame 896: wall 30.359 ms, GPU producer 28.409 ms, 1 producer submission(s), resident trace and presentation combined; t=32.708, BVH resident/budget 452.1/2048.0 MiB, builds/hits/evictions=174/958/0, scene builds=340
Frame phases 896: pre-render 0.014 ms, prepare 1.687 ms, primary repair 0.000 ms, shadow repair 0.000 ms, producer wait 28.632 ms; observer=2626636.18/1106093.31/2295.93, moved=11.48 m, roam=1, replaced=0, image=1600x900, LOD=1.500, shadows=0, minimap=1
Frame work 896: BVH built/hit/evicted=0/0/0, catalogue/instance/scene builds=1/1/1, cached/scene tiles=174/104, scene 0.0 MiB, selection/detail passes=0/1, fallback ray attempts=0, GPU build/selection/detail=0.448/0.000/0.000 ms, CPU grouping=0.000 ms; atlas installed/evicted=0/0, I/O=0.000 MiB, resident=27/27
Camera preparation: wall 0.229 ms, GPU LOD 0.004 ms, plans/footprints=340/1
Minimap mask: 276x236, 1440000 rays, worker 14.376 ms, GPU 7.736 ms
Minimap publish: request-to-image 14.465 ms
LOD plan: sources=1591, changed finer/coarser=0/0, selected LOD-1=24
Frame 898: wall 31.576 ms, GPU producer 29.720 ms, 1 producer submission(s), resident trace and presentation combined; t=32.739, BVH resident/budget 452.1/2048.0 MiB, builds/hits/evictions=174/958/0, scene builds=341
Frame phases 898: pre-render 0.016 ms, prepare 1.575 ms, primary repair 0.000 ms, shadow repair 0.000 ms, producer wait 29.958 ms; observer=2626638.93/1106104.53/2296.66, moved=11.55 m, roam=1, replaced=0, image=1600x900, LOD=1.500, shadows=0, minimap=1
Frame work 898: BVH built/hit/evicted=0/0/0, catalogue/instance/scene builds=1/1/1, cached/scene tiles=174/104, scene 0.0 MiB, selection/detail passes=0/1, fallback ray attempts=0, GPU build/selection/detail=0.417/0.000/0.000 ms, CPU grouping=0.000 ms; atlas installed/evicted=0/0, I/O=0.000 MiB, resident=27/27
Camera preparation: wall 0.194 ms, GPU LOD 0.004 ms, plans/footprints=341/1
Minimap mask: 276x236, 1440000 rays, worker 13.282 ms, GPU 4.452 ms
LOD plan: sources=1591, changed finer/coarser=0/0, selected LOD-1=24
Minimap publish: request-to-image 14.567 ms
Minimap mask: 276x236, 1440000 rays, worker 10.530 ms, GPU 7.101 ms
Frame 900: wall 30.373 ms, GPU producer 28.439 ms, 1 producer submission(s), resident trace and presentation combined; t=32.770, BVH resident/budget 452.1/2048.0 MiB, builds/hits/evictions=174/958/0, scene builds=342
Frame phases 900: pre-render 0.029 ms, prepare 1.659 ms, primary repair 0.000 ms, shadow repair 0.000 ms, producer wait 28.661 ms; observer=2626641.67/1106115.69/2297.39, moved=11.50 m, roam=1, replaced=0, image=1600x900, LOD=1.500, shadows=0, minimap=1
Frame work 900: BVH built/hit/evicted=0/0/0, catalogue/instance/scene builds=1/1/1, cached/scene tiles=174/104, scene 0.0 MiB, selection/detail passes=0/1, fallback ray attempts=0, GPU build/selection/detail=0.411/0.000/0.000 ms, CPU grouping=0.000 ms; atlas installed/evicted=0/0, I/O=0.000 MiB, resident=27/27
Camera preparation: wall 0.186 ms, GPU LOD 0.004 ms, plans/footprints=342/1
LOD plan: sources=1591, changed finer/coarser=0/1, selected LOD-1=24
Minimap publish: request-to-image 10.863 ms
Frame 902: wall 31.399 ms, GPU producer 29.458 ms, 1 producer submission(s), resident trace and presentation combined; t=32.801, BVH resident/budget 452.1/2048.0 MiB, builds/hits/evictions=174/958/0, scene builds=343
Frame phases 902: pre-render 0.007 ms, prepare 1.647 ms, primary repair 0.000 ms, shadow repair 0.000 ms, producer wait 29.695 ms; observer=2626644.41/1106126.84/2298.12, moved=11.48 m, roam=1, replaced=0, image=1600x900, LOD=1.500, shadows=0, minimap=1
Frame work 902: BVH built/hit/evicted=0/0/0, catalogue/instance/scene builds=1/1/1, cached/scene tiles=174/104, scene 0.0 MiB, selection/detail passes=0/1, fallback ray attempts=0, GPU build/selection/detail=0.424/0.000/0.000 ms, CPU grouping=0.000 ms; atlas installed/evicted=0/0, I/O=0.000 MiB, resident=27/27
Camera preparation: wall 0.185 ms, GPU LOD 0.004 ms, plans/footprints=343/1
Minimap mask: 276x236, 1440000 rays, worker 8.450 ms, GPU 3.170 ms
Minimap publish: request-to-image 8.747 ms
LOD plan: sources=1591, changed finer/coarser=0/0, selected LOD-1=24
Minimap mask: 276x236, 1440000 rays, worker 7.001 ms, GPU 5.542 ms
Minimap publish: request-to-image 10.639 ms
Frame 904: wall 92.278 ms, GPU producer 30.219 ms, 2 producer submission(s), streaming work excluded from GPU producer timing; t=32.894, BVH resident/budget 454.7/2048.0 MiB, builds/hits/evictions=175/962/0, scene builds=344
Frame phases 904: pre-render 0.007 ms, prepare 1.734 ms, primary repair 59.151 ms, shadow repair 0.000 ms, producer wait 31.303 ms; observer=2626647.16/1106138.06/2298.85, moved=11.56 m, roam=1, replaced=0, image=1600x900, LOD=1.500, shadows=0, minimap=1
Frame work 904: BVH built/hit/evicted=1/4/0, catalogue/instance/scene builds=1/6/1, cached/scene tiles=175/0, scene 0.0 MiB, selection/detail passes=6/7, fallback ray attempts=6, GPU build/selection/detail=1.892/2.909/27.071 ms, CPU grouping=15.557 ms; atlas installed/evicted=1/1, I/O=0.502 MiB, resident=27/27
Camera preparation: wall 0.201 ms, GPU LOD 0.004 ms, plans/footprints=344/1
LOD plan: sources=1591, changed finer/coarser=1/0, selected LOD-1=24
Frame 910: wall 30.573 ms, GPU producer 28.765 ms, 1 producer submission(s), resident trace and presentation combined; t=32.924, BVH resident/budget 454.7/2048.0 MiB, builds/hits/evictions=175/962/0, scene builds=345
Frame phases 910: pre-render 0.006 ms, prepare 1.544 ms, primary repair 0.000 ms, shadow repair 0.000 ms, producer wait 29.001 ms; observer=2626655.33/1106171.32/2301.03, moved=34.25 m, roam=1, replaced=0, image=1600x900, LOD=1.500, shadows=0, minimap=1
Frame work 910: BVH built/hit/evicted=0/0/0, catalogue/instance/scene builds=1/1/1, cached/scene tiles=175/105, scene 0.0 MiB, selection/detail passes=0/1, fallback ray attempts=0, GPU build/selection/detail=0.463/0.000/0.000 ms, CPU grouping=0.000 ms; atlas installed/evicted=0/0, I/O=0.000 MiB, resident=27/27
Camera preparation: wall 0.202 ms, GPU LOD 0.004 ms, plans/footprints=345/1
LOD plan: sources=1591, changed finer/coarser=0/0, selected LOD-1=24
Minimap mask: 276x236, 1440000 rays, worker 30.049 ms, GPU 1.042 ms
Minimap publish: request-to-image 30.082 ms
Minimap mask: 276x236, 1440000 rays, worker 23.834 ms, GPU 7.383 ms
Minimap publish: request-to-image 25.625 ms
Frame 912: wall 92.725 ms, GPU producer 30.309 ms, 2 producer submission(s), streaming work excluded from GPU producer timing; t=33.017, BVH resident/budget 457.2/2048.0 MiB, builds/hits/evictions=176/966/0, scene builds=346
Frame phases 912: pre-render 0.013 ms, prepare 1.635 ms, primary repair 57.518 ms, shadow repair 0.000 ms, producer wait 33.470 ms; observer=2626658.15/1106182.80/2301.79, moved=11.82 m, roam=1, replaced=0, image=1600x900, LOD=1.500, shadows=0, minimap=1
Frame work 912: BVH built/hit/evicted=1/4/0, catalogue/instance/scene builds=1/6/1, cached/scene tiles=176/0, scene 0.0 MiB, selection/detail passes=6/7, fallback ray attempts=2, GPU build/selection/detail=1.988/2.614/26.801 ms, CPU grouping=15.898 ms; atlas installed/evicted=1/1, I/O=0.502 MiB, resident=27/27
Camera preparation: wall 0.199 ms, GPU LOD 0.004 ms, plans/footprints=346/1
LOD plan: sources=1591, changed finer/coarser=0/3, selected LOD-1=23
Minimap mask: 276x236, 1440000 rays, worker 21.107 ms, GPU 6.952 ms
Frame 916: wall 29.685 ms, GPU producer 27.722 ms, 1 producer submission(s), resident trace and presentation combined; t=33.047, BVH resident/budget 457.2/2048.0 MiB, builds/hits/evictions=176/966/0, scene builds=347
Frame phases 916: pre-render 0.007 ms, prepare 1.689 ms, primary repair 0.000 ms, shadow repair 0.000 ms, producer wait 27.967 ms; observer=2626663.64/1106205.18/2303.25, moved=23.04 m, roam=1, replaced=0, image=1600x900, LOD=1.500, shadows=0, minimap=1
Frame work 916: BVH built/hit/evicted=0/0/0, catalogue/instance/scene builds=1/1/1, cached/scene tiles=176/105, scene 0.0 MiB, selection/detail passes=0/1, fallback ray attempts=0, GPU build/selection/detail=0.470/0.000/0.000 ms, CPU grouping=0.000 ms; atlas installed/evicted=0/0, I/O=0.000 MiB, resident=27/27
Camera preparation: wall 0.200 ms, GPU LOD 0.004 ms, plans/footprints=347/1
LOD plan: sources=1591, changed finer/coarser=0/0, selected LOD-1=23
Minimap publish: request-to-image 22.168 ms
Frame 918: wall 31.177 ms, GPU producer 29.137 ms, 1 producer submission(s), resident trace and presentation combined; t=33.078, BVH resident/budget 457.2/2048.0 MiB, builds/hits/evictions=176/966/0, scene builds=348
Frame phases 918: pre-render 0.007 ms, prepare 1.700 ms, primary repair 0.000 ms, shadow repair 0.000 ms, producer wait 29.446 ms; observer=2626666.42/1106216.48/2303.99, moved=11.64 m, roam=1, replaced=0, image=1600x900, LOD=1.500, shadows=0, minimap=1
Minimap mask: 276x236, 1440000 rays, worker 18.762 ms, GPU 8.434 ms
Frame work 918: BVH built/hit/evicted=0/0/0, catalogue/instance/scene builds=1/1/1, cached/scene tiles=176/105, scene 0.0 MiB, selection/detail passes=0/1, fallback ray attempts=0, GPU build/selection/detail=0.415/0.000/0.000 ms, CPU grouping=0.000 ms; atlas installed/evicted=0/0, I/O=0.000 MiB, resident=27/27
Camera preparation: wall 0.183 ms, GPU LOD 0.004 ms, plans/footprints=348/1
Minimap publish: request-to-image 18.820 ms
LOD plan: sources=1591, changed finer/coarser=0/0, selected LOD-1=23
Frame 920: wall 30.722 ms, GPU producer 28.661 ms, 1 producer submission(s), resident trace and presentation combined; t=33.109, BVH resident/budget 457.2/2048.0 MiB, builds/hits/evictions=176/966/0, scene builds=349
Frame phases 920: pre-render 0.005 ms, prepare 1.707 ms, primary repair 0.000 ms, shadow repair 0.000 ms, producer wait 28.980 ms; observer=2626669.07/1106227.28/2304.70, moved=11.12 m, roam=1, replaced=0, image=1600x900, LOD=1.500, shadows=0, minimap=1
Frame work 920: BVH built/hit/evicted=0/0/0, catalogue/instance/scene builds=1/1/1, cached/scene tiles=176/105, scene 0.0 MiB, selection/detail passes=0/1, fallback ray attempts=0, GPU build/selection/detail=0.430/0.000/0.000 ms, CPU grouping=0.000 ms; atlas installed/evicted=0/0, I/O=0.000 MiB, resident=27/27
Camera preparation: wall 0.230 ms, GPU LOD 0.004 ms, plans/footprints=349/1
Minimap mask: 276x236, 1440000 rays, worker 16.095 ms, GPU 8.767 ms
Minimap publish: request-to-image 16.226 ms
LOD plan: sources=1591, changed finer/coarser=0/0, selected LOD-1=23
Frame 922: wall 31.038 ms, GPU producer 28.978 ms, 1 producer submission(s), resident trace and presentation combined; t=33.140, BVH resident/budget 457.2/2048.0 MiB, builds/hits/evictions=176/966/0, scene builds=350
Frame phases 922: pre-render 0.021 ms, prepare 1.764 ms, primary repair 0.000 ms, shadow repair 0.000 ms, producer wait 29.222 ms; observer=2626671.90/1106238.81/2305.46, moved=11.87 m, roam=1, replaced=0, image=1600x900, LOD=1.500, shadows=0, minimap=1
Frame work 922: BVH built/hit/evicted=0/0/0, catalogue/instance/scene builds=1/1/1, cached/scene tiles=176/105, scene 0.0 MiB, selection/detail passes=0/1, fallback ray attempts=0, GPU build/selection/detail=0.451/0.000/0.000 ms, CPU grouping=0.000 ms; atlas installed/evicted=0/0, I/O=0.000 MiB, resident=27/27
Camera preparation: wall 0.208 ms, GPU LOD 0.004 ms, plans/footprints=350/1
Minimap mask: 276x236, 1440000 rays, worker 14.077 ms, GPU 7.761 ms
LOD plan: sources=1591, changed finer/coarser=0/0, selected LOD-1=23
Minimap publish: request-to-image 14.762 ms
Minimap mask: 276x236, 1440000 rays, worker 10.742 ms, GPU 7.443 ms
Minimap publish: request-to-image 10.782 ms
Frame 924: wall 30.398 ms, GPU producer 28.304 ms, 1 producer submission(s), resident trace and presentation combined; t=33.170, BVH resident/budget 457.2/2048.0 MiB, builds/hits/evictions=176/966/0, scene builds=351
Frame phases 924: pre-render 0.024 ms, prepare 1.760 ms, primary repair 0.000 ms, shadow repair 0.000 ms, producer wait 28.524 ms; observer=2626674.63/1106249.93/2306.19, moved=11.45 m, roam=1, replaced=0, image=1600x900, LOD=1.500, shadows=0, minimap=1
Frame work 924: BVH built/hit/evicted=0/0/0, catalogue/instance/scene builds=1/1/1, cached/scene tiles=176/105, scene 0.0 MiB, selection/detail passes=0/1, fallback ray attempts=0, GPU build/selection/detail=0.461/0.000/0.000 ms, CPU grouping=0.000 ms; atlas installed/evicted=0/0, I/O=0.000 MiB, resident=27/27
Camera preparation: wall 0.190 ms, GPU LOD 0.004 ms, plans/footprints=351/1
LOD plan: sources=1591, changed finer/coarser=0/1, selected LOD-1=23
Health t=33.198: memory ok footprint/resident 906.9/496.0 MiB, Metal allocated/recommended 791.1/18186.2 MiB, thermal=0
Health t=33.198: worker stage=render age=27.6 ms, calls=523 revision=924, submitted/completed/presented=0/0/0, stale=0 unavailable=0 refreshed=0
Health t=33.198: display stage=idle age=5.2 ms, calls=973 revision=924, submitted/completed/presented=973/972/972, stale=0 unavailable=0 refreshed=0
Health t=33.198: minimap stage=mask-gpu age=5.1 ms, calls=396 revision=0, submitted/completed/presented=396/395/395, stale=0 unavailable=0 refreshed=453
Health t=33.198: terrain stage=producer wait age=26.1 ms
Minimap mask: 276x236, 1440000 rays, worker 8.505 ms, GPU 6.108 ms
Frame 926: wall 30.655 ms, GPU producer 28.765 ms, 1 producer submission(s), resident trace and presentation combined; t=33.201, BVH resident/budget 457.2/2048.0 MiB, builds/hits/evictions=176/966/0, scene builds=352
Frame phases 926: pre-render 0.008 ms, prepare 1.581 ms, primary repair 0.000 ms, shadow repair 0.000 ms, producer wait 28.990 ms; observer=2626677.38/1106261.14/2306.92, moved=11.54 m, roam=1, replaced=0, image=1600x900, LOD=1.500, shadows=0, minimap=1
Frame work 926: BVH built/hit/evicted=0/0/0, catalogue/instance/scene builds=1/1/1, cached/scene tiles=176/105, scene 0.0 MiB, selection/detail passes=0/1, fallback ray attempts=0, GPU build/selection/detail=0.446/0.000/0.000 ms, CPU grouping=0.000 ms; atlas installed/evicted=0/0, I/O=0.000 MiB, resident=27/27
Camera preparation: wall 0.194 ms, GPU LOD 0.004 ms, plans/footprints=352/1
LOD plan: sources=1591, changed finer/coarser=0/0, selected LOD-1=23
Minimap publish: request-to-image 9.099 ms
Frame 928: wall 31.434 ms, GPU producer 29.563 ms, 1 producer submission(s), resident trace and presentation combined; t=33.233, BVH resident/budget 457.2/2048.0 MiB, builds/hits/evictions=176/966/0, scene builds=353
Frame phases 928: pre-render 0.006 ms, prepare 1.564 ms, primary repair 0.000 ms, shadow repair 0.000 ms, producer wait 29.839 ms; observer=2626680.12/1106272.31/2307.65, moved=11.50 m, roam=1, replaced=0, image=1600x900, LOD=1.500, shadows=0, minimap=1
Frame work 928: BVH built/hit/evicted=0/0/0, catalogue/instance/scene builds=1/1/1, cached/scene tiles=176/105, scene 0.0 MiB, selection/detail passes=0/1, fallback ray attempts=0, GPU build/selection/detail=0.432/0.000/0.000 ms, CPU grouping=0.000 ms; atlas installed/evicted=0/0, I/O=0.000 MiB, resident=27/27
Camera preparation: wall 0.202 ms, GPU LOD 0.004 ms, plans/footprints=353/1
Minimap mask: 276x236, 1440000 rays, worker 6.578 ms, GPU 5.177 ms
LOD plan: sources=1591, changed finer/coarser=0/0, selected LOD-1=23
Minimap publish: request-to-image 10.948 ms
Frame 930: wall 31.460 ms, GPU producer 29.379 ms, 1 producer submission(s), resident trace and presentation combined; t=33.264, BVH resident/budget 457.2/2048.0 MiB, builds/hits/evictions=176/966/0, scene builds=354
Frame phases 930: pre-render 0.007 ms, prepare 1.769 ms, primary repair 0.000 ms, shadow repair 0.000 ms, producer wait 29.644 ms; observer=2626682.88/1106283.54/2308.39, moved=11.56 m, roam=1, replaced=0, image=1600x900, LOD=1.500, shadows=0, minimap=1
Frame work 930: BVH built/hit/evicted=0/0/0, catalogue/instance/scene builds=1/1/1, cached/scene tiles=176/105, scene 0.0 MiB, selection/detail passes=0/1, fallback ray attempts=0, GPU build/selection/detail=0.404/0.000/0.000 ms, CPU grouping=0.000 ms; atlas installed/evicted=0/0, I/O=0.000 MiB, resident=27/27
Camera preparation: wall 0.203 ms, GPU LOD 0.004 ms, plans/footprints=354/1
Minimap mask: 276x236, 1440000 rays, worker 4.743 ms, GPU 3.192 ms
Minimap publish: request-to-image 4.838 ms
LOD plan: sources=1591, changed finer/coarser=0/0, selected LOD-1=23
Frame 932: wall 31.579 ms, GPU producer 29.633 ms, 1 producer submission(s), resident trace and presentation combined; t=33.296, BVH resident/budget 457.2/2048.0 MiB, builds/hits/evictions=176/966/0, scene builds=355
Frame phases 932: pre-render 0.008 ms, prepare 1.617 ms, primary repair 0.000 ms, shadow repair 0.000 ms, producer wait 29.920 ms; observer=2626685.60/1106294.60/2309.12, moved=11.39 m, roam=1, replaced=0, image=1600x900, LOD=1.500, shadows=0, minimap=1
Frame work 932: BVH built/hit/evicted=0/0/0, catalogue/instance/scene builds=1/1/1, cached/scene tiles=176/105, scene 0.0 MiB, selection/detail passes=0/1, fallback ray attempts=0, GPU build/selection/detail=0.440/0.000/0.000 ms, CPU grouping=0.000 ms; atlas installed/evicted=0/0, I/O=0.000 MiB, resident=27/27
Camera preparation: wall 0.211 ms, GPU LOD 0.004 ms, plans/footprints=355/1
Minimap mask: 276x236, 1440000 rays, worker 2.972 ms, GPU 1.670 ms
Minimap publish: request-to-image 3.084 ms
LOD plan: sources=1591, changed finer/coarser=1/0, selected LOD-1=23
Minimap mask: 276x236, 1440000 rays, worker 2.020 ms, GPU 1.075 ms
Frame 934: wall 32.416 ms, GPU producer 30.145 ms, 1 producer submission(s), resident trace and presentation combined; t=33.328, BVH resident/budget 457.2/2048.0 MiB, builds/hits/evictions=176/966/0, scene builds=356
Frame phases 934: pre-render 0.007 ms, prepare 1.886 ms, primary repair 0.000 ms, shadow repair 0.000 ms, producer wait 30.426 ms; observer=2626688.37/1106305.89/2309.86, moved=11.62 m, roam=1, replaced=0, image=1600x900, LOD=1.500, shadows=0, minimap=1
Frame work 934: BVH built/hit/evicted=0/0/0, catalogue/instance/scene builds=1/1/1, cached/scene tiles=176/105, scene 0.0 MiB, selection/detail passes=0/1, fallback ray attempts=0, GPU build/selection/detail=0.443/0.000/0.000 ms, CPU grouping=0.000 ms; atlas installed/evicted=0/0, I/O=0.000 MiB, resident=27/27
Camera preparation: wall 0.224 ms, GPU LOD 0.004 ms, plans/footprints=356/1
LOD plan: sources=1591, changed finer/coarser=0/0, selected LOD-1=23
Minimap publish: request-to-image 2.541 ms
Frame 936: wall 30.074 ms, GPU producer 28.087 ms, 1 producer submission(s), resident trace and presentation combined; t=33.358, BVH resident/budget 457.2/2048.0 MiB, builds/hits/evictions=176/966/0, scene builds=357
Frame phases 936: pre-render 0.006 ms, prepare 1.686 ms, primary repair 0.000 ms, shadow repair 0.000 ms, producer wait 28.352 ms; observer=2626691.11/1106317.05/2310.59, moved=11.49 m, roam=1, replaced=0, image=1600x900, LOD=1.500, shadows=0, minimap=1
Frame work 936: BVH built/hit/evicted=0/0/0, catalogue/instance/scene builds=1/1/1, cached/scene tiles=176/105, scene 0.0 MiB, selection/detail passes=0/1, fallback ray attempts=0, GPU build/selection/detail=0.405/0.000/0.000 ms, CPU grouping=0.000 ms; atlas installed/evicted=0/0, I/O=0.000 MiB, resident=27/27
Camera preparation: wall 0.239 ms, GPU LOD 0.004 ms, plans/footprints=357/1
LOD plan: sources=1591, changed finer/coarser=0/1, selected LOD-1=23
Minimap mask: 276x236, 1440000 rays, worker 1.923 ms, GPU 0.948 ms
Minimap publish: request-to-image 1.963 ms
Frame 938: wall 33.502 ms, GPU producer 28.997 ms, 1 producer submission(s), resident trace and presentation combined; t=33.392, BVH resident/budget 457.2/2048.0 MiB, builds/hits/evictions=176/966/0, scene builds=358
Frame phases 938: pre-render 0.007 ms, prepare 4.195 ms, primary repair 0.000 ms, shadow repair 0.000 ms, producer wait 29.267 ms; observer=2626693.87/1106328.31/2311.33, moved=11.60 m, roam=1, replaced=0, image=1600x900, LOD=1.500, shadows=0, minimap=1
Frame work 938: BVH built/hit/evicted=0/0/0, catalogue/instance/scene builds=1/1/1, cached/scene tiles=176/105, scene 0.0 MiB, selection/detail passes=0/1, fallback ray attempts=0, GPU build/selection/detail=1.194/0.000/0.000 ms, CPU grouping=0.000 ms; atlas installed/evicted=0/0, I/O=0.000 MiB, resident=27/27
Camera preparation: wall 1.781 ms, GPU LOD 0.004 ms, plans/footprints=358/1
LOD plan: sources=1591, changed finer/coarser=1/0, selected LOD-1=23
Minimap mask: 276x236, 1440000 rays, worker 1.665 ms, GPU 0.954 ms
Minimap publish: request-to-image 2.246 ms
Frame 940: wall 31.045 ms, GPU producer 28.128 ms, 1 producer submission(s), resident trace and presentation combined; t=33.423, BVH resident/budget 457.2/2048.0 MiB, builds/hits/evictions=176/966/0, scene builds=359
Frame phases 940: pre-render 0.016 ms, prepare 2.558 ms, primary repair 0.000 ms, shadow repair 0.000 ms, producer wait 28.444 ms; observer=2626696.53/1106339.14/2312.04, moved=11.15 m, roam=1, replaced=0, image=1600x900, LOD=1.500, shadows=0, minimap=1
Frame work 940: BVH built/hit/evicted=0/0/0, catalogue/instance/scene builds=1/1/1, cached/scene tiles=176/104, scene 0.0 MiB, selection/detail passes=0/1, fallback ray attempts=0, GPU build/selection/detail=1.225/0.000/0.000 ms, CPU grouping=0.000 ms; atlas installed/evicted=0/0, I/O=0.000 MiB, resident=27/27
Camera preparation: wall 0.211 ms, GPU LOD 0.004 ms, plans/footprints=359/1
LOD plan: sources=1591, changed finer/coarser=0/0, selected LOD-1=23
Minimap mask: 276x236, 1440000 rays, worker 2.334 ms, GPU 1.571 ms
Minimap publish: request-to-image 2.373 ms
Frame 942: wall 32.917 ms, GPU producer 28.958 ms, 1 producer submission(s), resident trace and presentation combined; t=33.456, BVH resident/budget 457.2/2048.0 MiB, builds/hits/evictions=176/966/0, scene builds=360
Frame phases 942: pre-render 0.007 ms, prepare 3.631 ms, primary repair 0.000 ms, shadow repair 0.000 ms, producer wait 29.251 ms; observer=2626699.37/1106350.72/2312.79, moved=11.93 m, roam=1, replaced=0, image=1600x900, LOD=1.500, shadows=0, minimap=1
Frame work 942: BVH built/hit/evicted=0/0/0, catalogue/instance/scene builds=1/1/1, cached/scene tiles=176/104, scene 0.0 MiB, selection/detail passes=0/1, fallback ray attempts=0, GPU build/selection/detail=0.552/0.000/0.000 ms, CPU grouping=0.000 ms; atlas installed/evicted=0/0, I/O=0.000 MiB, resident=27/27
Camera preparation: wall 0.222 ms, GPU LOD 0.004 ms, plans/footprints=360/1
LOD plan: sources=1591, changed finer/coarser=0/0, selected LOD-1=23
Frame 944: wall 30.828 ms, GPU producer 28.735 ms, 1 producer submission(s), resident trace and presentation combined; t=33.487, BVH resident/budget 457.2/2048.0 MiB, builds/hits/evictions=176/966/0, scene builds=361
Frame phases 944: pre-render 0.006 ms, prepare 1.837 ms, primary repair 0.000 ms, shadow repair 0.000 ms, producer wait 28.946 ms; observer=2626702.09/1106361.79/2313.52, moved=11.40 m, roam=1, replaced=0, image=1600x900, LOD=1.500, shadows=0, minimap=1
Frame work 944: BVH built/hit/evicted=0/0/0, catalogue/instance/scene builds=1/1/1, cached/scene tiles=176/104, scene 0.0 MiB, selection/detail passes=0/1, fallback ray attempts=0, GPU build/selection/detail=0.441/0.000/0.000 ms, CPU grouping=0.000 ms; atlas installed/evicted=0/0, I/O=0.000 MiB, resident=27/27
Camera preparation: wall 0.222 ms, GPU LOD 0.004 ms, plans/footprints=361/1
Minimap mask: 276x236, 1440000 rays, worker 27.478 ms, GPU 8.963 ms
Minimap publish: request-to-image 28.721 ms
Minimap mask: 276x236, 1440000 rays, worker 24.042 ms, GPU 4.485 ms
Frame 945: wall 29.026 ms, GPU producer 28.640 ms, 1 producer submission(s), resident trace and presentation combined; t=33.517, BVH resident/budget 457.2/2048.0 MiB, builds/hits/evictions=176/966/0, scene builds=361
Frame phases 945: pre-render 0.048 ms, prepare 0.087 ms, primary repair 0.000 ms, shadow repair 0.000 ms, producer wait 28.854 ms; observer=2626702.09/1106361.79/2313.52, moved=0.00 m, roam=0, replaced=0, image=1600x900, LOD=1.500, shadows=0, minimap=1
Frame work 945: BVH built/hit/evicted=0/0/0, catalogue/instance/scene builds=0/0/0, cached/scene tiles=176/104, scene 0.0 MiB, selection/detail passes=0/1, fallback ray attempts=0, GPU build/selection/detail=0.000/0.000/0.000 ms, CPU grouping=0.000 ms; atlas installed/evicted=0/0, I/O=0.000 MiB, resident=27/27
Camera preparation: wall 0.001 ms, GPU LOD 0.000 ms, plans/footprints=361/1
Minimap publish: request-to-image 25.203 ms
LOD plan: sources=1591, changed finer/coarser=0/0, selected LOD-1=23
Frame 946: wall 32.434 ms, GPU producer 28.280 ms, 1 producer submission(s), resident trace and presentation combined; t=33.550, BVH resident/budget 457.2/2048.0 MiB, builds/hits/evictions=176/966/0, scene builds=362
Frame phases 946: pre-render 0.007 ms, prepare 3.788 ms, primary repair 0.000 ms, shadow repair 0.000 ms, producer wait 28.608 ms; observer=2626704.88/1106373.13/2314.26, moved=11.68 m, roam=1, replaced=0, image=1600x900, LOD=1.500, shadows=0, minimap=1
Frame work 946: BVH built/hit/evicted=0/0/0, catalogue/instance/scene builds=1/1/1, cached/scene tiles=176/104, scene 0.0 MiB, selection/detail passes=0/1, fallback ray attempts=0, GPU build/selection/detail=0.474/0.000/0.000 ms, CPU grouping=0.000 ms; atlas installed/evicted=0/0, I/O=0.000 MiB, resident=27/27
Camera preparation: wall 2.019 ms, GPU LOD 0.004 ms, plans/footprints=362/1
Minimap mask: 276x236, 1440000 rays, worker 25.479 ms, GPU 7.328 ms
LOD plan: sources=1591, changed finer/coarser=0/1, selected LOD-1=23
Minimap publish: request-to-image 27.379 ms
Frame 948: wall 30.544 ms, GPU producer 28.410 ms, 1 producer submission(s), resident trace and presentation combined; t=33.580, BVH resident/budget 457.2/2048.0 MiB, builds/hits/evictions=176/966/0, scene builds=363
Frame phases 948: pre-render 0.006 ms, prepare 1.751 ms, primary repair 0.000 ms, shadow repair 0.000 ms, producer wait 28.761 ms; observer=2626707.59/1106384.16/2314.99, moved=11.36 m, roam=1, replaced=0, image=1600x900, LOD=1.500, shadows=0, minimap=1
Frame work 948: BVH built/hit/evicted=0/0/0, catalogue/instance/scene builds=1/1/1, cached/scene tiles=176/104, scene 0.0 MiB, selection/detail passes=0/1, fallback ray attempts=0, GPU build/selection/detail=0.430/0.000/0.000 ms, CPU grouping=0.000 ms; atlas installed/evicted=0/0, I/O=0.000 MiB, resident=27/27
Camera preparation: wall 0.223 ms, GPU LOD 0.003 ms, plans/footprints=363/1
Minimap mask: 276x236, 1440000 rays, worker 20.922 ms, GPU 9.276 ms
LOD plan: sources=1591, changed finer/coarser=0/0, selected LOD-1=23
Minimap publish: request-to-image 21.840 ms
Frame 950: wall 31.691 ms, GPU producer 29.583 ms, 1 producer submission(s), resident trace and presentation combined; t=33.612, BVH resident/budget 457.2/2048.0 MiB, builds/hits/evictions=176/966/0, scene builds=364
Frame phases 950: pre-render 0.007 ms, prepare 1.787 ms, primary repair 0.000 ms, shadow repair 0.000 ms, producer wait 29.862 ms; observer=2626710.33/1106395.35/2315.72, moved=11.52 m, roam=1, replaced=0, image=1600x900, LOD=1.500, shadows=0, minimap=1
Frame work 950: BVH built/hit/evicted=0/0/0, catalogue/instance/scene builds=1/1/1, cached/scene tiles=176/104, scene 0.0 MiB, selection/detail passes=0/1, fallback ray attempts=0, GPU build/selection/detail=0.423/0.000/0.000 ms, CPU grouping=0.000 ms; atlas installed/evicted=0/0, I/O=0.000 MiB, resident=27/27
Camera preparation: wall 0.197 ms, GPU LOD 0.004 ms, plans/footprints=364/1
Minimap mask: 276x236, 1440000 rays, worker 19.016 ms, GPU 9.310 ms
Minimap publish: request-to-image 19.115 ms
LOD plan: sources=1591, changed finer/coarser=0/0, selected LOD-1=23
Frame 952: wall 30.165 ms, GPU producer 28.100 ms, 1 producer submission(s), resident trace and presentation combined; t=33.642, BVH resident/budget 457.2/2048.0 MiB, builds/hits/evictions=176/966/0, scene builds=365
Frame phases 952: pre-render 0.012 ms, prepare 1.782 ms, primary repair 0.000 ms, shadow repair 0.000 ms, producer wait 28.344 ms; observer=2626713.06/1106406.48/2316.45, moved=11.46 m, roam=1, replaced=0, image=1600x900, LOD=1.500, shadows=0, minimap=1
Frame work 952: BVH built/hit/evicted=0/0/0, catalogue/instance/scene builds=1/1/1, cached/scene tiles=176/104, scene 0.0 MiB, selection/detail passes=0/1, fallback ray attempts=0, GPU build/selection/detail=0.426/0.000/0.000 ms, CPU grouping=0.000 ms; atlas installed/evicted=0/0, I/O=0.000 MiB, resident=27/27
Camera preparation: wall 0.242 ms, GPU LOD 0.004 ms, plans/footprints=365/1
Minimap mask: 276x236, 1440000 rays, worker 15.849 ms, GPU 9.112 ms
Minimap publish: request-to-image 15.931 ms
LOD plan: sources=1591, changed finer/coarser=0/1, selected LOD-1=23
Frame 954: wall 30.565 ms, GPU producer 28.650 ms, 1 producer submission(s), resident trace and presentation combined; t=33.673, BVH resident/budget 457.2/2048.0 MiB, builds/hits/evictions=176/966/0, scene builds=366
Frame phases 954: pre-render 0.014 ms, prepare 1.642 ms, primary repair 0.000 ms, shadow repair 0.000 ms, producer wait 28.880 ms; observer=2626715.85/1106417.83/2317.19, moved=11.69 m, roam=1, replaced=0, image=1600x900, LOD=1.500, shadows=0, minimap=1
Frame work 954: BVH built/hit/evicted=0/0/0, catalogue/instance/scene builds=1/1/1, cached/scene tiles=176/104, scene 0.0 MiB, selection/detail passes=0/1, fallback ray attempts=0, GPU build/selection/detail=0.424/0.000/0.000 ms, CPU grouping=0.000 ms; atlas installed/evicted=0/0, I/O=0.000 MiB, resident=27/27
Camera preparation: wall 0.230 ms, GPU LOD 0.004 ms, plans/footprints=366/1
Minimap mask: 276x236, 1440000 rays, worker 13.207 ms, GPU 7.431 ms
LOD plan: sources=1591, changed finer/coarser=0/0, selected LOD-1=23
Minimap publish: request-to-image 14.408 ms
Frame 956: wall 29.821 ms, GPU producer 27.886 ms, 1 producer submission(s), resident trace and presentation combined; t=33.703, BVH resident/budget 457.2/2048.0 MiB, builds/hits/evictions=176/966/0, scene builds=367
Frame phases 956: pre-render 0.006 ms, prepare 1.648 ms, primary repair 0.000 ms, shadow repair 0.000 ms, producer wait 28.120 ms; observer=2626718.57/1106428.92/2317.92, moved=11.42 m, roam=1, replaced=0, image=1600x900, LOD=1.500, shadows=0, minimap=1
Frame work 956: BVH built/hit/evicted=0/0/0, catalogue/instance/scene builds=1/1/1, cached/scene tiles=176/104, scene 0.0 MiB, selection/detail passes=0/1, fallback ray attempts=0, GPU build/selection/detail=0.413/0.000/0.000 ms, CPU grouping=0.000 ms; atlas installed/evicted=0/0, I/O=0.000 MiB, resident=27/27
Camera preparation: wall 0.189 ms, GPU LOD 0.004 ms, plans/footprints=367/1
Minimap mask: 276x236, 1440000 rays, worker 9.886 ms, GPU 7.369 ms
LOD plan: sources=1591, changed finer/coarser=0/0, selected LOD-1=23
Minimap publish: request-to-image 10.531 ms
Frame 958: wall 30.289 ms, GPU producer 28.311 ms, 1 producer submission(s), resident trace and presentation combined; t=33.733, BVH resident/budget 457.2/2048.0 MiB, builds/hits/evictions=176/966/0, scene builds=368
Frame phases 958: pre-render 0.006 ms, prepare 1.686 ms, primary repair 0.000 ms, shadow repair 0.000 ms, producer wait 28.573 ms; observer=2626721.33/1106440.15/2318.66, moved=11.56 m, roam=1, replaced=0, image=1600x900, LOD=1.500, shadows=0, minimap=1
Frame work 958: BVH built/hit/evicted=0/0/0, catalogue/instance/scene builds=1/1/1, cached/scene tiles=176/104, scene 0.0 MiB, selection/detail passes=0/1, fallback ray attempts=0, GPU build/selection/detail=0.404/0.000/0.000 ms, CPU grouping=0.000 ms; atlas installed/evicted=0/0, I/O=0.000 MiB, resident=27/27
Camera preparation: wall 0.186 ms, GPU LOD 0.004 ms, plans/footprints=368/1
Minimap mask: 276x236, 1440000 rays, worker 7.030 ms, GPU 5.611 ms
LOD plan: sources=1591, changed finer/coarser=0/0, selected LOD-1=23
Minimap publish: request-to-image 8.920 ms
Frame 960: wall 31.058 ms, GPU producer 29.169 ms, 1 producer submission(s), resident trace and presentation combined; t=33.764, BVH resident/budget 457.2/2048.0 MiB, builds/hits/evictions=176/966/0, scene builds=369
Frame phases 960: pre-render 0.018 ms, prepare 1.562 ms, primary repair 0.000 ms, shadow repair 0.000 ms, producer wait 29.455 ms; observer=2626724.05/1106451.24/2319.38, moved=11.42 m, roam=1, replaced=0, image=1600x900, LOD=1.500, shadows=0, minimap=1
Frame work 960: BVH built/hit/evicted=0/0/0, catalogue/instance/scene builds=1/1/1, cached/scene tiles=176/104, scene 0.0 MiB, selection/detail passes=0/1, fallback ray attempts=0, GPU build/selection/detail=0.402/0.000/0.000 ms, CPU grouping=0.000 ms; atlas installed/evicted=0/0, I/O=0.000 MiB, resident=27/27
Camera preparation: wall 0.195 ms, GPU LOD 0.004 ms, plans/footprints=369/1
Minimap mask: 276x236, 1440000 rays, worker 4.760 ms, GPU 3.350 ms
Minimap publish: request-to-image 4.865 ms
LOD plan: sources=1591, changed finer/coarser=0/1, selected LOD-1=23
Frame 962: wall 32.305 ms, GPU producer 30.195 ms, 1 producer submission(s), resident trace and presentation combined; t=33.797, BVH resident/budget 457.2/2048.0 MiB, builds/hits/evictions=176/966/0, scene builds=370
Frame phases 962: pre-render 0.007 ms, prepare 1.710 ms, primary repair 0.000 ms, shadow repair 0.000 ms, producer wait 30.559 ms; observer=2626726.84/1106462.58/2320.13, moved=11.68 m, roam=1, replaced=0, image=1600x900, LOD=1.500, shadows=0, minimap=1
Frame work 962: BVH built/hit/evicted=0/0/0, catalogue/instance/scene builds=1/1/1, cached/scene tiles=176/104, scene 0.0 MiB, selection/detail passes=0/1, fallback ray attempts=0, GPU build/selection/detail=0.414/0.000/0.000 ms, CPU grouping=0.000 ms; atlas installed/evicted=0/0, I/O=0.000 MiB, resident=27/27
Camera preparation: wall 0.223 ms, GPU LOD 0.004 ms, plans/footprints=370/1
Minimap mask: 276x236, 1440000 rays, worker 3.924 ms, GPU 2.591 ms
Minimap publish: request-to-image 4.027 ms
LOD plan: sources=1591, changed finer/coarser=1/0, selected LOD-1=23
Frame 964: wall 30.578 ms, GPU producer 27.864 ms, 1 producer submission(s), resident trace and presentation combined; t=33.827, BVH resident/budget 457.2/2048.0 MiB, builds/hits/evictions=176/966/0, scene builds=371
Frame phases 964: pre-render 0.007 ms, prepare 1.730 ms, primary repair 0.000 ms, shadow repair 0.000 ms, producer wait 28.809 ms; observer=2626729.56/1106473.66/2320.85, moved=11.41 m, roam=1, replaced=0, image=1600x900, LOD=1.500, shadows=0, minimap=1
Frame work 964: BVH built/hit/evicted=0/0/0, catalogue/instance/scene builds=1/1/1, cached/scene tiles=176/104, scene 0.0 MiB, selection/detail passes=0/1, fallback ray attempts=0, GPU build/selection/detail=0.454/0.000/0.000 ms, CPU grouping=0.000 ms; atlas installed/evicted=0/0, I/O=0.000 MiB, resident=27/27
Camera preparation: wall 0.207 ms, GPU LOD 0.004 ms, plans/footprints=371/1
LOD plan: sources=1591, changed finer/coarser=0/0, selected LOD-1=23
Minimap mask: 276x236, 1440000 rays, worker 2.641 ms, GPU 0.913 ms
Minimap publish: request-to-image 2.693 ms
Frame 966: wall 31.764 ms, GPU producer 28.394 ms, 1 producer submission(s), resident trace and presentation combined; t=33.859, BVH resident/budget 457.2/2048.0 MiB, builds/hits/evictions=176/966/0, scene builds=372
Frame phases 966: pre-render 0.007 ms, prepare 3.100 ms, primary repair 0.000 ms, shadow repair 0.000 ms, producer wait 28.633 ms; observer=2626732.34/1106484.98/2321.60, moved=11.66 m, roam=1, replaced=0, image=1600x900, LOD=1.500, shadows=0, minimap=1
Frame work 966: BVH built/hit/evicted=0/0/0, catalogue/instance/scene builds=1/1/1, cached/scene tiles=176/104, scene 0.0 MiB, selection/detail passes=0/1, fallback ray attempts=0, GPU build/selection/detail=0.445/0.000/0.000 ms, CPU grouping=0.000 ms; atlas installed/evicted=0/0, I/O=0.000 MiB, resident=27/27
Camera preparation: wall 1.515 ms, GPU LOD 0.732 ms, plans/footprints=372/1
LOD plan: sources=1591, changed finer/coarser=0/0, selected LOD-1=23
Minimap mask: 276x236, 1440000 rays, worker 1.535 ms, GPU 0.958 ms
Minimap publish: request-to-image 1.828 ms
Frame 968: wall 30.223 ms, GPU producer 27.752 ms, 1 producer submission(s), resident trace and presentation combined; t=33.889, BVH resident/budget 457.2/2048.0 MiB, builds/hits/evictions=176/966/0, scene builds=373
Frame phases 968: pre-render 0.009 ms, prepare 2.163 ms, primary repair 0.000 ms, shadow repair 0.000 ms, producer wait 28.024 ms; observer=2626735.05/1106496.04/2322.32, moved=11.38 m, roam=1, replaced=0, image=1600x900, LOD=1.500, shadows=0, minimap=1
Frame work 968: BVH built/hit/evicted=0/0/0, catalogue/instance/scene builds=1/1/1, cached/scene tiles=176/104, scene 0.0 MiB, selection/detail passes=0/1, fallback ray attempts=0, GPU build/selection/detail=0.898/0.000/0.000 ms, CPU grouping=0.000 ms; atlas installed/evicted=0/0, I/O=0.000 MiB, resident=27/27
Camera preparation: wall 0.208 ms, GPU LOD 0.004 ms, plans/footprints=373/1
LOD plan: sources=1591, changed finer/coarser=0/0, selected LOD-1=23
Frame 970: wall 32.381 ms, GPU producer 30.216 ms, 1 producer submission(s), resident trace and presentation combined; t=33.922, BVH resident/budget 457.2/2048.0 MiB, builds/hits/evictions=176/966/0, scene builds=374
Frame phases 970: pre-render 0.007 ms, prepare 1.872 ms, primary repair 0.000 ms, shadow repair 0.000 ms, producer wait 30.477 ms; observer=2626737.83/1106507.36/2323.06, moved=11.66 m, roam=1, replaced=0, image=1600x900, LOD=1.500, shadows=0, minimap=1
Frame work 970: BVH built/hit/evicted=0/0/0, catalogue/instance/scene builds=1/1/1, cached/scene tiles=176/104, scene 0.0 MiB, selection/detail passes=0/1, fallback ray attempts=0, GPU build/selection/detail=0.570/0.000/0.000 ms, CPU grouping=0.000 ms; atlas installed/evicted=0/0, I/O=0.000 MiB, resident=27/27
Camera preparation: wall 0.194 ms, GPU LOD 0.004 ms, plans/footprints=374/1
Minimap mask: 276x236, 1440000 rays, worker 28.880 ms, GPU 1.937 ms
Minimap publish: request-to-image 28.960 ms
LOD plan: sources=1591, changed finer/coarser=0/2, selected LOD-1=23
Minimap mask: 276x236, 1440000 rays, worker 25.218 ms, GPU 8.081 ms
Frame 972: wall 29.662 ms, GPU producer 27.366 ms, 1 producer submission(s), resident trace and presentation combined; t=33.951, BVH resident/budget 457.2/2048.0 MiB, builds/hits/evictions=176/966/0, scene builds=375
Frame phases 972: pre-render 0.006 ms, prepare 1.877 ms, primary repair 0.000 ms, shadow repair 0.000 ms, producer wait 27.752 ms; observer=2626740.54/1106518.40/2323.79, moved=11.37 m, roam=1, replaced=0, image=1600x900, LOD=1.500, shadows=0, minimap=1
Frame work 972: BVH built/hit/evicted=0/0/0, catalogue/instance/scene builds=1/1/1, cached/scene tiles=176/104, scene 0.0 MiB, selection/detail passes=0/1, fallback ray attempts=0, GPU build/selection/detail=0.473/0.000/0.000 ms, CPU grouping=0.000 ms; atlas installed/evicted=0/0, I/O=0.000 MiB, resident=27/27
Camera preparation: wall 0.269 ms, GPU LOD 0.004 ms, plans/footprints=375/1
Minimap publish: request-to-image 25.292 ms
Frame 973: wall 29.564 ms, GPU producer 28.991 ms, 1 producer submission(s), resident trace and presentation combined; t=33.985, BVH resident/budget 457.2/2048.0 MiB, builds/hits/evictions=176/966/0, scene builds=375
Frame phases 973: pre-render 0.003 ms, prepare 0.120 ms, primary repair 0.000 ms, shadow repair 0.000 ms, producer wait 29.381 ms; observer=2626740.54/1106518.40/2323.79, moved=0.00 m, roam=0, replaced=0, image=1600x900, LOD=1.500, shadows=0, minimap=1
Frame work 973: BVH built/hit/evicted=0/0/0, catalogue/instance/scene builds=0/0/0, cached/scene tiles=176/104, scene 0.0 MiB, selection/detail passes=0/1, fallback ray attempts=0, GPU build/selection/detail=0.000/0.000/0.000 ms, CPU grouping=0.000 ms; atlas installed/evicted=0/0, I/O=0.000 MiB, resident=27/27
Camera preparation: wall 0.001 ms, GPU LOD 0.000 ms, plans/footprints=375/1
Minimap mask: 276x236, 1440000 rays, worker 25.450 ms, GPU 11.215 ms
Minimap publish: request-to-image 25.504 ms
LOD plan: sources=1591, changed finer/coarser=0/1, selected LOD-1=23
Frame 974: wall 32.684 ms, GPU producer 29.102 ms, 1 producer submission(s), resident trace and presentation combined; t=34.018, BVH resident/budget 457.2/2048.0 MiB, builds/hits/evictions=176/966/0, scene builds=376
Frame phases 974: pre-render 0.020 ms, prepare 3.245 ms, primary repair 0.000 ms, shadow repair 0.000 ms, producer wait 29.396 ms; observer=2626743.37/1106529.92/2324.54, moved=11.86 m, roam=1, replaced=0, image=1600x900, LOD=1.500, shadows=0, minimap=1
Frame work 974: BVH built/hit/evicted=0/0/0, catalogue/instance/scene builds=1/1/1, cached/scene tiles=176/104, scene 0.0 MiB, selection/detail passes=0/1, fallback ray attempts=0, GPU build/selection/detail=0.420/0.000/0.000 ms, CPU grouping=0.000 ms; atlas installed/evicted=0/0, I/O=0.000 MiB, resident=27/27
Camera preparation: wall 1.878 ms, GPU LOD 0.004 ms, plans/footprints=376/1
Minimap mask: 276x236, 1440000 rays, worker 26.743 ms, GPU 9.747 ms
LOD plan: sources=1591, changed finer/coarser=0/0, selected LOD-1=23
Minimap publish: request-to-image 27.407 ms
Frame 976: wall 30.310 ms, GPU producer 28.112 ms, 1 producer submission(s), resident trace and presentation combined; t=34.048, BVH resident/budget 457.2/2048.0 MiB, builds/hits/evictions=176/966/0, scene builds=377
Frame phases 976: pre-render 0.006 ms, prepare 1.854 ms, primary repair 0.000 ms, shadow repair 0.000 ms, producer wait 28.421 ms; observer=2626746.02/1106540.72/2325.25, moved=11.13 m, roam=1, replaced=0, image=1600x900, LOD=1.500, shadows=0, minimap=1
Frame work 976: BVH built/hit/evicted=0/0/0, catalogue/instance/scene builds=1/1/1, cached/scene tiles=176/104, scene 0.0 MiB, selection/detail passes=0/1, fallback ray attempts=0, GPU build/selection/detail=0.448/0.000/0.000 ms, CPU grouping=0.000 ms; atlas installed/evicted=0/0, I/O=0.000 MiB, resident=27/27
Camera preparation: wall 0.234 ms, GPU LOD 0.004 ms, plans/footprints=377/1
Minimap mask: 276x236, 1440000 rays, worker 21.687 ms, GPU 3.786 ms
LOD plan: sources=1591, changed finer/coarser=0/0, selected LOD-1=23
Minimap publish: request-to-image 22.074 ms
Frame 978: wall 31.307 ms, GPU producer 29.203 ms, 1 producer submission(s), resident trace and presentation combined; t=34.079, BVH resident/budget 457.2/2048.0 MiB, builds/hits/evictions=176/966/0, scene builds=378
Frame phases 978: pre-render 0.007 ms, prepare 1.757 ms, primary repair 0.000 ms, shadow repair 0.000 ms, producer wait 29.517 ms; observer=2626748.82/1106552.11/2326.00, moved=11.72 m, roam=1, replaced=0, image=1600x900, LOD=1.500, shadows=0, minimap=1
Frame work 978: BVH built/hit/evicted=0/0/0, catalogue/instance/scene builds=1/1/1, cached/scene tiles=176/104, scene 0.0 MiB, selection/detail passes=0/1, fallback ray attempts=0, GPU build/selection/detail=0.421/0.000/0.000 ms, CPU grouping=0.000 ms; atlas installed/evicted=0/0, I/O=0.000 MiB, resident=27/27
Camera preparation: wall 0.204 ms, GPU LOD 0.004 ms, plans/footprints=378/1
Minimap mask: 276x236, 1440000 rays, worker 20.785 ms, GPU 6.718 ms
Minimap publish: request-to-image 20.828 ms
LOD plan: sources=1591, changed finer/coarser=0/0, selected LOD-1=23
Frame 980: wall 30.102 ms, GPU producer 27.939 ms, 1 producer submission(s), resident trace and presentation combined; t=34.110, BVH resident/budget 457.2/2048.0 MiB, builds/hits/evictions=176/966/0, scene builds=379
Frame phases 980: pre-render 0.011 ms, prepare 1.888 ms, primary repair 0.000 ms, shadow repair 0.000 ms, producer wait 28.176 ms; observer=2626751.53/1106563.15/2326.72, moved=11.37 m, roam=1, replaced=0, image=1600x900, LOD=1.500, shadows=0, minimap=1
Frame work 980: BVH built/hit/evicted=0/0/0, catalogue/instance/scene builds=1/1/1, cached/scene tiles=176/104, scene 0.0 MiB, selection/detail passes=0/1, fallback ray attempts=0, GPU build/selection/detail=0.454/0.000/0.000 ms, CPU grouping=0.000 ms; atlas installed/evicted=0/0, I/O=0.000 MiB, resident=27/27
Camera preparation: wall 0.204 ms, GPU LOD 0.004 ms, plans/footprints=379/1
Minimap mask: 276x236, 1440000 rays, worker 16.754 ms, GPU 9.178 ms
Minimap publish: request-to-image 16.837 ms
LOD plan: sources=1591, changed finer/coarser=0/0, selected LOD-1=23
Frame 982: wall 30.584 ms, GPU producer 28.651 ms, 1 producer submission(s), resident trace and presentation combined; t=34.140, BVH resident/budget 457.2/2048.0 MiB, builds/hits/evictions=176/966/0, scene builds=380
Frame phases 982: pre-render 0.013 ms, prepare 1.657 ms, primary repair 0.000 ms, shadow repair 0.000 ms, producer wait 28.888 ms; observer=2626754.20/1106574.03/2327.43, moved=11.21 m, roam=1, replaced=0, image=1600x900, LOD=1.500, shadows=0, minimap=1
Frame work 982: BVH built/hit/evicted=0/0/0, catalogue/instance/scene builds=1/1/1, cached/scene tiles=176/104, scene 0.0 MiB, selection/detail passes=0/1, fallback ray attempts=0, GPU build/selection/detail=0.447/0.000/0.000 ms, CPU grouping=0.000 ms; atlas installed/evicted=0/0, I/O=0.000 MiB, resident=27/27
Camera preparation: wall 0.217 ms, GPU LOD 0.004 ms, plans/footprints=380/1
Minimap mask: 276x236, 1440000 rays, worker 14.109 ms, GPU 8.295 ms
LOD plan: sources=1591, changed finer/coarser=0/0, selected LOD-1=23
Minimap publish: request-to-image 15.068 ms
Frame 984: wall 30.231 ms, GPU producer 27.966 ms, 1 producer submission(s), resident trace and presentation combined; t=34.171, BVH resident/budget 457.2/2048.0 MiB, builds/hits/evictions=176/966/0, scene builds=381
Frame phases 984: pre-render 0.013 ms, prepare 1.997 ms, primary repair 0.000 ms, shadow repair 0.000 ms, producer wait 28.195 ms; observer=2626757.02/1106585.52/2328.19, moved=11.83 m, roam=1, replaced=0, image=1600x900, LOD=1.500, shadows=0, minimap=1
Frame work 984: BVH built/hit/evicted=0/0/0, catalogue/instance/scene builds=1/1/1, cached/scene tiles=176/104, scene 0.0 MiB, selection/detail passes=0/1, fallback ray attempts=0, GPU build/selection/detail=0.474/0.000/0.000 ms, CPU grouping=0.000 ms; atlas installed/evicted=0/0, I/O=0.000 MiB, resident=27/27
Camera preparation: wall 0.201 ms, GPU LOD 0.004 ms, plans/footprints=381/1
Minimap mask: 276x236, 1440000 rays, worker 10.820 ms, GPU 8.096 ms
Minimap publish: request-to-image 10.936 ms
LOD plan: sources=1591, changed finer/coarser=0/0, selected LOD-1=23
Health t=34.200: memory ok footprint/resident 907.1/496.0 MiB, Metal allocated/recommended 791.1/18186.2 MiB, thermal=0
Health t=34.200: worker stage=render age=29.9 ms, calls=555 revision=984, submitted/completed/presented=0/0/0, stale=0 unavailable=0 refreshed=0
Health t=34.200: display stage=idle age=7.1 ms, calls=1003 revision=984, submitted/completed/presented=1003/1002/1002, stale=0 unavailable=0 refreshed=0
Health t=34.200: minimap stage=mask-gpu age=7.0 ms, calls=426 revision=0, submitted/completed/presented=426/425/425, stale=0 unavailable=0 refreshed=485
Health t=34.200: terrain stage=producer wait age=28.2 ms
Frame 986: wall 30.176 ms, GPU producer 28.281 ms, 1 producer submission(s), resident trace and presentation combined; t=34.201, BVH resident/budget 457.2/2048.0 MiB, builds/hits/evictions=176/966/0, scene builds=382
Frame phases 986: pre-render 0.007 ms, prepare 1.614 ms, primary repair 0.000 ms, shadow repair 0.000 ms, producer wait 28.513 ms; observer=2626759.69/1106596.39/2328.90, moved=11.19 m, roam=1, replaced=0, image=1600x900, LOD=1.500, shadows=0, minimap=1
Minimap mask: 276x236, 1440000 rays, worker 7.815 ms, GPU 6.347 ms
Frame work 986: BVH built/hit/evicted=0/0/0, catalogue/instance/scene builds=1/1/1, cached/scene tiles=176/104, scene 0.0 MiB, selection/detail passes=0/1, fallback ray attempts=0, GPU build/selection/detail=0.431/0.000/0.000 ms, CPU grouping=0.000 ms; atlas installed/evicted=0/0, I/O=0.000 MiB, resident=27/27
Camera preparation: wall 0.205 ms, GPU LOD 0.004 ms, plans/footprints=382/1
LOD plan: sources=1591, changed finer/coarser=0/0, selected LOD-1=23
Minimap publish: request-to-image 8.754 ms
Minimap mask: 276x236, 1440000 rays, worker 5.904 ms, GPU 4.845 ms
Frame 988: wall 31.257 ms, GPU producer 29.370 ms, 1 producer submission(s), resident trace and presentation combined; t=34.232, BVH resident/budget 457.2/2048.0 MiB, builds/hits/evictions=176/966/0, scene builds=383
Frame phases 988: pre-render 0.032 ms, prepare 1.566 ms, primary repair 0.000 ms, shadow repair 0.000 ms, producer wait 29.628 ms; observer=2626762.52/1106607.89/2329.65, moved=11.84 m, roam=1, replaced=0, image=1600x900, LOD=1.500, shadows=0, minimap=1
Frame work 988: BVH built/hit/evicted=0/0/0, catalogue/instance/scene builds=1/1/1, cached/scene tiles=176/104, scene 0.0 MiB, selection/detail passes=0/1, fallback ray attempts=0, GPU build/selection/detail=0.417/0.000/0.000 ms, CPU grouping=0.000 ms; atlas installed/evicted=0/0, I/O=0.000 MiB, resident=27/27
Camera preparation: wall 0.195 ms, GPU LOD 0.003 ms, plans/footprints=383/1
LOD plan: sources=1591, changed finer/coarser=0/0, selected LOD-1=23
Minimap publish: request-to-image 8.793 ms
Frame 990: wall 32.475 ms, GPU producer 30.180 ms, 1 producer submission(s), resident trace and presentation combined; t=34.265, BVH resident/budget 457.2/2048.0 MiB, builds/hits/evictions=176/966/0, scene builds=384
Frame phases 990: pre-render 0.016 ms, prepare 1.881 ms, primary repair 0.000 ms, shadow repair 0.000 ms, producer wait 30.526 ms; observer=2626765.19/1106618.77/2330.37, moved=11.20 m, roam=1, replaced=0, image=1600x900, LOD=1.500, shadows=0, minimap=1
Frame work 990: BVH built/hit/evicted=0/0/0, catalogue/instance/scene builds=1/1/1, cached/scene tiles=176/104, scene 0.0 MiB, selection/detail passes=0/1, fallback ray attempts=0, GPU build/selection/detail=0.408/0.000/0.000 ms, CPU grouping=0.000 ms; atlas installed/evicted=0/0, I/O=0.000 MiB, resident=27/27
Camera preparation: wall 0.203 ms, GPU LOD 0.004 ms, plans/footprints=384/1
Minimap mask: 276x236, 1440000 rays, worker 5.398 ms, GPU 4.010 ms
Minimap publish: request-to-image 5.471 ms
LOD plan: sources=1591, changed finer/coarser=0/0, selected LOD-1=23
Frame 992: wall 31.215 ms, GPU producer 29.309 ms, 1 producer submission(s), resident trace and presentation combined; t=34.296, BVH resident/budget 457.2/2048.0 MiB, builds/hits/evictions=176/966/0, scene builds=385
Frame phases 992: pre-render 0.006 ms, prepare 1.606 ms, primary repair 0.000 ms, shadow repair 0.000 ms, producer wait 29.577 ms; observer=2626767.99/1106630.19/2331.12, moved=11.77 m, roam=1, replaced=0, image=1600x900, LOD=1.500, shadows=0, minimap=1
Frame work 992: BVH built/hit/evicted=0/0/0, catalogue/instance/scene builds=1/1/1, cached/scene tiles=176/104, scene 0.0 MiB, selection/detail passes=0/1, fallback ray attempts=0, GPU build/selection/detail=0.404/0.000/0.000 ms, CPU grouping=0.000 ms; atlas installed/evicted=0/0, I/O=0.000 MiB, resident=27/27
Camera preparation: wall 0.212 ms, GPU LOD 0.004 ms, plans/footprints=385/1
Minimap mask: 276x236, 1440000 rays, worker 3.141 ms, GPU 1.871 ms
Minimap publish: request-to-image 3.180 ms
LOD plan: sources=1591, changed finer/coarser=0/0, selected LOD-1=23
Frame 994: wall 31.692 ms, GPU producer 29.549 ms, 1 producer submission(s), resident trace and presentation combined; t=34.328, BVH resident/budget 457.2/2048.0 MiB, builds/hits/evictions=176/966/0, scene builds=386
Frame phases 994: pre-render 0.006 ms, prepare 1.825 ms, primary repair 0.000 ms, shadow repair 0.000 ms, producer wait 29.835 ms; observer=2626770.68/1106641.15/2331.83, moved=11.28 m, roam=1, replaced=0, image=1600x900, LOD=1.500, shadows=0, minimap=1
Frame work 994: BVH built/hit/evicted=0/0/0, catalogue/instance/scene builds=1/1/1, cached/scene tiles=176/104, scene 0.0 MiB, selection/detail passes=0/1, fallback ray attempts=0, GPU build/selection/detail=0.452/0.000/0.000 ms, CPU grouping=0.000 ms; atlas installed/evicted=0/0, I/O=0.000 MiB, resident=27/27
Camera preparation: wall 0.212 ms, GPU LOD 0.004 ms, plans/footprints=386/1
Minimap mask: 276x236, 1440000 rays, worker 1.666 ms, GPU 0.927 ms
LOD plan: sources=1591, changed finer/coarser=0/0, selected LOD-1=23
Minimap publish: request-to-image 2.460 ms
Frame 996: wall 29.799 ms, GPU producer 27.551 ms, 1 producer submission(s), resident trace and presentation combined; t=34.358, BVH resident/budget 457.2/2048.0 MiB, builds/hits/evictions=176/966/0, scene builds=387
Frame phases 996: pre-render 0.007 ms, prepare 2.025 ms, primary repair 0.000 ms, shadow repair 0.000 ms, producer wait 27.744 ms; observer=2626773.50/1106652.64/2332.59, moved=11.84 m, roam=1, replaced=0, image=1600x900, LOD=1.500, shadows=0, minimap=1
Frame work 996: BVH built/hit/evicted=0/0/0, catalogue/instance/scene builds=1/1/1, cached/scene tiles=176/104, scene 0.0 MiB, selection/detail passes=0/1, fallback ray attempts=0, GPU build/selection/detail=0.508/0.000/0.000 ms, CPU grouping=0.000 ms; atlas installed/evicted=0/0, I/O=0.000 MiB, resident=27/27
Camera preparation: wall 0.199 ms, GPU LOD 0.004 ms, plans/footprints=387/1
LOD plan: sources=1591, changed finer/coarser=0/0, selected LOD-1=23
Minimap mask: 276x236, 1440000 rays, worker 3.358 ms, GPU 0.886 ms
Minimap publish: request-to-image 3.390 ms
Frame 998: wall 33.958 ms, GPU producer 28.633 ms, 1 producer submission(s), resident trace and presentation combined; t=34.392, BVH resident/budget 457.2/2048.0 MiB, builds/hits/evictions=176/966/0, scene builds=388
Frame phases 998: pre-render 0.006 ms, prepare 5.067 ms, primary repair 0.000 ms, shadow repair 0.000 ms, producer wait 28.859 ms; observer=2626776.18/1106663.53/2333.30, moved=11.21 m, roam=1, replaced=0, image=1600x900, LOD=1.500, shadows=0, minimap=1
Frame work 998: BVH built/hit/evicted=0/0/0, catalogue/instance/scene builds=1/1/1, cached/scene tiles=176/104, scene 0.0 MiB, selection/detail passes=0/1, fallback ray attempts=0, GPU build/selection/detail=1.270/0.000/0.000 ms, CPU grouping=0.000 ms; atlas installed/evicted=0/0, I/O=0.000 MiB, resident=27/27
Camera preparation: wall 0.180 ms, GPU LOD 0.004 ms, plans/footprints=388/1
LOD plan: sources=1591, changed finer/coarser=1/1, selected LOD-1=23
Minimap mask: 276x236, 1440000 rays, worker 2.162 ms, GPU 1.380 ms
Minimap publish: request-to-image 2.224 ms
Frame 1000: wall 30.162 ms, GPU producer 28.060 ms, 1 producer submission(s), resident trace and presentation combined; t=34.422, BVH resident/budget 457.2/2048.0 MiB, builds/hits/evictions=176/966/0, scene builds=389
Frame phases 1000: pre-render 0.006 ms, prepare 1.751 ms, primary repair 0.000 ms, shadow repair 0.000 ms, producer wait 28.369 ms; observer=2626778.98/1106674.93/2334.05, moved=11.74 m, roam=1, replaced=0, image=1600x900, LOD=1.500, shadows=0, minimap=1
Frame work 1000: BVH built/hit/evicted=0/0/0, catalogue/instance/scene builds=1/1/1, cached/scene tiles=176/104, scene 0.0 MiB, selection/detail passes=0/1, fallback ray attempts=0, GPU build/selection/detail=0.407/0.000/0.000 ms, CPU grouping=0.000 ms; atlas installed/evicted=0/0, I/O=0.000 MiB, resident=27/27
Camera preparation: wall 0.201 ms, GPU LOD 0.004 ms, plans/footprints=389/1
LOD plan: sources=1591, changed finer/coarser=0/1, selected LOD-1=23
Frame 1002: wall 30.594 ms, GPU producer 27.891 ms, 1 producer submission(s), resident trace and presentation combined; t=34.452, BVH resident/budget 457.2/2048.0 MiB, builds/hits/evictions=176/966/0, scene builds=390
Frame phases 1002: pre-render 0.006 ms, prepare 1.720 ms, primary repair 0.000 ms, shadow repair 0.000 ms, producer wait 28.844 ms; observer=2626781.67/1106685.91/2334.77, moved=11.30 m, roam=1, replaced=0, image=1600x900, LOD=1.500, shadows=0, minimap=1
Frame work 1002: BVH built/hit/evicted=0/0/0, catalogue/instance/scene builds=1/1/1, cached/scene tiles=176/104, scene 0.0 MiB, selection/detail passes=0/1, fallback ray attempts=0, GPU build/selection/detail=0.404/0.000/0.000 ms, CPU grouping=0.000 ms; atlas installed/evicted=0/0, I/O=0.000 MiB, resident=27/27
Camera preparation: wall 0.241 ms, GPU LOD 0.004 ms, plans/footprints=390/1
Minimap mask: 276x236, 1440000 rays, worker 26.009 ms, GPU 8.127 ms
Minimap publish: request-to-image 26.094 ms
Frame 1003: wall 28.535 ms, GPU producer 27.934 ms, 1 producer submission(s), resident trace and presentation combined; t=34.482, BVH resident/budget 457.2/2048.0 MiB, builds/hits/evictions=176/966/0, scene builds=390
Frame phases 1003: pre-render 0.005 ms, prepare 0.079 ms, primary repair 0.000 ms, shadow repair 0.000 ms, producer wait 28.397 ms; observer=2626781.67/1106685.91/2334.77, moved=0.00 m, roam=0, replaced=0, image=1600x900, LOD=1.500, shadows=0, minimap=1
Frame work 1003: BVH built/hit/evicted=0/0/0, catalogue/instance/scene builds=0/0/0, cached/scene tiles=176/104, scene 0.0 MiB, selection/detail passes=0/1, fallback ray attempts=0, GPU build/selection/detail=0.000/0.000/0.000 ms, CPU grouping=0.000 ms; atlas installed/evicted=0/0, I/O=0.000 MiB, resident=27/27
Camera preparation: wall 0.001 ms, GPU LOD 0.000 ms, plans/footprints=390/1
Minimap mask: 276x236, 1440000 rays, worker 22.324 ms, GPU 7.036 ms
LOD plan: sources=1591, changed finer/coarser=0/1, selected LOD-1=23
Minimap publish: request-to-image 25.260 ms
Frame 1004: wall 30.219 ms, GPU producer 28.074 ms, 1 producer submission(s), resident trace and presentation combined; t=34.512, BVH resident/budget 457.2/2048.0 MiB, builds/hits/evictions=176/966/0, scene builds=391
Frame phases 1004: pre-render 0.007 ms, prepare 1.842 ms, primary repair 0.000 ms, shadow repair 0.000 ms, producer wait 28.343 ms; observer=2626784.41/1106697.08/2335.50, moved=11.50 m, roam=1, replaced=0, image=1600x900, LOD=1.500, shadows=0, minimap=1
Frame work 1004: BVH built/hit/evicted=0/0/0, catalogue/instance/scene builds=1/1/1, cached/scene tiles=176/104, scene 0.0 MiB, selection/detail passes=0/1, fallback ray attempts=0, GPU build/selection/detail=0.440/0.000/0.000 ms, CPU grouping=0.000 ms; atlas installed/evicted=0/0, I/O=0.000 MiB, resident=27/27
Camera preparation: wall 0.212 ms, GPU LOD 0.004 ms, plans/footprints=391/1
Minimap mask: 276x236, 1440000 rays, worker 21.463 ms, GPU 7.212 ms
Minimap publish: request-to-image 21.519 ms
LOD plan: sources=1591, changed finer/coarser=0/0, selected LOD-1=23
Frame 1006: wall 30.942 ms, GPU producer 28.850 ms, 1 producer submission(s), resident trace and presentation combined; t=34.543, BVH resident/budget 457.2/2048.0 MiB, builds/hits/evictions=176/966/0, scene builds=392
Frame phases 1006: pre-render 0.007 ms, prepare 1.814 ms, primary repair 0.000 ms, shadow repair 0.000 ms, producer wait 29.089 ms; observer=2626787.17/1106708.29/2336.24, moved=11.55 m, roam=1, replaced=0, image=1600x900, LOD=1.500, shadows=0, minimap=1
Frame work 1006: BVH built/hit/evicted=0/0/0, catalogue/instance/scene builds=1/1/1, cached/scene tiles=176/104, scene 0.0 MiB, selection/detail passes=0/1, fallback ray attempts=0, GPU build/selection/detail=0.422/0.000/0.000 ms, CPU grouping=0.000 ms; atlas installed/evicted=0/0, I/O=0.000 MiB, resident=27/27
Camera preparation: wall 0.251 ms, GPU LOD 0.004 ms, plans/footprints=392/1
Minimap mask: 276x236, 1440000 rays, worker 17.206 ms, GPU 8.083 ms
Minimap publish: request-to-image 17.310 ms
LOD plan: sources=1591, changed finer/coarser=1/0, selected LOD-1=24
Minimap mask: 276x236, 1440000 rays, worker 13.554 ms, GPU 3.456 ms
Minimap publish: request-to-image 13.594 ms
Slow stage: terrain frame wall 110.949 ms (inclusive)
Frame 1008: wall 110.956 ms, GPU producer 28.671 ms, 2 producer submission(s), streaming work excluded from GPU producer timing; t=34.654, BVH resident/budget 467.5/2048.0 MiB, builds/hits/evictions=177/977/0, scene builds=393
Frame phases 1008: pre-render 0.009 ms, prepare 1.807 ms, primary repair 79.400 ms, shadow repair 0.000 ms, producer wait 29.651 ms; observer=2626789.95/1106719.64/2336.98, moved=11.69 m, roam=1, replaced=0, image=1600x900, LOD=1.500, shadows=0, minimap=1
Frame work 1008: BVH built/hit/evicted=1/11/0, catalogue/instance/scene builds=1/9/1, cached/scene tiles=177/0, scene 0.0 MiB, selection/detail passes=9/10, fallback ray attempts=22790, GPU build/selection/detail=4.798/4.793/27.172 ms, CPU grouping=23.882 ms; atlas installed/evicted=1/1, I/O=2.004 MiB, resident=27/27
Camera preparation: wall 0.215 ms, GPU LOD 0.004 ms, plans/footprints=393/1
Slow stage: worker iteration wall 111.004 ms (inclusive)
LOD plan: sources=1591, changed finer/coarser=1/1, selected LOD-1=23
Frame 1015: wall 29.634 ms, GPU producer 27.787 ms, 1 producer submission(s), resident trace and presentation combined; t=34.684, BVH resident/budget 467.5/2048.0 MiB, builds/hits/evictions=177/977/0, scene builds=394
Frame phases 1015: pre-render 0.007 ms, prepare 1.569 ms, primary repair 0.000 ms, shadow repair 0.000 ms, producer wait 28.033 ms; observer=2626798.21/1106753.28/2339.18, moved=34.63 m, roam=1, replaced=0, image=1600x900, LOD=1.500, shadows=0, minimap=1
Frame work 1015: BVH built/hit/evicted=0/0/0, catalogue/instance/scene builds=1/1/1, cached/scene tiles=177/103, scene 0.0 MiB, selection/detail passes=0/1, fallback ray attempts=0, GPU build/selection/detail=0.404/0.000/0.000 ms, CPU grouping=0.000 ms; atlas installed/evicted=0/0, I/O=0.000 MiB, resident=27/27
Camera preparation: wall 0.192 ms, GPU LOD 0.004 ms, plans/footprints=394/1
Minimap mask: 276x236, 1440000 rays, worker 25.514 ms, GPU 6.298 ms
LOD plan: sources=1591, changed finer/coarser=1/2, selected LOD-1=23
Minimap publish: request-to-image 26.399 ms
Frame 1016: wall 30.197 ms, GPU producer 28.170 ms, 1 producer submission(s), resident trace and presentation combined; t=34.714, BVH resident/budget 467.5/2048.0 MiB, builds/hits/evictions=177/977/0, scene builds=395
Frame phases 1016: pre-render 0.012 ms, prepare 1.754 ms, primary repair 0.000 ms, shadow repair 0.000 ms, producer wait 28.401 ms; observer=2626800.97/1106764.51/2339.92, moved=11.57 m, roam=1, replaced=0, image=1600x900, LOD=1.500, shadows=0, minimap=1
Frame work 1016: BVH built/hit/evicted=0/0/0, catalogue/instance/scene builds=1/1/1, cached/scene tiles=177/102, scene 0.0 MiB, selection/detail passes=0/1, fallback ray attempts=0, GPU build/selection/detail=0.430/0.000/0.000 ms, CPU grouping=0.000 ms; atlas installed/evicted=0/0, I/O=0.000 MiB, resident=27/27
Camera preparation: wall 0.228 ms, GPU LOD 0.004 ms, plans/footprints=395/1
Minimap mask: 276x236, 1440000 rays, worker 22.412 ms, GPU 10.094 ms
LOD plan: sources=1591, changed finer/coarser=0/0, selected LOD-1=23
Minimap publish: request-to-image 23.269 ms
Frame 1018: wall 31.484 ms, GPU producer 29.328 ms, 1 producer submission(s), resident trace and presentation combined; t=34.746, BVH resident/budget 467.5/2048.0 MiB, builds/hits/evictions=177/977/0, scene builds=396
Frame phases 1018: pre-render 0.017 ms, prepare 1.754 ms, primary repair 0.000 ms, shadow repair 0.000 ms, producer wait 29.678 ms; observer=2626803.65/1106775.43/2340.64, moved=11.25 m, roam=1, replaced=0, image=1600x900, LOD=1.500, shadows=0, minimap=1
Frame work 1018: BVH built/hit/evicted=0/0/0, catalogue/instance/scene builds=1/1/1, cached/scene tiles=177/102, scene 0.0 MiB, selection/detail passes=0/1, fallback ray attempts=0, GPU build/selection/detail=0.459/0.000/0.000 ms, CPU grouping=0.000 ms; atlas installed/evicted=0/0, I/O=0.000 MiB, resident=27/27
Camera preparation: wall 0.190 ms, GPU LOD 0.004 ms, plans/footprints=396/1
Minimap mask: 276x236, 1440000 rays, worker 19.998 ms, GPU 6.891 ms
Minimap publish: request-to-image 20.101 ms
LOD plan: sources=1591, changed finer/coarser=0/0, selected LOD-1=23
Frame 1020: wall 30.209 ms, GPU producer 28.183 ms, 1 producer submission(s), resident trace and presentation combined; t=34.776, BVH resident/budget 467.5/2048.0 MiB, builds/hits/evictions=177/977/0, scene builds=397
Minimap mask: 276x236, 1440000 rays, worker 16.585 ms, GPU 10.180 ms
Frame phases 1020: pre-render 0.008 ms, prepare 1.699 ms, primary repair 0.000 ms, shadow repair 0.000 ms, producer wait 28.476 ms; observer=2626806.39/1106786.60/2341.37, moved=11.50 m, roam=1, replaced=0, image=1600x900, LOD=1.500, shadows=0, minimap=1
Frame work 1020: BVH built/hit/evicted=0/0/0, catalogue/instance/scene builds=1/1/1, cached/scene tiles=177/102, scene 0.0 MiB, selection/detail passes=0/1, fallback ray attempts=0, GPU build/selection/detail=0.432/0.000/0.000 ms, CPU grouping=0.000 ms; atlas installed/evicted=0/0, I/O=0.000 MiB, resident=27/27
Camera preparation: wall 0.228 ms, GPU LOD 0.004 ms, plans/footprints=397/1
Minimap publish: request-to-image 16.647 ms
LOD plan: sources=1591, changed finer/coarser=0/0, selected LOD-1=23
Frame 1022: wall 30.773 ms, GPU producer 28.816 ms, 1 producer submission(s), resident trace and presentation combined; t=34.807, BVH resident/budget 467.5/2048.0 MiB, builds/hits/evictions=177/977/0, scene builds=398
Minimap mask: 276x236, 1440000 rays, worker 14.583 ms, GPU 6.941 ms
Frame phases 1022: pre-render 0.005 ms, prepare 1.680 ms, primary repair 0.000 ms, shadow repair 0.000 ms, producer wait 29.063 ms; observer=2626809.15/1106797.82/2342.10, moved=11.55 m, roam=1, replaced=0, image=1600x900, LOD=1.500, shadows=0, minimap=1
Frame work 1022: BVH built/hit/evicted=0/0/0, catalogue/instance/scene builds=1/1/1, cached/scene tiles=177/102, scene 0.0 MiB, selection/detail passes=0/1, fallback ray attempts=0, GPU build/selection/detail=0.443/0.000/0.000 ms, CPU grouping=0.000 ms; atlas installed/evicted=0/0, I/O=0.000 MiB, resident=27/27
Camera preparation: wall 0.201 ms, GPU LOD 0.004 ms, plans/footprints=398/1
LOD plan: sources=1591, changed finer/coarser=2/0, selected LOD-1=23
Minimap publish: request-to-image 15.582 ms
Minimap mask: 276x236, 1440000 rays, worker 10.272 ms, GPU 5.268 ms
Minimap publish: request-to-image 10.310 ms
Frame 1024: wall 29.826 ms, GPU producer 27.884 ms, 1 producer submission(s), resident trace and presentation combined; t=34.837, BVH resident/budget 467.5/2048.0 MiB, builds/hits/evictions=177/977/0, scene builds=399
Frame phases 1024: pre-render 0.027 ms, prepare 1.647 ms, primary repair 0.000 ms, shadow repair 0.000 ms, producer wait 28.100 ms; observer=2626811.95/1106809.26/2342.85, moved=11.78 m, roam=1, replaced=0, image=1600x900, LOD=1.500, shadows=0, minimap=1
Frame work 1024: BVH built/hit/evicted=0/0/0, catalogue/instance/scene builds=1/1/1, cached/scene tiles=177/102, scene 0.0 MiB, selection/detail passes=0/1, fallback ray attempts=0, GPU build/selection/detail=0.412/0.000/0.000 ms, CPU grouping=0.000 ms; atlas installed/evicted=0/0, I/O=0.000 MiB, resident=27/27
Camera preparation: wall 0.187 ms, GPU LOD 0.004 ms, plans/footprints=399/1
LOD plan: sources=1591, changed finer/coarser=1/0, selected LOD-1=23
Minimap mask: 276x236, 1440000 rays, worker 7.483 ms, GPU 6.066 ms
Frame 1026: wall 30.229 ms, GPU producer 28.322 ms, 1 producer submission(s), resident trace and presentation combined; t=34.867, BVH resident/budget 467.5/2048.0 MiB, builds/hits/evictions=177/977/0, scene builds=400
Frame phases 1026: pre-render 0.006 ms, prepare 1.599 ms, primary repair 0.000 ms, shadow repair 0.000 ms, producer wait 28.603 ms; observer=2626814.64/1106820.20/2343.57, moved=11.27 m, roam=1, replaced=0, image=1600x900, LOD=1.500, shadows=0, minimap=1
Frame work 1026: BVH built/hit/evicted=0/0/0, catalogue/instance/scene builds=1/1/1, cached/scene tiles=177/102, scene 0.0 MiB, selection/detail passes=0/1, fallback ray attempts=0, GPU build/selection/detail=0.449/0.000/0.000 ms, CPU grouping=0.000 ms; atlas installed/evicted=0/0, I/O=0.000 MiB, resident=27/27
Camera preparation: wall 0.180 ms, GPU LOD 0.004 ms, plans/footprints=400/1
LOD plan: sources=1591, changed finer/coarser=0/0, selected LOD-1=23
Minimap publish: request-to-image 8.696 ms
Frame 1028: wall 31.202 ms, GPU producer 29.324 ms, 1 producer submission(s), resident trace and presentation combined; t=34.898, BVH resident/budget 467.5/2048.0 MiB, builds/hits/evictions=177/977/0, scene builds=401
Frame phases 1028: pre-render 0.010 ms, prepare 1.587 ms, primary repair 0.000 ms, shadow repair 0.000 ms, producer wait 29.582 ms; observer=2626817.45/1106831.63/2344.32, moved=11.76 m, roam=1, replaced=0, image=1600x900, LOD=1.500, shadows=0, minimap=1
Frame work 1028: BVH built/hit/evicted=0/0/0, catalogue/instance/scene builds=1/1/1, cached/scene tiles=177/102, scene 0.0 MiB, selection/detail passes=0/1, fallback ray attempts=0, GPU build/selection/detail=0.413/0.000/0.000 ms, CPU grouping=0.000 ms; atlas installed/evicted=0/0, I/O=0.000 MiB, resident=27/27
Camera preparation: wall 0.202 ms, GPU LOD 0.003 ms, plans/footprints=401/1
Minimap mask: 276x236, 1440000 rays, worker 5.431 ms, GPU 4.044 ms
LOD plan: sources=1591, changed finer/coarser=0/0, selected LOD-1=23
Minimap publish: request-to-image 9.091 ms
Frame 1030: wall 32.721 ms, GPU producer 30.597 ms, 1 producer submission(s), resident trace and presentation combined; t=34.931, BVH resident/budget 467.5/2048.0 MiB, builds/hits/evictions=177/977/0, scene builds=402
Frame phases 1030: pre-render 0.008 ms, prepare 1.789 ms, primary repair 0.000 ms, shadow repair 0.000 ms, producer wait 30.891 ms; observer=2626820.14/1106842.58/2345.04, moved=11.28 m, roam=1, replaced=0, image=1600x900, LOD=1.500, shadows=0, minimap=1
Frame work 1030: BVH built/hit/evicted=0/0/0, catalogue/instance/scene builds=1/1/1, cached/scene tiles=177/102, scene 0.0 MiB, selection/detail passes=0/1, fallback ray attempts=0, GPU build/selection/detail=0.406/0.000/0.000 ms, CPU grouping=0.000 ms; atlas installed/evicted=0/0, I/O=0.000 MiB, resident=27/27
Camera preparation: wall 0.216 ms, GPU LOD 0.004 ms, plans/footprints=402/1
Minimap mask: 276x236, 1440000 rays, worker 4.993 ms, GPU 3.625 ms
Minimap publish: request-to-image 5.101 ms
LOD plan: sources=1591, changed finer/coarser=0/0, selected LOD-1=23
Frame 1032: wall 31.284 ms, GPU producer 29.372 ms, 1 producer submission(s), resident trace and presentation combined; t=34.963, BVH resident/budget 467.5/2048.0 MiB, builds/hits/evictions=177/977/0, scene builds=403
Frame phases 1032: pre-render 0.008 ms, prepare 1.602 ms, primary repair 0.000 ms, shadow repair 0.000 ms, producer wait 29.647 ms; observer=2626822.94/1106854.00/2345.79, moved=11.76 m, roam=1, replaced=0, image=1600x900, LOD=1.500, shadows=0, minimap=1
Frame work 1032: BVH built/hit/evicted=0/0/0, catalogue/instance/scene builds=1/1/1, cached/scene tiles=177/102, scene 0.0 MiB, selection/detail passes=0/1, fallback ray attempts=0, GPU build/selection/detail=0.403/0.000/0.000 ms, CPU grouping=0.000 ms; atlas installed/evicted=0/0, I/O=0.000 MiB, resident=27/27
Camera preparation: wall 0.214 ms, GPU LOD 0.004 ms, plans/footprints=403/1
Minimap mask: 276x236, 1440000 rays, worker 3.137 ms, GPU 1.872 ms
Minimap publish: request-to-image 3.228 ms
LOD plan: sources=1591, changed finer/coarser=1/0, selected LOD-1=23
Minimap mask: 276x236, 1440000 rays, worker 2.095 ms, GPU 1.000 ms
Minimap publish: request-to-image 2.623 ms
Slow stage: terrain frame wall 111.905 ms (inclusive)
Frame 1034: wall 111.913 ms, GPU producer 30.698 ms, 2 producer submission(s), streaming work excluded from GPU producer timing; t=35.075, BVH resident/budget 470.1/2048.0 MiB, builds/hits/evictions=178/985/0, scene builds=404
Frame phases 1034: pre-render 0.014 ms, prepare 1.839 ms, primary repair 77.995 ms, shadow repair 0.000 ms, producer wait 31.965 ms; observer=2626825.63/1106864.96/2346.51, moved=11.28 m, roam=1, replaced=0, image=1600x900, LOD=1.500, shadows=0, minimap=1
Frame work 1034: BVH built/hit/evicted=1/8/0, catalogue/instance/scene builds=1/10/1, cached/scene tiles=178/0, scene 0.0 MiB, selection/detail passes=10/11, fallback ray attempts=1928, GPU build/selection/detail=2.053/5.620/27.402 ms, CPU grouping=25.071 ms; atlas installed/evicted=1/1, I/O=0.502 MiB, resident=27/27
Camera preparation: wall 0.228 ms, GPU LOD 0.004 ms, plans/footprints=404/1
Slow stage: worker iteration wall 111.973 ms (inclusive)
LOD plan: sources=1591, changed finer/coarser=0/1, selected LOD-1=23
Frame 1040: wall 28.689 ms, GPU producer 26.773 ms, 1 producer submission(s), resident trace and presentation combined; t=35.103, BVH resident/budget 470.1/2048.0 MiB, builds/hits/evictions=178/985/0, scene builds=405
Frame phases 1040: pre-render 0.008 ms, prepare 1.608 ms, primary repair 0.000 ms, shadow repair 0.000 ms, producer wait 27.050 ms; observer=2626833.90/1106898.62/2348.71, moved=34.66 m, roam=1, replaced=0, image=1600x900, LOD=1.500, shadows=0, minimap=1
Frame work 1040: BVH built/hit/evicted=0/0/0, catalogue/instance/scene builds=1/1/1, cached/scene tiles=178/102, scene 0.0 MiB, selection/detail passes=0/1, fallback ray attempts=0, GPU build/selection/detail=0.463/0.000/0.000 ms, CPU grouping=0.000 ms; atlas installed/evicted=0/0, I/O=0.000 MiB, resident=27/27
Camera preparation: wall 0.211 ms, GPU LOD 0.004 ms, plans/footprints=405/1
Minimap mask: 276x236, 1440000 rays, worker 11.258 ms, GPU 5.558 ms
Minimap publish: request-to-image 11.330 ms
LOD plan: sources=1591, changed finer/coarser=1/0, selected LOD-1=23
Frame 1042: wall 31.869 ms, GPU producer 30.152 ms, 1 producer submission(s), resident trace and presentation combined; t=35.135, BVH resident/budget 470.1/2048.0 MiB, builds/hits/evictions=178/985/0, scene builds=406
Frame phases 1042: pre-render 0.004 ms, prepare 1.493 ms, primary repair 0.000 ms, shadow repair 0.000 ms, producer wait 30.353 ms; observer=2626836.68/1106909.94/2349.45, moved=11.66 m, roam=1, replaced=0, image=1600x900, LOD=1.500, shadows=0, minimap=1
Frame work 1042: BVH built/hit/evicted=0/0/0, catalogue/instance/scene builds=1/1/1, cached/scene tiles=178/102, scene 0.0 MiB, selection/detail passes=0/1, fallback ray attempts=0, GPU build/selection/detail=0.428/0.000/0.000 ms, CPU grouping=0.000 ms; atlas installed/evicted=0/0, I/O=0.000 MiB, resident=27/27
Camera preparation: wall 0.187 ms, GPU LOD 0.004 ms, plans/footprints=406/1
Minimap mask: 276x236, 1440000 rays, worker 9.391 ms, GPU 3.564 ms
Minimap publish: request-to-image 9.449 ms
LOD plan: sources=1591, changed finer/coarser=1/0, selected LOD-1=23
Minimap mask: 276x236, 1440000 rays, worker 7.171 ms, GPU 3.860 ms
Frame 1044: wall 31.140 ms, GPU producer 29.197 ms, 1 producer submission(s), resident trace and presentation combined; t=35.166, BVH resident/budget 470.1/2048.0 MiB, builds/hits/evictions=178/985/0, scene builds=407
Frame phases 1044: pre-render 0.006 ms, prepare 1.597 ms, primary repair 0.000 ms, shadow repair 0.000 ms, producer wait 29.514 ms; observer=2626839.35/1106920.85/2350.17, moved=11.23 m, roam=1, replaced=0, image=1600x900, LOD=1.500, shadows=0, minimap=1
Frame work 1044: BVH built/hit/evicted=0/0/0, catalogue/instance/scene builds=1/1/1, cached/scene tiles=178/102, scene 0.0 MiB, selection/detail passes=0/1, fallback ray attempts=0, GPU build/selection/detail=0.444/0.000/0.000 ms, CPU grouping=0.000 ms; atlas installed/evicted=0/0, I/O=0.000 MiB, resident=27/27
Camera preparation: wall 0.192 ms, GPU LOD 0.004 ms, plans/footprints=407/1
LOD plan: sources=1591, changed finer/coarser=0/0, selected LOD-1=23
Minimap publish: request-to-image 11.122 ms
Frame 1046: wall 31.139 ms, GPU producer 29.135 ms, 1 producer submission(s), resident trace and presentation combined; t=35.198, BVH resident/budget 470.1/2048.0 MiB, builds/hits/evictions=178/985/0, scene builds=408
Frame phases 1046: pre-render 0.010 ms, prepare 1.690 ms, primary repair 0.000 ms, shadow repair 0.000 ms, producer wait 29.412 ms; observer=2626842.12/1106932.10/2350.91, moved=11.58 m, roam=1, replaced=0, image=1600x900, LOD=1.500, shadows=0, minimap=1
Frame work 1046: BVH built/hit/evicted=0/0/0, catalogue/instance/scene builds=1/1/1, cached/scene tiles=178/102, scene 0.0 MiB, selection/detail passes=0/1, fallback ray attempts=0, GPU build/selection/detail=0.403/0.000/0.000 ms, CPU grouping=0.000 ms; atlas installed/evicted=0/0, I/O=0.000 MiB, resident=27/27
Camera preparation: wall 0.210 ms, GPU LOD 0.004 ms, plans/footprints=408/1
Minimap mask: 276x236, 1440000 rays, worker 4.788 ms, GPU 3.485 ms
Minimap publish: request-to-image 4.874 ms
LOD plan: sources=1591, changed finer/coarser=0/1, selected LOD-1=23
Health t=35.206: memory ok footprint/resident 929.4/500.2 MiB, Metal allocated/recommended 815.0/18186.2 MiB, thermal=0
Health t=35.206: worker stage=render age=7.9 ms, calls=583 revision=1046, submitted/completed/presented=0/0/0, stale=0 unavailable=0 refreshed=0
Health t=35.206: display stage=idle age=12.3 ms, calls=1033 revision=1044, submitted/completed/presented=1033/1033/1032, stale=0 unavailable=0 refreshed=0
Health t=35.206: minimap stage=idle age=7.9 ms, calls=452 revision=0, submitted/completed/presented=452/452/452, stale=0 unavailable=0 refreshed=515
Health t=35.206: terrain stage=producer wait age=6.2 ms
Frame 1048: wall 30.951 ms, GPU producer 28.639 ms, 1 producer submission(s), resident trace and presentation combined; t=35.229, BVH resident/budget 470.1/2048.0 MiB, builds/hits/evictions=178/985/0, scene builds=409
Frame phases 1048: pre-render 0.006 ms, prepare 1.703 ms, primary repair 0.000 ms, shadow repair 0.000 ms, producer wait 29.212 ms; observer=2626844.91/1106943.49/2351.65, moved=11.73 m, roam=1, replaced=0, image=1600x900, LOD=1.500, shadows=0, minimap=1
Frame work 1048: BVH built/hit/evicted=0/0/0, catalogue/instance/scene builds=1/1/1, cached/scene tiles=178/102, scene 0.0 MiB, selection/detail passes=0/1, fallback ray attempts=0, GPU build/selection/detail=0.425/0.000/0.000 ms, CPU grouping=0.000 ms; atlas installed/evicted=0/0, I/O=0.000 MiB, resident=27/27
Camera preparation: wall 0.221 ms, GPU LOD 0.004 ms, plans/footprints=409/1
LOD plan: sources=1591, changed finer/coarser=1/0, selected LOD-1=23
Minimap mask: 276x236, 1440000 rays, worker 2.983 ms, GPU 0.950 ms
Minimap publish: request-to-image 3.020 ms
Minimap mask: 276x236, 1440000 rays, worker 1.854 ms, GPU 1.042 ms
Frame 1050: wall 32.715 ms, GPU producer 29.904 ms, 1 producer submission(s), resident trace and presentation combined; t=35.261, BVH resident/budget 470.1/2048.0 MiB, builds/hits/evictions=178/985/0, scene builds=410
Frame phases 1050: pre-render 0.008 ms, prepare 2.460 ms, primary repair 0.000 ms, shadow repair 0.000 ms, producer wait 30.220 ms; observer=2626847.61/1106954.49/2352.37, moved=11.32 m, roam=1, replaced=0, image=1600x900, LOD=1.500, shadows=0, minimap=1
Frame work 1050: BVH built/hit/evicted=0/0/0, catalogue/instance/scene builds=1/1/1, cached/scene tiles=178/102, scene 0.0 MiB, selection/detail passes=0/1, fallback ray attempts=0, GPU build/selection/detail=0.453/0.000/0.000 ms, CPU grouping=0.000 ms; atlas installed/evicted=0/0, I/O=0.000 MiB, resident=27/27
Camera preparation: wall 0.718 ms, GPU LOD 0.441 ms, plans/footprints=410/1
LOD plan: sources=1591, changed finer/coarser=0/0, selected LOD-1=23
Minimap publish: request-to-image 2.868 ms
Frame 1052: wall 30.632 ms, GPU producer 27.861 ms, 1 producer submission(s), resident trace and presentation combined; t=35.292, BVH resident/budget 470.1/2048.0 MiB, builds/hits/evictions=178/985/0, scene builds=411
Frame phases 1052: pre-render 0.007 ms, prepare 2.438 ms, primary repair 0.000 ms, shadow repair 0.000 ms, producer wait 28.159 ms; observer=2626850.41/1106965.86/2353.12, moved=11.71 m, roam=1, replaced=0, image=1600x900, LOD=1.500, shadows=0, minimap=1
Frame work 1052: BVH built/hit/evicted=0/0/0, catalogue/instance/scene builds=1/1/1, cached/scene tiles=178/102, scene 0.0 MiB, selection/detail passes=0/1, fallback ray attempts=0, GPU build/selection/detail=0.538/0.000/0.000 ms, CPU grouping=0.000 ms; atlas installed/evicted=0/0, I/O=0.000 MiB, resident=27/27
Camera preparation: wall 0.207 ms, GPU LOD 0.004 ms, plans/footprints=411/1
LOD plan: sources=1591, changed finer/coarser=0/1, selected LOD-1=23
Minimap mask: 276x236, 1440000 rays, worker 3.308 ms, GPU 0.988 ms
Minimap publish: request-to-image 3.343 ms
Frame 1054: wall 33.871 ms, GPU producer 28.741 ms, 1 producer submission(s), resident trace and presentation combined; t=35.326, BVH resident/budget 470.1/2048.0 MiB, builds/hits/evictions=178/985/0, scene builds=412
Frame phases 1054: pre-render 0.005 ms, prepare 4.802 ms, primary repair 0.000 ms, shadow repair 0.000 ms, producer wait 29.035 ms; observer=2626853.11/1106976.86/2353.84, moved=11.33 m, roam=1, replaced=0, image=1600x900, LOD=1.500, shadows=0, minimap=1
Frame work 1054: BVH built/hit/evicted=0/0/0, catalogue/instance/scene builds=1/1/1, cached/scene tiles=178/102, scene 0.0 MiB, selection/detail passes=0/1, fallback ray attempts=0, GPU build/selection/detail=1.343/0.000/0.000 ms, CPU grouping=0.000 ms; atlas installed/evicted=0/0, I/O=0.000 MiB, resident=27/27
Camera preparation: wall 0.196 ms, GPU LOD 0.004 ms, plans/footprints=412/1
LOD plan: sources=1591, changed finer/coarser=0/1, selected LOD-1=23
Minimap mask: 276x236, 1440000 rays, worker 1.664 ms, GPU 0.983 ms
Minimap publish: request-to-image 2.379 ms
Frame 1056: wall 30.984 ms, GPU producer 27.993 ms, 1 producer submission(s), resident trace and presentation combined; t=35.357, BVH resident/budget 470.1/2048.0 MiB, builds/hits/evictions=178/985/0, scene builds=413
Frame phases 1056: pre-render 0.006 ms, prepare 2.711 ms, primary repair 0.000 ms, shadow repair 0.000 ms, producer wait 28.241 ms; observer=2626855.90/1106988.24/2354.59, moved=11.72 m, roam=1, replaced=0, image=1600x900, LOD=1.500, shadows=0, minimap=1
Frame work 1056: BVH built/hit/evicted=0/0/0, catalogue/instance/scene builds=1/1/1, cached/scene tiles=178/102, scene 0.0 MiB, selection/detail passes=0/1, fallback ray attempts=0, GPU build/selection/detail=1.295/0.000/0.000 ms, CPU grouping=0.000 ms; atlas installed/evicted=0/0, I/O=0.000 MiB, resident=27/27
Camera preparation: wall 0.196 ms, GPU LOD 0.004 ms, plans/footprints=413/1
LOD plan: sources=1591, changed finer/coarser=1/0, selected LOD-1=23
Frame 1058: wall 31.618 ms, GPU producer 29.543 ms, 1 producer submission(s), resident trace and presentation combined; t=35.389, BVH resident/budget 470.1/2048.0 MiB, builds/hits/evictions=178/985/0, scene builds=414
Frame phases 1058: pre-render 0.006 ms, prepare 1.761 ms, primary repair 0.000 ms, shadow repair 0.000 ms, producer wait 29.824 ms; observer=2626858.60/1106999.24/2355.31, moved=11.33 m, roam=1, replaced=0, image=1600x900, LOD=1.500, shadows=0, minimap=1
Frame work 1058: BVH built/hit/evicted=0/0/0, catalogue/instance/scene builds=1/1/1, cached/scene tiles=178/102, scene 0.0 MiB, selection/detail passes=0/1, fallback ray attempts=0, GPU build/selection/detail=0.404/0.000/0.000 ms, CPU grouping=0.000 ms; atlas installed/evicted=0/0, I/O=0.000 MiB, resident=27/27
Camera preparation: wall 0.190 ms, GPU LOD 0.004 ms, plans/footprints=414/1
Minimap mask: 276x236, 1440000 rays, worker 29.524 ms, GPU 7.450 ms
Minimap publish: request-to-image 29.602 ms
LOD plan: sources=1591, changed finer/coarser=1/0, selected LOD-1=23
Frame 1060: wall 29.930 ms, GPU producer 27.874 ms, 1 producer submission(s), resident trace and presentation combined; t=35.419, BVH resident/budget 470.1/2048.0 MiB, builds/hits/evictions=178/985/0, scene builds=415
Frame phases 1060: pre-render 0.005 ms, prepare 1.766 ms, primary repair 0.000 ms, shadow repair 0.000 ms, producer wait 28.128 ms; observer=2626861.37/1107010.52/2356.05, moved=11.62 m, roam=1, replaced=0, image=1600x900, LOD=1.500, shadows=0, minimap=1
Frame work 1060: BVH built/hit/evicted=0/0/0, catalogue/instance/scene builds=1/1/1, cached/scene tiles=178/102, scene 0.0 MiB, selection/detail passes=0/1, fallback ray attempts=0, GPU build/selection/detail=0.454/0.000/0.000 ms, CPU grouping=0.000 ms; atlas installed/evicted=0/0, I/O=0.000 MiB, resident=27/27
Camera preparation: wall 0.220 ms, GPU LOD 0.004 ms, plans/footprints=415/1
Minimap mask: 276x236, 1440000 rays, worker 25.640 ms, GPU 5.046 ms
Minimap publish: request-to-image 25.723 ms
Frame 1061: wall 29.024 ms, GPU producer 28.562 ms, 1 producer submission(s), resident trace and presentation combined; t=35.449, BVH resident/budget 470.1/2048.0 MiB, builds/hits/evictions=178/985/0, scene builds=415
Frame phases 1061: pre-render 0.008 ms, prepare 0.074 ms, primary repair 0.000 ms, shadow repair 0.000 ms, producer wait 28.895 ms; observer=2626861.37/1107010.52/2356.05, moved=0.00 m, roam=0, replaced=0, image=1600x900, LOD=1.500, shadows=0, minimap=1
Frame work 1061: BVH built/hit/evicted=0/0/0, catalogue/instance/scene builds=0/0/0, cached/scene tiles=178/102, scene 0.0 MiB, selection/detail passes=0/1, fallback ray attempts=0, GPU build/selection/detail=0.000/0.000/0.000 ms, CPU grouping=0.000 ms; atlas installed/evicted=0/0, I/O=0.000 MiB, resident=27/27
Camera preparation: wall 0.001 ms, GPU LOD 0.000 ms, plans/footprints=415/1
Minimap mask: 276x236, 1440000 rays, worker 23.555 ms, GPU 10.173 ms
LOD plan: sources=1591, changed finer/coarser=0/0, selected LOD-1=23
Minimap publish: request-to-image 25.675 ms
Frame 1062: wall 32.295 ms, GPU producer 30.310 ms, 1 producer submission(s), resident trace and presentation combined; t=35.482, BVH resident/budget 470.1/2048.0 MiB, builds/hits/evictions=178/985/0, scene builds=416
Frame phases 1062: pre-render 0.020 ms, prepare 1.664 ms, primary repair 0.000 ms, shadow repair 0.000 ms, producer wait 30.584 ms; observer=2626864.10/1107021.62/2356.78, moved=11.43 m, roam=1, replaced=0, image=1600x900, LOD=1.500, shadows=0, minimap=1
Frame work 1062: BVH built/hit/evicted=0/0/0, catalogue/instance/scene builds=1/1/1, cached/scene tiles=178/102, scene 0.0 MiB, selection/detail passes=0/1, fallback ray attempts=0, GPU build/selection/detail=0.402/0.000/0.000 ms, CPU grouping=0.000 ms; atlas installed/evicted=0/0, I/O=0.000 MiB, resident=27/27
Camera preparation: wall 0.197 ms, GPU LOD 0.004 ms, plans/footprints=416/1
Minimap mask: 276x236, 1440000 rays, worker 24.373 ms, GPU 5.529 ms
LOD plan: sources=1591, changed finer/coarser=0/0, selected LOD-1=23
Minimap publish: request-to-image 27.433 ms
Frame 1064: wall 30.406 ms, GPU producer 28.395 ms, 1 producer submission(s), resident trace and presentation combined; t=35.512, BVH resident/budget 470.1/2048.0 MiB, builds/hits/evictions=178/985/0, scene builds=417
Frame phases 1064: pre-render 0.007 ms, prepare 1.739 ms, primary repair 0.000 ms, shadow repair 0.000 ms, producer wait 28.632 ms; observer=2626866.89/1107032.99/2357.52, moved=11.70 m, roam=1, replaced=0, image=1600x900, LOD=1.500, shadows=0, minimap=1
Frame work 1064: BVH built/hit/evicted=0/0/0, catalogue/instance/scene builds=1/1/1, cached/scene tiles=178/102, scene 0.0 MiB, selection/detail passes=0/1, fallback ray attempts=0, GPU build/selection/detail=0.440/0.000/0.000 ms, CPU grouping=0.000 ms; atlas installed/evicted=0/0, I/O=0.000 MiB, resident=27/27
Camera preparation: wall 0.207 ms, GPU LOD 0.004 ms, plans/footprints=417/1
Minimap mask: 276x236, 1440000 rays, worker 19.666 ms, GPU 10.351 ms
Minimap publish: request-to-image 19.742 ms
LOD plan: sources=1591, changed finer/coarser=0/0, selected LOD-1=23
Minimap mask: 276x236, 1440000 rays, worker 17.464 ms, GPU 8.135 ms
Frame 1066: wall 31.057 ms, GPU producer 29.152 ms, 1 producer submission(s), resident trace and presentation combined; t=35.543, BVH resident/budget 470.1/2048.0 MiB, builds/hits/evictions=178/985/0, scene builds=418
Frame phases 1066: pre-render 0.007 ms, prepare 1.551 ms, primary repair 0.000 ms, shadow repair 0.000 ms, producer wait 29.473 ms; observer=2626869.59/1107044.01/2358.24, moved=11.35 m, roam=1, replaced=0, image=1600x900, LOD=1.500, shadows=0, minimap=1
Frame work 1066: BVH built/hit/evicted=0/0/0, catalogue/instance/scene builds=1/1/1, cached/scene tiles=178/102, scene 0.0 MiB, selection/detail passes=0/1, fallback ray attempts=0, GPU build/selection/detail=0.426/0.000/0.000 ms, CPU grouping=0.000 ms; atlas installed/evicted=0/0, I/O=0.000 MiB, resident=27/27
Camera preparation: wall 0.207 ms, GPU LOD 0.004 ms, plans/footprints=418/1
Minimap publish: request-to-image 17.504 ms
LOD plan: sources=1591, changed finer/coarser=0/0, selected LOD-1=23
Frame 1068: wall 30.545 ms, GPU producer 28.585 ms, 1 producer submission(s), resident trace and presentation combined; t=35.574, BVH resident/budget 470.1/2048.0 MiB, builds/hits/evictions=178/985/0, scene builds=419
Frame phases 1068: pre-render 0.006 ms, prepare 1.703 ms, primary repair 0.000 ms, shadow repair 0.000 ms, producer wait 28.808 ms; observer=2626872.38/1107055.37/2358.99, moved=11.70 m, roam=1, replaced=0, image=1600x900, LOD=1.500, shadows=0, minimap=1
Frame work 1068: BVH built/hit/evicted=0/0/0, catalogue/instance/scene builds=1/1/1, cached/scene tiles=178/102, scene 0.0 MiB, selection/detail passes=0/1, fallback ray attempts=0, GPU build/selection/detail=0.431/0.000/0.000 ms, CPU grouping=0.000 ms; atlas installed/evicted=0/0, I/O=0.000 MiB, resident=27/27
Camera preparation: wall 0.203 ms, GPU LOD 0.004 ms, plans/footprints=419/1
Minimap mask: 276x236, 1440000 rays, worker 14.447 ms, GPU 9.035 ms
Minimap publish: request-to-image 14.544 ms
LOD plan: sources=1591, changed finer/coarser=1/1, selected LOD-1=23
Frame 1070: wall 30.630 ms, GPU producer 28.747 ms, 1 producer submission(s), resident trace and presentation combined; t=35.605, BVH resident/budget 470.1/2048.0 MiB, builds/hits/evictions=178/985/0, scene builds=420
Frame phases 1070: pre-render 0.006 ms, prepare 1.593 ms, primary repair 0.000 ms, shadow repair 0.000 ms, producer wait 29.005 ms; observer=2626875.09/1107066.39/2359.71, moved=11.35 m, roam=1, replaced=0, image=1600x900, LOD=1.500, shadows=0, minimap=1
Frame work 1070: BVH built/hit/evicted=0/0/0, catalogue/instance/scene builds=1/1/1, cached/scene tiles=178/102, scene 0.0 MiB, selection/detail passes=0/1, fallback ray attempts=0, GPU build/selection/detail=0.425/0.000/0.000 ms, CPU grouping=0.000 ms; atlas installed/evicted=0/0, I/O=0.000 MiB, resident=27/27
Camera preparation: wall 0.205 ms, GPU LOD 0.004 ms, plans/footprints=420/1
Minimap mask: 276x236, 1440000 rays, worker 12.098 ms, GPU 6.571 ms
Minimap publish: request-to-image 12.166 ms
LOD plan: sources=1591, changed finer/coarser=0/0, selected LOD-1=23
Frame 1072: wall 31.173 ms, GPU producer 29.358 ms, 1 producer submission(s), resident trace and presentation combined; t=35.636, BVH resident/budget 470.1/2048.0 MiB, builds/hits/evictions=178/985/0, scene builds=421
Frame phases 1072: pre-render 0.006 ms, prepare 1.529 ms, primary repair 0.000 ms, shadow repair 0.000 ms, producer wait 29.591 ms; observer=2626877.88/1107077.75/2360.46, moved=11.69 m, roam=1, replaced=0, image=1600x900, LOD=1.500, shadows=0, minimap=1
Minimap mask: 276x236, 1440000 rays, worker 9.952 ms, GPU 7.961 ms
Frame work 1072: BVH built/hit/evicted=0/0/0, catalogue/instance/scene builds=1/1/1, cached/scene tiles=178/102, scene 0.0 MiB, selection/detail passes=0/1, fallback ray attempts=0, GPU build/selection/detail=0.445/0.000/0.000 ms, CPU grouping=0.000 ms; atlas installed/evicted=0/0, I/O=0.000 MiB, resident=27/27
Camera preparation: wall 0.194 ms, GPU LOD 0.004 ms, plans/footprints=421/1
LOD plan: sources=1591, changed finer/coarser=1/0, selected LOD-1=23
Minimap publish: request-to-image 10.534 ms
Frame 1074: wall 31.048 ms, GPU producer 29.041 ms, 1 producer submission(s), resident trace and presentation combined; t=35.667, BVH resident/budget 470.1/2048.0 MiB, builds/hits/evictions=178/985/0, scene builds=422
Frame phases 1074: pre-render 0.006 ms, prepare 1.693 ms, primary repair 0.000 ms, shadow repair 0.000 ms, producer wait 29.323 ms; observer=2626880.58/1107088.77/2361.18, moved=11.36 m, roam=1, replaced=0, image=1600x900, LOD=1.500, shadows=0, minimap=1
Frame work 1074: BVH built/hit/evicted=0/0/0, catalogue/instance/scene builds=1/1/1, cached/scene tiles=178/102, scene 0.0 MiB, selection/detail passes=0/1, fallback ray attempts=0, GPU build/selection/detail=0.404/0.000/0.000 ms, CPU grouping=0.000 ms; atlas installed/evicted=0/0, I/O=0.000 MiB, resident=27/27
Camera preparation: wall 0.192 ms, GPU LOD 0.004 ms, plans/footprints=422/1
Minimap mask: 276x236, 1440000 rays, worker 7.962 ms, GPU 6.419 ms
LOD plan: sources=1591, changed finer/coarser=0/0, selected LOD-1=23
Minimap publish: request-to-image 9.059 ms
Frame 1076: wall 31.542 ms, GPU producer 29.683 ms, 1 producer submission(s), resident trace and presentation combined; t=35.699, BVH resident/budget 470.1/2048.0 MiB, builds/hits/evictions=178/985/0, scene builds=423
Frame phases 1076: pre-render 0.031 ms, prepare 1.525 ms, primary repair 0.000 ms, shadow repair 0.000 ms, producer wait 29.958 ms; observer=2626883.28/1107099.77/2361.90, moved=11.32 m, roam=1, replaced=0, image=1600x900, LOD=1.500, shadows=0, minimap=1
Frame work 1076: BVH built/hit/evicted=0/0/0, catalogue/instance/scene builds=1/1/1, cached/scene tiles=178/102, scene 0.0 MiB, selection/detail passes=0/1, fallback ray attempts=0, GPU build/selection/detail=0.414/0.000/0.000 ms, CPU grouping=0.000 ms; atlas installed/evicted=0/0, I/O=0.000 MiB, resident=27/27
Camera preparation: wall 0.181 ms, GPU LOD 0.004 ms, plans/footprints=423/1
Minimap mask: 276x236, 1440000 rays, worker 6.314 ms, GPU 4.991 ms
LOD plan: sources=1591, changed finer/coarser=0/0, selected LOD-1=23
Minimap publish: request-to-image 9.653 ms
Minimap mask: 276x236, 1440000 rays, worker 5.948 ms, GPU 4.312 ms
Frame 1078: wall 33.022 ms, GPU producer 30.863 ms, 1 producer submission(s), resident trace and presentation combined; t=35.732, BVH resident/budget 470.1/2048.0 MiB, builds/hits/evictions=178/985/0, scene builds=424
Frame phases 1078: pre-render 0.007 ms, prepare 1.831 ms, primary repair 0.000 ms, shadow repair 0.000 ms, producer wait 31.159 ms; observer=2626886.08/1107111.16/2362.65, moved=11.73 m, roam=1, replaced=0, image=1600x900, LOD=1.500, shadows=0, minimap=1
Frame work 1078: BVH built/hit/evicted=0/0/0, catalogue/instance/scene builds=1/1/1, cached/scene tiles=178/102, scene 0.0 MiB, selection/detail passes=0/1, fallback ray attempts=0, GPU build/selection/detail=0.409/0.000/0.000 ms, CPU grouping=0.000 ms; atlas installed/evicted=0/0, I/O=0.000 MiB, resident=27/27
Camera preparation: wall 0.210 ms, GPU LOD 0.004 ms, plans/footprints=424/1
LOD plan: sources=1591, changed finer/coarser=1/1, selected LOD-1=23
Minimap publish: request-to-image 9.393 ms
Frame 1080: wall 30.738 ms, GPU producer 28.931 ms, 1 producer submission(s), resident trace and presentation combined; t=35.763, BVH resident/budget 470.1/2048.0 MiB, builds/hits/evictions=178/985/0, scene builds=425
Frame phases 1080: pre-render 0.007 ms, prepare 1.552 ms, primary repair 0.000 ms, shadow repair 0.000 ms, producer wait 29.154 ms; observer=2626888.78/1107122.16/2363.37, moved=11.32 m, roam=1, replaced=0, image=1600x900, LOD=1.500, shadows=0, minimap=1
Frame work 1080: BVH built/hit/evicted=0/0/0, catalogue/instance/scene builds=1/1/1, cached/scene tiles=178/102, scene 0.0 MiB, selection/detail passes=0/1, fallback ray attempts=0, GPU build/selection/detail=0.403/0.000/0.000 ms, CPU grouping=0.000 ms; atlas installed/evicted=0/0, I/O=0.000 MiB, resident=27/27
Camera preparation: wall 0.197 ms, GPU LOD 0.004 ms, plans/footprints=425/1
LOD plan: sources=1591, changed finer/coarser=0/0, selected LOD-1=23
Minimap mask: 276x236, 1440000 rays, worker 4.102 ms, GPU 0.981 ms
Minimap publish: request-to-image 4.138 ms
